row ID,row m/z,row retention time,Peak area,Standards Identification,SMILES,True Type,D Score,MD Score,type,elemental composition,identification,same composition,adduct ion,same peak,C10 loss,C10 loss_ion_pair,C10 loss_intensity_pair,C10 loss_score,C14 loss,C14 loss_ion_pair,C14 loss_intensity_pair,C14 loss_score,C9 loss,C9 loss_ion_pair,C9 loss_intensity_pair,C9 loss_score,C3 loss,C3 loss_ion_pair,C3 loss_intensity_pair,C3 loss_score,C2 loss,C2 loss_ion_pair,C2 loss_intensity_pair,C2 loss_score,C7 loss,C7 loss_ion_pair,C7 loss_intensity_pair,C7 loss_score,C5 loss,C5 loss_ion_pair,C5 loss_intensity_pair,C5 loss_score,C4 loss,C4 loss_ion_pair,C4 loss_intensity_pair,C4 loss_score,C10 ion,C10 ion_intensity,C10 ion_score,C14 ion,C14 ion_intensity,C14 ion_score,C15 ion,C15 ion_intensity,C15 ion_score,C16 ion,C16 ion_intensity,C16 ion_score,C17 ion,C17 ion_intensity,C17 ion_score,C18 ion,C18 ion_intensity,C18 ion_score,C19 ion,C19 ion_intensity,C19 ion_score,C20 ion,C20 ion_intensity,C20 ion_score,C27 ion,C27 ion_intensity,C27 ion_score,Acyl A ion,Acyl A ion_intensity,Acyl A ion_score,IHD,A part,B part,C part,C-12,C-18,olefinic position,M part,Sub No.,Sub Carbon,Sub_An,Acyl part,Correct Acyl part,A_id,B_id,C_id,M_id,R1_id,R2_id,R3_id,R4_id,R5_id,R6_id,R7_id,Total Score,Aglycone Type,Annotation SMILES,Annotation ID,Annotation Formula,Annotation MW,Top K,confidence score
8,667.311,10.5,18800000.0,DA43_stelleralide C (TDPE-29),C=C(C)C12CC(COC(=O)c3ccccc3)C34OC5(CCCCCCCC(C)C6C3C3(OC6(C)OC3=O)C(O)C3(CO)OC3C4C1O5)O2,MD,8,24,MD,C37H46O11,possibly known,"std_stelleralide C (DA43), std_daphnepedunin E (DA44)",[M+H]+,"8,64",C10H18O2,C30H34O6 / C20H16O4,19924.5 / 14355.5673828125,0.1294,C14H24O4,C30H36O7 / C16H12O3,31598.240234375 / 8836.0341796875,0.0951,none,none,none,none,C3H4O2,C27H34O5 / C24H30O3,3510.34228515625 / 2517.21142578125,0.0227,none,none,none,none,C7H6O2,C37H46O11 / C30H40O9,19733.826171875 / 53274.33203125,0.1902,C5H10O2,C25H30O4 / C20H20O6,4648.94091796875 / 12507.83984375,0.0448,none,none,none,none,none,none,none,C14H14O3,32534.65,0.3253,C15H22O2,51305.73,0.5131,none,none,none,C17H16O1,7130.85,0.0713,C18H16O2,6227.75,0.0623,C19H18O3,11711.89,0.1171,C20H20O6,12507.84,0.1251,C27H30O3,9525.03,0.0953,C7H4O,23743.68,0.2374,15.0,bicyclo [2.2.1] heptane ring,"5-ol-6,7-epoxy","9,13,14-orthoester",no C-12,with C-18,others,C10 ring with no substituent,2,"C2,C5",C2*1+C5*1,"benzoyl(0.19),benzoyl(0.24)","acyl,2-methylbutyryl",none,B1,C5,M2,R1,R4,none,none,none,none,none,1.1216,none,,,,0.0,Top1,1.0
8,667.311,10.5,18800000.0,DA43_stelleralide C (TDPE-29),C=C(C)C12CC(COC(=O)c3ccccc3)C34OC5(CCCCCCCC(C)C6C3C3(OC6(C)OC3=O)C(O)C3(CO)OC3C4C1O5)O2,MD,8,24,MD,C37H46O11,possibly known,"std_stelleralide C (DA43), std_daphnepedunin E (DA44)",[M+H]+,"8,64",C10H18O2,C30H34O6 / C20H16O4,19924.5 / 14355.5673828125,0.1294,C14H24O4,C30H36O7 / C16H12O3,31598.240234375 / 8836.0341796875,0.0951,none,none,none,none,C3H4O2,C27H34O5 / C24H30O3,3510.34228515625 / 2517.21142578125,0.0227,none,none,none,none,C7H6O2,C37H46O11 / C30H40O9,19733.826171875 / 53274.33203125,0.1902,C5H10O2,C25H30O4 / C20H20O6,4648.94091796875 / 12507.83984375,0.0448,none,none,none,none,none,none,none,C14H14O3,32534.65,0.3253,C15H22O2,51305.73,0.5131,none,none,none,C17H16O1,7130.85,0.0713,C18H16O2,6227.75,0.0623,C19H18O3,11711.89,0.1171,C20H20O6,12507.84,0.1251,C27H30O3,9525.03,0.0953,C7H4O,23743.68,0.2374,15.0,bicyclo [2.2.1] heptane ring,"5-ol-6,7-epoxy","9,13,14-orthoester",no C-12,with C-18,others,C10 ring with no substituent,1,C7,C7*1,"benzoyl(0.19),benzoyl(0.24)",benzoyl,none,B1,C5,M2,R92,none,none,none,none,none,none,1.1216,none,,,,0.0,Top1,1.0
17,533.3107,9.2,147000000.0,DA31_pimelea factor S6 (TDPE-6),C=C(C)C12CC(C)C34OC5(CCCCCCCC(C)C6C(C)C(=O)C(O)(C(O)C7(CO)OC7C3C1O5)C64)O2,MD,13,17,MD,C30H44O8,possibly known,"std_pimelea factor S7 (DA30), std_pimelea factor S6 (DA31)",[M+H]+,none,C10H18O2,C30H38O5 / C20H20O3,140540.390625 / 14977.23046875,0.2974,C14H24O4,C30H38O5 / C16H14O1,140540.390625 / 6787.68603515625,0.2616,C9H16O2,C29H42O6 / C20H26O4,5753.77978515625 / 3942.66552734375,0.0353,C3H4O2,C30H38O5 / C27H34O3,140540.390625 / 20251.67578125,0.3221,none,none,none,none,C7H6O2,C29H38O5 / C22H32O3,16605.93359375 / 5025.919921875,0.0522,none,none,none,none,none,none,none,none,none,none,none,none,none,none,none,none,none,C16H16O3,4665.15,0.0467,C17H24O3,7205.69,0.0721,C18H16O1,5224.62,0.0522,C19H20O2,9723.5,0.0972,C20H20O3,14977.23,0.1498,C27H34O3,20251.68,0.2025,none,none,none,9.0,1-alkyl-3-one,"5-ol-6,7-epoxy","9,13,14-orthoester",no C-12,no C-18,others,C9 ring with no substituent,0,others,,benzoyl(0.05),none,A6,B1,C1,M1,none,none,none,none,none,none,none,0.8340000000000001,A6B1C1M1,OCC12OC1C1C3OC45CCCCCCCCC6C(C)C(=O)C(O)(C2O)C6C1(O4)C(C)CC3(C(=C)C)O5,PD01121453,C29H42O8,518.647,Top1,1.0
18,639.3519,12.5,506000000.0,DA38_wikstromacrin (WLI-b),C=C(C)C12CC(C)C34OC5(CCCCCCCC(C)C6C(C)C(O)C(O)(C(O)C7(COC(=O)c8ccccc8)OC7C3C1O5)C64)O2,MD,12,10,MD,C37H50O9,possibly known,"std_wikstromacrin (DA38), std_pimela factor P2 (DA39)",[M+H]+,none,C10H18O2,C30H40O5 / C20H22O3,189649.96875 / 15628.6142578125,0.3808,C14H24O4,C30H40O5 / C16H16O1,189649.96875 / 8650.37890625,0.3509,none,none,none,none,C3H4O2,C30H40O5 / C27H36O3,189649.96875 / 5727.63671875,0.3389,none,none,none,none,C7H6O2,C37H46O7 / C30H40O5,15795.4931640625 / 189649.96875,0.3815,C5H10O2,C25H30O4 / C20H20O2,2593.663818359375 / 23443.609375,0.05,none,none,none,none,none,none,none,none,none,none,none,none,none,none,none,none,C17H16O1,5639.61,0.0564,C18H18O1,8308.76,0.0831,C19H20O1,22177.38,0.2218,C20H22O3,15628.61,0.1563,C27H36O3,5727.64,0.0573,C7H4O,59484.59,0.5948,13.0,1-alkyl-3-ol,"5-ol-6,7-epoxy","9,13,14-orthoester",no C-12,no C-18,others,C10 ring with no substituent,2,"C2,C5",C2*1+C5*1,"benzoyl(0.38),benzoyl(0.59)","acyl,2-methylbutyryl",A8,B1,C1,M2,R1,R4,none,none,none,none,none,1.5852,A8B1C1M2,,,,0.0,Top1,1.0
18,639.3519,12.5,506000000.0,DA38_wikstromacrin (WLI-b),C=C(C)C12CC(C)C34OC5(CCCCCCCC(C)C6C(C)C(O)C(O)(C(O)C7(COC(=O)c8ccccc8)OC7C3C1O5)C64)O2,MD,12,10,MD,C37H50O9,possibly known,"std_wikstromacrin (DA38), std_pimela factor P2 (DA39)",[M+H]+,none,C10H16O2,C30H40O5 / C20H24O3,189649.96875 / 2609.235595703125,0.3263,C14H24O4,C30H40O5 / C16H16O1,189649.96875 / 8650.37890625,0.3509,none,none,none,none,C3H4O2,C30H40O5 / C27H36O3,189649.96875 / 5727.63671875,0.3389,none,none,none,none,C7H6O2,C37H46O7 / C30H40O5,15795.4931640625 / 189649.96875,0.3815,C5H10O2,C25H30O4 / C20H20O2,2593.663818359375 / 23443.609375,0.05,none,none,none,none,none,none,none,none,none,none,none,none,none,none,none,none,C17H16O1,5639.61,0.0564,C18H18O1,8308.76,0.0831,C19H20O1,22177.38,0.2218,C20H22O3,15628.61,0.1563,C27H36O3,5727.64,0.0573,C7H4O,59484.59,0.5948,13.0,1-alkyl-3-ol,"5-ol-6,7-epoxy","9,13,14-orthoester",no C-12,no C-18,others,C10 ring with one substituent,1,C7,C7*1,"benzoyl(0.38),benzoyl(0.59)",benzoyl,A8,B1,C1,M3,R92,none,none,none,none,none,none,1.5852,A8B1C1M3,OCC12OC1C1C3OC45C(O)CCCCCCC(C)C6C(C)C(OC(=O)c8ccccc8)C(O)(C2O)C6C1(O4)C(C)CC3(C(=C)C)O5,PD01124481,C37H50O10,654.797,Top1,1.0
18,639.3519,12.5,506000000.0,DA38_wikstromacrin (WLI-b),C=C(C)C12CC(C)C34OC5(CCCCCCCC(C)C6C(C)C(O)C(O)(C(O)C7(COC(=O)c8ccccc8)OC7C3C1O5)C64)O2,MD,12,10,MD,C37H50O9,possibly known,"std_wikstromacrin (DA38), std_pimela factor P2 (DA39)",[M+H]+,none,C10H16O2,C30H40O5 / C20H24O3,189649.96875 / 2609.235595703125,0.3263,C14H24O4,C30H40O5 / C16H16O1,189649.96875 / 8650.37890625,0.3509,none,none,none,none,C3H4O2,C30H40O5 / C27H36O3,189649.96875 / 5727.63671875,0.3389,none,none,none,none,C7H6O2,C37H46O7 / C30H40O5,15795.4931640625 / 189649.96875,0.3815,C5H10O2,C25H30O4 / C20H20O2,2593.663818359375 / 23443.609375,0.05,none,none,none,none,none,none,none,none,none,none,none,none,none,none,none,none,C17H16O1,5639.61,0.0564,C18H18O1,8308.76,0.0831,C19H20O1,22177.38,0.2218,C20H22O3,15628.61,0.1563,C27H36O3,5727.64,0.0573,C7H4O,59484.59,0.5948,13.0,1-alkyl-3-ol,"5-ol-6,7-epoxy","9,13,14-orthoester",no C-12,no C-18,others,C10 ring with one substituent,1,C7,C7*1,"benzoyl(0.38),benzoyl(0.59)",benzoyl,A8,B1,C1,M3,R92,none,none,none,none,none,none,1.5852,A8B1C1M3,c8ccccc8C(=O)OCC12OC1C1C3OC45C(O)CCCCCCC(C)C6C(C)C(O)C(O)(C2O)C6C1(O4)C(C)CC3(C(=C)C)O5,PD01130589,C37H50O10,654.797,Top1,1.0
18,639.3519,12.5,506000000.0,DA38_wikstromacrin (WLI-b),C=C(C)C12CC(C)C34OC5(CCCCCCCC(C)C6C(C)C(O)C(O)(C(O)C7(COC(=O)c8ccccc8)OC7C3C1O5)C64)O2,MD,12,10,MD,C37H50O9,possibly known,"std_wikstromacrin (DA38), std_pimela factor P2 (DA39)",[M+H]+,none,C10H16O2,C30H40O5 / C20H24O3,189649.96875 / 2609.235595703125,0.3263,C14H24O4,C30H40O5 / C16H16O1,189649.96875 / 8650.37890625,0.3509,none,none,none,none,C3H4O2,C30H40O5 / C27H36O3,189649.96875 / 5727.63671875,0.3389,none,none,none,none,C7H6O2,C37H46O7 / C30H40O5,15795.4931640625 / 189649.96875,0.3815,C5H10O2,C25H30O4 / C20H20O2,2593.663818359375 / 23443.609375,0.05,none,none,none,none,none,none,none,none,none,none,none,none,none,none,none,none,C17H16O1,5639.61,0.0564,C18H18O1,8308.76,0.0831,C19H20O1,22177.38,0.2218,C20H22O3,15628.61,0.1563,C27H36O3,5727.64,0.0573,C7H4O,59484.59,0.5948,13.0,1-alkyl-3-ol,"5-ol-6,7-epoxy","9,13,14-orthoester",no C-12,no C-18,others,C10 ring with one substituent,2,"C2,C5",C2*1+C5*1,"benzoyl(0.38),benzoyl(0.59)","acyl,2-methylbutyryl",A8,B1,C1,M3,R1,R4,none,none,none,none,none,1.5852,A8B1C1M3,,,,0.0,Top1,1.0
18,639.3519,12.5,506000000.0,DA38_wikstromacrin (WLI-b),C=C(C)C12CC(C)C34OC5(CCCCCCCC(C)C6C(C)C(O)C(O)(C(O)C7(COC(=O)c8ccccc8)OC7C3C1O5)C64)O2,MD,12,10,MD,C37H50O9,possibly known,"std_wikstromacrin (DA38), std_pimela factor P2 (DA39)",[M+H]+,none,C10H18O2,C30H40O5 / C20H22O3,189649.96875 / 15628.6142578125,0.3808,C14H24O4,C30H40O5 / C16H16O1,189649.96875 / 8650.37890625,0.3509,none,none,none,none,C3H4O2,C30H40O5 / C27H36O3,189649.96875 / 5727.63671875,0.3389,none,none,none,none,C7H6O2,C37H46O7 / C30H40O5,15795.4931640625 / 189649.96875,0.3815,C5H10O2,C25H30O4 / C20H20O2,2593.663818359375 / 23443.609375,0.05,none,none,none,none,none,none,none,none,none,none,none,none,none,none,none,none,C17H16O1,5639.61,0.0564,C18H18O1,8308.76,0.0831,C19H20O1,22177.38,0.2218,C20H22O3,15628.61,0.1563,C27H36O3,5727.64,0.0573,C7H4O,59484.59,0.5948,13.0,1-alkyl-3-ol,"5-ol-6,7-epoxy","9,13,14-orthoester",no C-12,no C-18,others,C10 ring with no substituent,1,C7,C7*1,"benzoyl(0.38),benzoyl(0.59)",benzoyl,A8,B1,C1,M2,R92,none,none,none,none,none,none,1.5852,A8B1C1M2,OCC12OC1C1C3OC45CCCCCCCC(C)C6C(C)C(OC(=O)c8ccccc8)C(O)(C2O)C6C1(O4)C(C)CC3(C(=C)C)O5,PD01124479,C37H50O9,638.798,Top1,1.0
18,639.3519,12.5,506000000.0,DA38_wikstromacrin (WLI-b),C=C(C)C12CC(C)C34OC5(CCCCCCCC(C)C6C(C)C(O)C(O)(C(O)C7(COC(=O)c8ccccc8)OC7C3C1O5)C64)O2,MD,12,10,MD,C37H50O9,possibly known,"std_wikstromacrin (DA38), std_pimela factor P2 (DA39)",[M+H]+,none,C10H18O2,C30H40O5 / C20H22O3,189649.96875 / 15628.6142578125,0.3808,C14H24O4,C30H40O5 / C16H16O1,189649.96875 / 8650.37890625,0.3509,none,none,none,none,C3H4O2,C30H40O5 / C27H36O3,189649.96875 / 5727.63671875,0.3389,none,none,none,none,C7H6O2,C37H46O7 / C30H40O5,15795.4931640625 / 189649.96875,0.3815,C5H10O2,C25H30O4 / C20H20O2,2593.663818359375 / 23443.609375,0.05,none,none,none,none,none,none,none,none,none,none,none,none,none,none,none,none,C17H16O1,5639.61,0.0564,C18H18O1,8308.76,0.0831,C19H20O1,22177.38,0.2218,C20H22O3,15628.61,0.1563,C27H36O3,5727.64,0.0573,C7H4O,59484.59,0.5948,13.0,1-alkyl-3-ol,"5-ol-6,7-epoxy","9,13,14-orthoester",no C-12,no C-18,others,C10 ring with no substituent,1,C7,C7*1,"benzoyl(0.38),benzoyl(0.59)",benzoyl,A8,B1,C1,M2,R92,none,none,none,none,none,none,1.5852,A8B1C1M2,c8ccccc8C(=O)OCC12OC1C1C3OC45CCCCCCCC(C)C6C(C)C(O)C(O)(C2O)C6C1(O4)C(C)CC3(C(=C)C)O5,PD01130565,C37H50O9,638.798,Top1,1.0
19,639.3522,13.3,378000000.0,DA39_pimela factor P2 (WLI-d2),C=C(C)C12CC(C)C34OC5(CCCCCCCC(C)C6C(C)C(OC(=O)c7ccccc7)C(O)(C(O)C7(CO)OC7C3C1O5)C64)O2,MD,24,15,MD,C37H50O9,possibly known,"std_wikstromacrin (DA38), std_pimela factor P2 (DA39)",[M+H]+,none,C10H18O2,C30H38O4 / C20H20O2,602879.9375 / 122999.7265625,1.5629,C14H24O2,C30H38O4 / C16H14O2,602879.9375 / 9123.90234375,1.0407,C9H16O2,C29H38O3 / C20H22O1,314356.625 / 9571.1591796875,0.562,C3H4O2,C30H38O4 / C27H34O2,602879.9375 / 31410.271484375,1.1319,C2H4O2,C22H28O2 / C20H24O4,8495.1396484375 / 10623.0966796875,0.0782,C7H6O2,C37H50O9 / C30H44O7,835405.1875 / 33936.33203125,1.5285,C5H10O2,C25H30O3 / C20H20O1,10175.7568359375 / 10566.5751953125,0.0999,C4H8O2,C24H30O3 / C20H22O1,10781.35546875 / 9571.1591796875,0.0909,none,none,none,C14H14O3,8983.11,0.0898,none,none,none,none,none,none,C17H24O3,28872.13,0.2887,C18H18O1,37025.91,0.3703,C19H20O1,71659.16,0.7166,C20H22O3,64315.93,0.6432,C27H36O3,45772.23,0.4577,C7H4O,310731.25,3.1073,13.0,1-alkyl-3-ol,"5-ol-6,7-epoxy","9,13,14-orthoester",no C-12,no C-18,others,C14 ring with an olenfinic,0,others,,"acyl(0.08),benzoyl(1.53),benzoyl(3.11)",none,A8,B1,C1,M7,none,none,none,none,none,none,none,8.2762,A8B1C1M7,OCC12OC1C1C3OC45CCCC=CCCCCC(CCC)C6C(C)C(O)C(O)(C2O)C6C1(O4)C(C)CC3(C(=C)C)O5,PD01121479,C34H52O8,588.782,Top1,1.0
20,1011.3993,8.2,785000000.0,DA57_daphneodorin B (DOSO-E),C=C(C)C12CC(COC(C)=O)C34OC5(OC1C3C1OC1(CO)C(O)C1(O)C(OC(=O)c3ccccc3)C(C)C(C(C)CC(OC(=O)c3ccccc3)C(OC(C)=O)C(OC(=O)c3ccccc3)CCC5O)C14)O2,MD,41,14,MD,C55H62O18,possibly known,"std_daphneodorin C (DA58), std_daphneodorin B (DA57)",[M+H]+,"20,78",C10H16O3,C30H32O6 / C20H16O3,956264.125 / 14977.125,1.6527,C14H24O4,C30H36O6 / C16H12O2,19589.896484375 / 25270.146484375,0.179,C9H16O2,C29H32O5 / C20H16O3,776241.1875 / 14977.125,1.3528,C3H4O2,C30H32O6 / C27H28O4,956264.125 / 192106.1875,2.4634,C2H4O2,C32H36O8 / C30H32O6,264048.34375 / 956264.125,2.8586,C7H6O2,C37H38O8 / C30H32O6,363446.8125 / 956264.125,3.4758,C5H10O2,C25H28O4 / C20H18O2,63772.28515625 / 194218.609375,0.6414,C4H8O2,C26H28O3 / C22H20O1,102014.7890625 / 89309.3359375,0.8445,C10H12O3,671803.81,6.7180,C14H14O3,81398.77,0.8140,none,none,none,C16H16O3,54197.27,0.5420,C17H16O1,64140.21,0.6414,C18H18O2,72015.02,0.7202,C19H18O1,162336.14,1.6234,C20H18O2,194218.61,1.9422,C27H30O5,119588.68,1.1959,C7H4O,1790624.38,17.9062,25.0,1-alkyl-3-ol,"5-ol-6,7-epoxy","9,13,14-orthoester",no C-12,with C-18,others,C10 ring with one substituents and a hydroxyl group,4,"C4,C7",C7*3+C4*1,"acyl(2.86),benzoyl(3.48),benzoyl(17.91)","benzoyl,benzoyl,benzoyl,isobutyryl",A8,B1,C5,none,R92,R92,R92,R3,none,none,none,37.9217,A8B1C5,,,,0.0,Top1,1.0
20,1011.3993,8.2,785000000.0,DA57_daphneodorin B (DOSO-E),C=C(C)C12CC(COC(C)=O)C34OC5(OC1C3C1OC1(CO)C(O)C1(O)C(OC(=O)c3ccccc3)C(C)C(C(C)CC(OC(=O)c3ccccc3)C(OC(C)=O)C(OC(=O)c3ccccc3)CCC5O)C14)O2,MD,41,14,MD,C55H62O18,possibly known,"std_daphneodorin C (DA58), std_daphneodorin B (DA57)",[M+H]+,"20,78",C10H16O3,C30H32O6 / C20H16O3,956264.125 / 14977.125,1.6527,C14H24O4,C30H36O6 / C16H12O2,19589.896484375 / 25270.146484375,0.179,C9H16O2,C29H32O5 / C20H16O3,776241.1875 / 14977.125,1.3528,C3H4O2,C30H32O6 / C27H28O4,956264.125 / 192106.1875,2.4634,C2H4O2,C32H36O8 / C30H32O6,264048.34375 / 956264.125,2.8586,C7H6O2,C37H38O8 / C30H32O6,363446.8125 / 956264.125,3.4758,C5H10O2,C25H28O4 / C20H18O2,63772.28515625 / 194218.609375,0.6414,C4H8O2,C26H28O3 / C22H20O1,102014.7890625 / 89309.3359375,0.8445,C10H12O3,671803.81,6.7180,C14H14O3,81398.77,0.8140,none,none,none,C16H16O3,54197.27,0.5420,C17H16O1,64140.21,0.6414,C18H18O2,72015.02,0.7202,C19H18O1,162336.14,1.6234,C20H18O2,194218.61,1.9422,C27H30O5,119588.68,1.1959,C7H4O,1790624.38,17.9062,25.0,1-alkyl-3-ol,"5-ol-6,7-epoxy","9,13,14-orthoester",no C-12,with C-18,others,C10 ring with three substituents and a hydroxyl group,7,"C2,C4,C7",C2*3+C7*1+C4*3,"acyl(2.86),benzoyl(3.48),benzoyl(17.91)","acyl,acyl,acyl,benzoyl,isobutyryl,isobutyryl,isobutyryl",A8,B1,C5,M6,R1,R1,R1,R92,R3,R3,R3,37.9217,A8B1C5M6,,,,0.0,Top1,1.0
20,1011.3993,8.2,785000000.0,DA57_daphneodorin B (DOSO-E),C=C(C)C12CC(COC(C)=O)C34OC5(OC1C3C1OC1(CO)C(O)C1(O)C(OC(=O)c3ccccc3)C(C)C(C(C)CC(OC(=O)c3ccccc3)C(OC(C)=O)C(OC(=O)c3ccccc3)CCC5O)C14)O2,MD,41,14,MD,C55H62O18,possibly known,"std_daphneodorin C (DA58), std_daphneodorin B (DA57)",[M+H]+,"20,78",C10H16O3,C30H32O6 / C20H16O3,956264.125 / 14977.125,1.6527,C14H24O4,C30H36O6 / C16H12O2,19589.896484375 / 25270.146484375,0.179,C9H16O2,C29H32O5 / C20H16O3,776241.1875 / 14977.125,1.3528,C3H4O2,C30H32O6 / C27H28O4,956264.125 / 192106.1875,2.4634,C2H4O2,C32H36O8 / C30H32O6,264048.34375 / 956264.125,2.8586,C7H6O2,C37H38O8 / C30H32O6,363446.8125 / 956264.125,3.4758,C5H10O2,C25H28O4 / C20H18O2,63772.28515625 / 194218.609375,0.6414,C4H8O2,C26H28O3 / C22H20O1,102014.7890625 / 89309.3359375,0.8445,C10H12O3,671803.81,6.7180,C14H14O3,81398.77,0.8140,none,none,none,C16H16O3,54197.27,0.5420,C17H16O1,64140.21,0.6414,C18H18O2,72015.02,0.7202,C19H18O1,162336.14,1.6234,C20H18O2,194218.61,1.9422,C27H30O5,119588.68,1.1959,C7H4O,1790624.38,17.9062,25.0,1-alkyl-3-ol,"5-ol-6,7-epoxy","9,13,14-orthoester",no C-12,with C-18,others,C10 ring with three substituents and a hydroxyl group,5,"C2,C7",C2*2+C7*3,"acyl(2.86),benzoyl(3.48),benzoyl(17.91)","acyl,acyl,benzoyl,benzoyl,benzoyl",A8,B1,C5,M6,R1,R1,R92,R92,R92,none,none,37.9217,A8B1C5M6,OCC12OC1C1C3OC45C(O)CCC(OC(=O)c%11ccccc%11*)C(OC(=O)c%10ccccc%10)C(OC(=O)C)CC(C)C6C(C)C(OC(=O)c9ccccc9)C(O)(C2O)C6C1(O4)C(COC(=O)C)CC3(C(=C)C)O5,PD01208040,C55H61*O18,1010.075,Top1,1.0
20,1011.3993,8.2,785000000.0,DA57_daphneodorin B (DOSO-E),C=C(C)C12CC(COC(C)=O)C34OC5(OC1C3C1OC1(CO)C(O)C1(O)C(OC(=O)c3ccccc3)C(C)C(C(C)CC(OC(=O)c3ccccc3)C(OC(C)=O)C(OC(=O)c3ccccc3)CCC5O)C14)O2,MD,41,14,MD,C55H62O18,possibly known,"std_daphneodorin C (DA58), std_daphneodorin B (DA57)",[M+H]+,"20,78",C10H16O3,C30H32O6 / C20H16O3,956264.125 / 14977.125,1.6527,C14H24O4,C30H36O6 / C16H12O2,19589.896484375 / 25270.146484375,0.179,C9H16O2,C29H32O5 / C20H16O3,776241.1875 / 14977.125,1.3528,C3H4O2,C30H32O6 / C27H28O4,956264.125 / 192106.1875,2.4634,C2H4O2,C32H36O8 / C30H32O6,264048.34375 / 956264.125,2.8586,C7H6O2,C37H38O8 / C30H32O6,363446.8125 / 956264.125,3.4758,C5H10O2,C25H28O4 / C20H18O2,63772.28515625 / 194218.609375,0.6414,C4H8O2,C26H28O3 / C22H20O1,102014.7890625 / 89309.3359375,0.8445,C10H12O3,671803.81,6.7180,C14H14O3,81398.77,0.8140,none,none,none,C16H16O3,54197.27,0.5420,C17H16O1,64140.21,0.6414,C18H18O2,72015.02,0.7202,C19H18O1,162336.14,1.6234,C20H18O2,194218.61,1.9422,C27H30O5,119588.68,1.1959,C7H4O,1790624.38,17.9062,25.0,1-alkyl-3-ol,"5-ol-6,7-epoxy","9,13,14-orthoester",no C-12,with C-18,others,C10 ring with three substituents and a hydroxyl group,5,"C2,C7",C2*2+C7*3,"acyl(2.86),benzoyl(3.48),benzoyl(17.91)","acyl,acyl,benzoyl,benzoyl,benzoyl",A8,B1,C5,M6,R1,R1,R92,R92,R92,none,none,37.9217,A8B1C5M6,c9ccccc9C(=O)OCC12OC1C1C3OC45C(O)CCC(OC(=O)c%11ccccc%11)C(OC(=O)c%10ccccc%10)C(OC(=O)C)CC(C)C6C(C)C(O)C(O)(C2O)C6C1(O4)C(COC(=O)C)CC3(C(=C)C)O5,PD01209454,C55H62O18,1011.083,Top1,1.0
20,1011.3993,8.2,785000000.0,DA57_daphneodorin B (DOSO-E),C=C(C)C12CC(COC(C)=O)C34OC5(OC1C3C1OC1(CO)C(O)C1(O)C(OC(=O)c3ccccc3)C(C)C(C(C)CC(OC(=O)c3ccccc3)C(OC(C)=O)C(OC(=O)c3ccccc3)CCC5O)C14)O2,MD,41,14,MD,C55H62O18,possibly known,"std_daphneodorin C (DA58), std_daphneodorin B (DA57)",[M+H]+,"20,78",C10H16O3,C30H32O6 / C20H16O3,956264.125 / 14977.125,1.6527,C14H24O4,C30H36O6 / C16H12O2,19589.896484375 / 25270.146484375,0.179,C9H16O2,C29H32O5 / C20H16O3,776241.1875 / 14977.125,1.3528,C3H4O2,C30H32O6 / C27H28O4,956264.125 / 192106.1875,2.4634,C2H4O2,C32H36O8 / C30H32O6,264048.34375 / 956264.125,2.8586,C7H6O2,C37H38O8 / C30H32O6,363446.8125 / 956264.125,3.4758,C5H10O2,C25H28O4 / C20H18O2,63772.28515625 / 194218.609375,0.6414,C4H8O2,C26H28O3 / C22H20O1,102014.7890625 / 89309.3359375,0.8445,C10H12O3,671803.81,6.7180,C14H14O3,81398.77,0.8140,none,none,none,C16H16O3,54197.27,0.5420,C17H16O1,64140.21,0.6414,C18H18O2,72015.02,0.7202,C19H18O1,162336.14,1.6234,C20H18O2,194218.61,1.9422,C27H30O5,119588.68,1.1959,C7H4O,1790624.38,17.9062,25.0,1-alkyl-3-ol,"5-ol-6,7-epoxy","9,13,14-orthoester",no C-12,with C-18,others,C10 ring with one substituents and a hydroxyl group,5,"C2,C7",C2*2+C7*3,"acyl(2.86),benzoyl(3.48),benzoyl(17.91)","acyl,acyl,benzoyl,benzoyl,benzoyl",A8,B1,C5,none,R1,R1,R92,R92,R92,none,none,37.9217,A8B1C5,,,,0.0,Top1,1.0
20,1011.3993,8.2,785000000.0,DA57_daphneodorin B (DOSO-E),C=C(C)C12CC(COC(C)=O)C34OC5(OC1C3C1OC1(CO)C(O)C1(O)C(OC(=O)c3ccccc3)C(C)C(C(C)CC(OC(=O)c3ccccc3)C(OC(C)=O)C(OC(=O)c3ccccc3)CCC5O)C14)O2,MD,41,14,MD,C55H62O18,possibly known,"std_daphneodorin C (DA58), std_daphneodorin B (DA57)",[M+H]+,"20,78",C10H16O3,C30H32O6 / C20H16O3,956264.125 / 14977.125,1.6527,C14H24O4,C30H36O6 / C16H12O2,19589.896484375 / 25270.146484375,0.179,C9H16O2,C29H32O5 / C20H16O3,776241.1875 / 14977.125,1.3528,C3H4O2,C30H32O6 / C27H28O4,956264.125 / 192106.1875,2.4634,C2H4O2,C32H36O8 / C30H32O6,264048.34375 / 956264.125,2.8586,C7H6O2,C37H38O8 / C30H32O6,363446.8125 / 956264.125,3.4758,C5H10O2,C25H28O4 / C20H18O2,63772.28515625 / 194218.609375,0.6414,C4H8O2,C26H28O3 / C22H20O1,102014.7890625 / 89309.3359375,0.8445,C10H12O3,671803.81,6.7180,C14H14O3,81398.77,0.8140,none,none,none,C16H16O3,54197.27,0.5420,C17H16O1,64140.21,0.6414,C18H18O2,72015.02,0.7202,C19H18O1,162336.14,1.6234,C20H18O2,194218.61,1.9422,C27H30O5,119588.68,1.1959,C7H4O,1790624.38,17.9062,25.0,1-alkyl-3-ol,"5-ol-6,7-epoxy","9,13,14-orthoester",no C-12,with C-18,others,C10 ring with one substituents and a hydroxyl group,7,"C2,C4,C7",C2*3+C7*1+C4*3,"acyl(2.86),benzoyl(3.48),benzoyl(17.91)","acyl,acyl,acyl,benzoyl,isobutyryl,isobutyryl,isobutyryl",A8,B1,C5,none,R1,R1,R1,R92,R3,R3,R3,37.9217,A8B1C5,,,,0.0,Top1,1.0
20,1011.3993,8.2,785000000.0,DA57_daphneodorin B (DOSO-E),C=C(C)C12CC(COC(C)=O)C34OC5(OC1C3C1OC1(CO)C(O)C1(O)C(OC(=O)c3ccccc3)C(C)C(C(C)CC(OC(=O)c3ccccc3)C(OC(C)=O)C(OC(=O)c3ccccc3)CCC5O)C14)O2,MD,41,14,MD,C55H62O18,possibly known,"std_daphneodorin C (DA58), std_daphneodorin B (DA57)",[M+H]+,"20,78",C10H14O2,C30H32O6 / C20H18O4,956264.125 / 33244.61328125,1.7265,C14H24O4,C30H36O6 / C16H12O2,19589.896484375 / 25270.146484375,0.179,C9H16O2,C29H32O5 / C20H16O3,776241.1875 / 14977.125,1.3528,C3H4O2,C30H32O6 / C27H28O4,956264.125 / 192106.1875,2.4634,C2H4O2,C32H36O8 / C30H32O6,264048.34375 / 956264.125,2.8586,C7H6O2,C37H38O8 / C30H32O6,363446.8125 / 956264.125,3.4758,C5H10O2,C25H28O4 / C20H18O2,63772.28515625 / 194218.609375,0.6414,C4H8O2,C26H28O3 / C22H20O1,102014.7890625 / 89309.3359375,0.8445,C10H12O3,671803.81,6.7180,C14H14O3,81398.77,0.8140,none,none,none,C16H16O3,54197.27,0.5420,C17H16O1,64140.21,0.6414,C18H18O2,72015.02,0.7202,C19H18O2,153149.77,1.5315,C20H18O2,194218.61,1.9422,C27H30O5,119588.68,1.1959,C7H4O,1790624.38,17.9062,25.0,1-alkyl-3-ol,"5-ol-6,7-epoxy","9,13,14-orthoester",no C-12,with C-18,others,C10 ring with two substituents,5,"C2,C7",C2*2+C7*3,"acyl(2.86),benzoyl(3.48),benzoyl(17.91)","acyl,acyl,benzoyl,benzoyl,benzoyl",A8,B1,C5,M4,R1,R1,R92,R92,R92,none,none,37.9217,A8B1C5M4,,,,0.0,Top1,1.0
20,1011.3993,8.2,785000000.0,DA57_daphneodorin B (DOSO-E),C=C(C)C12CC(COC(C)=O)C34OC5(OC1C3C1OC1(CO)C(O)C1(O)C(OC(=O)c3ccccc3)C(C)C(C(C)CC(OC(=O)c3ccccc3)C(OC(C)=O)C(OC(=O)c3ccccc3)CCC5O)C14)O2,MD,41,14,MD,C55H62O18,possibly known,"std_daphneodorin C (DA58), std_daphneodorin B (DA57)",[M+H]+,"20,78",C10H14O2,C30H32O6 / C20H18O4,956264.125 / 33244.61328125,1.7265,C14H24O4,C30H36O6 / C16H12O2,19589.896484375 / 25270.146484375,0.179,C9H16O2,C29H32O5 / C20H16O3,776241.1875 / 14977.125,1.3528,C3H4O2,C30H32O6 / C27H28O4,956264.125 / 192106.1875,2.4634,C2H4O2,C32H36O8 / C30H32O6,264048.34375 / 956264.125,2.8586,C7H6O2,C37H38O8 / C30H32O6,363446.8125 / 956264.125,3.4758,C5H10O2,C25H28O4 / C20H18O2,63772.28515625 / 194218.609375,0.6414,C4H8O2,C26H28O3 / C22H20O1,102014.7890625 / 89309.3359375,0.8445,C10H12O3,671803.81,6.7180,C14H14O3,81398.77,0.8140,none,none,none,C16H16O3,54197.27,0.5420,C17H16O1,64140.21,0.6414,C18H18O2,72015.02,0.7202,C19H18O2,153149.77,1.5315,C20H18O2,194218.61,1.9422,C27H30O5,119588.68,1.1959,C7H4O,1790624.38,17.9062,25.0,1-alkyl-3-ol,"5-ol-6,7-epoxy","9,13,14-orthoester",no C-12,with C-18,others,C10 ring with two substituents,7,"C2,C4,C7",C2*3+C7*1+C4*3,"acyl(2.86),benzoyl(3.48),benzoyl(17.91)","acyl,acyl,acyl,benzoyl,isobutyryl,isobutyryl,isobutyryl",A8,B1,C5,M4,R1,R1,R1,R92,R3,R3,R3,37.9217,A8B1C5M4,,,,0.0,Top1,1.0
20,1011.3993,8.2,785000000.0,DA57_daphneodorin B (DOSO-E),C=C(C)C12CC(COC(C)=O)C34OC5(OC1C3C1OC1(CO)C(O)C1(O)C(OC(=O)c3ccccc3)C(C)C(C(C)CC(OC(=O)c3ccccc3)C(OC(C)=O)C(OC(=O)c3ccccc3)CCC5O)C14)O2,MD,41,14,MD,C55H62O18,possibly known,"std_daphneodorin C (DA58), std_daphneodorin B (DA57)",[M+H]+,"20,78",C10H16O3,C30H32O6 / C20H16O3,956264.125 / 14977.125,1.6527,C14H24O4,C30H36O6 / C16H12O2,19589.896484375 / 25270.146484375,0.179,C9H16O2,C29H32O5 / C20H16O3,776241.1875 / 14977.125,1.3528,C3H4O2,C30H32O6 / C27H28O4,956264.125 / 192106.1875,2.4634,C2H4O2,C32H36O8 / C30H32O6,264048.34375 / 956264.125,2.8586,C7H6O2,C37H38O8 / C30H32O6,363446.8125 / 956264.125,3.4758,C5H10O2,C25H28O4 / C20H18O2,63772.28515625 / 194218.609375,0.6414,C4H8O2,C26H28O3 / C22H20O1,102014.7890625 / 89309.3359375,0.8445,C10H12O3,671803.81,6.7180,C14H14O3,81398.77,0.8140,none,none,none,C16H16O3,54197.27,0.5420,C17H16O1,64140.21,0.6414,C18H18O2,72015.02,0.7202,C19H18O1,162336.14,1.6234,C20H18O2,194218.61,1.9422,C27H30O5,119588.68,1.1959,C7H4O,1790624.38,17.9062,25.0,1-alkyl-3-ol,"5-ol-6,7-epoxy","9,13,14-orthoester",no C-12,with C-18,others,C10 ring with three substituents and a hydroxyl group,4,"C4,C7",C7*3+C4*1,"acyl(2.86),benzoyl(3.48),benzoyl(17.91)","benzoyl,benzoyl,benzoyl,isobutyryl",A8,B1,C5,M6,R92,R92,R92,R3,none,none,none,37.9217,A8B1C5M6,OCC12OC1C1C3OC45C(O)CCCC(OC(=O)c%10ccccc%10)C(OC(=O)c7ccccc7)CC(C)C6C(C)C(OC(=O)c9ccccc9)C(O)(C2O)C6C1(O4)C(COC(=O)CCC)CC3(C(=C)C)O5,PD01202290,C55H64O16,981.101,Top1,1.0
20,1011.3993,8.2,785000000.0,DA57_daphneodorin B (DOSO-E),C=C(C)C12CC(COC(C)=O)C34OC5(OC1C3C1OC1(CO)C(O)C1(O)C(OC(=O)c3ccccc3)C(C)C(C(C)CC(OC(=O)c3ccccc3)C(OC(C)=O)C(OC(=O)c3ccccc3)CCC5O)C14)O2,MD,41,14,MD,C55H62O18,possibly known,"std_daphneodorin C (DA58), std_daphneodorin B (DA57)",[M+H]+,"20,78",C10H16O3,C30H32O6 / C20H16O3,956264.125 / 14977.125,1.6527,C14H24O4,C30H36O6 / C16H12O2,19589.896484375 / 25270.146484375,0.179,C9H16O2,C29H32O5 / C20H16O3,776241.1875 / 14977.125,1.3528,C3H4O2,C30H32O6 / C27H28O4,956264.125 / 192106.1875,2.4634,C2H4O2,C32H36O8 / C30H32O6,264048.34375 / 956264.125,2.8586,C7H6O2,C37H38O8 / C30H32O6,363446.8125 / 956264.125,3.4758,C5H10O2,C25H28O4 / C20H18O2,63772.28515625 / 194218.609375,0.6414,C4H8O2,C26H28O3 / C22H20O1,102014.7890625 / 89309.3359375,0.8445,C10H12O3,671803.81,6.7180,C14H14O3,81398.77,0.8140,none,none,none,C16H16O3,54197.27,0.5420,C17H16O1,64140.21,0.6414,C18H18O2,72015.02,0.7202,C19H18O1,162336.14,1.6234,C20H18O2,194218.61,1.9422,C27H30O5,119588.68,1.1959,C7H4O,1790624.38,17.9062,25.0,1-alkyl-3-ol,"5-ol-6,7-epoxy","9,13,14-orthoester",no C-12,with C-18,others,C10 ring with three substituents and a hydroxyl group,4,"C4,C7",C7*3+C4*1,"acyl(2.86),benzoyl(3.48),benzoyl(17.91)","benzoyl,benzoyl,benzoyl,isobutyryl",A8,B1,C5,M6,R92,R92,R92,R3,none,none,none,37.9217,A8B1C5M6,c9ccccc9C(=O)OCC12OC1C1C3OC45C(O)CCCC(OC(=O)c%10ccccc%10)C(OC(=O)c7ccccc7)CC(C)C6C(C)C(O)C(O)(C2O)C6C1(O4)C(COC(=O)CCC)CC3(C(=C)C)O5,PD01205930,C55H64O16,981.101,Top1,1.0
20,1011.3993,8.2,785000000.0,DA57_daphneodorin B (DOSO-E),C=C(C)C12CC(COC(C)=O)C34OC5(OC1C3C1OC1(CO)C(O)C1(O)C(OC(=O)c3ccccc3)C(C)C(C(C)CC(OC(=O)c3ccccc3)C(OC(C)=O)C(OC(=O)c3ccccc3)CCC5O)C14)O2,MD,41,14,MD,C55H62O18,possibly known,"std_daphneodorin C (DA58), std_daphneodorin B (DA57)",[M+H]+,"20,78",C10H14O2,C30H32O6 / C20H18O4,956264.125 / 33244.61328125,1.7265,C14H24O4,C30H36O6 / C16H12O2,19589.896484375 / 25270.146484375,0.179,C9H16O2,C29H32O5 / C20H16O3,776241.1875 / 14977.125,1.3528,C3H4O2,C30H32O6 / C27H28O4,956264.125 / 192106.1875,2.4634,C2H4O2,C32H36O8 / C30H32O6,264048.34375 / 956264.125,2.8586,C7H6O2,C37H38O8 / C30H32O6,363446.8125 / 956264.125,3.4758,C5H10O2,C25H28O4 / C20H18O2,63772.28515625 / 194218.609375,0.6414,C4H8O2,C26H28O3 / C22H20O1,102014.7890625 / 89309.3359375,0.8445,C10H12O3,671803.81,6.7180,C14H14O3,81398.77,0.8140,none,none,none,C16H16O3,54197.27,0.5420,C17H16O1,64140.21,0.6414,C18H18O2,72015.02,0.7202,C19H18O1,162336.14,1.6234,C20H18O2,194218.61,1.9422,C27H30O5,119588.68,1.1959,C7H4O,1790624.38,17.9062,25.0,1-alkyl-3-ol,"5-ol-6,7-epoxy","9,13,14-orthoester",no C-12,with C-18,others,C10 ring with two substituents,4,"C4,C7",C7*3+C4*1,"acyl(2.86),benzoyl(3.48),benzoyl(17.91)","benzoyl,benzoyl,benzoyl,isobutyryl",A8,B1,C5,M4,R92,R92,R92,R3,none,none,none,37.9217,A8B1C5M4,,,,0.0,Top1,1.0
21,1011.3989,7.6,825000000.0,DA58_daphneodorin C (DOL-E2),C=C(C)C12CC(COC(C)=O)C34OC5(OC1C3C1OC1(COC(=O)c1ccccc1)C(O)C1(O)C(O)C(C)C(C(C)CC(OC(=O)c3ccccc3)C(OC(C)=O)C(OC(=O)c3ccccc3)CCC5O)C14)O2,MD,24,13,MD,C55H62O18,possibly known,"std_daphneodorin C (DA58), std_daphneodorin B (DA57)",[M+H]+,"21,79",C10H16O3,C30H32O6 / C20H16O3,1041503.3125 / 18385.798828125,1.8083,C14H24O4,C30H36O6 / C16H12O2,40756.34375 / 52777.87109375,0.372,C9H16O2,C29H32O5 / C20H16O3,890659.875 / 18385.798828125,1.5571,C3H4O2,C30H32O6 / C27H28O4,1041503.3125 / 66879.90625,2.0089,C2H4O2,C32H36O8 / C30H32O6,861941.75 / 1041503.3125,8.0066,C7H6O2,C37H38O8 / C30H32O6,317344.9375 / 1041503.3125,3.2888,C5H10O2,C25H28O4 / C20H18O2,101070.1484375 / 305350.625,1.0134,C4H8O2,C24H26O5 / C20H18O3,19401.373046875 / 473667.90625,0.8673,C10H12O3,608501.38,6.0850,C14H14O3,25271.66,0.2527,none,none,none,C16H16O3,35546.08,0.3555,C17H14O3,169376.45,1.6938,C18H18O1,72962.96,0.7296,C19H18O1,157945.14,1.5795,C20H18O2,305350.62,3.0535,C27H30O5,106509.97,1.0651,C7H4O,1495511.62,14.9551,25.0,1-alkyl-3-ol,"5-ol-6,7-epoxy","9,13,14-orthoester",no C-12,with C-18,others,C10 ring with three substituents and a hydroxyl group,4,"C4,C7",C7*3+C4*1,"acyl(8.01),benzoyl(3.29),benzoyl(14.96)","benzoyl,benzoyl,benzoyl,isobutyryl",A8,B1,C5,M6,R92,R92,R92,R3,none,none,none,40.8864,A8B1C5M6,OCC12OC1C1C3OC45C(O)CCCC(OC(=O)c%10ccccc%10)C(OC(=O)c7ccccc7)CC(C)C6C(C)C(OC(=O)c9ccccc9)C(O)(C2O)C6C1(O4)C(COC(=O)CCC)CC3(C(=C)C)O5,PD01202290,C55H64O16,981.101,Top1,1.0
21,1011.3989,7.6,825000000.0,DA58_daphneodorin C (DOL-E2),C=C(C)C12CC(COC(C)=O)C34OC5(OC1C3C1OC1(COC(=O)c1ccccc1)C(O)C1(O)C(O)C(C)C(C(C)CC(OC(=O)c3ccccc3)C(OC(C)=O)C(OC(=O)c3ccccc3)CCC5O)C14)O2,MD,24,13,MD,C55H62O18,possibly known,"std_daphneodorin C (DA58), std_daphneodorin B (DA57)",[M+H]+,"21,79",C10H16O3,C30H32O6 / C20H16O3,1041503.3125 / 18385.798828125,1.8083,C14H24O4,C30H36O6 / C16H12O2,40756.34375 / 52777.87109375,0.372,C9H16O2,C29H32O5 / C20H16O3,890659.875 / 18385.798828125,1.5571,C3H4O2,C30H32O6 / C27H28O4,1041503.3125 / 66879.90625,2.0089,C2H4O2,C32H36O8 / C30H32O6,861941.75 / 1041503.3125,8.0066,C7H6O2,C37H38O8 / C30H32O6,317344.9375 / 1041503.3125,3.2888,C5H10O2,C25H28O4 / C20H18O2,101070.1484375 / 305350.625,1.0134,C4H8O2,C24H26O5 / C20H18O3,19401.373046875 / 473667.90625,0.8673,C10H12O3,608501.38,6.0850,C14H14O3,25271.66,0.2527,none,none,none,C16H16O3,35546.08,0.3555,C17H14O3,169376.45,1.6938,C18H18O1,72962.96,0.7296,C19H18O1,157945.14,1.5795,C20H18O2,305350.62,3.0535,C27H30O5,106509.97,1.0651,C7H4O,1495511.62,14.9551,25.0,1-alkyl-3-ol,"5-ol-6,7-epoxy","9,13,14-orthoester",no C-12,with C-18,others,C10 ring with three substituents and a hydroxyl group,4,"C4,C7",C7*3+C4*1,"acyl(8.01),benzoyl(3.29),benzoyl(14.96)","benzoyl,benzoyl,benzoyl,isobutyryl",A8,B1,C5,M6,R92,R92,R92,R3,none,none,none,40.8864,A8B1C5M6,c9ccccc9C(=O)OCC12OC1C1C3OC45C(O)CCCC(OC(=O)c%10ccccc%10)C(OC(=O)c7ccccc7)CC(C)C6C(C)C(O)C(O)(C2O)C6C1(O4)C(COC(=O)CCC)CC3(C(=C)C)O5,PD01205930,C55H64O16,981.101,Top1,1.0
21,1011.3989,7.6,825000000.0,DA58_daphneodorin C (DOL-E2),C=C(C)C12CC(COC(C)=O)C34OC5(OC1C3C1OC1(COC(=O)c1ccccc1)C(O)C1(O)C(O)C(C)C(C(C)CC(OC(=O)c3ccccc3)C(OC(C)=O)C(OC(=O)c3ccccc3)CCC5O)C14)O2,MD,24,13,MD,C55H62O18,possibly known,"std_daphneodorin C (DA58), std_daphneodorin B (DA57)",[M+H]+,"21,79",C10H16O3,C30H32O6 / C20H16O3,1041503.3125 / 18385.798828125,1.8083,C14H24O4,C30H36O6 / C16H12O2,40756.34375 / 52777.87109375,0.372,C9H16O2,C29H32O5 / C20H16O3,890659.875 / 18385.798828125,1.5571,C3H4O2,C30H32O6 / C27H28O4,1041503.3125 / 66879.90625,2.0089,C2H4O2,C32H36O8 / C30H32O6,861941.75 / 1041503.3125,8.0066,C7H6O2,C37H38O8 / C30H32O6,317344.9375 / 1041503.3125,3.2888,C5H10O2,C25H28O4 / C20H18O2,101070.1484375 / 305350.625,1.0134,C4H8O2,C24H26O5 / C20H18O3,19401.373046875 / 473667.90625,0.8673,C10H12O3,608501.38,6.0850,C14H14O3,25271.66,0.2527,none,none,none,C16H16O3,35546.08,0.3555,C17H14O3,169376.45,1.6938,C18H18O1,72962.96,0.7296,C19H18O1,157945.14,1.5795,C20H18O2,305350.62,3.0535,C27H30O5,106509.97,1.0651,C7H4O,1495511.62,14.9551,25.0,1-alkyl-3-ol,"5-ol-6,7-epoxy","9,13,14-orthoester",no C-12,with C-18,others,C10 ring with one substituents and a hydroxyl group,4,"C4,C7",C7*3+C4*1,"acyl(8.01),benzoyl(3.29),benzoyl(14.96)","benzoyl,benzoyl,benzoyl,isobutyryl",A8,B1,C5,none,R92,R92,R92,R3,none,none,none,40.8864,A8B1C5,,,,0.0,Top1,1.0
21,1011.3989,7.6,825000000.0,DA58_daphneodorin C (DOL-E2),C=C(C)C12CC(COC(C)=O)C34OC5(OC1C3C1OC1(COC(=O)c1ccccc1)C(O)C1(O)C(O)C(C)C(C(C)CC(OC(=O)c3ccccc3)C(OC(C)=O)C(OC(=O)c3ccccc3)CCC5O)C14)O2,MD,24,13,MD,C55H62O18,possibly known,"std_daphneodorin C (DA58), std_daphneodorin B (DA57)",[M+H]+,"21,79",C10H16O3,C30H32O6 / C20H16O3,1041503.3125 / 18385.798828125,1.8083,C14H24O4,C30H36O6 / C16H12O2,40756.34375 / 52777.87109375,0.372,C9H16O2,C29H32O5 / C20H16O3,890659.875 / 18385.798828125,1.5571,C3H4O2,C30H32O6 / C27H28O4,1041503.3125 / 66879.90625,2.0089,C2H4O2,C32H36O8 / C30H32O6,861941.75 / 1041503.3125,8.0066,C7H6O2,C37H38O8 / C30H32O6,317344.9375 / 1041503.3125,3.2888,C5H10O2,C25H28O4 / C20H18O2,101070.1484375 / 305350.625,1.0134,C4H8O2,C24H26O5 / C20H18O3,19401.373046875 / 473667.90625,0.8673,C10H12O3,608501.38,6.0850,C14H14O3,25271.66,0.2527,none,none,none,C16H16O3,35546.08,0.3555,C17H14O3,169376.45,1.6938,C18H18O1,72962.96,0.7296,C19H18O1,157945.14,1.5795,C20H18O2,305350.62,3.0535,C27H30O5,106509.97,1.0651,C7H4O,1495511.62,14.9551,25.0,1-alkyl-3-ol,"5-ol-6,7-epoxy","9,13,14-orthoester",no C-12,with C-18,others,C10 ring with three substituents and a hydroxyl group,7,"C2,C4,C7",C2*3+C7*1+C4*3,"acyl(8.01),benzoyl(3.29),benzoyl(14.96)","acyl,acyl,acyl,benzoyl,isobutyryl,isobutyryl,isobutyryl",A8,B1,C5,M6,R1,R1,R1,R92,R3,R3,R3,40.8864,A8B1C5M6,,,,0.0,Top1,1.0
21,1011.3989,7.6,825000000.0,DA58_daphneodorin C (DOL-E2),C=C(C)C12CC(COC(C)=O)C34OC5(OC1C3C1OC1(COC(=O)c1ccccc1)C(O)C1(O)C(O)C(C)C(C(C)CC(OC(=O)c3ccccc3)C(OC(C)=O)C(OC(=O)c3ccccc3)CCC5O)C14)O2,MD,24,13,MD,C55H62O18,possibly known,"std_daphneodorin C (DA58), std_daphneodorin B (DA57)",[M+H]+,"21,79",C10H16O3,C30H32O6 / C20H16O3,1041503.3125 / 18385.798828125,1.8083,C14H24O4,C30H36O6 / C16H12O2,40756.34375 / 52777.87109375,0.372,C9H16O2,C29H32O5 / C20H16O3,890659.875 / 18385.798828125,1.5571,C3H4O2,C30H32O6 / C27H28O4,1041503.3125 / 66879.90625,2.0089,C2H4O2,C32H36O8 / C30H32O6,861941.75 / 1041503.3125,8.0066,C7H6O2,C37H38O8 / C30H32O6,317344.9375 / 1041503.3125,3.2888,C5H10O2,C25H28O4 / C20H18O2,101070.1484375 / 305350.625,1.0134,C4H8O2,C24H26O5 / C20H18O3,19401.373046875 / 473667.90625,0.8673,C10H12O3,608501.38,6.0850,C14H14O3,25271.66,0.2527,none,none,none,C16H16O3,35546.08,0.3555,C17H14O3,169376.45,1.6938,C18H18O1,72962.96,0.7296,C19H18O1,157945.14,1.5795,C20H18O2,305350.62,3.0535,C27H30O5,106509.97,1.0651,C7H4O,1495511.62,14.9551,25.0,1-alkyl-3-ol,"5-ol-6,7-epoxy","9,13,14-orthoester",no C-12,with C-18,others,C10 ring with three substituents and a hydroxyl group,5,"C2,C7",C2*2+C7*3,"acyl(8.01),benzoyl(3.29),benzoyl(14.96)","acyl,acyl,benzoyl,benzoyl,benzoyl",A8,B1,C5,M6,R1,R1,R92,R92,R92,none,none,40.8864,A8B1C5M6,OCC12OC1C1C3OC45C(O)CCC(OC(=O)c%11ccccc%11*)C(OC(=O)c%10ccccc%10)C(OC(=O)C)CC(C)C6C(C)C(OC(=O)c9ccccc9)C(O)(C2O)C6C1(O4)C(COC(=O)C)CC3(C(=C)C)O5,PD01208040,C55H61*O18,1010.075,Top1,1.0
21,1011.3989,7.6,825000000.0,DA58_daphneodorin C (DOL-E2),C=C(C)C12CC(COC(C)=O)C34OC5(OC1C3C1OC1(COC(=O)c1ccccc1)C(O)C1(O)C(O)C(C)C(C(C)CC(OC(=O)c3ccccc3)C(OC(C)=O)C(OC(=O)c3ccccc3)CCC5O)C14)O2,MD,24,13,MD,C55H62O18,possibly known,"std_daphneodorin C (DA58), std_daphneodorin B (DA57)",[M+H]+,"21,79",C10H16O3,C30H32O6 / C20H16O3,1041503.3125 / 18385.798828125,1.8083,C14H24O4,C30H36O6 / C16H12O2,40756.34375 / 52777.87109375,0.372,C9H16O2,C29H32O5 / C20H16O3,890659.875 / 18385.798828125,1.5571,C3H4O2,C30H32O6 / C27H28O4,1041503.3125 / 66879.90625,2.0089,C2H4O2,C32H36O8 / C30H32O6,861941.75 / 1041503.3125,8.0066,C7H6O2,C37H38O8 / C30H32O6,317344.9375 / 1041503.3125,3.2888,C5H10O2,C25H28O4 / C20H18O2,101070.1484375 / 305350.625,1.0134,C4H8O2,C24H26O5 / C20H18O3,19401.373046875 / 473667.90625,0.8673,C10H12O3,608501.38,6.0850,C14H14O3,25271.66,0.2527,none,none,none,C16H16O3,35546.08,0.3555,C17H14O3,169376.45,1.6938,C18H18O1,72962.96,0.7296,C19H18O1,157945.14,1.5795,C20H18O2,305350.62,3.0535,C27H30O5,106509.97,1.0651,C7H4O,1495511.62,14.9551,25.0,1-alkyl-3-ol,"5-ol-6,7-epoxy","9,13,14-orthoester",no C-12,with C-18,others,C10 ring with three substituents and a hydroxyl group,5,"C2,C7",C2*2+C7*3,"acyl(8.01),benzoyl(3.29),benzoyl(14.96)","acyl,acyl,benzoyl,benzoyl,benzoyl",A8,B1,C5,M6,R1,R1,R92,R92,R92,none,none,40.8864,A8B1C5M6,c9ccccc9C(=O)OCC12OC1C1C3OC45C(O)CCC(OC(=O)c%11ccccc%11)C(OC(=O)c%10ccccc%10)C(OC(=O)C)CC(C)C6C(C)C(O)C(O)(C2O)C6C1(O4)C(COC(=O)C)CC3(C(=C)C)O5,PD01209454,C55H62O18,1011.083,Top1,1.0
21,1011.3989,7.6,825000000.0,DA58_daphneodorin C (DOL-E2),C=C(C)C12CC(COC(C)=O)C34OC5(OC1C3C1OC1(COC(=O)c1ccccc1)C(O)C1(O)C(O)C(C)C(C(C)CC(OC(=O)c3ccccc3)C(OC(C)=O)C(OC(=O)c3ccccc3)CCC5O)C14)O2,MD,24,13,MD,C55H62O18,possibly known,"std_daphneodorin C (DA58), std_daphneodorin B (DA57)",[M+H]+,"21,79",C10H14O2,C30H32O6 / C20H18O4,1041503.3125 / 32748.828125,1.8663,C14H24O4,C30H36O6 / C16H12O2,40756.34375 / 52777.87109375,0.372,C9H16O2,C29H32O5 / C20H16O3,890659.875 / 18385.798828125,1.5571,C3H4O2,C30H32O6 / C27H28O4,1041503.3125 / 66879.90625,2.0089,C2H4O2,C32H36O8 / C30H32O6,861941.75 / 1041503.3125,8.0066,C7H6O2,C37H38O8 / C30H32O6,317344.9375 / 1041503.3125,3.2888,C5H10O2,C25H28O4 / C20H18O2,101070.1484375 / 305350.625,1.0134,C4H8O2,C24H26O5 / C20H18O3,19401.373046875 / 473667.90625,0.8673,C10H12O3,608501.38,6.0850,C14H14O3,25271.66,0.2527,none,none,none,C16H16O3,35546.08,0.3555,C17H14O3,169376.45,1.6938,C18H18O1,72962.96,0.7296,C19H18O2,265365.97,2.6537,C20H18O2,305350.62,3.0535,C27H30O5,106509.97,1.0651,C7H4O,1495511.62,14.9551,25.0,1-alkyl-3-ol,"5-ol-6,7-epoxy","9,13,14-orthoester",no C-12,with C-18,others,C10 ring with two substituents,7,"C2,C4,C7",C2*3+C7*1+C4*3,"acyl(8.01),benzoyl(3.29),benzoyl(14.96)","acyl,acyl,acyl,benzoyl,isobutyryl,isobutyryl,isobutyryl",A8,B1,C5,M4,R1,R1,R1,R92,R3,R3,R3,40.8864,A8B1C5M4,,,,0.0,Top1,1.0
21,1011.3989,7.6,825000000.0,DA58_daphneodorin C (DOL-E2),C=C(C)C12CC(COC(C)=O)C34OC5(OC1C3C1OC1(COC(=O)c1ccccc1)C(O)C1(O)C(O)C(C)C(C(C)CC(OC(=O)c3ccccc3)C(OC(C)=O)C(OC(=O)c3ccccc3)CCC5O)C14)O2,MD,24,13,MD,C55H62O18,possibly known,"std_daphneodorin C (DA58), std_daphneodorin B (DA57)",[M+H]+,"21,79",C10H14O2,C30H32O6 / C20H18O4,1041503.3125 / 32748.828125,1.8663,C14H24O4,C30H36O6 / C16H12O2,40756.34375 / 52777.87109375,0.372,C9H16O2,C29H32O5 / C20H16O3,890659.875 / 18385.798828125,1.5571,C3H4O2,C30H32O6 / C27H28O4,1041503.3125 / 66879.90625,2.0089,C2H4O2,C32H36O8 / C30H32O6,861941.75 / 1041503.3125,8.0066,C7H6O2,C37H38O8 / C30H32O6,317344.9375 / 1041503.3125,3.2888,C5H10O2,C25H28O4 / C20H18O2,101070.1484375 / 305350.625,1.0134,C4H8O2,C24H26O5 / C20H18O3,19401.373046875 / 473667.90625,0.8673,C10H12O3,608501.38,6.0850,C14H14O3,25271.66,0.2527,none,none,none,C16H16O3,35546.08,0.3555,C17H14O3,169376.45,1.6938,C18H18O1,72962.96,0.7296,C19H18O2,265365.97,2.6537,C20H18O2,305350.62,3.0535,C27H30O5,106509.97,1.0651,C7H4O,1495511.62,14.9551,25.0,1-alkyl-3-ol,"5-ol-6,7-epoxy","9,13,14-orthoester",no C-12,with C-18,others,C10 ring with two substituents,5,"C2,C7",C2*2+C7*3,"acyl(8.01),benzoyl(3.29),benzoyl(14.96)","acyl,acyl,benzoyl,benzoyl,benzoyl",A8,B1,C5,M4,R1,R1,R92,R92,R92,none,none,40.8864,A8B1C5M4,,,,0.0,Top1,1.0
21,1011.3989,7.6,825000000.0,DA58_daphneodorin C (DOL-E2),C=C(C)C12CC(COC(C)=O)C34OC5(OC1C3C1OC1(COC(=O)c1ccccc1)C(O)C1(O)C(O)C(C)C(C(C)CC(OC(=O)c3ccccc3)C(OC(C)=O)C(OC(=O)c3ccccc3)CCC5O)C14)O2,MD,24,13,MD,C55H62O18,possibly known,"std_daphneodorin C (DA58), std_daphneodorin B (DA57)",[M+H]+,"21,79",C10H14O2,C30H32O6 / C20H18O4,1041503.3125 / 32748.828125,1.8663,C14H24O4,C30H36O6 / C16H12O2,40756.34375 / 52777.87109375,0.372,C9H16O2,C29H32O5 / C20H16O3,890659.875 / 18385.798828125,1.5571,C3H4O2,C30H32O6 / C27H28O4,1041503.3125 / 66879.90625,2.0089,C2H4O2,C32H36O8 / C30H32O6,861941.75 / 1041503.3125,8.0066,C7H6O2,C37H38O8 / C30H32O6,317344.9375 / 1041503.3125,3.2888,C5H10O2,C25H28O4 / C20H18O2,101070.1484375 / 305350.625,1.0134,C4H8O2,C24H26O5 / C20H18O3,19401.373046875 / 473667.90625,0.8673,C10H12O3,608501.38,6.0850,C14H14O3,25271.66,0.2527,none,none,none,C16H16O3,35546.08,0.3555,C17H14O3,169376.45,1.6938,C18H18O1,72962.96,0.7296,C19H18O2,265365.97,2.6537,C20H18O2,305350.62,3.0535,C27H30O5,106509.97,1.0651,C7H4O,1495511.62,14.9551,25.0,1-alkyl-3-ol,"5-ol-6,7-epoxy","9,13,14-orthoester",no C-12,with C-18,others,C10 ring with two substituents,4,"C4,C7",C7*3+C4*1,"acyl(8.01),benzoyl(3.29),benzoyl(14.96)","benzoyl,benzoyl,benzoyl,isobutyryl",A8,B1,C5,M4,R92,R92,R92,R3,none,none,none,40.8864,A8B1C5M4,,,,0.0,Top1,1.0
21,1011.3989,7.6,825000000.0,DA58_daphneodorin C (DOL-E2),C=C(C)C12CC(COC(C)=O)C34OC5(OC1C3C1OC1(COC(=O)c1ccccc1)C(O)C1(O)C(O)C(C)C(C(C)CC(OC(=O)c3ccccc3)C(OC(C)=O)C(OC(=O)c3ccccc3)CCC5O)C14)O2,MD,24,13,MD,C55H62O18,possibly known,"std_daphneodorin C (DA58), std_daphneodorin B (DA57)",[M+H]+,"21,79",C10H16O3,C30H32O6 / C20H16O3,1041503.3125 / 18385.798828125,1.8083,C14H24O4,C30H36O6 / C16H12O2,40756.34375 / 52777.87109375,0.372,C9H16O2,C29H32O5 / C20H16O3,890659.875 / 18385.798828125,1.5571,C3H4O2,C30H32O6 / C27H28O4,1041503.3125 / 66879.90625,2.0089,C2H4O2,C32H36O8 / C30H32O6,861941.75 / 1041503.3125,8.0066,C7H6O2,C37H38O8 / C30H32O6,317344.9375 / 1041503.3125,3.2888,C5H10O2,C25H28O4 / C20H18O2,101070.1484375 / 305350.625,1.0134,C4H8O2,C24H26O5 / C20H18O3,19401.373046875 / 473667.90625,0.8673,C10H12O3,608501.38,6.0850,C14H14O3,25271.66,0.2527,none,none,none,C16H16O3,35546.08,0.3555,C17H14O3,169376.45,1.6938,C18H18O1,72962.96,0.7296,C19H18O1,157945.14,1.5795,C20H18O2,305350.62,3.0535,C27H30O5,106509.97,1.0651,C7H4O,1495511.62,14.9551,25.0,1-alkyl-3-ol,"5-ol-6,7-epoxy","9,13,14-orthoester",no C-12,with C-18,others,C10 ring with one substituents and a hydroxyl group,7,"C2,C4,C7",C2*3+C7*1+C4*3,"acyl(8.01),benzoyl(3.29),benzoyl(14.96)","acyl,acyl,acyl,benzoyl,isobutyryl,isobutyryl,isobutyryl",A8,B1,C5,none,R1,R1,R1,R92,R3,R3,R3,40.8864,A8B1C5,,,,0.0,Top1,1.0
21,1011.3989,7.6,825000000.0,DA58_daphneodorin C (DOL-E2),C=C(C)C12CC(COC(C)=O)C34OC5(OC1C3C1OC1(COC(=O)c1ccccc1)C(O)C1(O)C(O)C(C)C(C(C)CC(OC(=O)c3ccccc3)C(OC(C)=O)C(OC(=O)c3ccccc3)CCC5O)C14)O2,MD,24,13,MD,C55H62O18,possibly known,"std_daphneodorin C (DA58), std_daphneodorin B (DA57)",[M+H]+,"21,79",C10H16O3,C30H32O6 / C20H16O3,1041503.3125 / 18385.798828125,1.8083,C14H24O4,C30H36O6 / C16H12O2,40756.34375 / 52777.87109375,0.372,C9H16O2,C29H32O5 / C20H16O3,890659.875 / 18385.798828125,1.5571,C3H4O2,C30H32O6 / C27H28O4,1041503.3125 / 66879.90625,2.0089,C2H4O2,C32H36O8 / C30H32O6,861941.75 / 1041503.3125,8.0066,C7H6O2,C37H38O8 / C30H32O6,317344.9375 / 1041503.3125,3.2888,C5H10O2,C25H28O4 / C20H18O2,101070.1484375 / 305350.625,1.0134,C4H8O2,C24H26O5 / C20H18O3,19401.373046875 / 473667.90625,0.8673,C10H12O3,608501.38,6.0850,C14H14O3,25271.66,0.2527,none,none,none,C16H16O3,35546.08,0.3555,C17H14O3,169376.45,1.6938,C18H18O1,72962.96,0.7296,C19H18O1,157945.14,1.5795,C20H18O2,305350.62,3.0535,C27H30O5,106509.97,1.0651,C7H4O,1495511.62,14.9551,25.0,1-alkyl-3-ol,"5-ol-6,7-epoxy","9,13,14-orthoester",no C-12,with C-18,others,C10 ring with one substituents and a hydroxyl group,5,"C2,C7",C2*2+C7*3,"acyl(8.01),benzoyl(3.29),benzoyl(14.96)","acyl,acyl,benzoyl,benzoyl,benzoyl",A8,B1,C5,none,R1,R1,R92,R92,R92,none,none,40.8864,A8B1C5,,,,0.0,Top1,1.0
25,549.3057,5.6,652000000.0,DA35_daphnepedunin A (TDPE-17),C=C(C)C12CC(C)C34OC5(CCCCCCCC(C)C6C3C(O)(C(=O)C6(C)O)C(O)C3(CO)OC3C4C1O5)O2,MD,12,24,MD,C30H44O9,possibly known,"std_daphnepedunin A (DA35), std_daphnepedunin H (DA37), std_daphnepedunin B (DA34), std_daphnepedunin G (DA36)",[M+H]+,none,C10H18O2,C30H38O6 / C20H20O4,84480.828125 / 39543.0546875,0.3596,C14H24O4,C30H40O7 / C16H16O3,57038.359375 / 102069.4619140625,0.508,C9H16O2,C29H36O5 / C20H20O3,28151.841796875 / 7668.38037109375,0.0835,C3H4O2,C30H38O6 / C27H34O4,84480.828125 / 25008.107421875,0.2624,C2H4O2,C22H26O3 / C20H22O5,5175.33984375 / 21007.01171875,0.0593,none,none,none,none,C5H10O2,C25H32O3 / C20H22O5,4725.26904296875 / 21007.01171875,0.0568,none,none,none,none,none,none,none,none,none,none,none,none,none,C16H16O3,102069.46,1.0207,C17H16O1,14209.32,0.1421,C18H16O2,18313.52,0.1831,C19H20O3,28238.16,0.2824,C20H16O2,8379.69,0.0838,C27H34O4,25008.11,0.2501,none,none,none,9.0,1-alkyl-2-ol-3-one,"5-ol-6,7-epoxy","9,13,14-orthoester",no C-12,no C-18,others,C9 ring with no substituent,0,others,,acyl(0.06),none,A7,B1,C1,M1,none,none,none,none,none,none,none,1.9018999999999997,A7B1C1M1,OCC12OC1C1C3OC45CCCCCCCCC6C(O)(C)C(=O)C(O)(C2O)C6C1(O4)C(C)CC3(C(=C)C)O5,PD01121454,C29H42O9,534.646,Top1,1.0
26,775.3684,10.2,34600000.0,DA51_gnidimacrin (DOSO-B),C=C(C)C12CC(COC(=O)c3ccccc3)C34OC5(OC1C3C1OC1(CO)C(O)C1(O)C(OC(=O)c3ccccc3)C(C)C(C(C)CCCCCCC5O)C14)O2,MD,24,17,MD,C44H54O12,possibly known,"std_stelleralide H (DA50), std_gnidimacrin (DA51)",[M+H]+,"26,72",C10H16O2,C30H36O5 / C20H20O3,400000.0 / 99000.0,1.1308,C14H24O4,C30H38O6 / C16H14O2,630000.0 / 29000.0,1.1668,C9H16O2,C29H36O4 / C20H20O2,580000.0 / 44000.0,1.1479,C3H4O2,C30H40O7 / C27H36O5,170000.0 / 400000.0,1.5772,none,none,none,none,C7H6O2,C37H44O8 / C30H38O6,260000.0 / 630000.0,2.4298,C5H10O2,C27H32O4 / C22H22O2,7600.0 / 8500.0,0.0724,C4H8O2,C26H30O4 / C22H22O2,9100.0 / 8500.0,0.0824,none,none,none,C14H14O3,18000.00,0.1800,none,none,none,C16H16O3,2200.00,0.0220,C17H14O3,20000.00,0.2000,C18H18O1,18000.00,0.1800,C19H20O2,29000.0,0.29,C20H18O2,180000.00,1.8000,C27H36O5,400000.00,4.0000,C7H4O,260000.00,2.6000,18.0,1-alkyl-3-ol,"5-ol-6,7-epoxy","9,13,14-orthoester",no C-12,with C-18,others,C9 ring with no substituent,3,C5,C5*3,"benzoyl(2.43),benzoyl(2.60)","2-methylbutyryl,2-methylbutyryl,2-methylbutyryl",A8,B1,C5,M1,R4,R4,R4,none,none,none,none,13.934899999999999,A8B1C5M1,,,,0.0,Top1,1.0
26,775.3684,10.2,34600000.0,DA51_gnidimacrin (DOSO-B),C=C(C)C12CC(COC(=O)c3ccccc3)C34OC5(OC1C3C1OC1(CO)C(O)C1(O)C(OC(=O)c3ccccc3)C(C)C(C(C)CCCCCCC5O)C14)O2,MD,24,17,MD,C44H54O12,possibly known,"std_stelleralide H (DA50), std_gnidimacrin (DA51)",[M+H]+,"26,72",C10H18O3,C30H36O5 / C20H18O2,400000.0 / 180000.0,1.649,C14H24O4,C30H38O6 / C16H14O2,630000.0 / 29000.0,1.1668,C9H16O2,C29H36O4 / C20H20O2,580000.0 / 44000.0,1.1479,C3H4O2,C30H40O7 / C27H36O5,170000.0 / 400000.0,1.5772,none,none,none,none,C7H6O2,C37H44O8 / C30H38O6,260000.0 / 630000.0,2.4298,C5H10O2,C27H32O4 / C22H22O2,7600.0 / 8500.0,0.0724,C4H8O2,C26H30O4 / C22H22O2,9100.0 / 8500.0,0.0824,none,none,none,C14H14O3,18000.00,0.1800,none,none,none,C16H16O3,2200.00,0.0220,C17H14O3,20000.00,0.2000,C18H18O1,18000.00,0.1800,C19H18O1,140000.0,1.4,C20H18O2,180000.00,1.8000,C27H36O5,400000.00,4.0000,C7H4O,260000.00,2.6000,18.0,1-alkyl-3-ol,"5-ol-6,7-epoxy","9,13,14-orthoester",no C-12,with C-18,others,C9 ring with no substituent,4,"C2,C4,C7",C2*2+C7*1+C4*1,"benzoyl(2.43),benzoyl(2.60)","acyl,acyl,benzoyl,isobutyryl",A8,B1,C5,M1,R1,R1,R92,R3,none,none,none,13.934899999999999,A8B1C5M1,,,,0.0,Top1,1.0
26,775.3684,10.2,34600000.0,DA51_gnidimacrin (DOSO-B),C=C(C)C12CC(COC(=O)c3ccccc3)C34OC5(OC1C3C1OC1(CO)C(O)C1(O)C(OC(=O)c3ccccc3)C(C)C(C(C)CCCCCCC5O)C14)O2,MD,24,17,MD,C44H54O12,possibly known,"std_stelleralide H (DA50), std_gnidimacrin (DA51)",[M+H]+,"26,72",C10H16O2,C30H36O5 / C20H20O3,400000.0 / 99000.0,1.1308,C14H24O4,C30H38O6 / C16H14O2,630000.0 / 29000.0,1.1668,C9H16O2,C29H36O4 / C20H20O2,580000.0 / 44000.0,1.1479,C3H4O2,C30H40O7 / C27H36O5,170000.0 / 400000.0,1.5772,none,none,none,none,C7H6O2,C37H44O8 / C30H38O6,260000.0 / 630000.0,2.4298,C5H10O2,C27H32O4 / C22H22O2,7600.0 / 8500.0,0.0724,C4H8O2,C26H30O4 / C22H22O2,9100.0 / 8500.0,0.0824,none,none,none,C14H14O3,18000.00,0.1800,none,none,none,C16H16O3,2200.00,0.0220,C17H14O3,20000.00,0.2000,C18H18O1,18000.00,0.1800,C19H18O1,140000.0,1.4,C20H18O2,180000.00,1.8000,C27H36O5,400000.00,4.0000,C7H4O,260000.00,2.6000,18.0,1-alkyl-3-ol,"5-ol-6,7-epoxy","9,13,14-orthoester",no C-12,with C-18,others,C9 ring with no substituent,3,"C4,C7",C7*1+C4*2,"benzoyl(2.43),benzoyl(2.60)","benzoyl,isobutyryl,isobutyryl",A8,B1,C5,M1,R92,R3,R3,none,none,none,none,13.934899999999999,A8B1C5M1,,,,0.0,Top1,1.0
27,775.3675,9.6,83000000.0,DA50_stelleralide H (WLI-j),C=C(C)C12CC(COC(=O)c3ccccc3)C34OC5(OC1C3C1OC1(COC(=O)c1ccccc1)C(O)C1(O)C(O)C(C)C(C(C)CCCCCCC5O)C14)O2,MD,28,24,MD,C44H54O12,possibly known,"std_stelleralide H (DA50), std_gnidimacrin (DA51)",[M+H]+,"27,71",C10H16O2,C30H36O5 / C20H20O3,73000.0 / 30000.0,0.2807,C14H24O4,C30H38O6 / C16H14O2,110000.0 / 4700.0,0.2022,C9H16O2,C29H36O5 / C20H20O3,43000.0 / 30000.0,0.2691,C3H4O2,C30H38O6 / C27H34O4,110000.0 / 35000.0,0.3564,C2H4O2,C22H24O3 / C20H20O1,2100.0 / 2200.0,0.0205,C7H6O2,C37H44O8 / C30H38O6,21000.0 / 110000.0,0.2777,C5H10O2,C25H32O6 / C20H22O4,2300.0 / 13000.0,0.0319,C4H8O2,C24H30O2 / C20H22O4,2600.0 / 13000.0,0.0334,none,none,none,C14H14O3,6200.00,0.0620,none,none,none,none,none,none,C17H16O1,8100.00,0.0810,C18H18O1,24000.00,0.2400,C19H18O1,35000.0,0.35,C20H18O2,34000.00,0.3400,C27H34O4,35000.00,0.3500,C7H4O,72000.00,0.7200,18.0,1-alkyl-3-ol,"5-ol-6,7-epoxy","9,13,14-orthoester",no C-12,with C-18,others,C9 ring with no substituent,3,"C4,C7",C7*1+C4*2,"acyl(0.02),benzoyl(0.28),benzoyl(0.72)","benzoyl,isobutyryl,isobutyryl",A8,B1,C5,M1,R92,R3,R3,none,none,none,none,2.6546999999999996,A8B1C5M1,,,,0.0,Top1,1.0
27,775.3675,9.6,83000000.0,DA50_stelleralide H (WLI-j),C=C(C)C12CC(COC(=O)c3ccccc3)C34OC5(OC1C3C1OC1(COC(=O)c1ccccc1)C(O)C1(O)C(O)C(C)C(C(C)CCCCCCC5O)C14)O2,MD,28,24,MD,C44H54O12,possibly known,"std_stelleralide H (DA50), std_gnidimacrin (DA51)",[M+H]+,"27,71",C10H16O2,C30H36O5 / C20H20O3,73000.0 / 30000.0,0.2807,C14H24O4,C30H38O6 / C16H14O2,110000.0 / 4700.0,0.2022,C9H16O2,C29H36O5 / C20H20O3,43000.0 / 30000.0,0.2691,C3H4O2,C30H38O6 / C27H34O4,110000.0 / 35000.0,0.3564,C2H4O2,C22H24O3 / C20H20O1,2100.0 / 2200.0,0.0205,C7H6O2,C37H44O8 / C30H38O6,21000.0 / 110000.0,0.2777,C5H10O2,C25H32O6 / C20H22O4,2300.0 / 13000.0,0.0319,C4H8O2,C24H30O2 / C20H22O4,2600.0 / 13000.0,0.0334,none,none,none,C14H14O3,6200.00,0.0620,none,none,none,none,none,none,C17H16O1,8100.00,0.0810,C18H18O1,24000.00,0.2400,C19H18O1,35000.0,0.35,C20H18O2,34000.00,0.3400,C27H34O4,35000.00,0.3500,C7H4O,72000.00,0.7200,18.0,1-alkyl-3-ol,"5-ol-6,7-epoxy","9,13,14-orthoester",no C-12,with C-18,others,C9 ring with no substituent,4,"C2,C4,C7",C2*2+C7*1+C4*1,"acyl(0.02),benzoyl(0.28),benzoyl(0.72)","acyl,acyl,benzoyl,isobutyryl",A8,B1,C5,M1,R1,R1,R92,R3,none,none,none,2.6546999999999996,A8B1C5M1,,,,0.0,Top1,1.0
27,775.3675,9.6,83000000.0,DA50_stelleralide H (WLI-j),C=C(C)C12CC(COC(=O)c3ccccc3)C34OC5(OC1C3C1OC1(COC(=O)c1ccccc1)C(O)C1(O)C(O)C(C)C(C(C)CCCCCCC5O)C14)O2,MD,28,24,MD,C44H54O12,possibly known,"std_stelleralide H (DA50), std_gnidimacrin (DA51)",[M+H]+,"27,71",C10H16O2,C30H36O5 / C20H20O3,73000.0 / 30000.0,0.2807,C14H24O4,C30H38O6 / C16H14O2,110000.0 / 4700.0,0.2022,C9H16O2,C29H36O5 / C20H20O3,43000.0 / 30000.0,0.2691,C3H4O2,C30H38O6 / C27H34O4,110000.0 / 35000.0,0.3564,C2H4O2,C22H24O3 / C20H20O1,2100.0 / 2200.0,0.0205,C7H6O2,C37H44O8 / C30H38O6,21000.0 / 110000.0,0.2777,C5H10O2,C25H32O6 / C20H22O4,2300.0 / 13000.0,0.0319,C4H8O2,C24H30O2 / C20H22O4,2600.0 / 13000.0,0.0334,none,none,none,C14H14O3,6200.00,0.0620,none,none,none,none,none,none,C17H16O1,8100.00,0.0810,C18H18O1,24000.00,0.2400,C19H18O1,35000.0,0.35,C20H18O2,34000.00,0.3400,C27H34O4,35000.00,0.3500,C7H4O,72000.00,0.7200,18.0,1-alkyl-3-ol,"5-ol-6,7-epoxy","9,13,14-orthoester",no C-12,with C-18,others,C9 ring with no substituent,3,C5,C5*3,"acyl(0.02),benzoyl(0.28),benzoyl(0.72)","2-methylbutyryl,2-methylbutyryl,2-methylbutyryl",A8,B1,C5,M1,R4,R4,R4,none,none,none,none,2.6546999999999996,A8B1C5M1,,,,0.0,Top1,1.0
31,549.3059,6.0,32700000.0,DA34_daphnepedunin B (TDPE-27),C=C(C)C12CC(C)C34OC5(CCCCCCCC(C)C6C3C(O)(C(=O)C6(C)O)C(O)C3(CO)OC3C4C1O5)O2,MD,17,20,MD,C30H44O9,possibly known,"std_daphnepedunin A (DA35), std_daphnepedunin H (DA37), std_daphnepedunin B (DA34), std_daphnepedunin G (DA36)",[M+H]+,none,C10H18O2,C30H38O6 / C20H20O4,71000.0 / 49000.0,0.439,C14H24O4,C30H40O7 / C16H16O3,45000.0 / 23000.0,0.2064,C9H16O2,C29H34O4 / C20H18O2,19000.0 / 12000.0,0.1068,C3H4O2,C30H38O6 / C27H34O4,71000.0 / 52000.0,0.4698,none,none,none,none,none,none,none,none,none,none,none,none,none,none,none,none,none,none,none,none,none,none,none,none,none,C16H16O3,23000.00,0.2300,C17H16O2,28000.00,0.2800,C18H16O2,24000.00,0.2400,C19H20O3,22000.0,0.22,C20H16O2,12000.00,0.1200,C27H34O4,52000.00,0.5200,none,none,none,9.0,1-alkyl-2-ol-3-one,"5-ol-6,7-epoxy","9,13,14-orthoester",no C-12,no C-18,others,C9 ring with no substituent,0,others,,others,none,A7,B1,C1,M1,none,none,none,none,none,none,none,1.7266000000000001,A7B1C1M1,OCC12OC1C1C3OC45CCCCCCCCC6C(O)(C)C(=O)C(O)(C2O)C6C1(O4)C(C)CC3(C(=C)C)O5,PD01121454,C29H42O9,534.646,Top1,1.0
32,653.332,10.5,18800000.0,DA41_wikstroelide F (TDPE-20),C=C(C)C12CC(COC(=O)c3ccccc3)C34OC5(CCCCCCCC(C)C6C(C)C(=O)C(O)(C(O)C7(CO)OC7C3C1O5)C64)O2,MD,17,16,MD,C37H48O10,possibly known,std_wikstroelide F (DA41),[M+H]+,"32,63",C10H18O2,C30H36O5 / C20H18O3,161314.09375 / 18234.13671875,0.3461,C14H24O4,C30H38O6 / C16H14O2,135362.375 / 12604.291015625,0.2782,none,none,none,none,C3H4O2,C30H38O6 / C27H34O4,135362.375 / 141525.6875,1.3254,none,none,none,none,C7H6O2,C37H42O7 / C30H36O5,4484.99169921875 / 161314.09375,0.2867,C5H10O2,C25H30O2 / C20H20O4,10745.0576171875 / 6397.15576171875,0.0569,none,none,none,none,none,none,none,none,none,none,none,none,none,none,none,none,C17H16O1,6512.71,0.0651,C18H16O1,8315.82,0.0832,C19H16O1,8540.92,0.0854,C20H16O2,10832.77,0.1083,C27H34O4,141525.69,1.4153,C7H4O,5828.17,0.0583,14.0,1-alkyl-3-one,"5-ol-6,7-epoxy","9,13,14-orthoester",no C-12,with C-18,others,C10 ring with no substituent,1,C7,C7*1,"benzoyl(0.29),benzoyl(0.06)",benzoyl,A6,B1,C5,M2,R92,none,none,none,none,none,none,3.3423000000000003,A6B1C5M2,OCC12OC1C1C3OC45CCCCCCCC(C)C6C(C)C(=O)C(O)(C2O)C6C1(O4)C(COC(=O)c8ccccc8)CC3(C(=C)C)O5,PD01129881,C37H48O10,652.781,Top1,1.0
32,653.332,10.5,18800000.0,DA41_wikstroelide F (TDPE-20),C=C(C)C12CC(COC(=O)c3ccccc3)C34OC5(CCCCCCCC(C)C6C(C)C(=O)C(O)(C(O)C7(CO)OC7C3C1O5)C64)O2,MD,17,16,MD,C37H48O10,possibly known,std_wikstroelide F (DA41),[M+H]+,"32,63",C10H18O2,C30H36O5 / C20H18O3,161314.09375 / 18234.13671875,0.3461,C14H24O4,C30H38O6 / C16H14O2,135362.375 / 12604.291015625,0.2782,none,none,none,none,C3H4O2,C30H38O6 / C27H34O4,135362.375 / 141525.6875,1.3254,none,none,none,none,C7H6O2,C37H42O7 / C30H36O5,4484.99169921875 / 161314.09375,0.2867,C5H10O2,C25H30O2 / C20H20O4,10745.0576171875 / 6397.15576171875,0.0569,none,none,none,none,none,none,none,none,none,none,none,none,none,none,none,none,C17H16O1,6512.71,0.0651,C18H16O1,8315.82,0.0832,C19H16O1,8540.92,0.0854,C20H16O2,10832.77,0.1083,C27H34O4,141525.69,1.4153,C7H4O,5828.17,0.0583,14.0,1-alkyl-3-one,"5-ol-6,7-epoxy","9,13,14-orthoester",no C-12,with C-18,others,C10 ring with no substituent,1,C7,C7*1,"benzoyl(0.29),benzoyl(0.06)",benzoyl,A6,B1,C5,M2,R92,none,none,none,none,none,none,3.3423000000000003,A6B1C5M2,c8ccccc8C(=O)OCC12OC1C1C3OC45CCCCCCCC(C)C6C(C)C(=O)C(O)(C2O)C6C1(O4)C(C)CC3(C(=C)C)O5,PD01130985,C37H48O9,636.782,Top1,1.0
32,653.332,10.5,18800000.0,DA41_wikstroelide F (TDPE-20),C=C(C)C12CC(COC(=O)c3ccccc3)C34OC5(CCCCCCCC(C)C6C(C)C(=O)C(O)(C(O)C7(CO)OC7C3C1O5)C64)O2,MD,17,16,MD,C37H48O10,possibly known,std_wikstroelide F (DA41),[M+H]+,"32,63",C10H18O2,C30H36O5 / C20H18O3,161314.09375 / 18234.13671875,0.3461,C14H24O4,C30H38O6 / C16H14O2,135362.375 / 12604.291015625,0.2782,none,none,none,none,C3H4O2,C30H38O6 / C27H34O4,135362.375 / 141525.6875,1.3254,none,none,none,none,C7H6O2,C37H42O7 / C30H36O5,4484.99169921875 / 161314.09375,0.2867,C5H10O2,C25H30O2 / C20H20O4,10745.0576171875 / 6397.15576171875,0.0569,none,none,none,none,none,none,none,none,none,none,none,none,none,none,none,none,C17H16O1,6512.71,0.0651,C18H16O1,8315.82,0.0832,C19H16O1,8540.92,0.0854,C20H16O2,10832.77,0.1083,C27H34O4,141525.69,1.4153,C7H4O,5828.17,0.0583,14.0,1-alkyl-3-one,"5-ol-6,7-epoxy","9,13,14-orthoester",no C-12,with C-18,others,C10 ring with no substituent,2,"C2,C5",C2*1+C5*1,"benzoyl(0.29),benzoyl(0.06)","acyl,2-methylbutyryl",A6,B1,C5,M2,R1,R4,none,none,none,none,none,3.3423000000000003,A6B1C5M2,CC(=O)OCC12OC1C1C3OC45CCCCCCCC(C)C6C(C)C(=O)C(O)(C2O)C6C1(O4)C(COC(=O)CCCC)CC3(C(=C)C)O5,PD01157835,C37H54O11,674.828,Top1,1.0
32,653.332,10.5,18800000.0,DA41_wikstroelide F (TDPE-20),C=C(C)C12CC(COC(=O)c3ccccc3)C34OC5(CCCCCCCC(C)C6C(C)C(=O)C(O)(C(O)C7(CO)OC7C3C1O5)C64)O2,MD,17,16,MD,C37H48O10,possibly known,std_wikstroelide F (DA41),[M+H]+,"32,63",C10H18O3,C27H34O4 / C17H16O1,141525.6875 / 6512.708984375,0.2621,C14H24O4,C30H38O6 / C16H14O2,135362.375 / 12604.291015625,0.2782,none,none,none,none,C3H4O2,C30H38O6 / C27H34O4,135362.375 / 141525.6875,1.3254,none,none,none,none,C7H6O2,C37H42O7 / C30H36O5,4484.99169921875 / 161314.09375,0.2867,C5H10O2,C25H30O2 / C20H20O4,10745.0576171875 / 6397.15576171875,0.0569,none,none,none,none,none,none,none,none,none,none,none,none,none,none,none,none,C17H16O1,6512.71,0.0651,C18H16O1,8315.82,0.0832,C19H16O2,10911.51,0.1091,C20H16O2,10832.77,0.1083,C27H34O4,141525.69,1.4153,C7H4O,5828.17,0.0583,14.0,1-alkyl-3-one,"5-ol-6,7-epoxy","9,13,14-orthoester",no C-12,with C-18,others,others,0,others,,"benzoyl(0.29),benzoyl(0.06)",none,A6,B1,C5,none,none,none,none,none,none,none,none,3.3423000000000003,A6B1C5,,,,0.0,Top1,1.0
33,519.2952,8.4,1590000000.0,DA29_daphnepedunin C (TDPE-32),C=C(C)C12CC(C)C34OC5(CCCCCCCCC6C(C)C(=O)C(O)(C(O)C7(CO)OC7C3C1O5)C64)O2,MD,0,17,MD,C29H42O8,possibly known,std_daphnepedunin C (DA29),[M+H]+,none,C10H18O2,C27H32O1 / C17H14O3,21000.0 / 8300.0,0.0785,none,none,none,none,C9H16O2,C29H34O4 / C20H18O2,180000.0 / 7700.0,0.3309,C3H4O2,C27H34O3 / C24H30O1,35000.0 / 6200.0,0.0859,none,none,none,none,none,none,none,none,C5H10O2,C25H32O2 / C20H22O4,11000.0 / 6300.0,0.056,C4H8O2,C24H30O2 / C20H22O4,7700.0 / 6300.0,0.0583,none,none,none,none,none,none,C15H22O3,10000.00,0.1000,none,none,none,C17H14O3,8300.00,0.0830,C18H22O3,19000.00,0.1900,C19H18O1,12000.0,0.12,C20H18O2,7700.00,0.0770,C27H32O2,94000.00,0.9400,none,none,none,9.0,1-alkyl-3-one,"5-ol-6,7-epoxy","9,13,14-orthoester",no C-12,no C-18,others,C9 ring with no substituent,0,others,,others,none,A6,B1,C1,M1,none,none,none,none,none,none,none,1.5168000000000001,A6B1C1M1,OCC12OC1C1C3OC45CCCCCCCCC6C(C)C(=O)C(O)(C2O)C6C1(O4)C(C)CC3(C(=C)C)O5,PD01121453,C29H42O8,518.647,Top1,1.0
34,547.2899,8.3,24000000.0,DA33_pimelotide C (TDPE-4),C=C(C)C12CC(C)C34OC5(CCCCCCCC(C)C6C3C3(OC6(C)OC3=O)C(O)C3(CO)OC3C4C1O5)O2,MD,10,26,MD,C30H42O9,possibly known,"std_pimelotide C (DA33), std_pimelotide A (DA32)",[M+H]+,none,C10H16O2,C27H32O3 / C17H16O5,14000.0 / 15000.0,0.1356,C14H24O4,C30H38O7 / C16H14O3,61000.0 / 26000.0,0.2411,none,none,none,none,none,none,none,none,none,none,none,none,none,none,none,none,none,none,none,none,none,none,none,none,none,none,none,C14H14O3,9000.00,0.0900,C15H22O2,80000.00,0.8000,C16H16O3,14000.00,0.1400,C17H18O2,10000.00,0.1000,C18H16O2,9900.00,0.0990,C19H18O3,20000.0,0.2,none,none,none,C27H34O4,21000.00,0.2100,none,none,none,10.0,bicyclo [2.2.1] heptane ring,"5-ol-6,7-epoxy","9,13,14-orthoester",no C-12,no C-18,others,C10 ring with one substituent,0,others,,others,none,none,B1,C1,M3,none,none,none,none,none,none,none,0.6,none,,,,0.0,Top1,1.0
34,547.2899,8.3,24000000.0,DA33_pimelotide C (TDPE-4),C=C(C)C12CC(C)C34OC5(CCCCCCCC(C)C6C3C3(OC6(C)OC3=O)C(O)C3(CO)OC3C4C1O5)O2,MD,10,26,MD,C30H42O9,possibly known,"std_pimelotide C (DA33), std_pimelotide A (DA32)",[M+H]+,none,C10H18O2,C30H36O6 / C20H18O4,27000.0 / 22000.0,0.2035,C14H24O4,C30H38O7 / C16H14O3,61000.0 / 26000.0,0.2411,none,none,none,none,none,none,none,none,none,none,none,none,none,none,none,none,none,none,none,none,none,none,none,none,none,none,none,C14H14O3,9000.00,0.0900,C15H22O2,80000.00,0.8000,C16H16O3,14000.00,0.1400,C17H18O2,10000.00,0.1000,C18H20O3,8000.00,0.0800,C19H18O3,20000.0,0.2,none,none,none,C27H34O4,21000.00,0.2100,none,none,none,10.0,bicyclo [2.2.1] heptane ring,"5-ol-6,7-epoxy","9,13,14-orthoester",no C-12,no C-18,others,C10 ring with no substituent,0,others,,others,none,none,B1,C1,M2,none,none,none,none,none,none,none,0.6,none,,,,0.0,Top1,1.0
35,895.3884,10.2,8466765.443,DA55_stelleralide G (WIS-12),C=C(C)C12CC(COC(=O)c3ccccc3)C34OC5(OC1C3C1OC1(CO)C(O)C1(O)C(OC(=O)c3ccccc3)C(C)C(C(C)CC(OC(=O)c3ccccc3)CCCCC5O)C14)O2,MD,13,23,MD,C51H58O14,possibly known,std_stelleralide G (DA55),[M+H]+,"35,76",C10H16O3,C30H36O6 / C20H20O3,77000.0 / 31000.0,0.2916,none,none,none,none,C9H16O2,C29H36O5 / C20H20O3,36000.0 / 31000.0,0.2915,C3H4O2,C30H36O6 / C27H32O4,77000.0 / 28000.0,0.2716,C2H4O2,C22H24O1 / C20H20O3,3200.0 / 31000.0,0.0651,C7H6O2,C37H42O8 / C30H36O6,19000.0 / 77000.0,0.2174,C5H10O2,C27H32O4 / C22H22O2,28000.0 / 3500.0,0.0616,C4H8O2,C26H30O4 / C22H22O2,4600.0 / 3500.0,0.0318,C10H16O3,5600.00,0.0560,C14H14O3,4700.00,0.0470,none,none,none,none,none,none,C17H18O2,3700.00,0.0370,C18H18O1,16000.00,0.1600,C19H18O2,16000.0,0.16,C20H20O3,31000.00,0.3100,C27H32O4,28000.00,0.2800,C7H4O,41000.00,0.4100,23.0,1-alkyl-3-ol,"5-ol-6,7-epoxy","9,13,14-orthoester",no C-12,with C-18,others,C9 ring with no substituent,4,"C4,C7",C7*2+C4*2,"acyl(0.07),benzoyl(0.22),benzoyl(0.41)","benzoyl,benzoyl,isobutyryl,isobutyryl",A8,B1,C5,M1,R92,R92,R3,R3,none,none,none,2.0425999999999997,A8B1C5M1,,,,0.0,Top1,1.0
35,895.3884,10.2,8466765.443,DA55_stelleralide G (WIS-12),C=C(C)C12CC(COC(=O)c3ccccc3)C34OC5(OC1C3C1OC1(CO)C(O)C1(O)C(OC(=O)c3ccccc3)C(C)C(C(C)CC(OC(=O)c3ccccc3)CCCCC5O)C14)O2,MD,13,23,MD,C51H58O14,possibly known,std_stelleralide G (DA55),[M+H]+,"35,76",C10H16O3,C30H36O6 / C20H20O3,77000.0 / 31000.0,0.2916,none,none,none,none,C9H16O2,C29H36O5 / C20H20O3,36000.0 / 31000.0,0.2915,C3H4O2,C30H36O6 / C27H32O4,77000.0 / 28000.0,0.2716,C2H4O2,C22H24O1 / C20H20O3,3200.0 / 31000.0,0.0651,C7H6O2,C37H42O8 / C30H36O6,19000.0 / 77000.0,0.2174,C5H10O2,C27H32O4 / C22H22O2,28000.0 / 3500.0,0.0616,C4H8O2,C26H30O4 / C22H22O2,4600.0 / 3500.0,0.0318,C10H16O3,5600.00,0.0560,C14H14O3,4700.00,0.0470,none,none,none,none,none,none,C17H18O2,3700.00,0.0370,C18H18O1,16000.00,0.1600,C19H18O2,16000.0,0.16,C20H20O3,31000.00,0.3100,C27H32O4,28000.00,0.2800,C7H4O,41000.00,0.4100,23.0,1-alkyl-3-ol,"5-ol-6,7-epoxy","9,13,14-orthoester",no C-12,with C-18,others,C9 ring with no substituent,5,"C2,C4,C7",C2*2+C7*2+C4*1,"acyl(0.07),benzoyl(0.22),benzoyl(0.41)","acyl,acyl,benzoyl,benzoyl,isobutyryl",A8,B1,C5,M1,R1,R1,R92,R92,R3,none,none,2.0425999999999997,A8B1C5M1,,,,0.0,Top1,1.0
36,669.3265,5.5,1560000000.0,DA45_daphnepedunin D (TDPE-11),C=C(C)C12CC(COC(=O)c3ccccc3)C34OC5(CCCCCC(O)CC(C)C6C(C)C(=O)C(O)(C(O)C7(CO)OC7C3C1O5)C64)O2,MD,32,20,MD,C37H48O11,possibly known,std_daphnepedunin D (DA45),[M+H]+,"36,66",C10H16O2,C30H36O6 / C20H20O4,143058.890625 / 25327.208984375,0.351,C14H24O4,C30H36O6 / C16H12O2,143058.890625 / 6258.810546875,0.2636,C9H16O2,C29H34O5 / C20H18O3,45737.42578125 / 23726.3046875,0.2126,C3H4O2,C30H38O7 / C27H34O5,109476.3203125 / 98209.9921875,0.9368,C2H4O2,C22H22O2 / C20H18O4,9628.5859375 / 13597.22265625,0.0866,C7H6O2,C37H48O11 / C30H42O9,55194.6796875 / 39569.9296875,0.3563,C5H10O2,C27H34O5 / C22H24O3,98209.9921875 / 4289.2646484375,0.1809,C4H8O2,C26H30O4 / C22H22O2,7343.35595703125 / 9628.5859375,0.0669,none,none,none,none,none,none,none,none,none,none,none,none,C17H16O1,6009.23,0.0601,C18H16O2,10909.69,0.1091,C19H18O3,17418.32,0.1742,C20H16O2,11306.67,0.1131,C27H34O5,98209.99,0.9821,C7H4O,13938.83,0.1394,14.0,1-alkyl-3-one,"5-ol-6,7-epoxy","9,13,14-orthoester",no C-12,with C-18,others,C9 ring with no substituent,2,C4,C4*2,"acyl(0.09),benzoyl(0.36),benzoyl(0.14)","isobutyryl,isobutyryl",A6,B1,C5,M1,R3,R3,none,none,none,none,none,2.9961,A6B1C5M1,,,,0.0,Top1,1.0
36,669.3265,5.5,1560000000.0,DA45_daphnepedunin D (TDPE-11),C=C(C)C12CC(COC(=O)c3ccccc3)C34OC5(CCCCCC(O)CC(C)C6C(C)C(=O)C(O)(C(O)C7(CO)OC7C3C1O5)C64)O2,MD,32,20,MD,C37H48O11,possibly known,std_daphnepedunin D (DA45),[M+H]+,"36,66",C10H16O2,C30H36O6 / C20H20O4,143058.890625 / 25327.208984375,0.351,C14H24O4,C30H36O6 / C16H12O2,143058.890625 / 6258.810546875,0.2636,C9H16O2,C29H34O5 / C20H18O3,45737.42578125 / 23726.3046875,0.2126,C3H4O2,C30H38O7 / C27H34O5,109476.3203125 / 98209.9921875,0.9368,C2H4O2,C22H22O2 / C20H18O4,9628.5859375 / 13597.22265625,0.0866,C7H6O2,C37H48O11 / C30H42O9,55194.6796875 / 39569.9296875,0.3563,C5H10O2,C27H34O5 / C22H24O3,98209.9921875 / 4289.2646484375,0.1809,C4H8O2,C26H30O4 / C22H22O2,7343.35595703125 / 9628.5859375,0.0669,none,none,none,none,none,none,none,none,none,none,none,none,C17H16O1,6009.23,0.0601,C18H16O2,10909.69,0.1091,C19H18O3,17418.32,0.1742,C20H16O2,11306.67,0.1131,C27H34O5,98209.99,0.9821,C7H4O,13938.83,0.1394,14.0,1-alkyl-3-one,"5-ol-6,7-epoxy","9,13,14-orthoester",no C-12,with C-18,others,C9 ring with no substituent,3,"C2,C4",C2*2+C4*1,"acyl(0.09),benzoyl(0.36),benzoyl(0.14)","acyl,acyl,isobutyryl",A6,B1,C5,M1,R1,R1,R3,none,none,none,none,2.9961,A6B1C5M1,,,,0.0,Top1,1.0
37,731.399,11.0,2340000000.0,DA47_edgeworthianin E (ECH-2),C=C(C)C12OC34CCCC=CCCCCC(CCC)C5C(C)C(=O)C6(O)C(O)C7(CO)OC7C(C1O3)C(O4)(C(COC(=O)C(C)C)C2OC(C)=O)C56,MD,13,24,MD,C40H58O12,possibly known,std_edgeworthianin E (DA47),[M+H]+,"37,68",C10H16O2,C30H34O2 / C20H18O4,140000.0 / 780000.0,1.9236,C14H24O2,C34H42O6 / C20H18O4,1900000.0 / 780000.0,7.2992,C9H16O2,C29H34O2 / C20H18O4,120000.0 / 780000.0,1.8243,C3H4O2,C20H20O4 / C17H16O2,110000.0 / 82000.0,0.7432,C2H4O2,C36H46O8 / C34H42O6,230000.0 / 1900000.0,4.1471,none,none,none,none,none,none,none,none,C4H8O2,C38H50O8 / C34H42O6,98000.0 / 1900000.0,3.563,none,none,none,C14H22O,230000.00,2.3000,none,none,none,none,none,none,C17H14O3,110000.00,1.1000,C18H16O2,210000.00,2.1000,C19H18O3,430000.0,4.3,C20H20O5,190000.00,1.9000,C27H36O2,69000.00,0.6900,C4H6O,130000.00,1.3000,12.0,1-alkyl-3-one,"5-ol-6,7-epoxy","9,13,14-orthoester",with C-12,with C-18,others,C14 ring with an olenfinic,3,C2,C2*3,"acyl(4.15),butanoyl/isobutyryl(1.30)","acyl,acyl,acyl",A6,B1,C6,M7,R1,R1,R1,none,none,none,none,23.579500000000003,A6B1C6M7,,,,0.0,Top1,1.0
37,731.399,11.0,2340000000.0,DA47_edgeworthianin E (ECH-2),C=C(C)C12OC34CCCC=CCCCCC(CCC)C5C(C)C(=O)C6(O)C(O)C7(CO)OC7C(C1O3)C(O4)(C(COC(=O)C(C)C)C2OC(C)=O)C56,MD,13,24,MD,C40H58O12,possibly known,std_edgeworthianin E (DA47),[M+H]+,"37,68",C10H18O2,C30H36O2 / C20H18O4,81000.0 / 780000.0,1.6408,C14H24O2,C34H42O6 / C20H18O4,1900000.0 / 780000.0,7.2992,C9H16O2,C29H34O2 / C20H18O4,120000.0 / 780000.0,1.8243,C3H4O2,C20H20O4 / C17H16O2,110000.0 / 82000.0,0.7432,C2H4O2,C36H46O8 / C34H42O6,230000.0 / 1900000.0,4.1471,none,none,none,none,none,none,none,none,C4H8O2,C38H50O8 / C34H42O6,98000.0 / 1900000.0,3.563,none,none,none,C14H22O,230000.00,2.3000,none,none,none,none,none,none,C17H14O3,110000.00,1.1000,C18H16O2,210000.00,2.1000,C19H18O3,430000.0,4.3,C20H20O5,190000.00,1.9000,C27H36O2,69000.00,0.6900,C4H6O,130000.00,1.3000,12.0,1-alkyl-3-one,"5-ol-6,7-epoxy","9,13,14-orthoester",with C-12,with C-18,others,C14 ring with an olenfinic,2,"C2,C4",C2*1+C4*1,"acyl(4.15),butanoyl/isobutyryl(1.30)","acyl,butanoyl/isobutyryl",A6,B1,C6,M7,R1,none,none,none,none,none,none,23.579500000000003,A6B1C6M7,OCC12OC1C1C3OC45CCCC=CCCCCC(CCC)C6C(C)C(=O)C(O)(C2O)C6C1(O4)C(C)C(OC(=O)C)C3(C(=C)C)O5,PD01125401,C36H52O10,644.802,Top1,1.0
37,731.399,11.0,2340000000.0,DA47_edgeworthianin E (ECH-2),C=C(C)C12OC34CCCC=CCCCCC(CCC)C5C(C)C(=O)C6(O)C(O)C7(CO)OC7C(C1O3)C(O4)(C(COC(=O)C(C)C)C2OC(C)=O)C56,MD,13,24,MD,C40H58O12,possibly known,std_edgeworthianin E (DA47),[M+H]+,"37,68",C10H18O2,C30H36O2 / C20H18O4,81000.0 / 780000.0,1.6408,C14H24O2,C34H42O6 / C20H18O4,1900000.0 / 780000.0,7.2992,C9H16O2,C29H34O2 / C20H18O4,120000.0 / 780000.0,1.8243,C3H4O2,C20H20O4 / C17H16O2,110000.0 / 82000.0,0.7432,C2H4O2,C36H46O8 / C34H42O6,230000.0 / 1900000.0,4.1471,none,none,none,none,none,none,none,none,C4H8O2,C38H50O8 / C34H42O6,98000.0 / 1900000.0,3.563,none,none,none,C14H22O,230000.00,2.3000,none,none,none,none,none,none,C17H14O3,110000.00,1.1000,C18H16O2,210000.00,2.1000,C19H18O3,430000.0,4.3,C20H20O5,190000.00,1.9000,C27H36O2,69000.00,0.6900,C4H6O,130000.00,1.3000,12.0,1-alkyl-3-one,"5-ol-6,7-epoxy","9,13,14-orthoester",with C-12,with C-18,others,C14 ring with an olenfinic,2,"C2,C4",C2*1+C4*1,"acyl(4.15),butanoyl/isobutyryl(1.30)","acyl,butanoyl/isobutyryl",A6,B1,C6,M7,R1,none,none,none,none,none,none,23.579500000000003,A6B1C6M7,OCC12OC1C1C3OC45CCCC=CCCCCC(CCC)C6C(C)C(=O)C(O)(C2O)C6C1(O4)C(COC(=O)C)CC3(C(=C)C)O5,PD01127993,C36H52O10,644.802,Top1,1.0
37,731.399,11.0,2340000000.0,DA47_edgeworthianin E (ECH-2),C=C(C)C12OC34CCCC=CCCCCC(CCC)C5C(C)C(=O)C6(O)C(O)C7(CO)OC7C(C1O3)C(O4)(C(COC(=O)C(C)C)C2OC(C)=O)C56,MD,13,24,MD,C40H58O12,possibly known,std_edgeworthianin E (DA47),[M+H]+,"37,68",C10H18O2,C30H36O2 / C20H18O4,81000.0 / 780000.0,1.6408,C14H24O2,C34H42O6 / C20H18O4,1900000.0 / 780000.0,7.2992,C9H16O2,C29H34O2 / C20H18O4,120000.0 / 780000.0,1.8243,C3H4O2,C20H20O4 / C17H16O2,110000.0 / 82000.0,0.7432,C2H4O2,C36H46O8 / C34H42O6,230000.0 / 1900000.0,4.1471,none,none,none,none,none,none,none,none,C4H8O2,C38H50O8 / C34H42O6,98000.0 / 1900000.0,3.563,none,none,none,C14H22O,230000.00,2.3000,none,none,none,none,none,none,C17H14O3,110000.00,1.1000,C18H16O2,210000.00,2.1000,C19H18O3,430000.0,4.3,C20H20O5,190000.00,1.9000,C27H36O2,69000.00,0.6900,C4H6O,130000.00,1.3000,12.0,1-alkyl-3-one,"5-ol-6,7-epoxy","9,13,14-orthoester",with C-12,with C-18,others,C14 ring with an olenfinic,2,"C2,C4",C2*1+C4*1,"acyl(4.15),butanoyl/isobutyryl(1.30)","acyl,butanoyl/isobutyryl",A6,B1,C6,M7,R1,none,none,none,none,none,none,23.579500000000003,A6B1C6M7,CC(=O)OCC12OC1C1C3OC45CCCC=CCCCCC(CCC)C6C(C)C(=O)C(O)(C2O)C6C1(O4)C(C)CC3(C(=C)C)O5,PD01131317,C36H52O9,628.803,Top1,1.0
38,659.3413,10.9,2290000000.0,DA42_edgeworthianin A (ECH-3),C=C(C)C12OC34CCCC=CCCCCC(CCC)C5C6C7(OC5(C)OC7=O)C(O)C5(CO)OC5C(C1O3)C6(O4)C(C)C2OC(C)=O,MD,8,12,MD,C36H50O11,possibly known,std_edgeworthianin A (DA42),[M+H]+,none,C10H16O2,C27H32O4 / C17H16O2,54000.0 / 43000.0,0.3953,C14H24O2,C34H42O7 / C20H18O5,530000.0 / 450000.0,4.2123,none,none,none,none,C3H4O2,C30H36O2 / C27H32O4,53000.0 / 54000.0,0.5252,C2H4O2,C36H48O10 / C34H44O8,190000.0 / 1700000.0,3.6376,none,none,none,none,none,none,none,none,none,none,none,none,none,none,none,C14H22O,360000.00,3.6000,none,none,none,none,none,none,C17H16O3,99000.00,0.9900,C18H18O2,80000.00,0.8000,C19H18O4,190000.0,1.9,C20H20O6,210000.00,2.1000,C27H32O4,54000.00,0.5400,none,none,none,12.0,bicyclo [2.2.1] heptane ring,"5-ol-6,7-epoxy","9,13,14-orthoester",with C-12,no C-18,others,C14 ring with an olenfinic,1,C2,C2*1,acyl(3.64),acyl,none,B1,C2,M7,R1,none,none,none,none,none,none,17.3051,none,,,,0.0,Top1,1.0
39,953.3942,9.0,238000000.0,DA56_daphneodorin A (DOSO-K),C=C(C)C12CC(COC(C)=O)C34OC5(OC1C3C1OC1(CO)C(O)C1(O)C(OC(=O)c3ccccc3)C(C)C(C(C)CC(OC(=O)c3ccccc3)C(OC(=O)c3ccccc3)CCCC5O)C14)O2,MD,39,22,MD,C53H60O16,possibly known,std_daphneodorin A (DA56),[M+H]+,"39,77",C10H16O3,C30H34O6 / C20H18O3,587330.25 / 60173.6953125,1.2318,none,none,none,none,C9H16O2,C29H32O4 / C20H16O2,531967.875 / 14828.6826171875,0.9455,C3H4O2,C30H34O6 / C27H30O4,587330.25 / 231358.484375,2.1895,C2H4O2,C32H38O8 / C30H34O6,83588.84375 / 587330.25,1.341,C7H6O2,C37H40O8 / C30H34O6,220257.5625 / 587330.25,2.1151,C5H10O2,C27H30O4 / C22H20O2,231358.484375 / 89486.3046875,0.8513,C4H8O2,C24H26O4 / C20H18O2,19630.50390625 / 147832.8125,0.3308,C10H14O3,114524.10,1.1452,C14H14O3,27296.93,0.2730,none,none,none,none,none,none,C17H16O1,31822.53,0.3182,C18H18O1,58162.84,0.5816,C19H18O1,102833.25,1.0283,C20H18O2,147832.81,1.4783,C27H30O4,231358.48,2.3136,C7H4O,675023.50,6.7502,24.0,1-alkyl-3-ol,"5-ol-6,7-epoxy","9,13,14-orthoester",no C-12,with C-18,others,C10 ring with two substituents and a hydroxyl group,4,"C2,C7",C2*1+C7*3,"acyl(1.34),benzoyl(2.12),benzoyl(6.75)","acyl,benzoyl,benzoyl,benzoyl",A8,B1,C5,M5,R1,R92,R92,R92,none,none,none,18.2327,A8B1C5M5,OCC12OC1C1C3OC45C(O)CCCC(OC(=O)c%10ccccc%10)C(OC(=O)c7ccccc7)CC(C)C6C(C)C(OC(=O)c9ccccc9)C(O)(C2O)C6C1(O4)C(COC(=O)C)CC3(C(=C)C)O5,PD01201320,C53H60O16,953.047,Top1,1.0
39,953.3942,9.0,238000000.0,DA56_daphneodorin A (DOSO-K),C=C(C)C12CC(COC(C)=O)C34OC5(OC1C3C1OC1(CO)C(O)C1(O)C(OC(=O)c3ccccc3)C(C)C(C(C)CC(OC(=O)c3ccccc3)C(OC(=O)c3ccccc3)CCCC5O)C14)O2,MD,39,22,MD,C53H60O16,possibly known,std_daphneodorin A (DA56),[M+H]+,"39,77",C10H16O3,C30H34O6 / C20H18O3,587330.25 / 60173.6953125,1.2318,none,none,none,none,C9H16O2,C29H32O4 / C20H16O2,531967.875 / 14828.6826171875,0.9455,C3H4O2,C30H34O6 / C27H30O4,587330.25 / 231358.484375,2.1895,C2H4O2,C32H38O8 / C30H34O6,83588.84375 / 587330.25,1.341,C7H6O2,C37H40O8 / C30H34O6,220257.5625 / 587330.25,2.1151,C5H10O2,C27H30O4 / C22H20O2,231358.484375 / 89486.3046875,0.8513,C4H8O2,C24H26O4 / C20H18O2,19630.50390625 / 147832.8125,0.3308,C10H14O3,114524.10,1.1452,C14H14O3,27296.93,0.2730,none,none,none,none,none,none,C17H16O1,31822.53,0.3182,C18H18O1,58162.84,0.5816,C19H18O1,102833.25,1.0283,C20H18O2,147832.81,1.4783,C27H30O4,231358.48,2.3136,C7H4O,675023.50,6.7502,24.0,1-alkyl-3-ol,"5-ol-6,7-epoxy","9,13,14-orthoester",no C-12,with C-18,others,C10 ring with two substituents and a hydroxyl group,4,"C2,C7",C2*1+C7*3,"acyl(1.34),benzoyl(2.12),benzoyl(6.75)","acyl,benzoyl,benzoyl,benzoyl",A8,B1,C5,M5,R1,R92,R92,R92,none,none,none,18.2327,A8B1C5M5,c9ccccc9C(=O)OCC12OC1C1C3OC45C(O)CCCC(OC(=O)c%10ccccc%10)C(OC(=O)c7ccccc7)CC(C)C6C(C)C(O)C(O)(C2O)C6C1(O4)C(COC(=O)C)CC3(C(=C)C)O5,PD01203040,C53H60O16,953.047,Top1,1.0
39,953.3942,9.0,238000000.0,DA56_daphneodorin A (DOSO-K),C=C(C)C12CC(COC(C)=O)C34OC5(OC1C3C1OC1(CO)C(O)C1(O)C(OC(=O)c3ccccc3)C(C)C(C(C)CC(OC(=O)c3ccccc3)C(OC(=O)c3ccccc3)CCCC5O)C14)O2,MD,39,22,MD,C53H60O16,possibly known,std_daphneodorin A (DA56),[M+H]+,"39,77",C10H16O3,C30H34O6 / C20H18O3,587330.25 / 60173.6953125,1.2318,none,none,none,none,C9H16O2,C29H32O4 / C20H16O2,531967.875 / 14828.6826171875,0.9455,C3H4O2,C30H34O6 / C27H30O4,587330.25 / 231358.484375,2.1895,C2H4O2,C32H38O8 / C30H34O6,83588.84375 / 587330.25,1.341,C7H6O2,C37H40O8 / C30H34O6,220257.5625 / 587330.25,2.1151,C5H10O2,C27H30O4 / C22H20O2,231358.484375 / 89486.3046875,0.8513,C4H8O2,C24H26O4 / C20H18O2,19630.50390625 / 147832.8125,0.3308,C10H14O3,114524.10,1.1452,C14H14O3,27296.93,0.2730,none,none,none,none,none,none,C17H16O1,31822.53,0.3182,C18H18O1,58162.84,0.5816,C19H18O1,102833.25,1.0283,C20H18O2,147832.81,1.4783,C27H30O4,231358.48,2.3136,C7H4O,675023.50,6.7502,24.0,1-alkyl-3-ol,"5-ol-6,7-epoxy","9,13,14-orthoester",no C-12,with C-18,others,C10 ring with one substituents and a hydroxyl group,6,"C2,C4,C7",C2*2+C7*1+C4*3,"acyl(1.34),benzoyl(2.12),benzoyl(6.75)","acyl,acyl,benzoyl,isobutyryl,isobutyryl,isobutyryl",A8,B1,C5,none,R1,R1,R92,R3,R3,R3,none,18.2327,A8B1C5,,,,0.0,Top1,1.0
39,953.3942,9.0,238000000.0,DA56_daphneodorin A (DOSO-K),C=C(C)C12CC(COC(C)=O)C34OC5(OC1C3C1OC1(CO)C(O)C1(O)C(OC(=O)c3ccccc3)C(C)C(C(C)CC(OC(=O)c3ccccc3)C(OC(=O)c3ccccc3)CCCC5O)C14)O2,MD,39,22,MD,C53H60O16,possibly known,std_daphneodorin A (DA56),[M+H]+,"39,77",C10H16O3,C30H34O6 / C20H18O3,587330.25 / 60173.6953125,1.2318,none,none,none,none,C9H16O2,C29H32O4 / C20H16O2,531967.875 / 14828.6826171875,0.9455,C3H4O2,C30H34O6 / C27H30O4,587330.25 / 231358.484375,2.1895,C2H4O2,C32H38O8 / C30H34O6,83588.84375 / 587330.25,1.341,C7H6O2,C37H40O8 / C30H34O6,220257.5625 / 587330.25,2.1151,C5H10O2,C27H30O4 / C22H20O2,231358.484375 / 89486.3046875,0.8513,C4H8O2,C24H26O4 / C20H18O2,19630.50390625 / 147832.8125,0.3308,C10H14O3,114524.10,1.1452,C14H14O3,27296.93,0.2730,none,none,none,none,none,none,C17H16O1,31822.53,0.3182,C18H18O1,58162.84,0.5816,C19H18O1,102833.25,1.0283,C20H18O2,147832.81,1.4783,C27H30O4,231358.48,2.3136,C7H4O,675023.50,6.7502,24.0,1-alkyl-3-ol,"5-ol-6,7-epoxy","9,13,14-orthoester",no C-12,with C-18,others,C10 ring with one substituents and a hydroxyl group,4,"C2,C7",C2*1+C7*3,"acyl(1.34),benzoyl(2.12),benzoyl(6.75)","acyl,benzoyl,benzoyl,benzoyl",A8,B1,C5,none,R1,R92,R92,R92,none,none,none,18.2327,A8B1C5,,,,0.0,Top1,1.0
39,953.3942,9.0,238000000.0,DA56_daphneodorin A (DOSO-K),C=C(C)C12CC(COC(C)=O)C34OC5(OC1C3C1OC1(CO)C(O)C1(O)C(OC(=O)c3ccccc3)C(C)C(C(C)CC(OC(=O)c3ccccc3)C(OC(=O)c3ccccc3)CCCC5O)C14)O2,MD,39,22,MD,C53H60O16,possibly known,std_daphneodorin A (DA56),[M+H]+,"39,77",C10H16O3,C30H34O6 / C20H18O3,587330.25 / 60173.6953125,1.2318,none,none,none,none,C9H16O2,C29H32O4 / C20H16O2,531967.875 / 14828.6826171875,0.9455,C3H4O2,C30H34O6 / C27H30O4,587330.25 / 231358.484375,2.1895,C2H4O2,C32H38O8 / C30H34O6,83588.84375 / 587330.25,1.341,C7H6O2,C37H40O8 / C30H34O6,220257.5625 / 587330.25,2.1151,C5H10O2,C27H30O4 / C22H20O2,231358.484375 / 89486.3046875,0.8513,C4H8O2,C24H26O4 / C20H18O2,19630.50390625 / 147832.8125,0.3308,C10H14O3,114524.10,1.1452,C14H14O3,27296.93,0.2730,none,none,none,none,none,none,C17H16O1,31822.53,0.3182,C18H18O1,58162.84,0.5816,C19H18O1,102833.25,1.0283,C20H18O2,147832.81,1.4783,C27H30O4,231358.48,2.3136,C7H4O,675023.50,6.7502,24.0,1-alkyl-3-ol,"5-ol-6,7-epoxy","9,13,14-orthoester",no C-12,with C-18,others,C10 ring with two substituents and a hydroxyl group,6,"C2,C4,C7",C2*2+C7*1+C4*3,"acyl(1.34),benzoyl(2.12),benzoyl(6.75)","acyl,acyl,benzoyl,isobutyryl,isobutyryl,isobutyryl",A8,B1,C5,M5,R1,R1,R92,R3,R3,R3,none,18.2327,A8B1C5M5,,,,0.0,Top1,1.0
39,953.3942,9.0,238000000.0,DA56_daphneodorin A (DOSO-K),C=C(C)C12CC(COC(C)=O)C34OC5(OC1C3C1OC1(CO)C(O)C1(O)C(OC(=O)c3ccccc3)C(C)C(C(C)CC(OC(=O)c3ccccc3)C(OC(=O)c3ccccc3)CCCC5O)C14)O2,MD,39,22,MD,C53H60O16,possibly known,std_daphneodorin A (DA56),[M+H]+,"39,77",C10H14O2,C30H34O6 / C20H20O4,587330.25 / 22961.345703125,1.0709,none,none,none,none,C9H16O2,C29H32O4 / C20H16O2,531967.875 / 14828.6826171875,0.9455,C3H4O2,C30H34O6 / C27H30O4,587330.25 / 231358.484375,2.1895,C2H4O2,C32H38O8 / C30H34O6,83588.84375 / 587330.25,1.341,C7H6O2,C37H40O8 / C30H34O6,220257.5625 / 587330.25,2.1151,C5H10O2,C27H30O4 / C22H20O2,231358.484375 / 89486.3046875,0.8513,C4H8O2,C24H26O4 / C20H18O2,19630.50390625 / 147832.8125,0.3308,C10H14O3,114524.10,1.1452,C14H14O3,27296.93,0.2730,none,none,none,none,none,none,C17H16O1,31822.53,0.3182,C18H18O1,58162.84,0.5816,C19H18O1,102833.25,1.0283,C20H18O2,147832.81,1.4783,C27H30O4,231358.48,2.3136,C7H4O,675023.50,6.7502,24.0,1-alkyl-3-ol,"5-ol-6,7-epoxy","9,13,14-orthoester",no C-12,with C-18,others,C10 ring with two substituents,4,"C2,C7",C2*1+C7*3,"acyl(1.34),benzoyl(2.12),benzoyl(6.75)","acyl,benzoyl,benzoyl,benzoyl",A8,B1,C5,M4,R1,R92,R92,R92,none,none,none,18.2327,A8B1C5M4,,,,0.0,Top1,1.0
39,953.3942,9.0,238000000.0,DA56_daphneodorin A (DOSO-K),C=C(C)C12CC(COC(C)=O)C34OC5(OC1C3C1OC1(CO)C(O)C1(O)C(OC(=O)c3ccccc3)C(C)C(C(C)CC(OC(=O)c3ccccc3)C(OC(=O)c3ccccc3)CCCC5O)C14)O2,MD,39,22,MD,C53H60O16,possibly known,std_daphneodorin A (DA56),[M+H]+,"39,77",C10H14O2,C30H34O6 / C20H20O4,587330.25 / 22961.345703125,1.0709,none,none,none,none,C9H16O2,C29H32O4 / C20H16O2,531967.875 / 14828.6826171875,0.9455,C3H4O2,C30H34O6 / C27H30O4,587330.25 / 231358.484375,2.1895,C2H4O2,C32H38O8 / C30H34O6,83588.84375 / 587330.25,1.341,C7H6O2,C37H40O8 / C30H34O6,220257.5625 / 587330.25,2.1151,C5H10O2,C27H30O4 / C22H20O2,231358.484375 / 89486.3046875,0.8513,C4H8O2,C24H26O4 / C20H18O2,19630.50390625 / 147832.8125,0.3308,C10H14O3,114524.10,1.1452,C14H14O3,27296.93,0.2730,none,none,none,none,none,none,C17H16O1,31822.53,0.3182,C18H18O1,58162.84,0.5816,C19H18O1,102833.25,1.0283,C20H18O2,147832.81,1.4783,C27H30O4,231358.48,2.3136,C7H4O,675023.50,6.7502,24.0,1-alkyl-3-ol,"5-ol-6,7-epoxy","9,13,14-orthoester",no C-12,with C-18,others,C10 ring with two substituents,6,"C2,C4,C7",C2*2+C7*1+C4*3,"acyl(1.34),benzoyl(2.12),benzoyl(6.75)","acyl,acyl,benzoyl,isobutyryl,isobutyryl,isobutyryl",A8,B1,C5,M4,R1,R1,R92,R3,R3,R3,none,18.2327,A8B1C5M4,,,,0.0,Top1,1.0
40,787.3316,10.9,16500000.0,DA53_daphnepedunin F (TDPE-39),C=C(C)C12CC(COC(=O)c3ccccc3)C34OC5(CCCCCC(OC(=O)c6ccccc6)CC(C)C6C3C3(OC6(C)OC3=O)C(O)C3(CO)OC3C4C1O5)O2,MD,7,14,MD,C44H50O13,possibly known,std_daphnepedunin F (DA53),[M+H]+,"40,74",C10H18O3,C30H38O9 / C20H20O6,170000.0 / 55000.0,0.5563,none,none,none,none,C9H16O2,C29H34O6 / C20H18O4,30000.0 / 5400.0,0.0741,none,none,none,none,C2H4O2,C22H22O6 / C20H18O4,11000.0 / 5400.0,0.0487,C7H6O2,C37H42O10 / C30H36O8,180000.0 / 200000.0,1.719,C5H10O2,C25H26O6 / C20H16O4,7100.0 / 6400.0,0.0612,none,none,none,none,none,none,none,C14H14O3,73000.00,0.7300,C15H22O3,8500.00,0.0850,none,none,none,C17H16O3,5600.00,0.0560,C18H16O2,10000.00,0.1000,C19H20O4,18000.0,0.18,C20H20O6,55000.00,0.5500,C27H30O3,11000.00,0.1100,C7H4O,18000.00,0.1800,20.0,bicyclo [2.2.1] heptane ring,"5-ol-6,7-epoxy","9,13,14-orthoester",no C-12,with C-18,others,C9 ring with no substituent,4,"C2,C4,C7",C2*2+C7*1+C4*1,"acyl(0.05),benzoyl(1.72),benzoyl(0.18)","acyl,acyl,benzoyl,isobutyryl",none,B1,C5,M1,R1,R1,R92,R3,none,none,none,3.1978,none,,,,0.0,Top1,1.0
40,787.3316,10.9,16500000.0,DA53_daphnepedunin F (TDPE-39),C=C(C)C12CC(COC(=O)c3ccccc3)C34OC5(CCCCCC(OC(=O)c6ccccc6)CC(C)C6C3C3(OC6(C)OC3=O)C(O)C3(CO)OC3C4C1O5)O2,MD,7,14,MD,C44H50O13,possibly known,std_daphnepedunin F (DA53),[M+H]+,"40,74",C10H16O2,C30H36O8 / C20H20O6,200000.0 / 55000.0,0.5966,none,none,none,none,C9H16O2,C29H34O6 / C20H18O4,30000.0 / 5400.0,0.0741,none,none,none,none,C2H4O2,C22H22O6 / C20H18O4,11000.0 / 5400.0,0.0487,C7H6O2,C37H42O10 / C30H36O8,180000.0 / 200000.0,1.719,C5H10O2,C25H26O6 / C20H16O4,7100.0 / 6400.0,0.0612,none,none,none,none,none,none,none,C14H14O3,73000.00,0.7300,C15H22O3,8500.00,0.0850,none,none,none,C17H16O3,5600.00,0.0560,C18H16O2,10000.00,0.1000,C19H20O4,18000.0,0.18,C20H20O6,55000.00,0.5500,C27H30O3,11000.00,0.1100,C7H4O,18000.00,0.1800,20.0,bicyclo [2.2.1] heptane ring,"5-ol-6,7-epoxy","9,13,14-orthoester",no C-12,with C-18,others,C9 ring with no substituent,3,C5,C5*3,"acyl(0.05),benzoyl(1.72),benzoyl(0.18)","2-methylbutyryl,2-methylbutyryl,2-methylbutyryl",none,B1,C5,M1,R4,R4,R4,none,none,none,none,3.1978,none,,,,0.0,Top1,1.0
40,787.3316,10.9,16500000.0,DA53_daphnepedunin F (TDPE-39),C=C(C)C12CC(COC(=O)c3ccccc3)C34OC5(CCCCCC(OC(=O)c6ccccc6)CC(C)C6C3C3(OC6(C)OC3=O)C(O)C3(CO)OC3C4C1O5)O2,MD,7,14,MD,C44H50O13,possibly known,std_daphnepedunin F (DA53),[M+H]+,"40,74",C10H16O2,C30H36O8 / C20H20O6,200000.0 / 55000.0,0.5966,none,none,none,none,C9H16O2,C29H34O6 / C20H18O4,30000.0 / 5400.0,0.0741,none,none,none,none,C2H4O2,C22H22O6 / C20H18O4,11000.0 / 5400.0,0.0487,C7H6O2,C37H42O10 / C30H36O8,180000.0 / 200000.0,1.719,C5H10O2,C25H26O6 / C20H16O4,7100.0 / 6400.0,0.0612,none,none,none,none,none,none,none,C14H14O3,73000.00,0.7300,C15H22O3,8500.00,0.0850,none,none,none,C17H16O3,5600.00,0.0560,C18H16O2,10000.00,0.1000,C19H20O4,18000.0,0.18,C20H20O6,55000.00,0.5500,C27H30O3,11000.00,0.1100,C7H4O,18000.00,0.1800,20.0,bicyclo [2.2.1] heptane ring,"5-ol-6,7-epoxy","9,13,14-orthoester",no C-12,with C-18,others,C9 ring with no substituent,3,"C4,C7",C7*1+C4*2,"acyl(0.05),benzoyl(1.72),benzoyl(0.18)","benzoyl,isobutyryl,isobutyryl",none,B1,C5,M1,R92,R3,R3,none,none,none,none,3.1978,none,,,,0.0,Top1,1.0
41,667.3114,10.7,8148135.142,DA44_daphnepedunin E (TDPE-28),C=C(C)C12CC(COC(=O)c3ccccc3)C34OC5(CCCCCCCC(C)C6C3C3(OC6(C)OC3=O)C(O)C3(CO)OC3C4C1O5)O2,MD,8,24,MD,C37H46O11,possibly known,"std_stelleralide C (DA43), std_daphnepedunin E (DA44)",[M+H]+,"41,65",C10H18O2,C30H34O6 / C20H16O4,20000.0 / 14000.0,0.1257,C14H24O4,C30H36O7 / C16H12O3,32000.0 / 8800.0,0.0954,none,none,none,none,C3H4O2,C27H34O5 / C24H30O3,3500.0 / 2500.0,0.0225,none,none,none,none,C7H6O2,C37H46O11 / C30H40O9,20000.0 / 53000.0,0.1917,C5H10O2,C25H30O4 / C20H20O6,4600.0 / 13000.0,0.045,none,none,none,none,none,none,none,C14H14O3,33000.00,0.3300,C15H22O2,51000.00,0.5100,none,none,none,C17H16O1,7100.00,0.0710,C18H16O2,6200.00,0.0620,C19H18O3,12000.0,0.12,C20H20O6,13000.00,0.1300,C27H30O3,9500.00,0.0950,C7H4O,24000.00,0.2400,15.0,bicyclo [2.2.1] heptane ring,"5-ol-6,7-epoxy","9,13,14-orthoester",no C-12,with C-18,others,C10 ring with no substituent,2,"C2,C5",C2*1+C5*1,"benzoyl(0.19),benzoyl(0.24)","acyl,2-methylbutyryl",none,B1,C5,M2,R1,R4,none,none,none,none,none,1.1321999999999999,none,,,,0.0,Top1,1.0
41,667.3114,10.7,8148135.142,DA44_daphnepedunin E (TDPE-28),C=C(C)C12CC(COC(=O)c3ccccc3)C34OC5(CCCCCCCC(C)C6C3C3(OC6(C)OC3=O)C(O)C3(CO)OC3C4C1O5)O2,MD,8,24,MD,C37H46O11,possibly known,"std_stelleralide C (DA43), std_daphnepedunin E (DA44)",[M+H]+,"41,65",C10H18O2,C30H34O6 / C20H16O4,20000.0 / 14000.0,0.1257,C14H24O4,C30H36O7 / C16H12O3,32000.0 / 8800.0,0.0954,none,none,none,none,C3H4O2,C27H34O5 / C24H30O3,3500.0 / 2500.0,0.0225,none,none,none,none,C7H6O2,C37H46O11 / C30H40O9,20000.0 / 53000.0,0.1917,C5H10O2,C25H30O4 / C20H20O6,4600.0 / 13000.0,0.045,none,none,none,none,none,none,none,C14H14O3,33000.00,0.3300,C15H22O2,51000.00,0.5100,none,none,none,C17H16O1,7100.00,0.0710,C18H16O2,6200.00,0.0620,C19H18O3,12000.0,0.12,C20H20O6,13000.00,0.1300,C27H30O3,9500.00,0.0950,C7H4O,24000.00,0.2400,15.0,bicyclo [2.2.1] heptane ring,"5-ol-6,7-epoxy","9,13,14-orthoester",no C-12,with C-18,others,C10 ring with no substituent,1,C7,C7*1,"benzoyl(0.19),benzoyl(0.24)",benzoyl,none,B1,C5,M2,R92,none,none,none,none,none,none,1.1321999999999999,none,,,,0.0,Top1,1.0
42,645.3622,10.8,1310000000.0,DA40_edgeworthianin D (ECH-1),C=C(C)C12OC34CCCC=CCCCCC(CCC)C5C(C)C(=O)C6(O)C(O)C7(CO)OC7C(C1O3)C(O4)(C(C)C2OC(C)=O)C56,MD,10,11,MD,C36H52O10,possibly known,std_edgeworthianin D (DA40),[M+H]+,none,C10H16O2,C30H36O3 / C20H20O5,72000.0 / 35000.0,0.3163,C14H24O2,C34H44O6 / C20H20O4,2000000.0 / 480000.0,5.571,C9H16O2,C29H36O2 / C20H20O4,43000.0 / 480000.0,0.979,C3H4O2,C20H28O2 / C17H24O0,40000.0 / 50000.0,0.3682,C2H4O2,C36H48O8 / C34H44O6,77000.0 / 2000000.0,3.6417,C7H6O2,C29H36O2 / C22H30O4,43000.0 / 31000.0,0.2794,none,none,none,none,C4H8O2,C24H28O3 / C20H20O5,44000.0 / 35000.0,0.3217,none,none,none,C14H22O,140000.00,1.4000,none,none,none,C16H16O3,41000.00,0.4100,C17H14O3,48000.00,0.4800,C18H18O1,72000.00,0.7200,C19H20O3,230000.0,2.3,C20H20O3,44000.00,0.4400,C27H36O3,52000.00,0.5200,C4H6O,37000.00,0.3700,11.0,1-alkyl-3-one,"5-ol-6,7-epoxy","9,13,14-orthoester",with C-12,no C-18,others,C14 ring with an olenfinic,1,C2,C2*1,"acyl(3.64),benzoyl(0.28),butanoyl/isobutyryl(0.37)",acyl,A6,B1,C2,M7,R1,none,none,none,none,none,none,13.970299999999998,A6B1C2M7,OCC12OC1C1C3OC45CCCC=CCCCCC(CCC)C6C(C)C(=O)C(O)(C2O)C6C1(O4)C(C)C(OC(=O)C)C3(C(=C)C)O5,PD01125365,C36H52O10,644.802,Top1,1.0
42,645.3622,10.8,1310000000.0,DA40_edgeworthianin D (ECH-1),C=C(C)C12OC34CCCC=CCCCCC(CCC)C5C(C)C(=O)C6(O)C(O)C7(CO)OC7C(C1O3)C(O4)(C(C)C2OC(C)=O)C56,MD,10,11,MD,C36H52O10,possibly known,std_edgeworthianin D (DA40),[M+H]+,none,C10H16O2,C30H36O3 / C20H20O5,72000.0 / 35000.0,0.3163,C14H24O2,C34H44O6 / C20H20O4,2000000.0 / 480000.0,5.571,C9H16O2,C29H36O2 / C20H20O4,43000.0 / 480000.0,0.979,C3H4O2,C20H28O2 / C17H24O0,40000.0 / 50000.0,0.3682,C2H4O2,C36H48O8 / C34H44O6,77000.0 / 2000000.0,3.6417,C7H6O2,C29H36O2 / C22H30O4,43000.0 / 31000.0,0.2794,none,none,none,none,C4H8O2,C24H28O3 / C20H20O5,44000.0 / 35000.0,0.3217,none,none,none,C14H22O,140000.00,1.4000,none,none,none,C16H16O3,41000.00,0.4100,C17H14O3,48000.00,0.4800,C18H18O1,72000.00,0.7200,C19H20O3,230000.0,2.3,C20H20O3,44000.00,0.4400,C27H36O3,52000.00,0.5200,C4H6O,37000.00,0.3700,11.0,1-alkyl-3-one,"5-ol-6,7-epoxy","9,13,14-orthoester",with C-12,no C-18,others,C14 ring with an olenfinic,1,C2,C2*1,"acyl(3.64),benzoyl(0.28),butanoyl/isobutyryl(0.37)",acyl,A6,B1,C2,M7,R1,none,none,none,none,none,none,13.970299999999998,A6B1C2M7,CC(=O)OCC12OC1C1C3OC45CCCC=CCCCCC(CCC)C6C(C)C(=O)C(O)(C2O)C6C1(O4)C(C)CC3(C(=C)C)O5,PD01130885,C36H52O9,628.803,Top1,1.0
43,549.3054,5.4,32900000.0,DA36_daphnepedunin G (TDPE-41),C=C(C)C12CC(C)C34OC5(CCCCCCCC(C)C(C(C)C(=O)O)C3C(=O)C(O)C3(CO)OC3C4C1O5)O2,MD,8,19,MD,C30H44O9,possibly known,"std_daphnepedunin A (DA35), std_daphnepedunin H (DA37), std_daphnepedunin B (DA34), std_daphnepedunin G (DA36)",[M+H]+,none,C10H18O2,C30H36O5 / C20H18O3,120000.0 / 12000.0,0.2503,C14H24O4,C30H38O6 / C16H14O2,120000.0 / 21000.0,0.2932,none,none,none,none,none,none,none,none,none,none,none,none,none,none,none,none,none,none,none,none,none,none,none,none,none,none,none,none,none,none,C15H22O3,40000.00,0.4000,C16H16O3,18000.00,0.1800,C17H24O3,18000.00,0.1800,none,none,none,C19H20O3,11000.0,0.11,none,none,none,C27H32O4,29000.00,0.2900,none,none,none,9.0,"3,4-seco","5-ol-6,7-epoxy","9,13,14-orthoester",no C-12,no C-18,others,C10 ring with no substituent,0,others,,others,none,A10,B1,C1,M2,none,none,none,none,none,none,none,1.05,A10B1C1M2,OCC12OC1C1C3OC45CCCCCCCC(C)C(C(C)C(=O)O)C(C(=O)C2O)C1(O4)C(C)CC3(C(=C)C)O5,PD01122318,C30H44O9,548.673,Top1,1.0
44,745.3793,11.6,1130000000.0,DA48_edgeworthianin B (ECH-4),C=C(C)C12OC34CCCC=CCCCCC(CCC)C5C6C7(OC5(C)OC7=O)C(O)C5(CO)OC5C(C1O3)C6(O4)C(COC(=O)C(C)C)C2OC(C)=O,MD,6,10,MD,C40H56O13,possibly known,std_edgeworthianin B (DA48),[M+H]+,"44,69",C10H16O2,C30H38O6 / C20H22O8,17000.0 / 26000.0,0.1516,C14H24O2,C36H48O11 / C22H24O9,220000.0 / 200000.0,1.9174,none,none,none,none,C3H4O2,C20H20O7 / C17H16O5,230000.0 / 20000.0,0.4664,C2H4O2,C22H24O9 / C20H20O7,200000.0 / 230000.0,1.8867,none,none,none,none,none,none,none,none,none,none,none,none,none,none,none,C14H22O,170000.00,1.7000,none,none,none,none,none,none,C17H14O3,37000.00,0.3700,C18H16O2,44000.00,0.4400,C19H18O4,75000.0,0.75,C20H20O6,13000.00,0.1300,none,none,none,none,none,none,13.0,bicyclo [2.2.1] heptane ring,"5-ol-6,7-epoxy","9,13,14-orthoester",with C-12,with C-18,others,C14 ring with an olenfinic,3,C2,C2*3,acyl(1.89),"acyl,acyl,acyl",none,B1,C6,M7,R1,R1,R1,none,none,none,none,8.2805,none,,,,0.0,Top1,1.0
44,745.3793,11.6,1130000000.0,DA48_edgeworthianin B (ECH-4),C=C(C)C12OC34CCCC=CCCCCC(CCC)C5C6C7(OC5(C)OC7=O)C(O)C5(CO)OC5C(C1O3)C6(O4)C(COC(=O)C(C)C)C2OC(C)=O,MD,6,10,MD,C40H56O13,possibly known,std_edgeworthianin B (DA48),[M+H]+,"44,69",C10H16O2,C30H38O6 / C20H22O8,17000.0 / 26000.0,0.1516,C14H24O2,C36H48O11 / C22H24O9,220000.0 / 200000.0,1.9174,none,none,none,none,C3H4O2,C20H20O7 / C17H16O5,230000.0 / 20000.0,0.4664,C2H4O2,C22H24O9 / C20H20O7,200000.0 / 230000.0,1.8867,none,none,none,none,none,none,none,none,none,none,none,none,none,none,none,C14H22O,170000.00,1.7000,none,none,none,none,none,none,C17H14O3,37000.00,0.3700,C18H16O2,44000.00,0.4400,C19H18O4,75000.0,0.75,C20H20O6,13000.00,0.1300,none,none,none,none,none,none,13.0,bicyclo [2.2.1] heptane ring,"5-ol-6,7-epoxy","9,13,14-orthoester",with C-12,with C-18,others,C14 ring with an olenfinic,2,"C2,C4",C2*1+C4*1,acyl(1.89),"acyl,isobutyryl",none,B1,C6,M7,R1,R3,none,none,none,none,none,8.2805,none,,,,0.0,Top1,1.0
45,547.2891,9.3,701000000.0,DA32_pimelotide A (NSC-7),C=C(C)C12CC(C)C34OC5(CCCCCCCC(C)C6C3C3(OC6(C)OC3=O)C(O)C3(CO)OC3C4C1O5)O2,MD,25,39,MD,C30H42O9,possibly known,"std_pimelotide C (DA33), std_pimelotide A (DA32)",[M+H]+,none,C10H18O2,C30H42O9 / C20H24O7,1400000.0 / 19000.0,2.408,C14H24O4,C30H38O7 / C16H14O3,130000.0 / 69000.0,0.6168,C9H16O2,C29H40O6 / C20H24O4,29000.0 / 13000.0,0.1192,C3H4O2,C30H38O7 / C27H34O5,130000.0 / 9900.0,0.2575,C2H4O2,C22H22O2 / C20H18O4,3400.0 / 53000.0,0.1022,C7H6O2,C27H32O2 / C20H26O4,13000.0 / 14000.0,0.1257,C5H10O2,C27H34O4 / C22H24O2,61000.0 / 5900.0,0.1264,C4H8O2,C24H28O3 / C20H20O5,15000.0 / 51000.0,0.1578,none,none,none,C14H14O3,8900.00,0.0890,C15H22O2,180000.00,1.8000,C16H16O3,26000.00,0.2600,C17H18O2,34000.00,0.3400,C18H18O1,29000.00,0.2900,C19H18O3,50000.0,0.5,C20H20O5,51000.00,0.5100,C27H34O4,61000.00,0.6100,none,none,none,10.0,bicyclo [2.2.1] heptane ring,"5-ol-6,7-epoxy","9,13,14-orthoester",no C-12,no C-18,others,C9 ring with no substituent,0,others,,"acyl(0.10),benzoyl(0.13)",none,none,B1,C1,M1,none,none,none,none,none,none,none,2.1436,none,,,,0.0,Top1,1.0
46,779.362,12.1,760000000.0,DA52_edgeworthianin C (ECH-5),C=C(C)C12OC34CCCC=CCCCCC(CCC)C5C6C7(OC5(C)OC7=O)C(O)C5(CO)OC5C(C1O3)C6(O4)C(COC(=O)c1ccccc1)C2OC(C)=O,MD,10,13,MD,C43H54O13,possibly known,std_edgeworthianin C (DA52),[M+H]+,"46,73",C10H18O2,C30H36O4 / C20H18O6,13000.0 / 350000.0,0.6353,C14H24O2,C36H48O11 / C22H24O9,420000.0 / 330000.0,3.0242,C9H16O2,C29H36O5 / C20H20O7,12000.0 / 340000.0,0.6146,C3H4O2,C20H18O6 / C17H14O4,350000.0 / 47000.0,0.7857,C2H4O2,C22H24O9 / C20H20O7,330000.0 / 340000.0,3.2529,C7H6O2,C29H28O10 / C22H22O8,8700.0 / 140000.0,0.2688,C5H10O2,C25H28O1 / C20H18O3,9500.0 / 8000.0,0.0747,C4H8O2,C24H26O7 / C20H18O5,12000.0 / 13000.0,0.1157,none,none,none,C14H22O,310000.00,3.1000,C15H22O2,8500.00,0.0850,C16H16O3,27000.00,0.2700,C17H16O2,81000.00,0.8100,C18H16O2,72000.00,0.7200,C19H18O4,140000.0,1.4,C20H20O6,13000.00,0.1300,C27H32O3,10000.00,0.1000,C7H4O,120000.00,1.2000,17.0,bicyclo [2.2.1] heptane ring,"5-ol-6,7-epoxy","9,13,14-orthoester",with C-12,with C-18,others,C14 ring with an olenfinic,2,"C2,C7",C2*1+C7*1,"acyl(3.25),benzoyl(0.27),benzoyl(1.20)","acyl,benzoyl",none,B1,C6,M7,R1,R92,none,none,none,none,none,16.061600000000002,none,,,,0.0,Top1,1.0
46,779.362,12.1,760000000.0,DA52_edgeworthianin C (ECH-5),C=C(C)C12OC34CCCC=CCCCCC(CCC)C5C6C7(OC5(C)OC7=O)C(O)C5(CO)OC5C(C1O3)C6(O4)C(COC(=O)c1ccccc1)C2OC(C)=O,MD,10,13,MD,C43H54O13,possibly known,std_edgeworthianin C (DA52),[M+H]+,"46,73",C10H18O2,C30H36O4 / C20H18O6,13000.0 / 350000.0,0.6353,C14H24O2,C36H48O11 / C22H24O9,420000.0 / 330000.0,3.0242,C9H16O2,C29H36O5 / C20H20O7,12000.0 / 340000.0,0.6146,C3H4O2,C20H18O6 / C17H14O4,350000.0 / 47000.0,0.7857,C2H4O2,C22H24O9 / C20H20O7,330000.0 / 340000.0,3.2529,C7H6O2,C29H28O10 / C22H22O8,8700.0 / 140000.0,0.2688,C5H10O2,C25H28O1 / C20H18O3,9500.0 / 8000.0,0.0747,C4H8O2,C24H26O7 / C20H18O5,12000.0 / 13000.0,0.1157,none,none,none,C14H22O,310000.00,3.1000,C15H22O2,8500.00,0.0850,C16H16O3,27000.00,0.2700,C17H16O2,81000.00,0.8100,C18H16O2,72000.00,0.7200,C19H18O4,140000.0,1.4,C20H20O6,13000.00,0.1300,C27H32O3,10000.00,0.1000,C7H4O,120000.00,1.2000,17.0,bicyclo [2.2.1] heptane ring,"5-ol-6,7-epoxy","9,13,14-orthoester",with C-12,with C-18,others,C14 ring with an olenfinic,3,"C2,C5",C2*2+C5*1,"acyl(3.25),benzoyl(0.27),benzoyl(1.20)","acyl,acyl,2-methylbutyryl",none,B1,C6,M7,R1,R1,R4,none,none,none,none,16.061600000000002,none,,,,0.0,Top1,1.0
47,703.3682,10.2,89000000.0,DA46_edgeworthianin F (ECF-7),C=C(C)C12OC34CCCC=CCCCCC(CCC)C5C6C7(OC5(C)OC7=O)C(O)C5(CO)OC5C(C1O3)C6(O4)C(COC(=O)C(C)C)C2O,MD,13,22,MD,C38H54O12,possibly known,std_edgeworthianin F (DA46),[M+H]+,"47,67",C10H18O2,C30H36O4 / C20H18O6,2100.0 / 19000.0,0.0405,C14H24O2,C34H42O8 / C20H18O6,36000.0 / 19000.0,0.1699,C9H16O2,C29H34O4 / C20H18O6,2500.0 / 19000.0,0.0424,C3H4O2,C20H18O6 / C17H14O4,19000.0 / 1900.0,0.0396,C2H4O2,C32H42O6 / C30H38O4,5700.0 / 3700.0,0.033,none,none,none,none,none,none,none,none,C4H8O2,C38H54O12 / C34H46O10,15000.0 / 33000.0,0.1371,C10H12O3,1500.00,0.0150,C14H22O,18000.00,0.1800,none,none,none,C16H16O3,1800.00,0.0180,C17H14O3,5900.00,0.0590,C18H16O2,5500.00,0.0550,C19H18O4,9700.0,0.097,none,none,none,C27H34O2,3100.00,0.0310,none,none,none,12.0,bicyclo [2.2.1] heptane ring,"5-ol-6,7-epoxy","9,13,14-orthoester",with C-12,with C-18,others,C14 ring with an olenfinic,2,C2,C2*2,acyl(0.03),"acyl,acyl",none,B1,C6,M7,R1,R1,none,none,none,none,none,0.7615000000000001,none,,,,0.0,Top1,1.0
47,703.3682,10.2,89000000.0,DA46_edgeworthianin F (ECF-7),C=C(C)C12OC34CCCC=CCCCCC(CCC)C5C6C7(OC5(C)OC7=O)C(O)C5(CO)OC5C(C1O3)C6(O4)C(COC(=O)C(C)C)C2O,MD,13,22,MD,C38H54O12,possibly known,std_edgeworthianin F (DA46),[M+H]+,"47,67",C10H18O3,C30H38O4 / C20H20O7,3700.0 / 19000.0,0.0483,C14H24O2,C34H42O8 / C20H18O6,36000.0 / 19000.0,0.1699,C9H16O2,C29H34O4 / C20H18O6,2500.0 / 19000.0,0.0424,C3H4O2,C20H18O6 / C17H14O4,19000.0 / 1900.0,0.0396,C2H4O2,C32H42O6 / C30H38O4,5700.0 / 3700.0,0.033,none,none,none,none,none,none,none,none,C4H8O2,C38H54O12 / C34H46O10,15000.0 / 33000.0,0.1371,C10H12O3,1500.00,0.0150,C14H22O,18000.00,0.1800,none,none,none,C16H16O3,1800.00,0.0180,C17H14O3,5900.00,0.0590,C18H16O2,5500.00,0.0550,C19H18O4,9700.0,0.097,none,none,none,C27H34O2,3100.00,0.0310,none,none,none,12.0,bicyclo [2.2.1] heptane ring,"5-ol-6,7-epoxy","9,13,14-orthoester",with C-12,with C-18,others,C14 ring with an olenfinic,1,C4,C4*1,acyl(0.03),isobutyryl,none,B1,C6,M7,R3,none,none,none,none,none,none,0.7615000000000001,none,,,,0.0,Top1,1.0
48,759.3942,12.3,136000000.0,DA49_edgeworthianin G (ECH-6),C=C(C)C12OC34CCCC=CCCCCC(CCC)C5C6C7(OC5(C)OC7=O)C(O)C5(CO)OC5C(C1O3)C6(O4)C(COC(=O)C(C)CC)C2OC(C)=O,MD,9,13,MD,C41H58O13,possibly known,std_edgeworthianin G (DA49),[M+H]+,"48,70",none,none,none,none,C14H24O2,C36H48O11 / C22H24O9,46000.0 / 27000.0,0.24,none,none,none,none,C3H4O2,C20H20O7 / C17H16O5,36000.0 / 1700.0,0.0669,C2H4O2,C22H24O9 / C20H20O7,27000.0 / 36000.0,0.245,none,none,none,none,none,none,none,none,none,none,none,none,none,none,none,C14H22O,30000.00,0.3000,none,none,none,C16H16O3,1700.00,0.0170,C17H14O3,8900.00,0.0890,C18H16O2,7100.00,0.0710,C19H18O4,13000.0,0.13,C20H20O6,3300.00,0.0330,none,none,none,none,none,none,13.0,bicyclo [2.2.1] heptane ring,"5-ol-6,7-epoxy","9,13,14-orthoester",with C-12,with C-18,others,C14 ring with an olenfinic,1,C7,C7*1,acyl(0.24),benzoyl,none,B1,C6,M7,R92,none,none,none,none,none,none,1.2719,none,,,,0.0,Top1,1.0
48,759.3942,12.3,136000000.0,DA49_edgeworthianin G (ECH-6),C=C(C)C12OC34CCCC=CCCCCC(CCC)C5C6C7(OC5(C)OC7=O)C(O)C5(CO)OC5C(C1O3)C6(O4)C(COC(=O)C(C)CC)C2OC(C)=O,MD,9,13,MD,C41H58O13,possibly known,std_edgeworthianin G (DA49),[M+H]+,"48,70",none,none,none,none,C14H24O2,C36H48O11 / C22H24O9,46000.0 / 27000.0,0.24,none,none,none,none,C3H4O2,C20H20O7 / C17H16O5,36000.0 / 1700.0,0.0669,C2H4O2,C22H24O9 / C20H20O7,27000.0 / 36000.0,0.245,none,none,none,none,none,none,none,none,none,none,none,none,none,none,none,C14H22O,30000.00,0.3000,none,none,none,C16H16O3,1700.00,0.0170,C17H14O3,8900.00,0.0890,C18H16O2,7100.00,0.0710,C19H18O4,13000.0,0.13,C20H20O6,3300.00,0.0330,none,none,none,none,none,none,13.0,bicyclo [2.2.1] heptane ring,"5-ol-6,7-epoxy","9,13,14-orthoester",with C-12,with C-18,others,C14 ring with an olenfinic,2,"C2,C5",C2*1+C5*1,acyl(0.24),"acyl,2-methylbutyryl",none,B1,C6,M7,R1,R4,none,none,none,none,none,1.2719,none,,,,0.0,Top1,1.0
49,533.3105,9.2,147000000.0,DA30_pimelea factor S7 (TDPE-5),C=C(C)C12CC(C)C34OC5(CCCCCCCC(C)C6C(C)C(=O)C(O)(C(O)C7(CO)OC7C3C1O5)C64)O2,MD,20,19,MD,C30H44O8,possibly known,"std_pimelea factor S7 (DA30), std_pimelea factor S6 (DA31)",[M+H]+,none,C10H18O3,C30H38O5 / C20H20O2,540040.875 / 15224.3330078125,0.9606,C14H24O2,C30H38O5 / C16H14O3,540040.875 / 13917.4580078125,0.9553,C9H16O2,C29H36O4 / C20H20O2,162533.390625 / 15224.3330078125,0.3345,C3H4O2,C30H38O5 / C27H34O3,540040.875 / 63458.93359375,1.1698,none,none,none,none,C7H6O2,C29H34O2 / C22H28O4,132468.234375 / 25471.447265625,0.3353,C5H10O2,C25H32O2 / C20H22O4,27906.19921875 / 23855.181640625,0.2238,none,none,none,none,none,none,none,none,none,none,none,none,none,none,none,none,C17H14O3,30799.94,0.3080,C18H18O1,39259.61,0.3926,C19H18O1,59036.43,0.5904,C20H18O2,70797.77,0.7080,C27H34O3,63458.93,0.6346,none,none,none,9.0,1-alkyl-3-one,"5-ol-6,7-epoxy","9,13,14-orthoester",no C-12,no C-18,others,C14 ring with an olenfinic,0,others,,benzoyl(0.34),none,A6,B1,C1,M7,none,none,none,none,none,none,none,4.111,A6B1C1M7,OCC12OC1C1C3OC45CCCC=CCCCCC(CCC)C6C(C)C(=O)C(O)(C2O)C6C1(O4)C(C)CC3(C(=C)C)O5,PD01121477,C34H50O8,586.766,Top1,1.0
50,549.3054,5.4,32900000.0,DA37_daphnepedunin H (TDPE-42),C=C(C)C12CC(C)C34OC5(CCCCCCCC(C)C(C(C)C(=O)O)C3C(=O)C(O)C3(CO)OC3C4C1O5)O2,MD,8,19,MD,C30H44O9,possibly known,"std_daphnepedunin A (DA35), std_daphnepedunin H (DA37), std_daphnepedunin B (DA34), std_daphnepedunin G (DA36)",[M+H]+,none,C10H18O2,C30H36O5 / C20H18O3,120000.0 / 12000.0,0.2503,C14H24O4,C30H38O6 / C16H14O2,120000.0 / 21000.0,0.2932,none,none,none,none,none,none,none,none,none,none,none,none,none,none,none,none,none,none,none,none,none,none,none,none,none,none,none,none,none,none,C15H22O3,40000.00,0.4000,C16H16O3,18000.00,0.1800,C17H24O3,18000.00,0.1800,none,none,none,C19H20O3,11000.0,0.11,none,none,none,C27H32O4,29000.00,0.2900,none,none,none,9.0,"3,4-seco","5-ol-6,7-epoxy","9,13,14-orthoester",no C-12,no C-18,others,C10 ring with no substituent,0,others,,others,none,A10,B1,C1,M2,none,none,none,none,none,none,none,1.05,A10B1C1M2,OCC12OC1C1C3OC45CCCCCCCC(C)C(C(C)C(=O)O)C(C(=O)C2O)C1(O4)C(C)CC3(C(=C)C)O5,PD01122318,C30H44O9,548.673,Top1,1.0
55,833.3741,8.0,105000000.0,DA54_stelleralide F (DPSft-11),C=C(C)C12CC(COC(C)=O)C34OC5(OC1C3C1OC1(CO)C(O)C1(O)C(OC(=O)c3ccccc3)C(C)C(C(C)CC(OC(=O)c3ccccc3)CCCCC5O)C14)O2,MD,25,26,MD,C46H56O14,possibly known,std_stelleralide F (DA54),[M+H]+,"55,75",C10H14O2,C30H34O5 / C20H20O3,53000.0 / 29000.0,0.2586,C14H24O4,C30H36O6 / C16H12O2,77000.0 / 1700.0,0.1351,C9H16O2,C29H36O5 / C20H20O3,54000.0 / 29000.0,0.259,C3H4O2,C30H36O6 / C27H32O4,77000.0 / 36000.0,0.3274,C2H4O2,C32H40O8 / C30H36O6,13000.0 / 77000.0,0.1858,C7H6O2,C37H44O9 / C30H38O7,26000.0 / 45000.0,0.2312,C5H10O2,C27H32O4 / C22H22O2,36000.0 / 2700.0,0.0711,C4H8O2,C26H34O4 / C22H26O6,3700.0 / 3100.0,0.0289,C10H14O3,2300.00,0.0230,C14H14O3,3700.00,0.0370,none,none,none,none,none,none,C17H16O1,5900.00,0.0590,C18H18O1,16000.00,0.1600,C19H18O2,19000.0,0.19,C20H20O3,29000.00,0.2900,C27H32O4,36000.00,0.3600,C7H4O,45000.00,0.4500,19.0,1-alkyl-3-ol,"5-ol-6,7-epoxy","9,13,14-orthoester",no C-12,with C-18,others,C9 ring with no substituent,4,"C2,C5",C2*1+C5*3,"acyl(0.19),benzoyl(0.23),benzoyl(0.45)","acyl,2-methylbutyryl,2-methylbutyryl,2-methylbutyryl",A8,B1,C5,M1,R1,R4,R4,R4,none,none,none,2.3223999999999996,A8B1C5M1,,,,0.0,Top1,1.0
55,833.3741,8.0,105000000.0,DA54_stelleralide F (DPSft-11),C=C(C)C12CC(COC(C)=O)C34OC5(OC1C3C1OC1(CO)C(O)C1(O)C(OC(=O)c3ccccc3)C(C)C(C(C)CC(OC(=O)c3ccccc3)CCCCC5O)C14)O2,MD,25,26,MD,C46H56O14,possibly known,std_stelleralide F (DA54),[M+H]+,"55,75",C10H14O2,C30H34O5 / C20H20O3,53000.0 / 29000.0,0.2586,C14H24O4,C30H36O6 / C16H12O2,77000.0 / 1700.0,0.1351,C9H16O2,C29H36O5 / C20H20O3,54000.0 / 29000.0,0.259,C3H4O2,C30H36O6 / C27H32O4,77000.0 / 36000.0,0.3274,C2H4O2,C32H40O8 / C30H36O6,13000.0 / 77000.0,0.1858,C7H6O2,C37H44O9 / C30H38O7,26000.0 / 45000.0,0.2312,C5H10O2,C27H32O4 / C22H22O2,36000.0 / 2700.0,0.0711,C4H8O2,C26H34O4 / C22H26O6,3700.0 / 3100.0,0.0289,C10H14O3,2300.00,0.0230,C14H14O3,3700.00,0.0370,none,none,none,none,none,none,C17H16O1,5900.00,0.0590,C18H18O1,16000.00,0.1600,C19H18O1,19000.0,0.19,C20H20O3,29000.00,0.2900,C27H32O4,36000.00,0.3600,C7H4O,45000.00,0.4500,19.0,1-alkyl-3-ol,"5-ol-6,7-epoxy","9,13,14-orthoester",no C-12,with C-18,others,C9 ring with no substituent,5,"C2,C4,C7",C2*3+C7*1+C4*1,"acyl(0.19),benzoyl(0.23),benzoyl(0.45)","acyl,acyl,acyl,benzoyl,isobutyryl",A8,B1,C5,M1,R1,R1,R1,R92,R3,none,none,2.3223999999999996,A8B1C5M1,,,,0.0,Top1,1.0
63,531.2954,10.5,390000.0,DA41_wikstroelide F (TDPE-20),C=C(C)C12CC(COC(=O)c3ccccc3)C34OC5(CCCCCCCC(C)C6C(C)C(=O)C(O)(C(O)C7(CO)OC7C3C1O5)C64)O2,MD,17,15,MD,C30H42O8,possibly undescribed,none,[M+H]+,"32,63",C10H18O3,C27H34O4 / C17H16O1,141525.6875 / 6512.708984375,0.2621,C14H24O4,C30H38O6 / C16H14O2,135362.375 / 12604.291015625,0.2782,none,none,none,none,C3H4O2,C30H38O6 / C27H34O4,135362.375 / 141525.6875,1.3254,none,none,none,none,C7H6O2,C29H36O5 / C22H30O3,54056.23828125 / 4285.55029296875,0.1078,C5H10O2,C25H30O2 / C20H20O4,10745.0576171875 / 6397.15576171875,0.0569,none,none,none,none,none,none,none,none,none,none,none,none,none,none,none,none,C17H16O1,6512.71,0.0651,C18H16O1,8315.82,0.0832,C19H18O2,15766.65,0.1577,C20H16O2,10832.77,0.1083,C27H34O4,141525.69,1.4153,C7H4O,5828.17,0.0583,10.0,1-alkyl-3-one,"5-ol-6,7-epoxy","9,13,14-orthoester",no C-12,with C-18,others,others,0,others,,"benzoyl(0.11),benzoyl(0.06)",none,A6,B1,C5,none,none,none,none,none,none,none,none,3.1634,A6B1C5,,,,0.0,Top1,1.0
63,531.2954,10.5,390000.0,DA41_wikstroelide F (TDPE-20),C=C(C)C12CC(COC(=O)c3ccccc3)C34OC5(CCCCCCCC(C)C6C(C)C(=O)C(O)(C(O)C7(CO)OC7C3C1O5)C64)O2,MD,17,15,MD,C30H42O8,possibly undescribed,none,[M+H]+,"32,63",C10H18O2,C30H36O5 / C20H18O3,161314.09375 / 18234.13671875,0.3461,C14H24O4,C30H38O6 / C16H14O2,135362.375 / 12604.291015625,0.2782,none,none,none,none,C3H4O2,C30H38O6 / C27H34O4,135362.375 / 141525.6875,1.3254,none,none,none,none,C7H6O2,C29H36O5 / C22H30O3,54056.23828125 / 4285.55029296875,0.1078,C5H10O2,C25H30O2 / C20H20O4,10745.0576171875 / 6397.15576171875,0.0569,none,none,none,none,none,none,none,none,none,none,none,none,none,none,none,none,C17H16O1,6512.71,0.0651,C18H16O1,8315.82,0.0832,C19H18O2,15766.65,0.1577,C20H16O2,10832.77,0.1083,C27H34O4,141525.69,1.4153,C7H4O,5828.17,0.0583,10.0,1-alkyl-3-one,"5-ol-6,7-epoxy","9,13,14-orthoester",no C-12,with C-18,others,C10 ring with no substituent,0,others,,"benzoyl(0.11),benzoyl(0.06)",none,A6,B1,C5,M2,none,none,none,none,none,none,none,3.1634,A6B1C5M2,OCC12OC1C1C3OC45CCCCCCCC(C)C6C(C)C(=O)C(O)(C2O)C6C1(O4)C(CO)CC3(C(=C)C)O5,PD01121529,C30H44O9,548.673,Top1,1.0
64,545.2744,10.5,450000.0,DA43_stelleralide C (TDPE-29),C=C(C)C12CC(COC(=O)c3ccccc3)C34OC5(CCCCCCCC(C)C6C3C3(OC6(C)OC3=O)C(O)C3(CO)OC3C4C1O5)O2,MD,8,28,MD,C30H40O9,possibly undescribed,none,[M+H]+,"8,64",C10H18O2,C30H34O6 / C20H16O4,19924.5 / 14355.5673828125,0.1294,C14H24O4,C30H36O7 / C16H12O3,31598.240234375 / 8836.0341796875,0.0951,none,none,none,none,C3H4O2,C27H34O5 / C24H30O3,3510.34228515625 / 2517.21142578125,0.0227,none,none,none,none,none,none,none,none,C5H10O2,C25H30O4 / C20H20O6,4648.94091796875 / 12507.83984375,0.0448,none,none,none,none,none,none,none,C14H14O3,32534.65,0.3253,C15H22O2,51305.73,0.5131,none,none,none,C17H16O1,7130.85,0.0713,C18H16O2,6227.75,0.0623,C19H18O3,11711.89,0.1171,C20H20O6,12507.84,0.1251,C27H30O3,9525.03,0.0953,C7H4O,23743.68,0.2374,11.0,bicyclo [2.2.1] heptane ring,"5-ol-6,7-epoxy","9,13,14-orthoester",no C-12,with C-18,others,C10 ring with no substituent,0,others,,benzoyl(0.24),none,none,B1,C5,M2,none,none,none,none,none,none,none,0.9314,none,,,,0.0,Top1,1.0
65,545.2744,10.7,8600000.0,DA44_daphnepedunin E (TDPE-28),C=C(C)C12CC(COC(=O)c3ccccc3)C34OC5(CCCCCCCC(C)C6C3C3(OC6(C)OC3=O)C(O)C3(CO)OC3C4C1O5)O2,MD,0,6,MD,C30H40O9,possibly undescribed,none,[M+H]+,"41,65",none,none,none,none,none,none,none,none,none,none,none,none,none,none,none,none,none,none,none,none,none,none,none,none,none,none,none,none,none,none,none,none,none,none,none,C14H14O3,14527.69,0.1453,C15H22O2,40591.52,0.4059,none,none,none,none,none,none,none,none,none,C19H24O5,2795.12,0.028,none,none,none,none,none,none,none,none,none,11.0,1-alkyl-3-one,others,"9,13,14-orthoester",no C-12,with C-18,others,others,0,others,,others,none,A6,none,C5,none,none,none,none,none,none,none,none,0.0,none,,,,0.0,Top1,
66,547.2899,5.5,2800000.0,DA45_daphnepedunin D (TDPE-11),C=C(C)C12CC(COC(=O)c3ccccc3)C34OC5(CCCCCC(O)CC(C)C6C(C)C(=O)C(O)(C(O)C7(CO)OC7C3C1O5)C64)O2,MD,32,19,MD,C30H42O9,possibly known,"std_pimelotide C (DA33), std_pimelotide A (DA32)",[M+H]+,"36,66",C10H18O3,C30H36O6 / C20H18O3,143058.890625 / 23726.3046875,0.343,C14H24O4,C30H36O6 / C16H12O2,143058.890625 / 6258.810546875,0.2636,C9H16O2,C29H34O5 / C20H18O3,45737.42578125 / 23726.3046875,0.2126,C3H4O2,C30H38O7 / C27H34O5,109476.3203125 / 98209.9921875,0.9368,C2H4O2,C22H22O2 / C20H18O4,9628.5859375 / 13597.22265625,0.0866,C7H6O2,C27H34O5 / C20H28O3,98209.9921875 / 8782.625,0.2002,C5H10O2,C27H34O5 / C22H24O3,98209.9921875 / 4289.2646484375,0.1809,C4H8O2,C26H30O4 / C22H22O2,7343.35595703125 / 9628.5859375,0.0669,none,none,none,none,none,none,none,none,none,none,none,none,C17H16O1,6009.23,0.0601,C18H16O2,10909.69,0.1091,C19H16O2,15424.27,0.1542,C20H16O2,11306.67,0.1131,C27H34O5,98209.99,0.9821,C7H4O,13938.83,0.1394,10.0,1-alkyl-3-one,"5-ol-6,7-epoxy","9,13,14-orthoester",no C-12,with C-18,others,C9 ring with no substituent,0,others,,"acyl(0.09),benzoyl(0.20),benzoyl(0.14)",none,A6,B1,C5,M1,none,none,none,none,none,none,none,2.8400000000000003,A6B1C5M1,OCC12OC1C1C3OC45CCCCCCCCC6C(C)C(=O)C(O)(C2O)C6C1(O4)C(CO)CC3(C(=C)C)O5,PD01121525,C29H42O9,534.646,Top1,1.0
67,615.3157,10.2,4800000.0,DA46_edgeworthianin F (ECF-7),C=C(C)C12OC34CCCC=CCCCCC(CCC)C5C6C7(OC5(C)OC7=O)C(O)C5(CO)OC5C(C1O3)C6(O4)C(COC(=O)C(C)C)C2O,MD,0,6,MD,C34H46O10,possibly undescribed,none,[M+H]+,"47,67",none,none,none,none,C14H24O2,C34H46O10 / C20H22O8,128152.15625 / 1684.87744140625,0.2202,none,none,none,none,none,none,none,none,none,none,none,none,none,none,none,none,none,none,none,none,none,none,none,none,none,none,none,C14H22O,3426.62,0.0343,none,none,none,none,none,none,none,none,none,none,none,none,C19H18O4,2290.79,0.0229,none,none,none,none,none,none,none,none,none,12.0,bicyclo [2.2.1] heptane ring,others,"9,13,14-orthoester",with C-12,with C-18,others,C14 ring with an olenfinic,0,others,,others,none,none,none,C6,M7,none,none,none,none,none,none,none,0.30029999999999996,none,,,,0.0,Top1,1.0
68,643.3461,11.0,15000000.0,DA47_edgeworthianin E (ECH-2),C=C(C)C12OC34CCCC=CCCCCC(CCC)C5C(C)C(=O)C6(O)C(O)C7(CO)OC7C(C1O3)C(O4)(C(COC(=O)C(C)C)C2OC(C)=O)C56,MD,13,24,MD,C36H50O10,possibly undescribed,none,[M+H]+,"37,68",C10H16O2,C30H34O2 / C20H18O4,140000.0 / 780000.0,1.9236,C14H24O2,C34H42O6 / C20H18O4,1900000.0 / 780000.0,7.2992,C9H16O2,C29H34O2 / C20H18O4,120000.0 / 780000.0,1.8243,C3H4O2,C20H20O4 / C17H16O2,110000.0 / 82000.0,0.7432,C2H4O2,C36H46O8 / C34H42O6,230000.0 / 1900000.0,4.1471,none,none,none,none,none,none,none,none,C4H8O2,C38H50O8 / C34H42O6,98000.0 / 1900000.0,3.563,none,none,none,C14H22O,230000.00,2.3000,none,none,none,none,none,none,C17H14O3,110000.00,1.1000,C18H16O2,210000.00,2.1000,C19H18O3,430000.0,4.3,C20H20O5,190000.00,1.9000,C27H36O2,69000.00,0.6900,C4H6O,130000.00,1.3000,12.0,1-alkyl-3-one,"5-ol-6,7-epoxy","9,13,14-orthoester",with C-12,with C-18,others,C14 ring with an olenfinic,1,C2,C2*1,"acyl(4.15),butanoyl/isobutyryl(1.30)",acyl,A6,B1,C6,M7,R1,none,none,none,none,none,none,23.579500000000003,A6B1C6M7,OCC12OC1C1C3OC45CCCC=CCCCCC(CCC)C6C(C)C(=O)C(O)(C2O)C6C1(O4)C(C)C(OC(=O)C)C3(C(=C)C)O5,PD01125401,C36H52O10,644.802,Top1,1.0
68,643.3461,11.0,15000000.0,DA47_edgeworthianin E (ECH-2),C=C(C)C12OC34CCCC=CCCCCC(CCC)C5C(C)C(=O)C6(O)C(O)C7(CO)OC7C(C1O3)C(O4)(C(COC(=O)C(C)C)C2OC(C)=O)C56,MD,13,24,MD,C36H50O10,possibly undescribed,none,[M+H]+,"37,68",C10H16O2,C30H34O2 / C20H18O4,140000.0 / 780000.0,1.9236,C14H24O2,C34H42O6 / C20H18O4,1900000.0 / 780000.0,7.2992,C9H16O2,C29H34O2 / C20H18O4,120000.0 / 780000.0,1.8243,C3H4O2,C20H20O4 / C17H16O2,110000.0 / 82000.0,0.7432,C2H4O2,C36H46O8 / C34H42O6,230000.0 / 1900000.0,4.1471,none,none,none,none,none,none,none,none,C4H8O2,C38H50O8 / C34H42O6,98000.0 / 1900000.0,3.563,none,none,none,C14H22O,230000.00,2.3000,none,none,none,none,none,none,C17H14O3,110000.00,1.1000,C18H16O2,210000.00,2.1000,C19H18O3,430000.0,4.3,C20H20O5,190000.00,1.9000,C27H36O2,69000.00,0.6900,C4H6O,130000.00,1.3000,12.0,1-alkyl-3-one,"5-ol-6,7-epoxy","9,13,14-orthoester",with C-12,with C-18,others,C14 ring with an olenfinic,1,C2,C2*1,"acyl(4.15),butanoyl/isobutyryl(1.30)",acyl,A6,B1,C6,M7,R1,none,none,none,none,none,none,23.579500000000003,A6B1C6M7,OCC12OC1C1C3OC45CCCC=CCCCCC(CCC)C6C(C)C(=O)C(O)(C2O)C6C1(O4)C(COC(=O)C)CC3(C(=C)C)O5,PD01127993,C36H52O10,644.802,Top1,1.0
68,643.3461,11.0,15000000.0,DA47_edgeworthianin E (ECH-2),C=C(C)C12OC34CCCC=CCCCCC(CCC)C5C(C)C(=O)C6(O)C(O)C7(CO)OC7C(C1O3)C(O4)(C(COC(=O)C(C)C)C2OC(C)=O)C56,MD,13,24,MD,C36H50O10,possibly undescribed,none,[M+H]+,"37,68",C10H16O2,C30H34O2 / C20H18O4,140000.0 / 780000.0,1.9236,C14H24O2,C34H42O6 / C20H18O4,1900000.0 / 780000.0,7.2992,C9H16O2,C29H34O2 / C20H18O4,120000.0 / 780000.0,1.8243,C3H4O2,C20H20O4 / C17H16O2,110000.0 / 82000.0,0.7432,C2H4O2,C36H46O8 / C34H42O6,230000.0 / 1900000.0,4.1471,none,none,none,none,none,none,none,none,C4H8O2,C38H50O8 / C34H42O6,98000.0 / 1900000.0,3.563,none,none,none,C14H22O,230000.00,2.3000,none,none,none,none,none,none,C17H14O3,110000.00,1.1000,C18H16O2,210000.00,2.1000,C19H18O3,430000.0,4.3,C20H20O5,190000.00,1.9000,C27H36O2,69000.00,0.6900,C4H6O,130000.00,1.3000,12.0,1-alkyl-3-one,"5-ol-6,7-epoxy","9,13,14-orthoester",with C-12,with C-18,others,C14 ring with an olenfinic,1,C2,C2*1,"acyl(4.15),butanoyl/isobutyryl(1.30)",acyl,A6,B1,C6,M7,R1,none,none,none,none,none,none,23.579500000000003,A6B1C6M7,CC(=O)OCC12OC1C1C3OC45CCCC=CCCCCC(CCC)C6C(C)C(=O)C(O)(C2O)C6C1(O4)C(C)CC3(C(=C)C)O5,PD01131317,C36H52O9,628.803,Top1,1.0
69,657.3252,11.6,42000000.0,DA48_edgeworthianin B (ECH-4),C=C(C)C12OC34CCCC=CCCCCC(CCC)C5C6C7(OC5(C)OC7=O)C(O)C5(CO)OC5C(C1O3)C6(O4)C(COC(=O)C(C)C)C2OC(C)=O,MD,8,12,MD,C36H48O11,possibly undescribed,none,[M+H]+,"44,69",C10H16O3,C30H38O5 / C20H22O8,2670.417236328125 / 5275.44140625,0.024,C14H24O2,C36H48O11 / C22H24O9,433340.4375 / 10870.2373046875,0.7653,none,none,none,none,C3H4O2,C20H18O5 / C17H14O3,2201.913818359375 / 3079.209716796875,0.0198,C2H4O2,C36H48O11 / C34H44O9,433340.4375 / 34072.84765625,0.8629,none,none,none,none,none,none,none,none,none,none,none,none,none,none,none,C14H22O,20589.35,0.2059,none,none,none,none,none,none,C17H14O2,4397.30,0.0440,C18H16O2,5979.71,0.0598,C19H18O4,9869.66,0.0987,C20H20O6,2109.86,0.0211,none,none,none,C5H8O,2456.28,0.0246,13.0,bicyclo [2.2.1] heptane ring,"5-ol-6,7-epoxy","9,13,14-orthoester",with C-12,with C-18,others,C14 ring with an olenfinic,1,C2,C2*1,"acyl(0.86),pentanoyl/2-methylbutyryl(0.02)",acyl,none,B1,C6,M7,R1,none,none,none,none,none,none,2.1797,none,,,,0.0,Top1,1.0
70,657.3262,12.3,4300000.0,DA49_edgeworthianin G (ECH-6),C=C(C)C12OC34CCCC=CCCCCC(CCC)C5C6C7(OC5(C)OC7=O)C(O)C5(CO)OC5C(C1O3)C6(O4)C(COC(=O)C(C)CC)C2OC(C)=O,MD,0,12,MD,C36H48O11,possibly undescribed,none,[M+H]+,"48,70",C10H18O2,C30H38O5 / C20H20O7,2670.417236328125 / 16407.89453125,0.0391,C14H24O2,C36H48O11 / C22H24O9,433340.4375 / 10870.2373046875,0.7653,none,none,none,none,C3H4O2,C20H18O6 / C17H14O4,21206.86328125 / 1365.825439453125,0.0409,C2H4O2,C36H48O11 / C34H44O9,433340.4375 / 34072.84765625,0.8629,none,none,none,none,none,none,none,none,none,none,none,none,none,none,none,none,none,none,none,none,none,none,none,none,none,none,none,none,none,none,none,none,none,C20H20O6,2109.86,0.0211,none,none,none,none,none,none,13.0,1-alkyl-3-one,"5-ol-6,7-epoxy","9,13,14-orthoester",no C-12,with C-18,others,C14 ring with an olenfinic,1,C2,C2*1,acyl(0.86),acyl,A6,B1,C5,M7,R1,none,none,none,none,none,none,1.6902,A6B1C5M7,OCC12OC1C1C3OC45CCCC=CCCCCC(CCC)C6C(C)C(=O)C(O)(C2O)C6C1(O4)C(COC(=O)C)CC3(C(=C)C)O5,PD01127957,C36H52O10,644.802,Top1,1.0
70,657.3262,12.3,4300000.0,DA49_edgeworthianin G (ECH-6),C=C(C)C12OC34CCCC=CCCCCC(CCC)C5C6C7(OC5(C)OC7=O)C(O)C5(CO)OC5C(C1O3)C6(O4)C(COC(=O)C(C)CC)C2OC(C)=O,MD,0,12,MD,C36H48O11,possibly undescribed,none,[M+H]+,"48,70",C10H18O2,C30H38O5 / C20H20O7,2670.417236328125 / 16407.89453125,0.0391,C14H24O2,C36H48O11 / C22H24O9,433340.4375 / 10870.2373046875,0.7653,none,none,none,none,C3H4O2,C20H18O6 / C17H14O4,21206.86328125 / 1365.825439453125,0.0409,C2H4O2,C36H48O11 / C34H44O9,433340.4375 / 34072.84765625,0.8629,none,none,none,none,none,none,none,none,none,none,none,none,none,none,none,none,none,none,none,none,none,none,none,none,none,none,none,none,none,none,none,none,none,C20H20O6,2109.86,0.0211,none,none,none,none,none,none,13.0,1-alkyl-3-one,"5-ol-6,7-epoxy","9,13,14-orthoester",no C-12,with C-18,others,C14 ring with an olenfinic,1,C2,C2*1,acyl(0.86),acyl,A6,B1,C5,M7,R1,none,none,none,none,none,none,1.6902,A6B1C5M7,CC(=O)OCC12OC1C1C3OC45CCCC=CCCCCC(CCC)C6C(C)C(=O)C(O)(C2O)C6C1(O4)C(C)CC3(C(=C)C)O5,PD01131101,C36H52O9,628.803,Top1,1.0
71,653.3317,9.6,10000000.0,DA50_stelleralide H (WLI-j),C=C(C)C12CC(COC(=O)c3ccccc3)C34OC5(OC1C3C1OC1(COC(=O)c1ccccc1)C(O)C1(O)C(O)C(C)C(C(C)CCCCCCC5O)C14)O2,MD,6,11,MD,C37H48O10,possibly known,std_wikstroelide F (DA41),[M+H]+,"27,71",C10H18O3,C30H38O6 / C20H20O3,88922.8203125 / 10130.5224609375,0.1912,C14H24O4,C30H38O6 / C16H14O2,88922.8203125 / 3555.916015625,0.1625,C9H16O2,C29H36O4 / C20H20O2,77474.0 / 5110.47705078125,0.15,C3H4O2,C30H38O6 / C27H34O4,88922.8203125 / 2105.40283203125,0.1565,none,none,none,none,C7H6O2,C37H48O10 / C30H42O8,174345.328125 / 3464.53076171875,0.3043,none,none,none,none,none,none,none,none,none,none,none,none,none,none,none,none,none,none,none,none,none,none,none,C18H18O1,1884.11,0.0188,C19H18O1,9178.30,0.0918,C20H18O2,10336.96,0.1034,C27H36O6,9809.62,0.0981,C7H4O,18421.79,0.1842,14.0,1-alkyl-3-ol,"5-ol-6,7-epoxy","9,13,14-orthoester",no C-12,with C-18,others,C9 ring with no substituent,3,"C2,C4",C2*2+C4*1,"benzoyl(0.30),benzoyl(0.18)","acyl,acyl,isobutyryl",A8,B1,C5,M1,R1,R1,R3,none,none,none,none,1.0153,A8B1C5M1,CC(=O)OCC12OC1C1C3OC45CCCCCCCCC6C(C)C(OC(=O)C)C(O)(C2O)C6C1(O4)C(COC(=O)CCC)CC3(C(=C)C)O5,PD01178699,C37H54O12,690.827,Top1,1.0
71,653.3317,9.6,10000000.0,DA50_stelleralide H (WLI-j),C=C(C)C12CC(COC(=O)c3ccccc3)C34OC5(OC1C3C1OC1(COC(=O)c1ccccc1)C(O)C1(O)C(O)C(C)C(C(C)CCCCCCC5O)C14)O2,MD,6,11,MD,C37H48O10,possibly known,std_wikstroelide F (DA41),[M+H]+,"27,71",C10H18O3,C30H38O6 / C20H20O3,88922.8203125 / 10130.5224609375,0.1912,C14H24O4,C30H38O6 / C16H14O2,88922.8203125 / 3555.916015625,0.1625,C9H16O2,C29H36O4 / C20H20O2,77474.0 / 5110.47705078125,0.15,C3H4O2,C30H38O6 / C27H34O4,88922.8203125 / 2105.40283203125,0.1565,none,none,none,none,C7H6O2,C37H48O10 / C30H42O8,174345.328125 / 3464.53076171875,0.3043,none,none,none,none,none,none,none,none,none,none,none,none,none,none,none,none,none,none,none,none,none,none,none,C18H18O1,1884.11,0.0188,C19H18O1,9178.30,0.0918,C20H18O2,10336.96,0.1034,C27H36O6,9809.62,0.0981,C7H4O,18421.79,0.1842,14.0,1-alkyl-3-ol,"5-ol-6,7-epoxy","9,13,14-orthoester",no C-12,with C-18,others,C9 ring with no substituent,2,C4,C4*2,"benzoyl(0.30),benzoyl(0.18)","isobutyryl,isobutyryl",A8,B1,C5,M1,R3,R3,none,none,none,none,none,1.0153,A8B1C5M1,,,,0.0,Top1,1.0
72,653.3317,10.2,110000000.0,DA51_gnidimacrin (DOSO-B),C=C(C)C12CC(COC(=O)c3ccccc3)C34OC5(OC1C3C1OC1(CO)C(O)C1(O)C(OC(=O)c3ccccc3)C(C)C(C(C)CCCCCCC5O)C14)O2,MD,17,21,MD,C37H48O10,possibly known,std_wikstroelide F (DA41),[M+H]+,"26,72",C10H16O2,C30H36O5 / C20H20O3,83798.1328125 / 53782.66796875,0.4789,C14H24O4,C30H38O6 / C16H14O2,121881.90625 / 8692.7509765625,0.2388,C9H16O2,C29H36O5 / C20H20O3,50424.77734375 / 53782.66796875,0.4895,C3H4O2,C30H38O6 / C27H34O4,121881.90625 / 71339.3046875,0.6343,none,none,none,none,C7H6O2,C37H46O9 / C30H40O7,30661.544921875 / 69362.71875,0.2819,C5H10O2,C27H38O4 / C22H28O2,7766.9990234375 / 4070.302001953125,0.0364,C4H8O2,C26H36O4 / C22H28O2,13702.0869140625 / 4070.302001953125,0.0426,none,none,none,none,none,none,none,none,none,none,none,none,C17H16O1,15182.05,0.1518,C18H18O1,32076.15,0.3208,C19H20O2,24963.69,0.2496,C20H20O3,53782.67,0.5378,C27H34O4,71339.30,0.7134,C7H4O,103968.48,1.0397,14.0,1-alkyl-3-ol,"5-ol-6,7-epoxy","9,13,14-orthoester",no C-12,with C-18,others,C9 ring with no substituent,3,"C2,C4",C2*2+C4*1,"benzoyl(0.28),benzoyl(1.04)","acyl,acyl,isobutyryl",A8,B1,C5,M1,R1,R1,R3,none,none,none,none,4.1692,A8B1C5M1,CC(=O)OCC12OC1C1C3OC45CCCCCCCCC6C(C)C(OC(=O)C)C(O)(C2O)C6C1(O4)C(COC(=O)CCC)CC3(C(=C)C)O5,PD01178699,C37H54O12,690.827,Top1,1.0
72,653.3317,10.2,110000000.0,DA51_gnidimacrin (DOSO-B),C=C(C)C12CC(COC(=O)c3ccccc3)C34OC5(OC1C3C1OC1(CO)C(O)C1(O)C(OC(=O)c3ccccc3)C(C)C(C(C)CCCCCCC5O)C14)O2,MD,17,21,MD,C37H48O10,possibly known,std_wikstroelide F (DA41),[M+H]+,"26,72",C10H16O2,C30H36O5 / C20H20O3,83798.1328125 / 53782.66796875,0.4789,C14H24O4,C30H38O6 / C16H14O2,121881.90625 / 8692.7509765625,0.2388,C9H16O2,C29H36O5 / C20H20O3,50424.77734375 / 53782.66796875,0.4895,C3H4O2,C30H38O6 / C27H34O4,121881.90625 / 71339.3046875,0.6343,none,none,none,none,C7H6O2,C37H46O9 / C30H40O7,30661.544921875 / 69362.71875,0.2819,C5H10O2,C27H38O4 / C22H28O2,7766.9990234375 / 4070.302001953125,0.0364,C4H8O2,C26H36O4 / C22H28O2,13702.0869140625 / 4070.302001953125,0.0426,none,none,none,none,none,none,none,none,none,none,none,none,C17H16O1,15182.05,0.1518,C18H18O1,32076.15,0.3208,C19H20O2,24963.69,0.2496,C20H20O3,53782.67,0.5378,C27H34O4,71339.30,0.7134,C7H4O,103968.48,1.0397,14.0,1-alkyl-3-ol,"5-ol-6,7-epoxy","9,13,14-orthoester",no C-12,with C-18,others,C9 ring with no substituent,2,C4,C4*2,"benzoyl(0.28),benzoyl(1.04)","isobutyryl,isobutyryl",A8,B1,C5,M1,R3,R3,none,none,none,none,none,4.1692,A8B1C5M1,,,,0.0,Top1,1.0
73,657.3254,12.1,47000000.0,DA52_edgeworthianin C (ECH-5),C=C(C)C12OC34CCCC=CCCCCC(CCC)C5C6C7(OC5(C)OC7=O)C(O)C5(CO)OC5C(C1O3)C6(O4)C(COC(=O)c1ccccc1)C2OC(C)=O,MD,7,14,MD,C36H48O11,possibly undescribed,none,[M+H]+,"46,73",C10H16O3,C30H34O3 / C20H18O6,5666.75439453125 / 40325.55859375,0.0917,C14H24O2,C36H48O11 / C22H24O9,824737.0 / 8655.841796875,1.4085,none,none,none,none,C3H4O2,C20H18O6 / C17H14O4,40325.55859375 / 6097.43310546875,0.0938,C2H4O2,C36H48O11 / C34H44O9,824737.0 / 66254.8046875,1.6484,none,none,none,none,none,none,none,none,none,none,none,none,none,none,none,C14H22O,27796.98,0.2780,none,none,none,none,none,none,C17H14O2,7308.76,0.0731,C18H16O2,6356.82,0.0636,C19H18O4,15916.80,0.1592,none,none,none,none,none,none,C5H8O,4084.65,0.0408,13.0,bicyclo [2.2.1] heptane ring,"5-ol-6,7-epoxy","9,13,14-orthoester",with C-12,with C-18,others,C14 ring with an olenfinic,1,C2,C2*1,"acyl(1.65),pentanoyl/2-methylbutyryl(0.04)",acyl,none,B1,C6,M7,R1,none,none,none,none,none,none,3.9246000000000003,none,,,,0.0,Top1,1.0
74,665.2947,10.9,14000000.0,DA53_daphnepedunin F (TDPE-39),C=C(C)C12CC(COC(=O)c3ccccc3)C34OC5(CCCCCC(OC(=O)c6ccccc6)CC(C)C6C3C3(OC6(C)OC3=O)C(O)C3(CO)OC3C4C1O5)O2,MD,10,8,MD,C37H44O11,possibly undescribed,none,[M+H]+,"40,74",C10H16O2,C30H36O8 / C20H20O6,44857.2734375 / 24354.748046875,0.2173,none,none,none,none,C9H16O2,C29H34O5 / C20H18O3,8415.201171875 / 3700.987548828125,0.0341,none,none,none,none,none,none,none,none,C7H6O2,C37H44O11 / C30H38O9,64023.3046875 / 85234.96875,0.5811,none,none,none,none,none,none,none,none,none,none,none,C14H14O3,25649.87,0.2565,none,none,none,none,none,none,C17H16O2,5461.30,0.0546,C18H18O2,5625.56,0.0563,C19H18O4,9243.72,0.0924,C20H20O6,24354.75,0.2435,none,none,none,C7H4O,7978.38,0.0798,16.0,bicyclo [2.2.1] heptane ring,"5-ol-6,7-epoxy","9,13,14-orthoester",no C-12,with C-18,others,C9 ring with no substituent,2,C4,C4*2,"benzoyl(0.58),benzoyl(0.08)","isobutyryl,isobutyryl",none,B1,C5,M1,R3,R3,none,none,none,none,none,1.1547999999999998,none,,,,0.0,Top1,1.0
74,665.2947,10.9,14000000.0,DA53_daphnepedunin F (TDPE-39),C=C(C)C12CC(COC(=O)c3ccccc3)C34OC5(CCCCCC(OC(=O)c6ccccc6)CC(C)C6C3C3(OC6(C)OC3=O)C(O)C3(CO)OC3C4C1O5)O2,MD,10,8,MD,C37H44O11,possibly undescribed,none,[M+H]+,"40,74",C10H16O2,C30H36O8 / C20H20O6,44857.2734375 / 24354.748046875,0.2173,none,none,none,none,C9H16O2,C29H34O5 / C20H18O3,8415.201171875 / 3700.987548828125,0.0341,none,none,none,none,none,none,none,none,C7H6O2,C37H44O11 / C30H38O9,64023.3046875 / 85234.96875,0.5811,none,none,none,none,none,none,none,none,none,none,none,C14H14O3,25649.87,0.2565,none,none,none,none,none,none,C17H16O2,5461.30,0.0546,C18H18O2,5625.56,0.0563,C19H18O4,9243.72,0.0924,C20H20O6,24354.75,0.2435,none,none,none,C7H4O,7978.38,0.0798,16.0,bicyclo [2.2.1] heptane ring,"5-ol-6,7-epoxy","9,13,14-orthoester",no C-12,with C-18,others,C9 ring with no substituent,3,"C2,C4",C2*2+C4*1,"benzoyl(0.58),benzoyl(0.08)","acyl,acyl,isobutyryl",none,B1,C5,M1,R1,R1,R3,none,none,none,none,1.1547999999999998,none,,,,0.0,Top1,1.0
75,711.337,8.0,110000000.0,DA54_stelleralide F (DPSft-11),C=C(C)C12CC(COC(C)=O)C34OC5(OC1C3C1OC1(CO)C(O)C1(O)C(OC(=O)c3ccccc3)C(C)C(C(C)CC(OC(=O)c3ccccc3)CCCCC5O)C14)O2,MD,25,25,MD,C39H50O12,possibly undescribed,none,[M+H]+,"55,75",C10H16O3,C30H36O6 / C20H20O3,119325.8984375 / 83958.6875,0.754,none,none,none,none,C9H16O2,C29H36O5 / C20H20O3,78171.6953125 / 83958.6875,0.7566,C3H4O2,C30H36O6 / C27H32O4,119325.8984375 / 78916.4921875,0.7041,C2H4O2,C32H40O8 / C30H36O6,18148.30078125 / 119325.8984375,0.2781,C7H6O2,C37H44O9 / C30H38O7,36221.84375 / 77001.6015625,0.3291,C5H10O2,C27H32O4 / C22H22O2,78916.4921875 / 10458.6943359375,0.1765,C4H8O2,C24H26O4 / C20H18O2,6402.51318359375 / 66270.90625,0.1372,C10H14O3,7818.97,0.0782,C14H14O3,8468.92,0.0847,none,none,none,none,none,none,C17H16O1,16455.62,0.1646,C18H18O1,44092.25,0.4409,C19H18O1,62427.95,0.6243,C20H20O3,83958.69,0.8396,C27H32O4,78916.49,0.7892,C7H4O,165182.78,1.6518,15.0,1-alkyl-3-ol,"5-ol-6,7-epoxy","9,13,14-orthoester",no C-12,with C-18,others,C9 ring with no substituent,2,C5,C5*2,"acyl(0.28),benzoyl(0.33),benzoyl(1.65)","2-methylbutyryl,2-methylbutyryl",A8,B1,C5,M1,R4,R4,none,none,none,none,none,5.954000000000001,A8B1C5M1,,,,0.0,Top1,1.0
75,711.337,8.0,110000000.0,DA54_stelleralide F (DPSft-11),C=C(C)C12CC(COC(C)=O)C34OC5(OC1C3C1OC1(CO)C(O)C1(O)C(OC(=O)c3ccccc3)C(C)C(C(C)CC(OC(=O)c3ccccc3)CCCCC5O)C14)O2,MD,25,25,MD,C39H50O12,possibly undescribed,none,[M+H]+,"55,75",C10H16O3,C30H36O6 / C20H20O3,119325.8984375 / 83958.6875,0.754,none,none,none,none,C9H16O2,C29H36O5 / C20H20O3,78171.6953125 / 83958.6875,0.7566,C3H4O2,C30H36O6 / C27H32O4,119325.8984375 / 78916.4921875,0.7041,C2H4O2,C32H40O8 / C30H36O6,18148.30078125 / 119325.8984375,0.2781,C7H6O2,C37H44O9 / C30H38O7,36221.84375 / 77001.6015625,0.3291,C5H10O2,C27H32O4 / C22H22O2,78916.4921875 / 10458.6943359375,0.1765,C4H8O2,C24H26O4 / C20H18O2,6402.51318359375 / 66270.90625,0.1372,C10H14O3,7818.97,0.0782,C14H14O3,8468.92,0.0847,none,none,none,none,none,none,C17H16O1,16455.62,0.1646,C18H18O1,44092.25,0.4409,C19H18O1,62427.95,0.6243,C20H20O3,83958.69,0.8396,C27H32O4,78916.49,0.7892,C7H4O,165182.78,1.6518,15.0,1-alkyl-3-ol,"5-ol-6,7-epoxy","9,13,14-orthoester",no C-12,with C-18,others,C9 ring with no substituent,4,"C2,C4",C2*3+C4*1,"acyl(0.28),benzoyl(0.33),benzoyl(1.65)","acyl,acyl,acyl,isobutyryl",A8,B1,C5,M1,R1,R1,R1,R3,none,none,none,5.954000000000001,A8B1C5M1,,,,0.0,Top1,1.0
76,773.3517,10.2,11000000.0,DA55_stelleralide G (WIS-12),C=C(C)C12CC(COC(=O)c3ccccc3)C34OC5(OC1C3C1OC1(CO)C(O)C1(O)C(OC(=O)c3ccccc3)C(C)C(C(C)CC(OC(=O)c3ccccc3)CCCCC5O)C14)O2,MD,16,21,MD,C44H52O12,possibly undescribed,none,[M+H]+,"35,76",C10H16O3,C30H36O6 / C20H20O3,33908.5859375 / 22276.71875,0.1987,none,none,none,none,C9H16O2,C29H36O5 / C20H20O3,27424.701171875 / 22276.71875,0.2059,C3H4O2,C30H36O6 / C27H32O4,33908.5859375 / 21987.2734375,0.1959,none,none,none,none,C7H6O2,C37H42O8 / C30H36O6,10721.1962890625 / 33908.5859375,0.1094,C5H10O2,C25H28O3 / C20H18O1,4535.43798828125 / 6398.77783203125,0.0408,none,none,none,none,C10H16O3,4166.09,0.0417,none,none,none,none,none,none,none,none,none,C17H16O1,6274.63,0.0627,C18H18O1,12019.00,0.1202,C19H20O2,12672.80,0.1267,C20H20O3,22276.72,0.2228,C27H32O4,21987.27,0.2199,C7H4O,43534.56,0.4353,19.0,1-alkyl-3-ol,"5-ol-6,7-epoxy","9,13,14-orthoester",no C-12,with C-18,others,C9 ring with no substituent,3,"C4,C7",C7*1+C4*2,"benzoyl(0.11),benzoyl(0.44)","benzoyl,isobutyryl,isobutyryl",A8,B1,C5,M1,R92,R3,R3,none,none,none,none,1.5720999999999998,A8B1C5M1,,,,0.0,Top1,1.0
76,773.3517,10.2,11000000.0,DA55_stelleralide G (WIS-12),C=C(C)C12CC(COC(=O)c3ccccc3)C34OC5(OC1C3C1OC1(CO)C(O)C1(O)C(OC(=O)c3ccccc3)C(C)C(C(C)CC(OC(=O)c3ccccc3)CCCCC5O)C14)O2,MD,16,21,MD,C44H52O12,possibly undescribed,none,[M+H]+,"35,76",C10H14O2,C30H34O5 / C20H20O3,25239.08203125 / 22276.71875,0.2112,none,none,none,none,C9H16O2,C29H36O5 / C20H20O3,27424.701171875 / 22276.71875,0.2059,C3H4O2,C30H36O6 / C27H32O4,33908.5859375 / 21987.2734375,0.1959,none,none,none,none,C7H6O2,C37H42O8 / C30H36O6,10721.1962890625 / 33908.5859375,0.1094,C5H10O2,C25H28O3 / C20H18O1,4535.43798828125 / 6398.77783203125,0.0408,none,none,none,none,C10H16O3,4166.09,0.0417,none,none,none,none,none,none,none,none,none,C17H16O1,6274.63,0.0627,C18H18O1,12019.00,0.1202,C19H18O2,19876.66,0.1988,C20H20O3,22276.72,0.2228,C27H32O4,21987.27,0.2199,C7H4O,43534.56,0.4353,19.0,1-alkyl-3-ol,"5-ol-6,7-epoxy","9,13,14-orthoester",no C-12,with C-18,others,C9 ring with no substituent,3,C5,C5*3,"benzoyl(0.11),benzoyl(0.44)","2-methylbutyryl,2-methylbutyryl,2-methylbutyryl",A8,B1,C5,M1,R4,R4,R4,none,none,none,none,1.5720999999999998,A8B1C5M1,,,,0.0,Top1,1.0
76,773.3517,10.2,11000000.0,DA55_stelleralide G (WIS-12),C=C(C)C12CC(COC(=O)c3ccccc3)C34OC5(OC1C3C1OC1(CO)C(O)C1(O)C(OC(=O)c3ccccc3)C(C)C(C(C)CC(OC(=O)c3ccccc3)CCCCC5O)C14)O2,MD,16,21,MD,C44H52O12,possibly undescribed,none,[M+H]+,"35,76",C10H16O3,C30H36O6 / C20H20O3,33908.5859375 / 22276.71875,0.1987,none,none,none,none,C9H16O2,C29H36O5 / C20H20O3,27424.701171875 / 22276.71875,0.2059,C3H4O2,C30H36O6 / C27H32O4,33908.5859375 / 21987.2734375,0.1959,none,none,none,none,C7H6O2,C37H42O8 / C30H36O6,10721.1962890625 / 33908.5859375,0.1094,C5H10O2,C25H28O3 / C20H18O1,4535.43798828125 / 6398.77783203125,0.0408,none,none,none,none,C10H16O3,4166.09,0.0417,none,none,none,none,none,none,none,none,none,C17H16O1,6274.63,0.0627,C18H18O1,12019.00,0.1202,C19H18O2,19876.66,0.1988,C20H20O3,22276.72,0.2228,C27H32O4,21987.27,0.2199,C7H4O,43534.56,0.4353,19.0,1-alkyl-3-ol,"5-ol-6,7-epoxy","9,13,14-orthoester",no C-12,with C-18,others,C9 ring with no substituent,4,"C2,C4,C7",C2*2+C7*1+C4*1,"benzoyl(0.11),benzoyl(0.44)","acyl,acyl,benzoyl,isobutyryl",A8,B1,C5,M1,R1,R1,R92,R3,none,none,none,1.5720999999999998,A8B1C5M1,,,,0.0,Top1,1.0
77,893.3734,9.0,5200000.0,DA56_daphneodorin A (DOSO-K),C=C(C)C12CC(COC(C)=O)C34OC5(OC1C3C1OC1(CO)C(O)C1(O)C(OC(=O)c3ccccc3)C(C)C(C(C)CC(OC(=O)c3ccccc3)C(OC(=O)c3ccccc3)CCCC5O)C14)O2,MD,39,22,MD,C51H56O14,possibly undescribed,none,[M+H]+,"39,77",C10H16O3,C30H34O6 / C20H18O3,587330.25 / 60173.6953125,1.2318,none,none,none,none,C9H16O2,C29H32O4 / C20H16O2,531967.875 / 14828.6826171875,0.9455,C3H4O2,C30H34O6 / C27H30O4,587330.25 / 231358.484375,2.1895,C2H4O2,C32H38O8 / C30H34O6,83588.84375 / 587330.25,1.341,C7H6O2,C37H40O8 / C30H34O6,220257.5625 / 587330.25,2.1151,C5H10O2,C27H30O4 / C22H20O2,231358.484375 / 89486.3046875,0.8513,C4H8O2,C24H26O4 / C20H18O2,19630.50390625 / 147832.8125,0.3308,C10H14O3,114524.10,1.1452,C14H14O3,27296.93,0.2730,none,none,none,none,none,none,C17H16O1,31822.53,0.3182,C18H18O1,58162.84,0.5816,C19H18O2,78765.34,0.7877,C20H18O2,147832.81,1.4783,C27H30O4,231358.48,2.3136,C7H4O,675023.50,6.7502,24.0,1-alkyl-3-ol,"5-ol-6,7-epoxy","9,13,14-orthoester",no C-12,with C-18,others,C10 ring with two substituents and a hydroxyl group,6,"C2,C4,C7",C2*3+C7*1+C4*2,"acyl(1.34),benzoyl(2.12),benzoyl(6.75)","acyl,acyl,acyl,benzoyl,isobutyryl,isobutyryl",A8,B1,C5,M5,R1,R1,R1,R92,R3,R3,none,18.2327,A8B1C5M5,,,,0.0,Top1,1.0
77,893.3734,9.0,5200000.0,DA56_daphneodorin A (DOSO-K),C=C(C)C12CC(COC(C)=O)C34OC5(OC1C3C1OC1(CO)C(O)C1(O)C(OC(=O)c3ccccc3)C(C)C(C(C)CC(OC(=O)c3ccccc3)C(OC(=O)c3ccccc3)CCCC5O)C14)O2,MD,39,22,MD,C51H56O14,possibly undescribed,none,[M+H]+,"39,77",C10H16O3,C30H34O6 / C20H18O3,587330.25 / 60173.6953125,1.2318,none,none,none,none,C9H16O2,C29H32O4 / C20H16O2,531967.875 / 14828.6826171875,0.9455,C3H4O2,C30H34O6 / C27H30O4,587330.25 / 231358.484375,2.1895,C2H4O2,C32H38O8 / C30H34O6,83588.84375 / 587330.25,1.341,C7H6O2,C37H40O8 / C30H34O6,220257.5625 / 587330.25,2.1151,C5H10O2,C27H30O4 / C22H20O2,231358.484375 / 89486.3046875,0.8513,C4H8O2,C24H26O4 / C20H18O2,19630.50390625 / 147832.8125,0.3308,C10H14O3,114524.10,1.1452,C14H14O3,27296.93,0.2730,none,none,none,none,none,none,C17H16O1,31822.53,0.3182,C18H18O1,58162.84,0.5816,C19H18O2,78765.34,0.7877,C20H18O2,147832.81,1.4783,C27H30O4,231358.48,2.3136,C7H4O,675023.50,6.7502,24.0,1-alkyl-3-ol,"5-ol-6,7-epoxy","9,13,14-orthoester",no C-12,with C-18,others,C10 ring with two substituents and a hydroxyl group,6,"C2,C5",C2*3+C5*3,"acyl(1.34),benzoyl(2.12),benzoyl(6.75)","acyl,acyl,acyl,2-methylbutyryl,2-methylbutyryl,2-methylbutyryl",A8,B1,C5,M5,R1,R1,R1,R4,R4,R4,none,18.2327,A8B1C5M5,,,,0.0,Top1,1.0
77,893.3734,9.0,5200000.0,DA56_daphneodorin A (DOSO-K),C=C(C)C12CC(COC(C)=O)C34OC5(OC1C3C1OC1(CO)C(O)C1(O)C(OC(=O)c3ccccc3)C(C)C(C(C)CC(OC(=O)c3ccccc3)C(OC(=O)c3ccccc3)CCCC5O)C14)O2,MD,39,22,MD,C51H56O14,possibly undescribed,none,[M+H]+,"39,77",C10H16O3,C30H34O6 / C20H18O3,587330.25 / 60173.6953125,1.2318,none,none,none,none,C9H16O2,C29H32O4 / C20H16O2,531967.875 / 14828.6826171875,0.9455,C3H4O2,C30H34O6 / C27H30O4,587330.25 / 231358.484375,2.1895,C2H4O2,C32H38O8 / C30H34O6,83588.84375 / 587330.25,1.341,C7H6O2,C37H40O8 / C30H34O6,220257.5625 / 587330.25,2.1151,C5H10O2,C27H30O4 / C22H20O2,231358.484375 / 89486.3046875,0.8513,C4H8O2,C24H26O4 / C20H18O2,19630.50390625 / 147832.8125,0.3308,C10H14O3,114524.10,1.1452,C14H14O3,27296.93,0.2730,none,none,none,none,none,none,C17H16O1,31822.53,0.3182,C18H18O1,58162.84,0.5816,C19H18O2,78765.34,0.7877,C20H18O2,147832.81,1.4783,C27H30O4,231358.48,2.3136,C7H4O,675023.50,6.7502,24.0,1-alkyl-3-ol,"5-ol-6,7-epoxy","9,13,14-orthoester",no C-12,with C-18,others,C10 ring with one substituents and a hydroxyl group,3,C7,C7*3,"acyl(1.34),benzoyl(2.12),benzoyl(6.75)","benzoyl,benzoyl,benzoyl",A8,B1,C5,none,R92,R92,R92,none,none,none,none,18.2327,A8B1C5,,,,0.0,Top1,1.0
77,893.3734,9.0,5200000.0,DA56_daphneodorin A (DOSO-K),C=C(C)C12CC(COC(C)=O)C34OC5(OC1C3C1OC1(CO)C(O)C1(O)C(OC(=O)c3ccccc3)C(C)C(C(C)CC(OC(=O)c3ccccc3)C(OC(=O)c3ccccc3)CCCC5O)C14)O2,MD,39,22,MD,C51H56O14,possibly undescribed,none,[M+H]+,"39,77",C10H16O3,C30H34O6 / C20H18O3,587330.25 / 60173.6953125,1.2318,none,none,none,none,C9H16O2,C29H32O4 / C20H16O2,531967.875 / 14828.6826171875,0.9455,C3H4O2,C30H34O6 / C27H30O4,587330.25 / 231358.484375,2.1895,C2H4O2,C32H38O8 / C30H34O6,83588.84375 / 587330.25,1.341,C7H6O2,C37H40O8 / C30H34O6,220257.5625 / 587330.25,2.1151,C5H10O2,C27H30O4 / C22H20O2,231358.484375 / 89486.3046875,0.8513,C4H8O2,C24H26O4 / C20H18O2,19630.50390625 / 147832.8125,0.3308,C10H14O3,114524.10,1.1452,C14H14O3,27296.93,0.2730,none,none,none,none,none,none,C17H16O1,31822.53,0.3182,C18H18O1,58162.84,0.5816,C19H18O2,78765.34,0.7877,C20H18O2,147832.81,1.4783,C27H30O4,231358.48,2.3136,C7H4O,675023.50,6.7502,24.0,1-alkyl-3-ol,"5-ol-6,7-epoxy","9,13,14-orthoester",no C-12,with C-18,others,C10 ring with one substituents and a hydroxyl group,5,"C2,C4,C7",C2*1+C7*1+C4*3,"acyl(1.34),benzoyl(2.12),benzoyl(6.75)","acyl,benzoyl,isobutyryl,isobutyryl,isobutyryl",A8,B1,C5,none,R1,R92,R3,R3,R3,none,none,18.2327,A8B1C5,,,,0.0,Top1,1.0
77,893.3734,9.0,5200000.0,DA56_daphneodorin A (DOSO-K),C=C(C)C12CC(COC(C)=O)C34OC5(OC1C3C1OC1(CO)C(O)C1(O)C(OC(=O)c3ccccc3)C(C)C(C(C)CC(OC(=O)c3ccccc3)C(OC(=O)c3ccccc3)CCCC5O)C14)O2,MD,39,22,MD,C51H56O14,possibly undescribed,none,[M+H]+,"39,77",C10H16O3,C30H34O6 / C20H18O3,587330.25 / 60173.6953125,1.2318,none,none,none,none,C9H16O2,C29H32O4 / C20H16O2,531967.875 / 14828.6826171875,0.9455,C3H4O2,C30H34O6 / C27H30O4,587330.25 / 231358.484375,2.1895,C2H4O2,C32H38O8 / C30H34O6,83588.84375 / 587330.25,1.341,C7H6O2,C37H40O8 / C30H34O6,220257.5625 / 587330.25,2.1151,C5H10O2,C27H30O4 / C22H20O2,231358.484375 / 89486.3046875,0.8513,C4H8O2,C24H26O4 / C20H18O2,19630.50390625 / 147832.8125,0.3308,C10H14O3,114524.10,1.1452,C14H14O3,27296.93,0.2730,none,none,none,none,none,none,C17H16O1,31822.53,0.3182,C18H18O1,58162.84,0.5816,C19H18O2,78765.34,0.7877,C20H18O2,147832.81,1.4783,C27H30O4,231358.48,2.3136,C7H4O,675023.50,6.7502,24.0,1-alkyl-3-ol,"5-ol-6,7-epoxy","9,13,14-orthoester",no C-12,with C-18,others,C10 ring with two substituents and a hydroxyl group,3,C7,C7*3,"acyl(1.34),benzoyl(2.12),benzoyl(6.75)","benzoyl,benzoyl,benzoyl",A8,B1,C5,M5,R92,R92,R92,none,none,none,none,18.2327,A8B1C5M5,c9ccccc9C(=O)OCC12OC1C1C3OC45C(O)CCCCCCC(C)C6C(C)C(OC(=O)c8ccccc8)C(O)(C2O)C6C1(O4)C(COC(=O)c7ccccc7)CC3(C(=C)C)O5,PD01193433,C51H58O13,879.012,Top1,1.0
77,893.3734,9.0,5200000.0,DA56_daphneodorin A (DOSO-K),C=C(C)C12CC(COC(C)=O)C34OC5(OC1C3C1OC1(CO)C(O)C1(O)C(OC(=O)c3ccccc3)C(C)C(C(C)CC(OC(=O)c3ccccc3)C(OC(=O)c3ccccc3)CCCC5O)C14)O2,MD,39,22,MD,C51H56O14,possibly undescribed,none,[M+H]+,"39,77",C10H16O3,C30H34O6 / C20H18O3,587330.25 / 60173.6953125,1.2318,none,none,none,none,C9H16O2,C29H32O4 / C20H16O2,531967.875 / 14828.6826171875,0.9455,C3H4O2,C30H34O6 / C27H30O4,587330.25 / 231358.484375,2.1895,C2H4O2,C32H38O8 / C30H34O6,83588.84375 / 587330.25,1.341,C7H6O2,C37H40O8 / C30H34O6,220257.5625 / 587330.25,2.1151,C5H10O2,C27H30O4 / C22H20O2,231358.484375 / 89486.3046875,0.8513,C4H8O2,C24H26O4 / C20H18O2,19630.50390625 / 147832.8125,0.3308,C10H14O3,114524.10,1.1452,C14H14O3,27296.93,0.2730,none,none,none,none,none,none,C17H16O1,31822.53,0.3182,C18H18O1,58162.84,0.5816,C19H18O2,78765.34,0.7877,C20H18O2,147832.81,1.4783,C27H30O4,231358.48,2.3136,C7H4O,675023.50,6.7502,24.0,1-alkyl-3-ol,"5-ol-6,7-epoxy","9,13,14-orthoester",no C-12,with C-18,others,C10 ring with two substituents and a hydroxyl group,3,C7,C7*3,"acyl(1.34),benzoyl(2.12),benzoyl(6.75)","benzoyl,benzoyl,benzoyl",A8,B1,C5,M5,R92,R92,R92,none,none,none,none,18.2327,A8B1C5M5,OCC12OC1C1C3OC45C(O)CCCCC(OC(=O)c7ccccc7)CC(C)C6C(C)C(OC(=O)c9ccccc9)C(O)(C2O)C6C1(O4)C(COC(=O)c8ccccc8)CC3(C(=C)C)O5,PD01196911,C51H58O14,895.011,Top1,1.0
77,893.3734,9.0,5200000.0,DA56_daphneodorin A (DOSO-K),C=C(C)C12CC(COC(C)=O)C34OC5(OC1C3C1OC1(CO)C(O)C1(O)C(OC(=O)c3ccccc3)C(C)C(C(C)CC(OC(=O)c3ccccc3)C(OC(=O)c3ccccc3)CCCC5O)C14)O2,MD,39,22,MD,C51H56O14,possibly undescribed,none,[M+H]+,"39,77",C10H16O3,C30H34O6 / C20H18O3,587330.25 / 60173.6953125,1.2318,none,none,none,none,C9H16O2,C29H32O4 / C20H16O2,531967.875 / 14828.6826171875,0.9455,C3H4O2,C30H34O6 / C27H30O4,587330.25 / 231358.484375,2.1895,C2H4O2,C32H38O8 / C30H34O6,83588.84375 / 587330.25,1.341,C7H6O2,C37H40O8 / C30H34O6,220257.5625 / 587330.25,2.1151,C5H10O2,C27H30O4 / C22H20O2,231358.484375 / 89486.3046875,0.8513,C4H8O2,C24H26O4 / C20H18O2,19630.50390625 / 147832.8125,0.3308,C10H14O3,114524.10,1.1452,C14H14O3,27296.93,0.2730,none,none,none,none,none,none,C17H16O1,31822.53,0.3182,C18H18O1,58162.84,0.5816,C19H18O2,78765.34,0.7877,C20H18O2,147832.81,1.4783,C27H30O4,231358.48,2.3136,C7H4O,675023.50,6.7502,24.0,1-alkyl-3-ol,"5-ol-6,7-epoxy","9,13,14-orthoester",no C-12,with C-18,others,C10 ring with two substituents and a hydroxyl group,3,C7,C7*3,"acyl(1.34),benzoyl(2.12),benzoyl(6.75)","benzoyl,benzoyl,benzoyl",A8,B1,C5,M5,R92,R92,R92,none,none,none,none,18.2327,A8B1C5M5,c9ccccc9C(=O)OCC12OC1C1C3OC45C(O)CCCCC(OC(=O)c7ccccc7)CC(C)C6C(C)C(O)C(O)(C2O)C6C1(O4)C(COC(=O)c8ccccc8)CC3(C(=C)C)O5,PD01201091,C51H58O14,895.011,Top1,1.0
77,893.3734,9.0,5200000.0,DA56_daphneodorin A (DOSO-K),C=C(C)C12CC(COC(C)=O)C34OC5(OC1C3C1OC1(CO)C(O)C1(O)C(OC(=O)c3ccccc3)C(C)C(C(C)CC(OC(=O)c3ccccc3)C(OC(=O)c3ccccc3)CCCC5O)C14)O2,MD,39,22,MD,C51H56O14,possibly undescribed,none,[M+H]+,"39,77",C10H16O3,C30H34O6 / C20H18O3,587330.25 / 60173.6953125,1.2318,none,none,none,none,C9H16O2,C29H32O4 / C20H16O2,531967.875 / 14828.6826171875,0.9455,C3H4O2,C30H34O6 / C27H30O4,587330.25 / 231358.484375,2.1895,C2H4O2,C32H38O8 / C30H34O6,83588.84375 / 587330.25,1.341,C7H6O2,C37H40O8 / C30H34O6,220257.5625 / 587330.25,2.1151,C5H10O2,C27H30O4 / C22H20O2,231358.484375 / 89486.3046875,0.8513,C4H8O2,C24H26O4 / C20H18O2,19630.50390625 / 147832.8125,0.3308,C10H14O3,114524.10,1.1452,C14H14O3,27296.93,0.2730,none,none,none,none,none,none,C17H16O1,31822.53,0.3182,C18H18O1,58162.84,0.5816,C19H18O1,102833.25,1.0283,C20H18O2,147832.81,1.4783,C27H30O4,231358.48,2.3136,C7H4O,675023.50,6.7502,24.0,1-alkyl-3-ol,"5-ol-6,7-epoxy","9,13,14-orthoester",no C-12,with C-18,others,C10 ring with one substituents and a hydroxyl group,6,"C2,C5",C2*3+C5*3,"acyl(1.34),benzoyl(2.12),benzoyl(6.75)","acyl,acyl,acyl,2-methylbutyryl,2-methylbutyryl,2-methylbutyryl",A8,B1,C5,none,R1,R1,R1,R4,R4,R4,none,18.2327,A8B1C5,,,,0.0,Top1,1.0
77,893.3734,9.0,5200000.0,DA56_daphneodorin A (DOSO-K),C=C(C)C12CC(COC(C)=O)C34OC5(OC1C3C1OC1(CO)C(O)C1(O)C(OC(=O)c3ccccc3)C(C)C(C(C)CC(OC(=O)c3ccccc3)C(OC(=O)c3ccccc3)CCCC5O)C14)O2,MD,39,22,MD,C51H56O14,possibly undescribed,none,[M+H]+,"39,77",C10H14O2,C30H34O6 / C20H20O4,587330.25 / 22961.345703125,1.0709,none,none,none,none,C9H16O2,C29H32O4 / C20H16O2,531967.875 / 14828.6826171875,0.9455,C3H4O2,C30H34O6 / C27H30O4,587330.25 / 231358.484375,2.1895,C2H4O2,C32H38O8 / C30H34O6,83588.84375 / 587330.25,1.341,C7H6O2,C37H40O8 / C30H34O6,220257.5625 / 587330.25,2.1151,C5H10O2,C27H30O4 / C22H20O2,231358.484375 / 89486.3046875,0.8513,C4H8O2,C24H26O4 / C20H18O2,19630.50390625 / 147832.8125,0.3308,C10H14O3,114524.10,1.1452,C14H14O3,27296.93,0.2730,none,none,none,none,none,none,C17H16O1,31822.53,0.3182,C18H18O1,58162.84,0.5816,C19H18O1,102833.25,1.0283,C20H18O2,147832.81,1.4783,C27H30O4,231358.48,2.3136,C7H4O,675023.50,6.7502,24.0,1-alkyl-3-ol,"5-ol-6,7-epoxy","9,13,14-orthoester",no C-12,with C-18,others,C10 ring with two substituents,3,C7,C7*3,"acyl(1.34),benzoyl(2.12),benzoyl(6.75)","benzoyl,benzoyl,benzoyl",A8,B1,C5,M4,R92,R92,R92,none,none,none,none,18.2327,A8B1C5M4,c9ccccc9C(=O)OCC12OC1C1C3OC45C(O)CCCCCCC(C)C6C(C)C(OC(=O)c8ccccc8)C(O)(C2O)C6C1(O4)C(COC(=O)c7ccccc7)CC3(C(=C)C)O5,PD01193421,C51H58O13,879.012,Top1,1.0
77,893.3734,9.0,5200000.0,DA56_daphneodorin A (DOSO-K),C=C(C)C12CC(COC(C)=O)C34OC5(OC1C3C1OC1(CO)C(O)C1(O)C(OC(=O)c3ccccc3)C(C)C(C(C)CC(OC(=O)c3ccccc3)C(OC(=O)c3ccccc3)CCCC5O)C14)O2,MD,39,22,MD,C51H56O14,possibly undescribed,none,[M+H]+,"39,77",C10H14O2,C30H34O6 / C20H20O4,587330.25 / 22961.345703125,1.0709,none,none,none,none,C9H16O2,C29H32O4 / C20H16O2,531967.875 / 14828.6826171875,0.9455,C3H4O2,C30H34O6 / C27H30O4,587330.25 / 231358.484375,2.1895,C2H4O2,C32H38O8 / C30H34O6,83588.84375 / 587330.25,1.341,C7H6O2,C37H40O8 / C30H34O6,220257.5625 / 587330.25,2.1151,C5H10O2,C27H30O4 / C22H20O2,231358.484375 / 89486.3046875,0.8513,C4H8O2,C24H26O4 / C20H18O2,19630.50390625 / 147832.8125,0.3308,C10H14O3,114524.10,1.1452,C14H14O3,27296.93,0.2730,none,none,none,none,none,none,C17H16O1,31822.53,0.3182,C18H18O1,58162.84,0.5816,C19H18O1,102833.25,1.0283,C20H18O2,147832.81,1.4783,C27H30O4,231358.48,2.3136,C7H4O,675023.50,6.7502,24.0,1-alkyl-3-ol,"5-ol-6,7-epoxy","9,13,14-orthoester",no C-12,with C-18,others,C10 ring with two substituents,3,C7,C7*3,"acyl(1.34),benzoyl(2.12),benzoyl(6.75)","benzoyl,benzoyl,benzoyl",A8,B1,C5,M4,R92,R92,R92,none,none,none,none,18.2327,A8B1C5M4,OCC12OC1C1C3OC45C(O)CCCCC(OC(=O)c7ccccc7)CC(C)C6C(C)C(OC(=O)c9ccccc9)C(O)(C2O)C6C1(O4)C(COC(=O)c8ccccc8)CC3(C(=C)C)O5,PD01196909,C51H58O14,895.011,Top1,1.0
77,893.3734,9.0,5200000.0,DA56_daphneodorin A (DOSO-K),C=C(C)C12CC(COC(C)=O)C34OC5(OC1C3C1OC1(CO)C(O)C1(O)C(OC(=O)c3ccccc3)C(C)C(C(C)CC(OC(=O)c3ccccc3)C(OC(=O)c3ccccc3)CCCC5O)C14)O2,MD,39,22,MD,C51H56O14,possibly undescribed,none,[M+H]+,"39,77",C10H14O2,C30H34O6 / C20H20O4,587330.25 / 22961.345703125,1.0709,none,none,none,none,C9H16O2,C29H32O4 / C20H16O2,531967.875 / 14828.6826171875,0.9455,C3H4O2,C30H34O6 / C27H30O4,587330.25 / 231358.484375,2.1895,C2H4O2,C32H38O8 / C30H34O6,83588.84375 / 587330.25,1.341,C7H6O2,C37H40O8 / C30H34O6,220257.5625 / 587330.25,2.1151,C5H10O2,C27H30O4 / C22H20O2,231358.484375 / 89486.3046875,0.8513,C4H8O2,C24H26O4 / C20H18O2,19630.50390625 / 147832.8125,0.3308,C10H14O3,114524.10,1.1452,C14H14O3,27296.93,0.2730,none,none,none,none,none,none,C17H16O1,31822.53,0.3182,C18H18O1,58162.84,0.5816,C19H18O1,102833.25,1.0283,C20H18O2,147832.81,1.4783,C27H30O4,231358.48,2.3136,C7H4O,675023.50,6.7502,24.0,1-alkyl-3-ol,"5-ol-6,7-epoxy","9,13,14-orthoester",no C-12,with C-18,others,C10 ring with two substituents,3,C7,C7*3,"acyl(1.34),benzoyl(2.12),benzoyl(6.75)","benzoyl,benzoyl,benzoyl",A8,B1,C5,M4,R92,R92,R92,none,none,none,none,18.2327,A8B1C5M4,c9ccccc9C(=O)OCC12OC1C1C3OC45C(O)CCCCC(OC(=O)c7ccccc7)CC(C)C6C(C)C(O)C(O)(C2O)C6C1(O4)C(COC(=O)c8ccccc8)CC3(C(=C)C)O5,PD01201087,C51H58O14,895.011,Top1,1.0
77,893.3734,9.0,5200000.0,DA56_daphneodorin A (DOSO-K),C=C(C)C12CC(COC(C)=O)C34OC5(OC1C3C1OC1(CO)C(O)C1(O)C(OC(=O)c3ccccc3)C(C)C(C(C)CC(OC(=O)c3ccccc3)C(OC(=O)c3ccccc3)CCCC5O)C14)O2,MD,39,22,MD,C51H56O14,possibly undescribed,none,[M+H]+,"39,77",C10H14O2,C30H34O6 / C20H20O4,587330.25 / 22961.345703125,1.0709,none,none,none,none,C9H16O2,C29H32O4 / C20H16O2,531967.875 / 14828.6826171875,0.9455,C3H4O2,C30H34O6 / C27H30O4,587330.25 / 231358.484375,2.1895,C2H4O2,C32H38O8 / C30H34O6,83588.84375 / 587330.25,1.341,C7H6O2,C37H40O8 / C30H34O6,220257.5625 / 587330.25,2.1151,C5H10O2,C27H30O4 / C22H20O2,231358.484375 / 89486.3046875,0.8513,C4H8O2,C24H26O4 / C20H18O2,19630.50390625 / 147832.8125,0.3308,C10H14O3,114524.10,1.1452,C14H14O3,27296.93,0.2730,none,none,none,none,none,none,C17H16O1,31822.53,0.3182,C18H18O1,58162.84,0.5816,C19H18O1,102833.25,1.0283,C20H18O2,147832.81,1.4783,C27H30O4,231358.48,2.3136,C7H4O,675023.50,6.7502,24.0,1-alkyl-3-ol,"5-ol-6,7-epoxy","9,13,14-orthoester",no C-12,with C-18,others,C10 ring with two substituents,5,"C2,C4,C7",C2*1+C7*1+C4*3,"acyl(1.34),benzoyl(2.12),benzoyl(6.75)","acyl,benzoyl,isobutyryl,isobutyryl,isobutyryl",A8,B1,C5,M4,R1,R92,R3,R3,R3,none,none,18.2327,A8B1C5M4,,,,0.0,Top1,1.0
77,893.3734,9.0,5200000.0,DA56_daphneodorin A (DOSO-K),C=C(C)C12CC(COC(C)=O)C34OC5(OC1C3C1OC1(CO)C(O)C1(O)C(OC(=O)c3ccccc3)C(C)C(C(C)CC(OC(=O)c3ccccc3)C(OC(=O)c3ccccc3)CCCC5O)C14)O2,MD,39,22,MD,C51H56O14,possibly undescribed,none,[M+H]+,"39,77",C10H14O2,C30H34O6 / C20H20O4,587330.25 / 22961.345703125,1.0709,none,none,none,none,C9H16O2,C29H32O4 / C20H16O2,531967.875 / 14828.6826171875,0.9455,C3H4O2,C30H34O6 / C27H30O4,587330.25 / 231358.484375,2.1895,C2H4O2,C32H38O8 / C30H34O6,83588.84375 / 587330.25,1.341,C7H6O2,C37H40O8 / C30H34O6,220257.5625 / 587330.25,2.1151,C5H10O2,C27H30O4 / C22H20O2,231358.484375 / 89486.3046875,0.8513,C4H8O2,C24H26O4 / C20H18O2,19630.50390625 / 147832.8125,0.3308,C10H14O3,114524.10,1.1452,C14H14O3,27296.93,0.2730,none,none,none,none,none,none,C17H16O1,31822.53,0.3182,C18H18O1,58162.84,0.5816,C19H18O1,102833.25,1.0283,C20H18O2,147832.81,1.4783,C27H30O4,231358.48,2.3136,C7H4O,675023.50,6.7502,24.0,1-alkyl-3-ol,"5-ol-6,7-epoxy","9,13,14-orthoester",no C-12,with C-18,others,C10 ring with two substituents,6,"C2,C5",C2*3+C5*3,"acyl(1.34),benzoyl(2.12),benzoyl(6.75)","acyl,acyl,acyl,2-methylbutyryl,2-methylbutyryl,2-methylbutyryl",A8,B1,C5,M4,R1,R1,R1,R4,R4,R4,none,18.2327,A8B1C5M4,,,,0.0,Top1,1.0
78,951.3799,8.2,48000000.0,DA57_daphneodorin B (DOSO-E),C=C(C)C12CC(COC(C)=O)C34OC5(OC1C3C1OC1(CO)C(O)C1(O)C(OC(=O)c3ccccc3)C(C)C(C(C)CC(OC(=O)c3ccccc3)C(OC(C)=O)C(OC(=O)c3ccccc3)CCC5O)C14)O2,MD,24,13,MD,C53H58O16,possibly undescribed,none,[M+H]+,"20,78",C10H14O2,C30H34O7 / C20H20O5,112447.765625 / 5566.8623046875,0.2099,none,none,none,none,C9H16O2,C29H36O7 / C20H20O5,7003.60888671875 / 5566.8623046875,0.0512,C3H4O2,C30H32O6 / C27H28O4,185567.03125 / 20074.30859375,0.394,C2H4O2,C32H36O8 / C30H32O6,26610.734375 / 185567.03125,0.4246,C7H6O2,C37H38O8 / C30H32O6,71142.4140625 / 185567.03125,0.6786,C5H10O2,C25H28O4 / C20H18O2,15109.2880859375 / 15108.5830078125,0.1511,C4H8O2,C26H28O3 / C22H20O1,7294.42626953125 / 7437.96728515625,0.0723,C10H12O3,63108.18,0.6311,C14H14O3,5747.78,0.0575,none,none,none,C16H16O3,4362.63,0.0436,C17H14O1,7667.98,0.0767,C18H18O2,9506.56,0.0951,C19H18O2,24303.75,0.2430,C20H20O3,17225.43,0.1723,C27H30O2,10220.52,0.1022,C7H4O,197234.72,1.9723,25.0,1-alkyl-3-ol,"5-ol-6,7-epoxy","9,13,14-orthoester",no C-12,with C-18,others,C10 ring with two substituents,6,"C2,C4,C7",C2*2+C7*1+C4*3,"acyl(0.42),benzoyl(0.68),benzoyl(1.97)","acyl,acyl,benzoyl,isobutyryl,isobutyryl,isobutyryl",A8,B1,C5,M4,R1,R1,R92,R3,R3,R3,none,4.5469,A8B1C5M4,,,,0.0,Top1,1.0
78,951.3799,8.2,48000000.0,DA57_daphneodorin B (DOSO-E),C=C(C)C12CC(COC(C)=O)C34OC5(OC1C3C1OC1(CO)C(O)C1(O)C(OC(=O)c3ccccc3)C(C)C(C(C)CC(OC(=O)c3ccccc3)C(OC(C)=O)C(OC(=O)c3ccccc3)CCC5O)C14)O2,MD,24,13,MD,C53H58O16,possibly undescribed,none,[M+H]+,"20,78",C10H14O2,C30H34O7 / C20H20O5,112447.765625 / 5566.8623046875,0.2099,none,none,none,none,C9H16O2,C29H36O7 / C20H20O5,7003.60888671875 / 5566.8623046875,0.0512,C3H4O2,C30H32O6 / C27H28O4,185567.03125 / 20074.30859375,0.394,C2H4O2,C32H36O8 / C30H32O6,26610.734375 / 185567.03125,0.4246,C7H6O2,C37H38O8 / C30H32O6,71142.4140625 / 185567.03125,0.6786,C5H10O2,C25H28O4 / C20H18O2,15109.2880859375 / 15108.5830078125,0.1511,C4H8O2,C26H28O3 / C22H20O1,7294.42626953125 / 7437.96728515625,0.0723,C10H12O3,63108.18,0.6311,C14H14O3,5747.78,0.0575,none,none,none,C16H16O3,4362.63,0.0436,C17H14O1,7667.98,0.0767,C18H18O2,9506.56,0.0951,C19H18O2,24303.75,0.2430,C20H20O3,17225.43,0.1723,C27H30O2,10220.52,0.1022,C7H4O,197234.72,1.9723,25.0,1-alkyl-3-ol,"5-ol-6,7-epoxy","9,13,14-orthoester",no C-12,with C-18,others,C10 ring with three substituents and a hydroxyl group,4,"C2,C7",C2*1+C7*3,"acyl(0.42),benzoyl(0.68),benzoyl(1.97)","acyl,benzoyl,benzoyl,benzoyl",A8,B1,C5,M6,R1,R92,R92,R92,none,none,none,4.5469,A8B1C5M6,OCC12OC1C1C3OC45C(O)CCCC(OC(=O)c%10ccccc%10)C(OC(=O)c7ccccc7)CC(C)C6C(C)C(OC(=O)c9ccccc9)C(O)(C2O)C6C1(O4)C(COC(=O)C)CC3(C(=C)C)O5,PD01201360,C53H60O16,953.047,Top1,1.0
78,951.3799,8.2,48000000.0,DA57_daphneodorin B (DOSO-E),C=C(C)C12CC(COC(C)=O)C34OC5(OC1C3C1OC1(CO)C(O)C1(O)C(OC(=O)c3ccccc3)C(C)C(C(C)CC(OC(=O)c3ccccc3)C(OC(C)=O)C(OC(=O)c3ccccc3)CCC5O)C14)O2,MD,24,13,MD,C53H58O16,possibly undescribed,none,[M+H]+,"20,78",C10H14O2,C30H34O7 / C20H20O5,112447.765625 / 5566.8623046875,0.2099,none,none,none,none,C9H16O2,C29H36O7 / C20H20O5,7003.60888671875 / 5566.8623046875,0.0512,C3H4O2,C30H32O6 / C27H28O4,185567.03125 / 20074.30859375,0.394,C2H4O2,C32H36O8 / C30H32O6,26610.734375 / 185567.03125,0.4246,C7H6O2,C37H38O8 / C30H32O6,71142.4140625 / 185567.03125,0.6786,C5H10O2,C25H28O4 / C20H18O2,15109.2880859375 / 15108.5830078125,0.1511,C4H8O2,C26H28O3 / C22H20O1,7294.42626953125 / 7437.96728515625,0.0723,C10H12O3,63108.18,0.6311,C14H14O3,5747.78,0.0575,none,none,none,C16H16O3,4362.63,0.0436,C17H14O1,7667.98,0.0767,C18H18O2,9506.56,0.0951,C19H18O2,24303.75,0.2430,C20H20O3,17225.43,0.1723,C27H30O2,10220.52,0.1022,C7H4O,197234.72,1.9723,25.0,1-alkyl-3-ol,"5-ol-6,7-epoxy","9,13,14-orthoester",no C-12,with C-18,others,C10 ring with three substituents and a hydroxyl group,4,"C2,C7",C2*1+C7*3,"acyl(0.42),benzoyl(0.68),benzoyl(1.97)","acyl,benzoyl,benzoyl,benzoyl",A8,B1,C5,M6,R1,R92,R92,R92,none,none,none,4.5469,A8B1C5M6,c9ccccc9C(=O)OCC12OC1C1C3OC45C(O)CCCC(OC(=O)c%10ccccc%10)C(OC(=O)c7ccccc7)CC(C)C6C(C)C(O)C(O)(C2O)C6C1(O4)C(COC(=O)C)CC3(C(=C)C)O5,PD01203120,C53H60O16,953.047,Top1,1.0
78,951.3799,8.2,48000000.0,DA57_daphneodorin B (DOSO-E),C=C(C)C12CC(COC(C)=O)C34OC5(OC1C3C1OC1(CO)C(O)C1(O)C(OC(=O)c3ccccc3)C(C)C(C(C)CC(OC(=O)c3ccccc3)C(OC(C)=O)C(OC(=O)c3ccccc3)CCC5O)C14)O2,MD,24,13,MD,C53H58O16,possibly undescribed,none,[M+H]+,"20,78",C10H14O2,C30H34O7 / C20H20O5,112447.765625 / 5566.8623046875,0.2099,none,none,none,none,C9H16O2,C29H36O7 / C20H20O5,7003.60888671875 / 5566.8623046875,0.0512,C3H4O2,C30H32O6 / C27H28O4,185567.03125 / 20074.30859375,0.394,C2H4O2,C32H36O8 / C30H32O6,26610.734375 / 185567.03125,0.4246,C7H6O2,C37H38O8 / C30H32O6,71142.4140625 / 185567.03125,0.6786,C5H10O2,C25H28O4 / C20H18O2,15109.2880859375 / 15108.5830078125,0.1511,C4H8O2,C26H28O3 / C22H20O1,7294.42626953125 / 7437.96728515625,0.0723,C10H12O3,63108.18,0.6311,C14H14O3,5747.78,0.0575,none,none,none,C16H16O3,4362.63,0.0436,C17H14O1,7667.98,0.0767,C18H18O2,9506.56,0.0951,C19H18O2,24303.75,0.2430,C20H20O3,17225.43,0.1723,C27H30O2,10220.52,0.1022,C7H4O,197234.72,1.9723,25.0,1-alkyl-3-ol,"5-ol-6,7-epoxy","9,13,14-orthoester",no C-12,with C-18,others,C10 ring with three substituents and a hydroxyl group,6,"C2,C4,C7",C2*2+C7*1+C4*3,"acyl(0.42),benzoyl(0.68),benzoyl(1.97)","acyl,acyl,benzoyl,isobutyryl,isobutyryl,isobutyryl",A8,B1,C5,M6,R1,R1,R92,R3,R3,R3,none,4.5469,A8B1C5M6,,,,0.0,Top1,1.0
78,951.3799,8.2,48000000.0,DA57_daphneodorin B (DOSO-E),C=C(C)C12CC(COC(C)=O)C34OC5(OC1C3C1OC1(CO)C(O)C1(O)C(OC(=O)c3ccccc3)C(C)C(C(C)CC(OC(=O)c3ccccc3)C(OC(C)=O)C(OC(=O)c3ccccc3)CCC5O)C14)O2,MD,24,13,MD,C53H58O16,possibly undescribed,none,[M+H]+,"20,78",C10H16O3,C30H36O8 / C20H20O5,44275.71484375 / 5566.8623046875,0.0976,none,none,none,none,C9H16O2,C29H36O7 / C20H20O5,7003.60888671875 / 5566.8623046875,0.0512,C3H4O2,C30H32O6 / C27H28O4,185567.03125 / 20074.30859375,0.394,C2H4O2,C32H36O8 / C30H32O6,26610.734375 / 185567.03125,0.4246,C7H6O2,C37H38O8 / C30H32O6,71142.4140625 / 185567.03125,0.6786,C5H10O2,C25H28O4 / C20H18O2,15109.2880859375 / 15108.5830078125,0.1511,C4H8O2,C26H28O3 / C22H20O1,7294.42626953125 / 7437.96728515625,0.0723,C10H12O3,63108.18,0.6311,C14H14O3,5747.78,0.0575,none,none,none,C16H16O3,4362.63,0.0436,C17H14O1,7667.98,0.0767,C18H18O2,9506.56,0.0951,C19H16O1,13882.41,0.1388,C20H20O3,17225.43,0.1723,C27H30O2,10220.52,0.1022,C7H4O,197234.72,1.9723,25.0,1-alkyl-3-ol,"5-ol-6,7-epoxy","9,13,14-orthoester",no C-12,with C-18,others,C10 ring with one substituents and a hydroxyl group,4,"C2,C7",C2*1+C7*3,"acyl(0.42),benzoyl(0.68),benzoyl(1.97)","acyl,benzoyl,benzoyl,benzoyl",A8,B1,C5,none,R1,R92,R92,R92,none,none,none,4.5469,A8B1C5,,,,0.0,Top1,1.0
78,951.3799,8.2,48000000.0,DA57_daphneodorin B (DOSO-E),C=C(C)C12CC(COC(C)=O)C34OC5(OC1C3C1OC1(CO)C(O)C1(O)C(OC(=O)c3ccccc3)C(C)C(C(C)CC(OC(=O)c3ccccc3)C(OC(C)=O)C(OC(=O)c3ccccc3)CCC5O)C14)O2,MD,24,13,MD,C53H58O16,possibly undescribed,none,[M+H]+,"20,78",C10H16O3,C30H36O8 / C20H20O5,44275.71484375 / 5566.8623046875,0.0976,none,none,none,none,C9H16O2,C29H36O7 / C20H20O5,7003.60888671875 / 5566.8623046875,0.0512,C3H4O2,C30H32O6 / C27H28O4,185567.03125 / 20074.30859375,0.394,C2H4O2,C32H36O8 / C30H32O6,26610.734375 / 185567.03125,0.4246,C7H6O2,C37H38O8 / C30H32O6,71142.4140625 / 185567.03125,0.6786,C5H10O2,C25H28O4 / C20H18O2,15109.2880859375 / 15108.5830078125,0.1511,C4H8O2,C26H28O3 / C22H20O1,7294.42626953125 / 7437.96728515625,0.0723,C10H12O3,63108.18,0.6311,C14H14O3,5747.78,0.0575,none,none,none,C16H16O3,4362.63,0.0436,C17H14O1,7667.98,0.0767,C18H18O2,9506.56,0.0951,C19H16O1,13882.41,0.1388,C20H20O3,17225.43,0.1723,C27H30O2,10220.52,0.1022,C7H4O,197234.72,1.9723,25.0,1-alkyl-3-ol,"5-ol-6,7-epoxy","9,13,14-orthoester",no C-12,with C-18,others,C10 ring with one substituents and a hydroxyl group,6,"C2,C4,C7",C2*2+C7*1+C4*3,"acyl(0.42),benzoyl(0.68),benzoyl(1.97)","acyl,acyl,benzoyl,isobutyryl,isobutyryl,isobutyryl",A8,B1,C5,none,R1,R1,R92,R3,R3,R3,none,4.5469,A8B1C5,,,,0.0,Top1,1.0
78,951.3799,8.2,48000000.0,DA57_daphneodorin B (DOSO-E),C=C(C)C12CC(COC(C)=O)C34OC5(OC1C3C1OC1(CO)C(O)C1(O)C(OC(=O)c3ccccc3)C(C)C(C(C)CC(OC(=O)c3ccccc3)C(OC(C)=O)C(OC(=O)c3ccccc3)CCC5O)C14)O2,MD,24,13,MD,C53H58O16,possibly undescribed,none,[M+H]+,"20,78",C10H14O2,C30H34O7 / C20H20O5,112447.765625 / 5566.8623046875,0.2099,none,none,none,none,C9H16O2,C29H36O7 / C20H20O5,7003.60888671875 / 5566.8623046875,0.0512,C3H4O2,C30H32O6 / C27H28O4,185567.03125 / 20074.30859375,0.394,C2H4O2,C32H36O8 / C30H32O6,26610.734375 / 185567.03125,0.4246,C7H6O2,C37H38O8 / C30H32O6,71142.4140625 / 185567.03125,0.6786,C5H10O2,C25H28O4 / C20H18O2,15109.2880859375 / 15108.5830078125,0.1511,C4H8O2,C26H28O3 / C22H20O1,7294.42626953125 / 7437.96728515625,0.0723,C10H12O3,63108.18,0.6311,C14H14O3,5747.78,0.0575,none,none,none,C16H16O3,4362.63,0.0436,C17H14O1,7667.98,0.0767,C18H18O2,9506.56,0.0951,C19H16O1,13882.41,0.1388,C20H20O3,17225.43,0.1723,C27H30O2,10220.52,0.1022,C7H4O,197234.72,1.9723,25.0,1-alkyl-3-ol,"5-ol-6,7-epoxy","9,13,14-orthoester",no C-12,with C-18,others,C10 ring with two substituents,4,"C2,C7",C2*1+C7*3,"acyl(0.42),benzoyl(0.68),benzoyl(1.97)","acyl,benzoyl,benzoyl,benzoyl",A8,B1,C5,M4,R1,R92,R92,R92,none,none,none,4.5469,A8B1C5M4,,,,0.0,Top1,1.0
79,951.3797,7.6,470000.0,DA58_daphneodorin C (DOL-E2),C=C(C)C12CC(COC(C)=O)C34OC5(OC1C3C1OC1(COC(=O)c1ccccc1)C(O)C1(O)C(O)C(C)C(C(C)CC(OC(=O)c3ccccc3)C(OC(C)=O)C(OC(=O)c3ccccc3)CCC5O)C14)O2,MD,24,13,MD,C53H58O16,possibly undescribed,none,[M+H]+,"21,79",C10H16O3,C30H32O6 / C20H16O3,1041503.3125 / 18385.798828125,1.8083,C14H24O4,C30H36O6 / C16H12O2,40756.34375 / 52777.87109375,0.372,C9H16O2,C29H32O5 / C20H16O3,890659.875 / 18385.798828125,1.5571,C3H4O2,C30H32O6 / C27H28O4,1041503.3125 / 66879.90625,2.0089,C2H4O2,C32H36O8 / C30H32O6,861941.75 / 1041503.3125,8.0066,C7H6O2,C37H38O8 / C30H32O6,317344.9375 / 1041503.3125,3.2888,C5H10O2,C25H28O4 / C20H18O2,101070.1484375 / 305350.625,1.0134,C4H8O2,C24H26O5 / C20H18O3,19401.373046875 / 473667.90625,0.8673,C10H12O3,608501.38,6.0850,C14H14O3,25271.66,0.2527,none,none,none,C16H16O3,35546.08,0.3555,C17H14O3,169376.45,1.6938,C18H18O1,72962.96,0.7296,C19H18O2,265365.97,2.6537,C20H18O2,305350.62,3.0535,C27H30O5,106509.97,1.0651,C7H4O,1495511.62,14.9551,25.0,1-alkyl-3-ol,"5-ol-6,7-epoxy","9,13,14-orthoester",no C-12,with C-18,others,C10 ring with one substituents and a hydroxyl group,4,"C2,C7",C2*1+C7*3,"acyl(8.01),benzoyl(3.29),benzoyl(14.96)","acyl,benzoyl,benzoyl,benzoyl",A8,B1,C5,none,R1,R92,R92,R92,none,none,none,40.8864,A8B1C5,,,,0.0,Top1,1.0
79,951.3797,7.6,470000.0,DA58_daphneodorin C (DOL-E2),C=C(C)C12CC(COC(C)=O)C34OC5(OC1C3C1OC1(COC(=O)c1ccccc1)C(O)C1(O)C(O)C(C)C(C(C)CC(OC(=O)c3ccccc3)C(OC(C)=O)C(OC(=O)c3ccccc3)CCC5O)C14)O2,MD,24,13,MD,C53H58O16,possibly undescribed,none,[M+H]+,"21,79",C10H16O3,C30H32O6 / C20H16O3,1041503.3125 / 18385.798828125,1.8083,C14H24O4,C30H36O6 / C16H12O2,40756.34375 / 52777.87109375,0.372,C9H16O2,C29H32O5 / C20H16O3,890659.875 / 18385.798828125,1.5571,C3H4O2,C30H32O6 / C27H28O4,1041503.3125 / 66879.90625,2.0089,C2H4O2,C32H36O8 / C30H32O6,861941.75 / 1041503.3125,8.0066,C7H6O2,C37H38O8 / C30H32O6,317344.9375 / 1041503.3125,3.2888,C5H10O2,C25H28O4 / C20H18O2,101070.1484375 / 305350.625,1.0134,C4H8O2,C24H26O5 / C20H18O3,19401.373046875 / 473667.90625,0.8673,C10H12O3,608501.38,6.0850,C14H14O3,25271.66,0.2527,none,none,none,C16H16O3,35546.08,0.3555,C17H14O3,169376.45,1.6938,C18H18O1,72962.96,0.7296,C19H18O2,265365.97,2.6537,C20H18O2,305350.62,3.0535,C27H30O5,106509.97,1.0651,C7H4O,1495511.62,14.9551,25.0,1-alkyl-3-ol,"5-ol-6,7-epoxy","9,13,14-orthoester",no C-12,with C-18,others,C10 ring with three substituents and a hydroxyl group,4,"C2,C7",C2*1+C7*3,"acyl(8.01),benzoyl(3.29),benzoyl(14.96)","acyl,benzoyl,benzoyl,benzoyl",A8,B1,C5,M6,R1,R92,R92,R92,none,none,none,40.8864,A8B1C5M6,OCC12OC1C1C3OC45C(O)CCCC(OC(=O)c%10ccccc%10)C(OC(=O)c7ccccc7)CC(C)C6C(C)C(OC(=O)c9ccccc9)C(O)(C2O)C6C1(O4)C(COC(=O)C)CC3(C(=C)C)O5,PD01201360,C53H60O16,953.047,Top1,1.0
79,951.3797,7.6,470000.0,DA58_daphneodorin C (DOL-E2),C=C(C)C12CC(COC(C)=O)C34OC5(OC1C3C1OC1(COC(=O)c1ccccc1)C(O)C1(O)C(O)C(C)C(C(C)CC(OC(=O)c3ccccc3)C(OC(C)=O)C(OC(=O)c3ccccc3)CCC5O)C14)O2,MD,24,13,MD,C53H58O16,possibly undescribed,none,[M+H]+,"21,79",C10H16O3,C30H32O6 / C20H16O3,1041503.3125 / 18385.798828125,1.8083,C14H24O4,C30H36O6 / C16H12O2,40756.34375 / 52777.87109375,0.372,C9H16O2,C29H32O5 / C20H16O3,890659.875 / 18385.798828125,1.5571,C3H4O2,C30H32O6 / C27H28O4,1041503.3125 / 66879.90625,2.0089,C2H4O2,C32H36O8 / C30H32O6,861941.75 / 1041503.3125,8.0066,C7H6O2,C37H38O8 / C30H32O6,317344.9375 / 1041503.3125,3.2888,C5H10O2,C25H28O4 / C20H18O2,101070.1484375 / 305350.625,1.0134,C4H8O2,C24H26O5 / C20H18O3,19401.373046875 / 473667.90625,0.8673,C10H12O3,608501.38,6.0850,C14H14O3,25271.66,0.2527,none,none,none,C16H16O3,35546.08,0.3555,C17H14O3,169376.45,1.6938,C18H18O1,72962.96,0.7296,C19H18O2,265365.97,2.6537,C20H18O2,305350.62,3.0535,C27H30O5,106509.97,1.0651,C7H4O,1495511.62,14.9551,25.0,1-alkyl-3-ol,"5-ol-6,7-epoxy","9,13,14-orthoester",no C-12,with C-18,others,C10 ring with three substituents and a hydroxyl group,4,"C2,C7",C2*1+C7*3,"acyl(8.01),benzoyl(3.29),benzoyl(14.96)","acyl,benzoyl,benzoyl,benzoyl",A8,B1,C5,M6,R1,R92,R92,R92,none,none,none,40.8864,A8B1C5M6,c9ccccc9C(=O)OCC12OC1C1C3OC45C(O)CCCC(OC(=O)c%10ccccc%10)C(OC(=O)c7ccccc7)CC(C)C6C(C)C(O)C(O)(C2O)C6C1(O4)C(COC(=O)C)CC3(C(=C)C)O5,PD01203120,C53H60O16,953.047,Top1,1.0
79,951.3797,7.6,470000.0,DA58_daphneodorin C (DOL-E2),C=C(C)C12CC(COC(C)=O)C34OC5(OC1C3C1OC1(COC(=O)c1ccccc1)C(O)C1(O)C(O)C(C)C(C(C)CC(OC(=O)c3ccccc3)C(OC(C)=O)C(OC(=O)c3ccccc3)CCC5O)C14)O2,MD,24,13,MD,C53H58O16,possibly undescribed,none,[M+H]+,"21,79",C10H16O3,C30H32O6 / C20H16O3,1041503.3125 / 18385.798828125,1.8083,C14H24O4,C30H36O6 / C16H12O2,40756.34375 / 52777.87109375,0.372,C9H16O2,C29H32O5 / C20H16O3,890659.875 / 18385.798828125,1.5571,C3H4O2,C30H32O6 / C27H28O4,1041503.3125 / 66879.90625,2.0089,C2H4O2,C32H36O8 / C30H32O6,861941.75 / 1041503.3125,8.0066,C7H6O2,C37H38O8 / C30H32O6,317344.9375 / 1041503.3125,3.2888,C5H10O2,C25H28O4 / C20H18O2,101070.1484375 / 305350.625,1.0134,C4H8O2,C24H26O5 / C20H18O3,19401.373046875 / 473667.90625,0.8673,C10H12O3,608501.38,6.0850,C14H14O3,25271.66,0.2527,none,none,none,C16H16O3,35546.08,0.3555,C17H14O3,169376.45,1.6938,C18H18O1,72962.96,0.7296,C19H18O2,265365.97,2.6537,C20H18O2,305350.62,3.0535,C27H30O5,106509.97,1.0651,C7H4O,1495511.62,14.9551,25.0,1-alkyl-3-ol,"5-ol-6,7-epoxy","9,13,14-orthoester",no C-12,with C-18,others,C10 ring with three substituents and a hydroxyl group,6,"C2,C4,C7",C2*2+C7*1+C4*3,"acyl(8.01),benzoyl(3.29),benzoyl(14.96)","acyl,acyl,benzoyl,isobutyryl,isobutyryl,isobutyryl",A8,B1,C5,M6,R1,R1,R92,R3,R3,R3,none,40.8864,A8B1C5M6,,,,0.0,Top1,1.0
79,951.3797,7.6,470000.0,DA58_daphneodorin C (DOL-E2),C=C(C)C12CC(COC(C)=O)C34OC5(OC1C3C1OC1(COC(=O)c1ccccc1)C(O)C1(O)C(O)C(C)C(C(C)CC(OC(=O)c3ccccc3)C(OC(C)=O)C(OC(=O)c3ccccc3)CCC5O)C14)O2,MD,24,13,MD,C53H58O16,possibly undescribed,none,[M+H]+,"21,79",C10H14O2,C30H32O6 / C20H18O4,1041503.3125 / 32748.828125,1.8663,C14H24O4,C30H36O6 / C16H12O2,40756.34375 / 52777.87109375,0.372,C9H16O2,C29H32O5 / C20H16O3,890659.875 / 18385.798828125,1.5571,C3H4O2,C30H32O6 / C27H28O4,1041503.3125 / 66879.90625,2.0089,C2H4O2,C32H36O8 / C30H32O6,861941.75 / 1041503.3125,8.0066,C7H6O2,C37H38O8 / C30H32O6,317344.9375 / 1041503.3125,3.2888,C5H10O2,C25H28O4 / C20H18O2,101070.1484375 / 305350.625,1.0134,C4H8O2,C24H26O5 / C20H18O3,19401.373046875 / 473667.90625,0.8673,C10H12O3,608501.38,6.0850,C14H14O3,25271.66,0.2527,none,none,none,C16H16O3,35546.08,0.3555,C17H14O3,169376.45,1.6938,C18H18O1,72962.96,0.7296,C19H18O2,265365.97,2.6537,C20H18O2,305350.62,3.0535,C27H30O5,106509.97,1.0651,C7H4O,1495511.62,14.9551,25.0,1-alkyl-3-ol,"5-ol-6,7-epoxy","9,13,14-orthoester",no C-12,with C-18,others,C10 ring with two substituents,6,"C2,C4,C7",C2*2+C7*1+C4*3,"acyl(8.01),benzoyl(3.29),benzoyl(14.96)","acyl,acyl,benzoyl,isobutyryl,isobutyryl,isobutyryl",A8,B1,C5,M4,R1,R1,R92,R3,R3,R3,none,40.8864,A8B1C5M4,,,,0.0,Top1,1.0
79,951.3797,7.6,470000.0,DA58_daphneodorin C (DOL-E2),C=C(C)C12CC(COC(C)=O)C34OC5(OC1C3C1OC1(COC(=O)c1ccccc1)C(O)C1(O)C(O)C(C)C(C(C)CC(OC(=O)c3ccccc3)C(OC(C)=O)C(OC(=O)c3ccccc3)CCC5O)C14)O2,MD,24,13,MD,C53H58O16,possibly undescribed,none,[M+H]+,"21,79",C10H16O3,C30H32O6 / C20H16O3,1041503.3125 / 18385.798828125,1.8083,C14H24O4,C30H36O6 / C16H12O2,40756.34375 / 52777.87109375,0.372,C9H16O2,C29H32O5 / C20H16O3,890659.875 / 18385.798828125,1.5571,C3H4O2,C30H32O6 / C27H28O4,1041503.3125 / 66879.90625,2.0089,C2H4O2,C32H36O8 / C30H32O6,861941.75 / 1041503.3125,8.0066,C7H6O2,C37H38O8 / C30H32O6,317344.9375 / 1041503.3125,3.2888,C5H10O2,C25H28O4 / C20H18O2,101070.1484375 / 305350.625,1.0134,C4H8O2,C24H26O5 / C20H18O3,19401.373046875 / 473667.90625,0.8673,C10H12O3,608501.38,6.0850,C14H14O3,25271.66,0.2527,none,none,none,C16H16O3,35546.08,0.3555,C17H14O3,169376.45,1.6938,C18H18O1,72962.96,0.7296,C19H18O1,157945.14,1.5795,C20H18O2,305350.62,3.0535,C27H30O5,106509.97,1.0651,C7H4O,1495511.62,14.9551,25.0,1-alkyl-3-ol,"5-ol-6,7-epoxy","9,13,14-orthoester",no C-12,with C-18,others,C10 ring with one substituents and a hydroxyl group,6,"C2,C4,C7",C2*2+C7*1+C4*3,"acyl(8.01),benzoyl(3.29),benzoyl(14.96)","acyl,acyl,benzoyl,isobutyryl,isobutyryl,isobutyryl",A8,B1,C5,none,R1,R1,R92,R3,R3,R3,none,40.8864,A8B1C5,,,,0.0,Top1,1.0
79,951.3797,7.6,470000.0,DA58_daphneodorin C (DOL-E2),C=C(C)C12CC(COC(C)=O)C34OC5(OC1C3C1OC1(COC(=O)c1ccccc1)C(O)C1(O)C(O)C(C)C(C(C)CC(OC(=O)c3ccccc3)C(OC(C)=O)C(OC(=O)c3ccccc3)CCC5O)C14)O2,MD,24,13,MD,C53H58O16,possibly undescribed,none,[M+H]+,"21,79",C10H14O2,C30H32O6 / C20H18O4,1041503.3125 / 32748.828125,1.8663,C14H24O4,C30H36O6 / C16H12O2,40756.34375 / 52777.87109375,0.372,C9H16O2,C29H32O5 / C20H16O3,890659.875 / 18385.798828125,1.5571,C3H4O2,C30H32O6 / C27H28O4,1041503.3125 / 66879.90625,2.0089,C2H4O2,C32H36O8 / C30H32O6,861941.75 / 1041503.3125,8.0066,C7H6O2,C37H38O8 / C30H32O6,317344.9375 / 1041503.3125,3.2888,C5H10O2,C25H28O4 / C20H18O2,101070.1484375 / 305350.625,1.0134,C4H8O2,C24H26O5 / C20H18O3,19401.373046875 / 473667.90625,0.8673,C10H12O3,608501.38,6.0850,C14H14O3,25271.66,0.2527,none,none,none,C16H16O3,35546.08,0.3555,C17H14O3,169376.45,1.6938,C18H18O1,72962.96,0.7296,C19H18O2,265365.97,2.6537,C20H18O2,305350.62,3.0535,C27H30O5,106509.97,1.0651,C7H4O,1495511.62,14.9551,25.0,1-alkyl-3-ol,"5-ol-6,7-epoxy","9,13,14-orthoester",no C-12,with C-18,others,C10 ring with two substituents,4,"C2,C7",C2*1+C7*3,"acyl(8.01),benzoyl(3.29),benzoyl(14.96)","acyl,benzoyl,benzoyl,benzoyl",A8,B1,C5,M4,R1,R92,R92,R92,none,none,none,40.8864,A8B1C5M4,,,,0.0,Top1,1.0
