row ID,row m/z,row retention time,20220601_100AGC_pluskal_mce_1D1_A1_id.mzML Peak area,VGF141_H06_pos.mzML Peak area,VGF141_A07_pos.mzML Peak area,VGF141_G06_pos.mzML Peak area,VGF142_A05_pos.mzML Peak area,VGF142_B03_pos.mzML Peak area,ThyW01_500ppm_cent_pos.mzML Peak area,Thy50_01_500ppm_cent_pos.mzML Peak area,ThyE01_500ppm_cent_pos.mzML Peak area,ThyW02_500ppm_cent_pos.mzML Peak area,ThyE02_500ppm_cent_pos.mzML Peak area,Thy50_02_500ppm_cent_pos.mzML Peak area
99,104.1068716,0.19850333,0,0,0,0,0,0,86527.6,0,0,79602.336,39553.258,74057.086
112,167.0128682,0.20321706,0,0,0,0,0,143333.69,0,0,0,0,0,0
124,125.9864411,0.20586447,0,407150.78,371220.28,0,0,407393.12,0,0,0,0,0,0
130,143.9969107,0.2103316,0,0,0,0,0,215202.64,0,0,0,0,0,0
141,140.0682164,0.21768571,0,0,0,0,0,49992.203,0,0,0,0,0,0
165,240.9874777,0.24674796,0,0,629326.8,0,0,0,0,0,0,0,0,0
168,301.9575613,0.24674796,0,0,1730978.2,0,0,0,0,0,0,0,0,0
169,194.1176444,0.24678464,0,531959.75,110206.766,192179.8,658549.3,253127.8,0,0,0,0,0,0
172,256.9596304,0.24718714,0,0,2520547,0,2436729.2,2465527,0,0,0,0,0,0
183,319.0015383,0.25047708,0,0,718848.75,0,0,775737.56,0,0,0,0,0,0
205,245.9678124,0.2568036,0,0,466156.62,452406.97,0,1439616.5,0,0,0,0,0,0
206,273.9625493,0.25689042,0,7027057,4929240,6516478,0,9210007,0,0,0,0,0,0
207,153.4893569,0.25691488,0,866791.4,607976.25,720955.8,0,968448.5,0,0,0,0,0,0
218,137.0017019,0.2586154,0,2006875.9,1585013.8,1769121.1,0,2498134,0,0,0,0,0,0
220,165.50116,0.25867528,0,633768.75,544992.75,590554.9,0,1921479.9,0,0,0,0,0,0
221,157.5148864,0.2590182,0,0,543898.6,577667.06,0,890876.56,0,0,0,0,0,0
222,144.9878268,0.25912997,0,4919779,5128024.5,4690765.5,7713300.5,1.64E+07,0,0,0,0,0,0
233,183.9947752,0.26061207,0,2710944.8,2284551.2,2775514,3620006.8,3322091,0,0,0,0,0,0
244,228.9649307,0.2619412,0,913217.5,858571.1,1078395.8,904257.6,1015364.8,0,0,0,0,0,0
270,179.0170827,0.26900595,0,5139803,4654772.5,5129563,0,6447249.5,0,0,0,0,0,0
301,352.9889675,0.27969447,0,947896.2,716255.06,995543.94,1429237.5,1429759.6,0,0,0,0,0,0
316,290.9473945,0.285139,0,2526647,2092301.1,2614313.8,3848323.2,3526367.8,0,0,0,0,0,0
321,335.9449979,0.28650025,0,1204794.8,849105.56,1279449.6,1897589.6,1719331.2,0,0,0,0,0,0
325,157.0353538,0.28817686,0,0,4.15E+08,0,0,1.59E+08,0,0,0,0,0,0
326,159.0309484,0.28817686,0,0,2.26E+07,0,0,1.40E+07,0,0,0,0,0,0
338,369.9327372,0.28922272,0,485837.16,435458.4,520478.66,854579.4,823415.1,0,0,0,0,0,0
342,232.9282377,0.29174662,0,19653.795,10792.369,5047.493,12670.013,11981.139,36568.617,0,0,57525.633,119134.92,50163.812
367,151.0352828,0.29921514,0,50759.6,18382.195,120021.9,17824.09,44473.48,62685.98,43889.188,0,121752.5,15248.08,67605.31
371,214.9175146,0.30255878,0,4815.6255,4858.4873,0,6577.039,10859.035,276983.38,260592.8,0,97858.67,48661.48,88751.76
372,176.0092399,0.30259058,0,4219336,3322566.8,5368106.5,6913475,1.21E+07,85207.97,85144.3,0,0,0,0
381,128.0193323,0.3087372,0,11991.978,2517.9507,23946.727,0,6082.6606,337625.94,313483.4,0,650054.56,118765.234,414416.75
386,217.0144494,0.3139539,0,0,273184.1,1740189,0,376270.66,0,0,0,0,0,0
394,156.0422329,0.32350284,0,25546.781,12203.854,17055.06,13195.989,20375.945,474849.34,462282.97,184263.84,861323.9,231825.02,415796.7
437,288.9215392,0.35224012,0,0,0,0,0,125904.15,0,0,57783.465,29686.945,121620.13,65851.33
465,303.155164,0.36607116,0,0,0,0,0,0,251599.45,196447.17,0,0,0,0
487,266.1598561,0.36680374,0,0,0,0,0,0,697134.44,630562.56,145429.17,0,0,0
488,319.1501184,0.36680374,0,0,0,0,0,0,803745.4,753810.4,37477.566,0,0,0
491,342.1395741,0.36680374,0,0,0,0,0,0,501646.44,1388058.9,128020.3,0,0,0
498,202.1801122,0.36867702,0,0,89504.86,29145.666,9797.656,84624.84,78910.26,76965.67,75185.85,166977.69,259241.78,213323.75
504,162.076135,0.370528,0,0,0,0,0,0,1566887.4,1365562.6,619435.7,0,0,0
505,180.086668,0.370528,0,0,0,0,0,0,501191.56,433939.84,192274.1,0,0,0
516,202.0687422,0.37398592,0,0,0,0,0,0,53472.83,74596.11,159256.55,0,0,0
520,241.9996073,0.3759088,0,0,0,0,0,0,43710.664,29972.168,0,96826.875,0,24439.336
534,136.06181,0.37869352,0,0,0,0,0,20776.734,470382.94,258626.62,521437.62,0,0,0
566,158.0400829,0.3851025,0,0,1.33E+07,0,0,0,28837.414,30003.129,0,57579.1,14573.653,26490.35
572,206.8858978,0.3867903,0,0,0,0,0,0,84325.04,45921.64,0,0,0,0
576,380.0954785,0.3867903,0,0,0,0,0,0,257405.33,201727.64,0,0,0,0
577,304.8962263,0.38695782,0,0,0,0,0,0,0,13864.641,33101.156,66755.81,41306.38,54170.664
581,349.1606303,0.38787577,0,0,0,0,0,0,239058.89,194210.1,43052.766,0,0,0
638,336.8437965,0.39226338,0,0,0,0,0,0,99984.51,58093.34,0,28037.23,0,4654.674
667,110.0086436,0.3929973,0,0,0,0,0,0,880897.25,629880.6,0,1280163.6,204900.64,855535.5
670,122.9244884,0.39388743,0,0,0,0,0,0,191144.28,159273.38,10897.708,120097.72,6625.549,25571.848
681,320.869386,0.39468634,0,0,0,0,0,0,34138,34320.16,0,51115.29,6287.0884,20272.447
700,216.9505711,0.39930347,0,0,0,0,0,0,111446.7,59839.496,0,172373.72,29849.354,101389.21
702,268.1038338,0.4000436,0,0,0,0,9654.095,0,727576.1,587869.9,261000.7,0,0,0
704,105.1102807,0.40046686,0,0,0,0,0,0,0,0,1286206.4,0,0,0
727,104.1069056,0.40263924,0,0,0,0,0,0,1.83E+07,1.71E+07,2.47E+07,1976268.5,371776.34,588016.25
737,104.1031088,0.4051385,0,0,0,0,0,0,52760.49,24524.951,71155.016,0,0,0
746,162.1124755,0.40593016,0,0,0,0,0,0,324149.06,305863.3,46151.9,577134.6,116150.32,298688.1
749,221.1859624,0.40707523,0,0,0,0,0,0,369113.84,388629.84,760020.6,17180.008,0,0
787,343.0903279,0.40868282,0,0,0,0,0,0,815818.8,705729,51346.48,0,0,0
794,381.0794415,0.40974018,0,0,0,0,0,0,883292.75,1092605.8,1574674.2,42924.953,21343.143,58855.344
800,125.9862375,0.41043624,0,0,0,0,0,0,1443307.2,1368873.6,0,1571433,1005840.8,2238130.2
839,205.0682559,0.41345015,0,0,0,0,0,0,85988.91,128177.74,4563561,151259.31,264504.6,273821.4
848,257.1471833,0.41472048,0,0,0,0,0,0,0,15232.078,240613.88,112115.3,18482.295,35696.016
852,365.1054792,0.41517472,0,0,0,0,0,0,320556.22,588653.4,5660709,61177.61,174783.61,211579.73
859,248.112899,0.41556856,0,0,0,0,0,0,1156999.1,1312716.4,800662.9,0,0,0
863,222.019676,0.41605783,0,0,0,0,0,0,459125.25,424466.5,0,190215.11,37933.18,90017.766
870,140.0686123,0.41691193,0,0,0,0,0,0,96031.13,112668.28,570545.44,387230.75,332396.66,337040.38
889,108.0443199,0.41794562,0,0,0,0,0,0,643772.25,650090.75,0,0,0,0
901,337.1719158,0.41794562,0,0,0,0,0,0,1126212.1,804008.1,0,0,0,0
906,182.0578078,0.418224,0,0,0,0,0,0,0,0,0,902888.06,123442.91,375949.25
907,283.1628533,0.418224,0,0,0,0,0,0,0,0,0,294045.1,27349.508,76054.07
908,362.0968973,0.41823193,0,0,0,0,0,0,0,0,357975,0,0,3437.7195
932,266.1235057,0.41901302,0,0,0,0,0,0,1589513.8,1785551.5,1088679.9,0,0,0
936,309.1785521,0.4191393,0,0,0,0,0,0,0,0,0,168766.11,0,35333.82
942,233.0631739,0.42000037,0,0,0,0,0,0,64594.46,100473.516,490339.75,8889.984,0,0
945,267.0387285,0.42034963,0,0,0,0,0,0,15556.416,29151.152,324982.78,85227.586,121127.664,161574.64
985,126.0549443,0.42245874,0,0,0,0,0,0,522553.97,510683.75,53773.348,0,0,0
1002,299.13679,0.4229625,0,0,0,0,0,0,0,0,0,63955.746,0,0
1037,118.0862272,0.4237992,0,0,0,0,0,0,1.08E+07,1.06E+07,1.04E+07,2592006,823855.44,1147838.5
1038,116.0705546,0.42380586,0,0,0,0,0,0,9234449,6922987.5,8607257,48967.566,28370.64,41625.887
1043,202.0597154,0.42454943,0,0,0,0,0,0,0,0,662524.8,0,9999.819,19374.537
1046,206.0457806,0.42509633,0,0,0,0,0,0,0,96487.516,48345.31,91672.79,55472.016,58274.195
1050,282.0782704,0.42559817,0,0,0,0,0,0,0,14201.272,576951.4,0,9244.026,13993.119
1060,201.0519265,0.42590234,0,0,0,0,0,0,65482.71,73898.18,307540.97,0,0,0
1062,234.0972309,0.42590106,0,0,0,0,0,0,1379719.9,1215060.5,500066.44,0,0,0
1066,260.1129054,0.42590106,0,0,0,0,0,0,1689779.1,1258339,159926.48,0,0,0
1067,262.1285527,0.42590106,0,0,0,0,0,0,775227.2,621851.1,804401.75,0,0,0
1070,278.1234668,0.42590106,0,0,0,0,0,0,1277985,910652.4,132146.98,0,0,0
1071,305.1344406,0.42590106,0,0,0,0,0,0,6520735.5,5827220.5,663760.9,0,0,0
1075,102.1276187,0.42674467,0,0,0,0,0,0,0,0,19304.566,36145.07,94615.15,32249.625
1088,182.0804342,0.42722026,0,0,0,0,0,0,182890.83,155237.56,306723.2,12127.902,7474.1406,7794.1816
1092,138.0549786,0.42735863,0,0,0,0,0,0,3536495.8,3329950.2,1401649.8,14678.793,0,8275.597
1114,134.0447922,0.42827773,0,0,0,0,0,0,884986.1,687034.94,0,0,0,0
1133,278.0871401,0.42827773,0,0,0,0,0,0,1420982.4,1131620.6,0,0,0,0
1148,330.0587547,0.42827773,0,0,0,0,0,0,855095.56,619308.8,0,0,0,0
1194,166.0849942,0.42896914,0,0,0,0,0,0,18852.371,19850.066,20359.662,533885.2,274858.44,425624.6
1209,259.092489,0.4293468,0,0,0,0,0,0,630968.44,456845.34,127137.73,0,0,0
1212,276.1442388,0.4293468,0,0,0,0,0,0,488330.38,407487.34,449174.78,0,0,0
1218,175.1189575,0.42942935,0,0,0,0,0,0,3791492.5,2473574,22543.393,88024.266,0,60987.098
1233,132.1018981,0.4307104,0,0,0,0,0,0,202703.48,172318.06,851827.2,44504.914,37114.99,32063.121
1235,130.0862511,0.43072262,0,0,0,0,0,0,2382725,1762546.2,1001930.94,95791.586,24717.79,48368.555
1236,144.1019512,0.43072262,0,0,0,0,0,0,744886.75,508693.47,165983.64,3295169.8,899240.7,1574007.6
1285,174.0872957,0.43333042,0,0,0,0,0,0,0,0,0,89221.47,0,0
1329,130.0498803,0.43373364,0,0,0,0,0,0,788356,667725.56,536679,51835.223,0,49252.637
1347,302.1962378,0.43554413,0,0,0,0,0,0,0,0,0,37023.023,52723.316,42590.945
1448,174.0760839,0.443911,0,0,0,0,0,0,344196.94,316129.4,50322.477,13909.881,0,7016.4614
1494,232.0815469,0.45349053,0,0,0,0,0,0,369766.97,294217.6,27968.932,0,0,0
1495,128.0219707,0.4536487,0,0,0,0,0,0,72620.33,54390.617,0,121492.35,0,7842.9365
1521,167.4865959,0.45881367,0,1316242.5,1289379.6,2148839.8,3009202,4600821.5,0,0,0,0,0,0
1581,342.1395814,0.4662913,0,0,0,0,0,0,838567.6,0,15725.522,0,0,0
1582,184.0629671,0.4665931,0,0,0,0,0,0,762365.25,776998.25,83146.18,9308.25,0,0
1620,214.917594,0.47004724,0,0,0,0,0,0,0,0,0,0,177940.6,129684.48
1681,252.9185544,0.4789237,0,0,0,0,0,0,62666.15,50475.363,0,49519.08,0,0
1684,179.9906475,0.47984326,0,0,0,0,0,0,138661.12,107366.11,0,164379.52,0,20542.783
1708,113.9636408,0.48251763,0,0,0,0,0,0,0,0,0,0,1556076.9,0
1721,182.9023297,0.48425254,0,0,0,0,0,0,32919.68,0,23735.602,216716.7,72919.11,106485.766
1725,195.9682166,0.48605812,0,0,0,0,0,0,87867.83,75137.03,0,119726.984,0,0
1750,177.957663,0.49023438,0,0,0,0,0,0,247314.5,205677.58,0,288112,0,73958.97
1766,154.9416884,0.49417764,0,0,0,0,0,0,123397.39,119460.25,0,206027.89,0,38555.17
1870,120.0254596,0.5151367,0,0,0,0,0,0,0,0,160408.8,0,0,0
1937,319.1500952,0.5214839,0,0,0,0,0,0,178363.98,129385.69,0,0,0,0
1939,381.0794453,0.5214839,0,0,0,0,0,0,100134.09,86358.76,0,0,0,0
1944,110.0098479,0.5218351,0,0,0,0,0,0,59609.38,17426.664,0,197222.2,0,0
1960,162.0761024,0.5230119,0,0,0,0,0,0,396418.6,264935.12,100884.97,0,0,0
1974,182.0577417,0.52523035,0,0,0,0,0,0,0,0,0,114577.01,7701.505,23556.045
1977,156.0421351,0.52595025,0,0,0,0,0,0,28136.783,22447.496,41232.836,126913.88,21369.709,31121.164
1983,267.0388048,0.526068,0,0,0,0,0,0,0,0,216070.7,0,0,0
1994,104.1075137,0.5280449,0,0,0,0,0,0,4810242.5,3659798.2,10480.342,271585.6,100325.33,134709.34
1999,203.0526037,0.5301283,0,0,0,0,0,0,124892.4,125805.29,81458.266,0,0,0
2001,159.0131332,0.5308684,0,0,0,0,7639.2593,0,0,0,51403.11,55750.24,92930.88,82230.05
2010,342.9970496,0.53298986,0,0,104193.54,0,0,0,0,0,0,0,0,5725.1406
2029,193.9299807,0.53904206,0,0,0,0,0,0,62502.598,95820.76,0,145582.23,0,35931.56
2033,140.068832,0.54008776,0,0,0,0,0,0,18246.902,33790.88,236571.08,65000.402,30746.223,31989.682
2036,185.0664455,0.54196477,0,294857.38,290479.72,285123.2,381713.47,378227.66,0,0,0,0,0,0
2045,126.9714753,0.54456484,0,0,0,0,0,0,33666.176,53936.953,252483.64,260054.56,354275.8,313235.53
2058,146.0924167,0.5476671,0,0,0,0,0,0,129035.82,111526.85,29417.715,63486.996,5645.5396,20576.785
2062,114.9714556,0.5478953,0,0,0,0,0,0,0,0,93014.87,155660.97,345477.94,487717.88
2063,128.9507472,0.5478953,0,0,0,0,0,0,0,0,410548.12,352113.72,598456.56,369482.88
2067,142.9664469,0.54937154,0,0,0,0,0,0,0,28782.246,141170.62,135332.89,203923.55,179769.19
2073,319.0006308,0.5525635,0,0,0,0,2752532,0,0,0,0,0,0,0
2147,180.087136,0.5616134,0,0,0,0,0,0,137424.39,28587.28,33010.992,0,0,0
2150,130.049897,0.5621641,0,0,0,0,0,0,1157691,1112585.6,404108.62,0,0,0
2157,262.1285368,0.5621641,0,0,0,0,0,0,316232.97,222016.9,223634.39,0,0,0
2162,289.1394805,0.5621641,0,0,0,0,0,0,323658.1,274835.16,40857.367,0,0,0
2163,294.1548265,0.5621641,0,0,0,0,0,0,964231.8,774259.4,660383.44,0,0,0
2249,172.976965,0.5636956,0,0,0,0,0,0,45488.984,54263.883,206825.75,189975.69,347263.8,247143.03
2252,122.0235655,0.56420505,0,0,0,0,0,0,113072.44,90053.27,0,0,0,0
2343,136.9311078,0.56508476,0,0,0,0,0,0,190043.6,154040.67,0,388964.97,0,59161.94
2344,314.0917742,0.5651177,0,0,0,0,0,0,35082.992,59578.67,235553.1,12787.158,0,3155.8572
2353,108.0442928,0.56561667,0,0,0,0,0,0,228921.86,229779.95,5251.233,0,0,0
2356,137.0457947,0.56561804,0,0,0,0,0,0,371324.22,168801.25,99097.16,0,0,0
2396,274.0922934,0.56561804,0,0,0,0,0,0,407625.34,337744.1,30960.633,0,0,0
2399,276.1442195,0.56561893,0,0,0,0,0,0,1960437.9,1551933.4,1328195.6,0,0,0
2419,152.0567248,0.5662061,0,0,0,0,0,0,648196.3,298584.44,56574.707,16391.57,0,0
2422,268.1040672,0.5662061,0,0,0,0,0,0,2153984.8,1583373.6,564090.8,56016.098,0,0
2426,130.0862591,0.56662804,0,0,0,0,0,0,0,363122.84,183741.53,0,0,0
2439,136.0617777,0.5682554,0,0,0,0,0,0,670801.5,435931.25,549886.56,23308.957,18306.518,23467.365
2530,152.1070434,0.56938386,0,0,0,0,0,0,2467425.8,3454202,0,0,0,0
2600,136.0756774,0.5701247,0,0,0,0,0,0,92549.836,0,183133.31,8760.575,0,0
2601,202.1801415,0.5703955,0,0,0,0,0,0,77127.36,81949.4,60402.586,148509.23,157659.06,150503.97
2606,165.0546352,0.5713859,0,0,0,0,0,0,117728.68,98218.92,266559.1,10012.11,0,0
2608,182.0811606,0.5713859,0,0,0,0,0,0,448828.5,348805.34,403311.25,15798.4795,0,0
2612,132.1018995,0.5718297,0,0,0,0,0,0,1176547.9,825822.4,3260620.8,82052.85,0,9467.3955
2613,124.0392608,0.57212186,0,0,0,0,0,0,191867.89,189227.52,132116.95,60495.8,7137.5425,9010.56
2617,140.0342051,0.57236654,0,0,0,0,0,0,371115.8,307537.8,0,13040.222,0,0
2621,247.0788048,0.5725226,0,0,0,0,0,0,12717.514,16348.575,250286.34,0,0,0
2710,153.110371,0.5751764,0,0,0,0,0,0,0,298966.97,0,0,0,0
2743,193.0971478,0.5759735,0,0,0,0,0,0,245822.7,213983.73,16876.441,0,0,0
2794,321.1309348,0.58224225,0,0,0,0,0,0,0,0,0,269182.72,184331.03,142451.58
2808,142.0863567,0.58441055,0,2564.9001,130110.56,0,0,7245.157,13406.658,9896.074,6248.6436,0,0,0
2821,199.1077177,0.58633804,0,0,0,0,0,0,255975.58,219578.28,49721.414,0,0,0
2835,387.9944539,0.5888915,0,0,125474.06,0,0,0,0,0,0,0,0,0
2855,217.1044842,0.5915694,0,35968.883,35060.67,12331.678,114650.44,48906.805,0,0,0,0,0,0
2858,295.0900335,0.5933735,0,0,0,0,0,0,0,0,0,12013.42,23969.31,23051.357
2890,215.1291007,0.6001549,0,0,0,0,0,0,0,0,0,57380.395,0,0
2917,254.1015309,0.60864455,0,0,0,0,0,0,24845.242,19956.402,262980.72,0,0,0
2940,144.0655412,0.6152216,0,0,0,0,0,0,376052.12,433075.25,203674.33,10176.998,0,6143.477
2972,310.1286096,0.62487656,0,0,0,0,0,0,599035.5,420220.53,366290.88,0,0,0
2973,328.1391864,0.62487656,0,0,0,0,0,0,395305.1,285845.62,230324.81,0,0,0
2989,384.1150623,0.63077474,0,0,0,0,0,0,129783.914,109181.39,17806.195,13508.921,0,0
3048,224.0778506,0.6480976,0,0,0,0,0,0,95118.125,65094.285,0,0,0,0
3079,217.0142675,0.6587352,0,1755572.9,1669262.5,0,1499473,1831784.4,0,0,0,0,0,0
3091,121.0840635,0.6626158,0,0,0,0,0,0,0,84135.41,185044.02,0,0,0
3092,186.1236476,0.662673,0,0,0,0,0,0,71118.85,78770.38,7804.0586,0,0,0
3095,209.0920381,0.6646368,0,0,0,0,0,0,79601.27,79703.805,14994.541,0,0,0
3111,149.0597172,0.66840243,0,0,0,0,0,0,49475.19,32652.213,67143.484,0,0,0
3131,103.0541109,0.67213345,0,0,0,0,0,0,75503.33,51790.12,89486.54,0,0,0
3132,131.0491093,0.67213345,0,0,0,0,0,0,39679.156,23434.643,53655.51,0,0,0
3138,166.0861818,0.6744088,0,0,0,0,0,0,1420408.2,912114.3,1863806.9,65166.426,0,11024.215
3147,120.0807346,0.6769825,0,0,0,0,0,0,1807178.9,1141253.9,2361411,75117.914,0,10206.573
3149,121.0670878,0.67718875,0,8715.859,8145.369,9178.942,10504.471,10248.207,2862628,4115390.2,122522.695,0,0,0
3191,214.9175324,0.68708897,0,0,0,0,0,0,0,0,0,0,328709.78,540568.5
3198,100.0755549,0.6889903,0,0,0,0,0,0,80060.3,75244.734,70934.164,71645.37,20420.357,17245.035
3200,220.1179685,0.6897062,0,0,0,0,0,0,76187.52,61140.16,63668.477,14012.014,0,0
3204,167.4867547,0.6911158,0,0,486097.56,0,0,0,0,0,0,0,0,0
3256,224.0917274,0.7094221,0,0,0,0,0,0,73475.82,68376.484,8794.5,0,0,0
3260,302.1961315,0.71135765,0,0,0,21349.205,21819.543,0,204728.11,191685.81,226889.75,291394.06,270507.3,240550.86
3289,305.1359912,0.7226495,0,0,0,0,0,0,0,0,0,343496.62,240693.78,196026.36
3331,296.1351528,0.7404577,0,0,0,0,0,0,49811.55,50013.02,28205.408,0,0,0
3334,301.9576792,0.7406592,0,0,1.38E+07,0,0,0,0,0,0,0,0,0
3375,240.9872237,0.7574272,0,0,1.09E+07,0,1.04E+07,0,0,0,0,0,0,0
3381,281.1377315,0.7598433,0,0,0,0,0,0,0,0,6967.854,230524.06,63159.26,66668.234
3395,323.1465593,0.76278776,0,0,0,0,0,0,0,0,0,613059.2,270609.97,267525.97
3400,157.0834574,0.7676167,0,3151.7627,3218.9175,12158.7705,73729.95,47633.723,54357.312,71435.15,117552.305,152273.72,172660.28,135276.03
3402,175.1228487,0.77034307,0,0,0,0,0,0,11497.69,8254.661,5430.5107,0,0,0
3414,195.1127903,0.7744374,0,0,0,0,0,0,144003.39,124087.22,50087.21,0,0,0
3447,243.1828265,0.78660125,0,13378.191,25230.205,34790.434,24889.406,20579.14,85211.15,74365.766,85132.305,83964.21,124104.23,70074.57
3530,130.0862308,0.8182067,0,0,0,0,0,0,0,58297.12,62386.367,0,0,0
3564,173.0444218,0.829868,0,0,0,0,0,0,0,0,0,776459.2,91346.6,153589.81
3566,329.1231021,0.829868,0,0,0,0,0,0,0,0,0,215351.1,35873.977,67786.805
3580,113.0232069,0.83416367,0,0,0,0,0,0,0,0,0,210903.47,23410.357,40527.94
3605,164.0706238,0.83987975,0,8923.492,222381.48,0,0,0,0,0,0,0,0,0
3619,195.026338,0.8446134,0,0,0,0,0,0,0,0,0,85543.555,0,9211.121
3626,316.2117586,0.8466169,0,432385.34,556319.75,392156.25,133990.73,470142.6,0,0,0,0,0,0
3633,309.1672412,0.84997797,0,0,0,0,0,0,0,0,0,346466.3,114847.53,156177.53
3737,367.1499758,0.8707378,0,0,0,0,0,0,105855.45,80153.59,102382.32,0,0,0
3739,157.5147602,0.8719629,0,5338649,5044531,5551199.5,1.03E+07,1.05E+07,0,0,0,0,0,0
3757,126.0548981,0.87470174,0,0,0,0,0,0,116820.38,91525.11,11119.838,0,0,0
3765,265.1434117,0.87984246,0,0,0,0,0,0,0,0,9044.187,1290399,351621.5,447255.22
3788,311.1828629,0.8899541,0,0,0,0,0,0,0,0,0,263136.47,53163.15,73116.94
3797,108.0442857,0.89333296,0,0,0,0,0,0,75295.08,60169.062,0,0,0,0
3818,128.0705475,0.9013963,0,0,0,0,0,0,0,25833.605,192477.03,0,0,0
3824,105.0697653,0.902735,0,0,0,0,0,0,91038.2,60619.766,36228.082,0,0,0
3833,283.1535576,0.90493417,0,0,0,15338.774,0,0,0,0,0,206514.2,61739.867,85214.625
3859,305.1359717,0.91360587,0,0,0,0,0,0,0,0,0,316778.72,151986.12,169607.27
3884,261.1121443,0.9198592,0,0,0,0,0,0,0,0,0,182202.28,0,0
3943,104.1068736,0.9423712,0,0,0,0,0,0,0,44127.734,0,0,0,0
3980,196.0958602,0.95167154,0,0,0,0,0,0,19196.879,22561.266,85445.15,0,0,0
4016,246.1698961,0.9672761,0,107340.83,56193.836,476275.03,30980.012,18343.258,0,0,0,0,0,0
4021,229.119783,0.9705324,0,0,0,0,0,0,24610.441,20433.844,16413.018,212868.33,0,94234.44
4026,183.1013946,0.9729397,0,24475.828,0,164565.03,24534.738,0,0,0,0,0,0,0
4038,307.1516041,0.97749454,0,0,0,0,0,0,0,0,0,261377.17,0,0
4060,316.2117119,0.9836893,0,347876,1712.1388,556045.25,316477.78,497964.53,0,0,0,0,0,0
4066,205.0971194,0.98717403,0,0,0,0,0,0,107109.46,80795.95,251927.42,0,0,0
4067,146.0600304,0.9877033,0,0,0,0,0,0,87000.625,93331.2,138107.64,14560.095,0,0
4083,316.2121829,0.9921825,0,0,483912.22,0,0,0,0,0,0,0,0,0
4094,188.070567,0.9996532,0,0,0,0,0,0,417121.4,317081.3,1058431,22998.92,0,0
4108,104.106881,1.0069746,0,0,0,0,0,0,55536.04,109101.66,139542.12,0,0,0
4210,274.2013819,1.0415453,0,0,0,304912.34,0,0,0,0,0,0,0,0
4228,335.1117895,1.0502205,0,0,0,0,68339.086,0,0,0,0,297611.56,149317.5,157448.53
4256,307.0940543,1.0619372,0,0,0,0,0,0,0,0,0,160604.3,47775.22,49270.547
4270,300.1991665,1.0664645,0,85535.36,131540.72,76242.12,26378.225,128567.61,0,0,0,7719.4497,0,0
4318,323.1463463,1.0795363,0,0,0,14720.139,2953.2678,0,0,0,0,0,145147.6,145541.42
4321,291.1199709,1.0820229,0,0,0,0,6253.9365,0,0,0,0,747109.9,120062.96,130811.52
4326,233.1170278,1.0833883,0,0,0,0,0,0,0,0,0,183394.62,0,0
4366,599.3900458,1.0949665,0,130278.19,194506.94,108220.61,38770.805,180650.6,0,0,0,0,0,0
4464,214.9175638,1.1234326,0,0,0,0,0,0,0,0,870445.94,0,0,0
4493,122.0811501,1.1302933,1.01E+07,0,0,0,0,0,0,0,0,0,0,0
4538,296.0955195,1.1302933,1994912.8,0,0,0,0,0,0,0,0,0,0,0
4543,415.2116256,1.1302933,3359832.2,0,0,0,0,0,0,0,0,0,0,0
4570,274.2011023,1.13326,0,139109.86,63695.914,869900.6,54638.38,8828.053,0,0,0,0,0,0
4573,251.1252959,1.1343255,0,52318.973,0,448282.1,85694.36,15552.297,0,0,0,0,0,0
4583,163.0388902,1.1398209,0,0,0,0,0,0,7836.93,609299.9,0,12016.641,0,0
4585,265.1432877,1.1410894,0,0,0,0,0,5937.633,0,0,0,2553118.5,983079,1105608.6
4592,295.1175047,1.1416241,0,0,0,0,0,0,0,0,0,447688.94,87035.34,163438.28
4648,229.1220852,1.1603036,0,0,0,0,0,0,0,0,0,287876.25,0,109734.91
4677,281.1373932,1.168293,0,0,0,65106.812,0,0,0,0,0,308226.66,0,0
4709,309.1670401,1.1752199,0,0,0,0,0,0,0,0,0,141468.52,0,0
4729,300.1986221,1.185108,0,82568.65,135805.08,111876.93,40185.13,113247.03,0,0,0,0,0,0
4754,599.3899349,1.187938,0,82880.66,144433.12,125985.8,39513.336,121765.29,0,0,0,0,0,0
4756,335.111242,1.1895308,0,0,0,0,0,0,0,0,0,438342.2,0,138211.58
4781,277.106564,1.2033827,0,0,0,9006.557,0,35150.11,0,0,0,220763.3,52584.676,77602.945
4815,227.1253469,1.2120632,0,0,0,0,0,0,169014.77,0,0,0,0,0
4870,417.1183291,1.2279706,0,0,0,0,0,136358.23,0,0,0,0,0,0
4885,210.1112659,1.2309278,0,0,0,0,11069.984,4210.4473,74754.7,51280.867,0,0,0,0
4914,163.0389778,1.2375412,0,0,0,0,0,0,389280.12,0,0,0,0,0
4917,439.0547692,1.241771,0,0,0,0,0,0,78594.414,129006.086,0,0,0,0
4937,226.5467325,1.2479081,0,0,0,0,0,0,79385.08,133447.75,0,0,0,0
4938,355.1024038,1.2479081,0,0,0,0,0,0,108348.19,177632.02,0,0,0,0
4939,377.0843326,1.2479081,0,0,0,0,0,0,163566.2,284685.7,0,0,0,0
4994,127.5133267,1.2629509,0,2594327.2,1767426.8,0,2328972.2,2766973.8,0,0,0,0,0,0
4996,104.1068748,1.2630476,0,0,0,0,0,0,123103.875,75954.484,179511.95,0,0,0
4997,217.1368278,1.263122,0,177431.9,69167.47,183740.7,19574.145,18840.045,0,0,0,0,0,0
5011,194.0613644,1.2699424,3411936,31680.81,10438.801,25107.992,17637.322,8634.355,0,0,0,0,0,0
5048,227.126065,1.2792131,0,0,0,0,0,25503.23,48248.96,165235.67,0,0,0,0
5055,250.0911517,1.2820642,4.59E+07,5527.9326,0,0,0,0,0,0,0,0,0,0
5140,378.1342722,1.3044487,3.18E+07,0,0,0,0,0,0,0,0,0,0,0
5144,406.2236608,1.3044487,1.17E+08,0,0,0,0,0,0,0,0,0,0,0
5147,426.2136434,1.3044487,7.07E+07,0,0,0,0,0,0,0,0,0,0,0
5150,438.2136073,1.3044487,2172442.2,0,0,0,0,0,0,0,0,0,0,0
5151,486.1895222,1.3044487,2186087.2,0,0,0,0,0,0,0,0,0,0,0
5152,560.107117,1.3044487,2412118.2,0,0,0,0,0,0,0,0,0,0,0
5154,562.1213988,1.3044487,1.98E+07,0,0,0,0,0,0,0,0,0,0,0
5178,282.1126719,1.3078628,0,26502.771,238989.11,12765.561,0,0,0,0,0,0,0,0
5203,104.1068791,1.31901,0,0,0,0,0,0,0,79944.875,81308.14,0,0,0
5204,267.1571106,1.3191519,0,31235.955,0,204277.5,0,0,0,0,0,0,0,0
5206,290.2327365,1.3199767,0,25417.53,8443.084,200325.16,0,0,0,0,0,0,0,0
5227,335.1124728,1.3226945,0,0,0,0,0,0,0,0,0,252557.6,213530.69,130239.7
5302,234.1335635,1.3630161,0,391034.75,496416.25,1907.6395,336195.16,0,0,0,0,15026.106,0,9592.697
5419,288.216716,1.4017507,0,36048.457,12055.465,277139.4,6261.403,0,0,0,0,0,0,0
5455,316.2119076,1.4139311,0,0,2751.379,51313.156,0,0,60839.496,59849.117,58778.688,116467.62,86330.98,85967.06
5465,312.1229837,1.4165385,0,133403.42,149264.42,0,0,0,0,0,0,0,0,0
5477,171.0658422,1.421143,0,0,0,0,0,0,247872.67,204678.97,0,14665.609,0,0
5491,621.2217573,1.422213,0,0,93070.97,0,0,0,0,0,0,0,0,0
5494,303.1203099,1.4225817,0,0,0,2345.2773,0,0,0,0,0,152442.61,74878.76,88114.44
5499,282.1125351,1.4234835,0,496878.75,2380577.2,45880.56,0,0,0,0,0,0,0,0
5500,300.1232126,1.4234835,0,126233.08,634646.8,11424.886,0,0,0,0,0,0,0,0
5519,245.1171458,1.4237449,0,0,0,0,0,0,0,0,0,346289.16,0,0
5521,322.1049554,1.4259266,0,121611.44,357095.4,9675.731,0,0,0,0,0,0,0,0
5563,227.126127,1.4353286,0,0,0,20848.781,14045.709,7946.1743,64747.7,46566.32,0,117340.445,41778.51,30431.879
5579,302.1822927,1.4404564,0,0,0,0,0,0,0,0,0,210914.2,10451.226,38646.793
5602,281.1373671,1.4534649,0,0,0,66053.766,13896.3125,0,0,0,0,209318.23,0,0
5607,139.0212893,1.45435,0,0,0,4424158.5,6434684,0,0,0,0,0,0,0
5611,285.0760957,1.4566607,0,0,0,0,0,201804.33,0,0,0,0,0,0
5638,273.1089693,1.4639282,0,0,0,0,118427.62,0,0,0,0,0,0,0
5640,296.1849414,1.4639282,0,0,0,0,123019.68,0,0,0,0,0,0,0
5644,283.1523627,1.465801,0,0,0,155395.66,14028.815,0,0,0,0,0,0,0
5648,197.1174282,1.4673364,0,38215.195,0,130594.19,0,0,0,0,0,0,0,0
5690,239.089001,1.4867685,0,1047865.1,1149300.1,736834.7,1116912.5,1174832.1,0,0,0,0,0,0
5695,455.1889265,1.4867685,0,99148.8,123168.26,51213.58,114296.86,118705.516,0,0,0,0,0,0
5703,173.0809425,1.4881423,0,134444.47,149102.25,135107.92,103554.125,91124.375,0,0,0,0,0,0
5716,217.1071523,1.4895144,0,1391636.8,1574455.5,1477302.1,1110131.2,964546.56,0,0,0,0,0,0
5717,234.1338833,1.4900086,0,0,0,385249.53,0,273244.2,0,0,0,0,0,0
5720,104.1068809,1.4903256,0,0,0,0,0,0,0,0,86618.33,0,0,0
5801,262.1649204,1.5281903,0,479813.75,589869.75,425923.38,139003.42,230548.52,13777.313,13957.077,0,0,0,0
5807,312.1232451,1.5286274,0,491207.72,275575.9,5520.923,0,0,0,0,0,0,0,0
5814,330.1338037,1.5307409,0,282333.1,161946.22,0,0,0,0,0,0,0,0,0
5869,357.0944901,1.5468767,0,0,0,0,0,0,0,0,0,326749.25,0,167352.77
5884,306.2274926,1.5513484,0,57533.035,26097.498,197551.9,5561.759,4305.876,0,0,0,0,0,0
5903,274.20122,1.5558956,0,12745.378,10244.565,184036.56,16183.333,4040.5925,0,0,0,0,0,0
5922,447.1284911,1.5628229,0,6292.19,99453.52,0,0,0,0,0,0,0,0,0
5939,538.212723,1.5666126,0,139111.19,162099.83,135189.6,44414.535,0,0,0,0,0,0,0
5970,300.1231133,1.577502,0,10703.881,236970.16,0,0,0,0,0,0,0,0,0
5976,430.2434753,1.5790752,0,285505.25,512978.06,314591.06,62953.91,361122.3,0,0,0,0,0,0
5986,357.2143464,1.5804533,0,84604.95,135687.3,76635.31,24507.912,134082.03,0,0,0,0,0,0
5989,713.4219291,1.5825732,0,60931.168,125858.26,40768.56,0,95631.96,0,0,0,0,0,0
6058,197.1172534,1.6062063,0,388852.25,70041.016,1743078.5,36351.977,36078.527,0,0,0,0,0,0
6064,275.1311799,1.6075464,0,78569.08,13969.291,374257.94,0,6296.273,0,0,0,0,0,0
6066,147.0441351,1.6080409,0,0,83067.83,0,0,0,0,0,0,0,0,0
6080,242.1749672,1.6090772,0,163645.95,49564.188,354030.7,5746.6147,12035.99,0,0,0,0,0,0
6113,335.112581,1.6156379,0,0,0,0,0,0,0,0,0,1315972.1,563929.1,599834.9
6121,253.1793167,1.6225042,0,0,0,0,489358.84,0,0,0,0,0,0,0
6144,227.1272608,1.6290983,0,13985.725,8753.744,20271.068,37450.1,6300.8433,0,54931.766,0,0,0,0
6201,163.1115294,1.655139,0,0,0,0,3200.8865,155128.75,0,0,0,0,0,0
6207,245.1382171,1.6572832,0,39882.223,23829.602,10707.571,78792.39,17585.955,0,0,0,0,0,0
6252,267.15687,1.669483,0,66488.73,25074.982,562113.8,0,33501.42,0,0,0,0,0,0
6256,290.2323865,1.6703135,0,55683.156,27383.096,568331.75,17403.389,16192.937,0,0,0,0,0,0
6261,227.1640177,1.6717151,0,52408.465,22403.225,482400.97,38563.97,19059.916,0,0,0,0,0,0
6283,449.1072965,1.676041,0,0,0,198402.95,0,0,0,0,0,0,0,0
6314,245.1172078,1.6830698,0,0,0,0,0,0,0,0,0,1091663.8,473412.1,455026.44
6335,300.1229189,1.6903397,0,49092.574,317318.22,0,0,0,0,0,0,0,0,0
6344,365.1230887,1.6943884,0,0,0,0,0,0,0,0,0,453339.03,331926.16,447976.4
6350,253.1795841,1.6959162,0,0,0,0,222801.67,0,0,0,0,0,0,0
6371,209.0806956,1.7019944,0,117145.33,31280.627,0,10891.587,44695.1,0,0,0,0,0,0
6372,267.1584645,1.7021248,0,13838.614,4805.2715,86132.68,160473.58,13470.265,8431.091,12819.662,0,532961.44,183415.9,236576.7
6389,214.9175562,1.7042955,0,0,0,0,0,0,0,489178.66,0,0,0,0
6409,217.1222691,1.7089732,0,0,0,0,0,0,0,0,0,123354.23,0,0
6414,285.0753673,1.709559,0,0,0,0,0,161638.77,0,0,0,0,0,0
6415,301.0703924,1.709559,0,0,0,0,0,114364.62,0,0,0,0,0,0
6463,321.1311812,1.7273767,0,3549.7058,3998.2844,12372.983,18353.85,115171.836,0,0,0,0,0,0
6465,330.2273156,1.7282131,0,23625.463,10312.803,141571.5,8395.975,0,0,0,0,0,0,0
6507,263.127222,1.743268,0,0,0,28251.941,105096.17,0,0,0,0,1865563.9,824811.4,783777.06
6511,271.0603432,1.7457734,0,0,0,0,0,311384,0,0,0,0,0,0
6542,251.1639738,1.753893,0,0,0,0,223445.81,0,0,0,0,0,0,0
6582,398.0512616,1.7581418,0,26083.184,27709.96,31743.594,115778.38,18572.496,0,0,0,0,0,0
6617,272.2217034,1.7651405,0,33762.246,9237.147,174568.39,2332.9456,0,0,0,0,0,0,0
6699,295.1891906,1.7945044,0,1903.6533,0,0,4385.835,0,0,0,0,128912.305,28817.531,39961.77
6718,284.1276987,1.8006372,0,83208.9,813128.25,31511.559,0,0,0,0,0,0,0,0
6719,329.1853143,1.8006372,0,14103.777,152978.75,2108.5247,0,0,0,0,0,0,0,0
6720,330.227086,1.8008835,0,36992.145,16846.346,273426.78,21016.5,9769.311,0,0,0,0,0,0
6737,328.2114037,1.8029313,0,31471.71,0,220176.03,13809.317,0,0,0,0,0,0,0
6758,259.0964844,1.8117646,0,0,0,0,0,116513.53,0,0,0,0,0,0
6768,273.145903,1.815608,0,0,0,0,63248.61,0,0,0,0,147078.5,0,0
6770,320.0902957,1.8193532,0,10792.44,339586.12,0,1955.2012,0,0,0,0,0,0,0
6833,288.2164249,1.8388286,0,24201.17,5574.2227,170718.08,9291.009,0,0,0,0,0,0,0
6838,217.0970968,1.8409132,0,0,0,0,0,0,86256.36,94262.21,16141.398,0,0,0
6892,183.0778151,1.8539665,0,264215.1,247656.56,213335.56,235080.8,221045.75,0,0,0,0,0,0
6918,298.1066153,1.8618431,0,30975.568,1555352.8,5072.5356,0,0,0,0,0,0,0,0
6924,147.0437536,1.8639662,0,0,138809.17,0,0,0,0,0,0,0,0,0
6948,104.1068759,1.8708725,0,0,0,0,0,0,0,0,94088.56,0,0,0
6978,289.140978,1.882349,0,0,0,0,39915.51,0,0,0,0,293873.56,0,0
6984,255.0651723,1.8849475,0,0,0,0,0,277101.1,0,0,0,0,0,0
7014,331.0812219,1.8918474,0,0,0,0,0,427695.8,0,0,0,0,0,0
7040,209.1168609,1.8944327,0,8444.805,0,113273.71,18256.824,0,0,0,0,0,0,0
7041,359.1961767,1.8951977,0,88858.086,258574.45,0,0,0,0,0,0,0,0,0
7042,254.1742296,1.8958349,0,7866.8516,2748.865,122116.06,8453.375,0,0,0,0,0,0,0
7043,314.1378775,1.8962708,0,371601.28,1150859.8,17102.773,0,0,0,0,0,0,0,0
7081,163.0389597,1.9069775,0,0,0,0,0,0,182224.25,50873.89,0,0,0,0
7096,266.0440553,1.9093581,1942347.5,0,0,0,0,0,0,0,0,0,0,0
7104,282.56433,1.9093581,7.05E+07,0,0,0,0,0,0,0,0,0,0,0
7111,451.0030927,1.9093581,1.39E+07,0,0,0,0,0,0,0,0,0,0,0
7113,454.997931,1.9093581,1947599.5,0,0,0,0,0,0,0,0,0,0,0
7119,584.1650235,1.9093581,3.46E+07,0,0,0,0,0,0,0,0,0,0,0
7144,187.060102,1.9147601,0,0,0,0,0,0,0,0,0,529879.8,954197.8,946411.75
7176,567.2488471,1.920608,0,7195.8413,183151.14,0,0,0,0,0,0,0,0,0
7177,589.2313292,1.920608,0,4700.8496,117587.086,0,0,0,0,0,0,0,0,0
7178,284.127597,1.9207455,0,1504972.8,6568685.5,79758.195,0,0,0,0,0,0,0,0
7179,306.1094004,1.9207455,0,118904.4,453120.2,2938.8008,0,0,0,0,0,0,0,0
7210,113.023225,1.9226578,0,0,0,0,0,0,0,0,0,72627.06,131108.47,126963.96
7213,209.0420071,1.9230264,0,0,0,0,0,0,0,0,0,72035.734,162231.25,159166.44
7221,329.1858484,1.9242204,0,72786.805,225728.58,0,0,0,0,0,0,0,0,0
7242,239.1639011,1.9323792,0,0,0,0,255684.83,0,0,0,0,0,0,0
7243,261.1458167,1.9323792,0,0,0,0,277713.47,0,0,0,0,0,0,0
7247,219.1014926,1.9339267,0,0,0,0,4857.6523,154608.31,0,0,0,0,0,0
7249,173.0444293,1.9353299,0,0,0,0,0,0,0,0,0,82525.66,147816.19,149754.23
7285,251.1026097,1.9442894,0,0,0,0,0,0,179457.22,72039.22,0,0,0,0
7288,207.1376913,1.9454178,0,24496.838,3912.0083,219398.77,43149.027,11434.944,0,0,0,0,0,0
7289,284.2208708,1.9455467,0,0,0,9966.953,147084.16,0,0,0,0,0,0,0
7313,336.1198027,1.9522525,0,93887.43,72888.64,0,0,0,0,0,0,0,0,0
7352,249.1112368,1.9671619,0,17806.055,9506.52,14670.152,26656.043,225148.7,0,0,0,0,0,0
7358,195.1379878,1.9686269,0,0,0,0,227094.02,0,0,0,0,0,0,0
7384,256.1892269,1.9740328,0,0,0,119222.68,0,0,0,0,0,0,0,0
7409,255.0648337,1.9775224,0,0,0,0,5891.394,7595865.5,0,0,0,0,0,0
7423,277.0466324,1.9789177,0,0,0,0,0,509804.66,0,0,0,0,0,0
7430,339.1222133,1.9789177,0,0,0,0,0,107526.3,0,0,0,0,0,0
7442,531.1044651,1.9789177,0,0,0,0,0,173705.72,0,0,0,0,0,0
7465,336.1209639,1.983771,0,22179.818,116427.09,0,4970.4077,0,0,0,0,0,0,0
7472,206.5296204,1.9862155,0,0,0,0,0,95478.22,0,0,0,0,0,0
7494,251.1625137,1.9905887,0,0,27119.195,53841.02,510137.1,15783.584,0,0,0,0,0,0
7495,489.1381022,1.9909444,0,29272.49,217605.7,16749.914,0,0,0,0,0,0,0,0
7501,285.0753531,1.9937696,0,0,0,0,0,166749.78,0,0,0,0,0,0
7502,287.0545867,1.9937696,0,0,0,0,0,144973.17,0,0,0,0,0,0
7510,139.9821615,1.994316,0,0,0,0,0,0,0,0,0,0,1688568.4,0
7571,359.1956863,2.0111198,0,96300.99,152828.23,0,0,0,0,0,0,0,0,0
7583,314.1377393,2.0115714,0,1587244,2170533.5,53098.97,0,0,0,0,0,0,0,0
7585,270.2052626,2.0120015,0,18088.555,0,157128.08,0,0,0,0,0,0,0,0
7600,249.1474522,2.0147562,0,20832.723,0,109358.414,149041.69,0,0,0,0,0,0,0
7619,317.1020925,2.022909,0,0,0,0,0,125793.63,0,0,0,0,0,0
7623,254.1738101,2.0240254,0,0,0,102192.33,7029.6357,0,0,0,0,0,0,0
7628,543.1281656,2.0259006,0,0,115326.41,0,0,0,0,0,0,0,0,0
7631,692.1967924,2.0259006,0,0,197016.12,0,0,0,0,0,0,0,0,0
7636,166.0862272,2.0277207,0,0,0,0,0,0,93164.25,76536.234,26140.309,0,0,0
7717,315.0862872,2.0525088,0,0,0,0,0,517418.34,0,0,0,0,0,0
7741,425.1418417,2.0633159,0,0,0,0,0,0,56850.01,67505.42,0,0,0,0
7778,253.1795973,2.073043,0,0,0,0,108639.32,0,0,0,0,0,0,0
7782,293.1721185,2.073043,0,0,0,0,360302.88,0,0,0,0,0,0,0
7788,285.0758836,2.074542,0,0,0,0,0,445651.47,0,0,0,0,0,0
7790,329.1021084,2.074542,0,0,0,0,0,196768.42,0,0,0,0,0,0
7822,307.1514504,2.0850186,0,9756.762,0,46235.96,46100.613,0,0,0,0,310085.06,224117.84,211666.78
7823,489.1391902,2.0863087,0,0,98559.79,0,0,0,0,0,0,0,0,0
7847,266.1172974,2.092765,0,30976.145,145626.38,3752.5894,0,0,0,0,0,0,0,0
7854,317.1020027,2.0960064,0,0,0,0,0,326324.97,0,0,0,0,0,0
7892,288.2166064,2.114788,0,46274.27,15550.848,260650.4,11328.918,0,0,0,0,0,0,0
7910,247.1316627,2.1235,0,19931.059,8203.928,91513.74,267642.5,11069.005,0,0,0,0,0,0
7919,461.1436737,2.125671,0,0,0,0,0,342647.84,0,0,0,0,0,0
7932,253.1798249,2.1269155,0,0,0,0,278684.78,0,0,0,0,0,0,0
8001,194.0822715,2.136684,0,0,0,0,15303.927,0,51504.61,43186.19,13644.958,297532.2,177862.31,153095.05
8016,287.1257553,2.1422951,0,0,0,0,46155.227,0,0,0,0,179006.16,0,0
8021,265.1427364,2.1454568,0,46890.57,12780.36,173867.47,694437.94,0,0,0,15391.868,1531453,673263.56,742179.56
8027,270.2060148,2.1473796,0,25975.963,8731.579,158022.17,9887.512,0,0,0,0,0,0,0
8063,195.1379502,2.1568506,0,0,0,0,157830.36,0,0,0,0,0,0,0
8074,299.0914989,2.1590476,0,0,0,0,0,483235.25,0,0,0,11167.85,0,0
8087,315.0860812,2.1626394,0,0,0,0,0,744728.94,0,0,0,0,0,0
8110,329.1016739,2.1674075,0,0,0,0,2583.8545,1354237.9,0,0,0,0,0,0
8117,269.0443513,2.1703038,0,0,0,0,0,151006.56,0,0,0,0,0,0
8126,345.0966361,2.1703038,0,0,0,0,0,160497.88,0,0,0,0,0,0
8132,479.1334883,2.1703038,0,0,0,0,0,153638.83,0,0,0,0,0,0
8161,213.1273903,2.179279,0,0,0,0,0,0,0,0,0,921001.06,521732.06,459928.2
8192,207.1377708,2.1899304,0,18685.334,7413.852,210197.08,47682.945,18443.482,0,0,0,0,0,0
8197,287.0911661,2.1925287,0,0,0,0,0,201493.12,0,0,0,0,0,0
8215,249.1477685,2.1997206,0,7954.7227,4535.904,37263.586,193997.1,0,0,0,0,7754829.5,4523147.5,3960898.8
8226,231.1379364,2.200553,0,0,0,0,130591.03,0,0,0,0,2214037,1263389.9,1126372.2
8228,367.2084181,2.2007382,0,0,0,191354.58,20492.281,9457.975,0,0,0,0,0,0
8281,401.1590823,2.2084193,0,10180.483,5428.3994,0,6877.201,206826.81,0,0,0,0,0,0
8284,419.1693714,2.2103353,0,9089.651,4192.8364,0,2830.2048,105006.875,0,0,0,0,0,0
8320,191.1426883,2.2165895,0,29077.094,0,126119.41,17341.582,8568.435,0,0,0,0,0,0
8332,209.1531845,2.2201657,0,0,0,69334.12,14342.06,9192.973,0,0,0,0,0,0
8342,357.0944769,2.2251508,0,0,0,0,0,0,0,0,0,145605.67,76984.3,86047.664
8359,367.1729276,2.2263877,0,0,0,0,68841.45,0,0,0,0,0,0,0
8365,365.1230858,2.228675,0,0,0,0,0,0,0,0,0,461524.16,243703.44,301229.4
8367,361.0902977,2.2288492,0,0,0,0,0,1469.514,39483.395,135755.52,0,0,0,0
8369,317.1021708,2.2289562,0,0,0,0,0,285663.7,0,0,0,91677.75,43334.895,46237.1
8385,345.0967575,2.2304554,0,0,0,0,0,157835.73,0,0,0,0,0,0
8411,335.1125915,2.2381744,0,0,0,0,0,5426.165,0,0,0,938523.5,490384.75,538993.56
8414,369.0975819,2.2395663,0,0,0,0,2826.8381,93005.06,0,0,0,0,0,0
8446,308.2219204,2.2471461,0,0,8950.272,0,482895.2,207579.31,0,0,0,0,0,0
8450,221.1536469,2.2488167,0,0,0,0,314743.62,0,0,0,0,0,0,0
8455,263.1266979,2.250187,0,7331.8267,0,17986.086,66588.12,0,0,0,0,737700.75,0,215964.14
8457,147.0440395,2.2517369,0,0,0,0,0,0,93857.41,259341.9,0,0,0,0
8464,237.1480176,2.2561226,0,45695.805,8275.804,123832.99,191106.47,6487.6177,0,0,0,0,0,0
8506,257.1270675,2.2674193,0,26524.613,0,146069.2,0,0,0,0,0,0,0,0
8519,315.0860495,2.2675178,0,0,0,0,0,2111313,0,0,0,0,0,0
8520,337.0679036,2.2675178,0,0,0,0,0,416060.97,0,0,0,0,0,0
8523,360.1438328,2.2675178,0,0,0,0,0,410030.56,0,0,0,0,0,0
8538,227.1272672,2.267992,0,34231.23,30905.777,88781.69,198680.39,41093.52,0,0,0,0,0,0
8563,251.0556719,2.2733548,0,0,0,0,0,11404.463,0,0,0,536422.3,135582.02,227028.84
8571,281.0806849,2.2751179,0,0,0,0,0,122168.91,0,0,0,0,0,0
8573,355.0786518,2.2751179,0,0,0,0,0,163091.61,0,0,0,0,0,0
8593,219.1379903,2.2800643,0,0,0,0,635003.75,0,0,0,0,0,0,0
8605,249.109478,2.2825272,0,0,5339.639,17842.445,157107.84,18468.348,0,0,0,20425.818,0,0
8619,235.1328509,2.287402,0,0,0,0,525999.7,0,0,0,0,0,0,0
8646,323.1275375,2.2900572,0,0,0,0,0,130125.4,0,0,0,0,0,0
8675,209.1532054,2.3007848,0,0,0,79133.016,22505.932,14160.638,0,0,0,0,0,0
8722,267.1589651,2.3101413,0,0,0,0,186624.19,0,0,0,0,0,0,0
8750,345.0965558,2.311728,0,0,0,0,0,1526033.2,0,0,0,0,0,0
8751,367.0785844,2.311728,0,0,0,0,0,223007.9,0,0,0,0,0,0
8756,390.1542814,2.311728,0,0,0,0,0,359718.72,0,0,0,0,0,0
8760,310.2001549,2.3119314,0,33214.523,0,188886.44,13791.161,0,0,0,0,0,0,0
8789,543.1284544,2.3237977,0,0,11219.848,0,0,189170.88,0,0,0,0,0,0
8818,559.1233294,2.3266363,0,0,0,0,0,157485.84,0,0,0,0,0,0
8837,363.1066871,2.3341258,0,0,0,0,0,205677.6,0,0,0,0,0,0
8840,408.1653207,2.3341258,0,0,0,0,0,149486.56,0,0,0,0,0,0
8865,279.0910578,2.3432426,0,0,0,0,0,0,0,0,0,2631499,1074267.8,1348126.4
8879,323.1278576,2.349965,0,0,0,0,0,158195.03,0,0,0,0,0,0
8891,249.1472474,2.3556902,0,11480.32,0,44288.438,4399883,0,0,0,0,0,0,0
8907,163.0388547,2.3590975,0,677351.3,376293.3,498459.44,517044.8,0,0,0,0,0,0,0
8929,217.1585543,2.365323,0,5391.791,0,0,214390.66,0,0,0,0,0,0,0
8985,299.0550699,2.3797672,0,0,0,0,0,1090025.6,0,0,0,0,0,0
8993,271.0598587,2.3804884,0,0,0,3193.72,0,1234590,0,0,0,0,0,0
8997,300.2164985,2.3831415,0,13836.767,4802.096,116414.055,6793.7324,0,0,0,0,0,0,0
8999,301.0719046,2.384454,0,0,0,4206.872,27006.863,114176.95,0,0,0,489978.97,84377.305,162344.02
9014,385.0893652,2.3870606,0,0,0,0,0,436605.25,0,0,0,0,0,0
9050,399.1776497,2.3927877,0,5001.9175,5344.8696,0,14316.178,68798.055,0,0,0,0,0,0
9051,394.2222895,2.393375,0,71078.86,68142.91,63778.53,69689.21,58866.133,0,0,0,0,0,0
9069,269.0445067,2.3943796,0,0,0,0,0,785972.8,0,0,0,0,0,0
9081,559.1236523,2.3943796,0,0,0,0,0,185529.25,0,0,0,0,0,0
9113,370.1858565,2.3960266,0,0,78590.48,11294.999,0,0,0,0,0,0,0,0
9121,347.1125881,2.4010525,0,0,0,0,6696.2715,167259.39,0,0,0,21703.623,15448.285,0
9132,253.1432306,2.4015474,0,0,0,0,300290.53,4931.993,0,0,0,0,0,0
9140,231.1379882,2.4015927,0,0,0,0,267710.47,0,0,0,0,0,0,0
9141,235.1329813,2.4015927,0,0,0,0,173601.95,0,0,0,0,0,0,0
9145,271.1538533,2.4015927,0,0,0,0,142052.45,0,0,0,0,0,0,0
9147,293.1358423,2.4015927,0,0,0,0,201318.7,0,0,0,0,0,0,0
9175,177.1273912,2.4084594,0,0,0,0,194293.67,0,0,0,0,0,0,0
9183,219.1379305,2.4084594,0,0,0,0,358571.44,0,0,0,0,0,0,0
9233,643.1808733,2.4169314,0,0,0,0,0,227774.52,0,0,0,0,0,0
9237,372.2738907,2.417735,0,105823.56,0,258153,0,0,0,0,0,0,0,0
9248,344.2427757,2.4214602,0,25433.01,0,181068.19,0,0,0,0,0,0,0,0
9269,329.0653534,2.424246,0,0,0,0,0,339626.16,0,0,0,0,0,0
9291,263.1273204,2.4314494,0,3571.0046,0,0,76793.76,0,0,0,0,372465.38,0,155802.7
9324,259.1307153,2.4372988,0,0,0,5110.653,443154.66,0,0,0,0,0,0,0
9329,284.1856894,2.439157,0,0,0,0,200456.89,0,0,0,0,0,0,0
9354,365.12306,2.4456553,0,0,0,0,0,0,0,0,0,164173.52,153801.03,193328
9378,235.1693206,2.4539256,0,0,0,0,1659097,0,0,0,0,0,0,0
9380,236.1728206,2.4539256,0,0,0,0,252385.83,0,0,0,0,0,0,0
9384,301.0707582,2.4544082,0,0,0,0,0,368870.44,0,0,0,0,0,0
9386,323.0525734,2.4544082,0,0,0,0,0,122892.734,0,0,0,0,0,0
9430,315.0864625,2.465366,0,0,0,0,3501.09,408422.5,0,0,0,0,0,0
9431,161.1324893,2.4658184,0,0,0,0,25323.812,0,0,0,0,66875.25,0,0
9472,522.3264254,2.469804,0,0,0,0,0,89475.805,0,0,0,0,0,0
9474,358.2590621,2.4704738,0,10934.643,10826.475,259485.86,0,0,0,0,0,0,0,0
9475,237.1484393,2.4711866,0,19820.28,4242.8047,0,542764.2,4931.582,0,0,0,0,0,0
9477,289.1418966,2.4721537,0,0,0,24909.953,362955.94,0,0,0,0,0,0,0
9493,303.0864567,2.4772894,0,0,0,0,0,372739.84,0,0,0,0,0,0
9501,233.1536283,2.4796891,0,14392.798,8184.7983,0,218742.19,0,0,0,0,0,0,0
9533,247.0942765,2.4882438,0,0,0,6017.665,114956.39,5153.534,0,0,0,0,0,0
9545,209.1536446,2.48898,0,0,0,150908.11,41631.086,6895.7026,0,0,0,0,0,0
9546,225.112168,2.4896922,0,6258.7993,9077.623,29088.195,115482.42,9810.26,0,0,0,0,0,0
9554,270.2062823,2.4914222,0,0,0,13770.972,142220.31,0,0,0,0,0,0,0
9606,543.1289026,2.5141454,0,0,164648.88,0,0,53233.43,0,0,0,0,0,0
9616,325.1434921,2.5158577,0,0,0,0,0,161956.2,0,0,0,0,0,0
9620,403.1175257,2.5158577,0,0,0,0,0,111704.625,0,0,0,0,0,0
9663,327.1074713,2.523633,0,0,0,0,0,0,0,0,0,126389.61,0,34473.883
9698,329.0655333,2.5309827,0,0,0,0,0,172635.2,0,0,0,0,0,0
9704,251.1634014,2.5337934,0,0,0,0,454616.88,30639.34,0,0,0,0,0,0
9705,268.1906837,2.5355694,0,7584.636,0,4356.8374,300366.28,0,0,0,0,0,0,0
9716,331.2477091,2.5365062,0,0,0,109569.766,0,0,0,0,0,0,0,0
9746,249.1481163,2.5401132,0,8036.9746,0,81200.32,384832.25,0,0,0,0,1709602.1,855583.4,814027.9
9836,299.0551787,2.561193,0,0,0,0,0,412865.25,0,0,0,0,0,0
9847,163.038961,2.5626009,0,0,0,0,0,0,0,0,105054.42,0,0,0
9898,263.1274999,2.5709133,0,0,0,13420.322,142715.84,0,0,0,0,467826.38,376810.75,208448.4
9927,346.2589726,2.574979,0,148995.03,170353.23,647455.2,101493.54,237019,0,0,0,0,0,0
9932,293.2111992,2.577276,0,41387.18,47151.33,208835.88,0,0,0,0,0,0,0,0
9933,341.1384679,2.5782728,0,8793.398,2687.404,0,0,248144.17,0,0,0,0,0,0
9936,360.2383021,2.579023,0,34025.684,5836.9463,280615.94,0,7358.1455,0,0,0,0,0,0
9941,349.1282236,2.5809038,0,0,0,0,0,0,0,0,0,64150.715,52830.176,76994.21
9945,247.1330067,2.5817268,0,0,0,0,298106.25,0,0,0,0,0,0,0
10001,273.1470518,2.5902028,0,0,0,10569.662,301837.47,0,0,0,0,0,0,0
10003,388.2696788,2.5907288,0,90434.14,0,367272.3,0,0,0,0,0,0,0,0
10014,303.1217047,2.5969954,0,0,0,0,17823.043,1575024.1,0,0,0,0,0,104874.38
10031,233.1537871,2.5982769,0,0,0,0,1712636.6,0,0,0,0,0,0,0
10079,268.133316,2.5995133,0,44923.05,197147,2897.2688,0,0,0,0,0,0,0,0
10095,213.1273925,2.6014066,0,0,0,0,0,0,0,0,0,505983.47,259483.98,241966.34
10096,344.2434902,2.601756,0,62776.203,28659.67,329221.94,0,30306.252,0,0,0,0,0,0
10104,219.1743656,2.604617,0,0,6422.405,0,105089.75,0,0,0,0,0,0,0
10106,427.2669183,2.605414,0,37883.75,23127.596,0,173271.4,187877.64,0,0,0,0,0,0
10107,353.1019522,2.605592,0,6187.1143,0,0,0,1207526,0,0,0,0,0,0
10135,253.0494885,2.6084843,0,0,0,0,0,130685.91,0,0,0,0,0,0
10155,372.274612,2.6126153,0,87419.8,0,357282.2,0,23134.996,0,0,0,0,0,0
10207,235.1694006,2.6220608,0,0,0,0,694834.44,18104.309,0,0,0,0,0,0
10242,285.0393577,2.6307175,0,0,0,0,0,427777.1,0,0,0,0,0,0
10251,205.1435776,2.631419,0,37646.492,45668.566,24063.75,119080.89,104249.945,0,0,0,0,0,0
10266,246.2428255,2.6374674,0,162569.66,149537.84,99911.76,156307.75,177630.25,0,0,0,0,0,0
10267,299.0913815,2.638209,0,0,0,0,0,211842.7,0,0,0,0,0,0
10301,335.0914225,2.6455507,0,0,0,0,0,208690.12,0,0,0,0,0,0
10311,291.1955116,2.6476204,0,50394.59,0,469531.84,0,36037.785,0,0,0,0,0,0
10323,450.233669,2.6523657,0,0,302228.66,94813.6,0,0,0,0,0,0,0,0
10324,455.1891695,2.6523657,0,0,1008704,182079.7,0,0,0,0,0,0,0,0
10325,478.2652171,2.6523657,0,0,485577.66,114653.66,0,0,0,0,0,0,0,0
10346,267.1591324,2.6568806,0,0,0,0,83866.91,0,0,0,0,459971.56,178924.94,185245.48
10349,219.1379964,2.6581202,0,0,0,0,170115.36,0,0,0,0,0,0,0
10409,302.114912,2.667386,0,0,0,0,0,173340.94,0,0,0,0,0,0
10415,375.083828,2.667386,0,0,0,0,0,585406.5,0,0,0,0,0,0
10416,379.1153255,2.667386,0,0,0,0,0,93046.06,0,0,0,0,0,0
10421,443.0664181,2.667386,0,0,0,0,0,117452.49,0,0,0,0,0,0
10439,205.158635,2.6731098,0,0,0,0,206681.06,0,0,0,0,0,0,0
10451,257.0808562,2.675038,0,0,0,0,0,133669.77,0,0,0,0,0,0
10477,333.2633291,2.68027,0,0,3430.2925,114522.78,38173.75,0,0,0,0,0,0,0
10518,323.1280986,2.6913128,0,0,0,0,0,189621.64,0,0,0,0,0,0
10532,295.1538536,2.6929586,0,0,0,21158.648,0,6974.6597,0,0,0,463231.38,172628.08,185063.62
10558,307.1517406,2.7000537,0,0,0,0,44180.293,0,0,0,0,197046.48,0,0
10568,331.1181011,2.706217,0,0,0,0,0,113298.48,0,0,0,0,0,0
10595,271.0604094,2.7139585,0,0,0,0,0,191250.27,0,0,0,0,0,0
10605,689.2245328,2.7139585,0,0,0,0,0,182350.3,0,0,0,0,0,0
10611,221.1536553,2.7203114,0,0,0,0,227881.27,0,0,0,0,0,0,0
10625,335.1135777,2.7212248,0,0,0,0,21406.533,0,0,0,0,2467957.2,1321849.2,1398178
10665,227.0707844,2.7291064,0,0,0,0,0,183492.23,0,0,0,0,0,0
10692,235.1320081,2.734391,0,0,0,0,84967.28,0,6469.5264,0,0,135599.48,0,0
10708,245.5645707,2.7365167,0,0,0,0,0,134332.9,0,0,0,0,0,0
10728,263.1277007,2.7386909,0,0,0,1589.6205,0,0,0,0,0,408643.97,137994.94,148067.86
10734,317.1021718,2.7413085,0,0,0,0,0,27006.223,0,0,0,383781.38,200378.25,213431.61
10757,255.0654872,2.744177,0,0,0,0,0,178174.86,0,0,0,0,0,0
10787,317.1360452,2.7491493,0,0,0,0,27933.434,0,0,0,0,629423.5,371593.97,388355.94
10788,177.0545535,2.7494862,0,0,0,0,41798.184,0,47970.758,68601.76,0,0,0,0
10792,245.117159,2.7500074,0,0,0,0,109874.35,0,0,0,0,204395.92,0,0
10832,361.059474,2.7545319,0,0,0,0,0,0,0,0,0,136391.89,14872.618,41024.83
10836,357.0951142,2.7548423,0,0,0,0,0,7689.8506,0,0,0,850471.25,462560.6,507107.53
10837,187.5490834,2.7549427,0,0,0,0,0,0,0,0,0,151957.39,15592.734,46456.355
10838,303.1202995,2.7553234,0,0,0,0,0,0,0,0,0,377269.03,0,62006.086
10853,277.1780381,2.7571087,0,0,4937.36,0,205590.39,0,0,0,0,0,0,0
10870,251.1640474,2.7615967,0,18902.053,0,0,317368,0,0,0,0,0,0,0
10886,360.238105,2.7660275,0,58406.676,0,74364.4,0,2523.8423,0,0,0,0,0,0
10932,353.2300729,2.773574,0,137788.62,200118.36,72017.234,702654.3,230754.67,0,0,0,0,0,0
10935,259.1364707,2.7743213,0,11002.017,0,71373.336,0,0,0,0,0,0,0,0
10964,295.2268952,2.7750912,0,172876.42,220040.69,97109.53,395225.2,127716,0,0,0,0,0,0
10965,348.2745201,2.7750912,0,735974.7,1054725.9,416092.5,1792578.6,582854.7,0,0,0,0,0,0
10966,376.3059275,2.7750912,0,60833.85,107378.17,9871.004,62556.88,41155.297,0,0,0,0,0,0
10985,277.1071597,2.7772455,0,0,0,0,30844.275,0,0,0,0,569629.2,56044.523,155539.64
10991,181.1223641,2.7779245,0,205924.23,49222.977,1278351.4,26045.19,33188.418,0,0,0,0,0,0
11018,370.2591739,2.7807777,0,72441.86,24319.121,345842.84,0,6721.3604,0,0,0,0,0,0
11036,299.0914786,2.7826586,0,0,7716.172,0,18991.62,289016.62,0,0,0,49003.37,21562.543,25995.555
11048,309.2061014,2.783923,0,15570.965,20097.766,210555.94,40714.36,117362.25,0,0,0,0,0,0
11056,343.1906369,2.785199,0,323992.2,183092.86,26952.68,0,0,0,0,0,0,0,0
11058,231.1015929,2.7853112,0,0,0,0,0,8155.8286,0,0,0,295728.25,31175.082,81451.56
11061,223.1693303,2.7856588,0,0,8094.1855,19644.414,175170.47,3336.006,0,0,0,0,0,0
11062,321.0720397,2.7858787,0,0,0,0,0,1358211.1,0,0,0,27942.588,0,0
11064,625.254648,2.786197,0,55879.72,82683.13,0,0,0,0,0,0,0,0,0
11076,269.0806002,2.789133,0,0,0,0,0,808962,0,0,0,0,0,0
11098,323.1265337,2.7914062,0,0,0,0,0,338299.4,0,0,0,21348.488,0,0
11099,362.0985873,2.7914703,0,0,0,0,0,238298.05,0,0,0,15204.663,0,0
11104,193.1588101,2.7930472,0,5620.5293,12295.253,132376.02,18072.855,2674.6924,0,0,0,0,0,0
11114,341.1381245,2.7969346,0,0,0,0,2860.717,235226.92,0,0,0,0,0,0
11137,237.1851437,2.8016524,0,0,0,14495.594,354532.9,0,0,0,0,0,0,0
11138,323.146541,2.8019295,0,0,0,0,0,0,0,0,0,297564.8,135277.23,149649.78
11174,219.1381012,2.8121545,0,0,0,0,135293.94,0,0,0,0,0,0,0
11197,299.0910827,2.8186142,0,0,0,0,0,1.34E+07,0,0,0,0,0,0
11199,329.1015707,2.8186142,0,0,0,0,0,713750.5,0,0,0,0,0,0
11211,619.1566651,2.8186142,0,0,0,0,0,624486.5,0,0,0,0,0,0
11249,344.1489894,2.8260622,0,0,0,0,0,139032.94,0,0,0,0,0,0
11315,531.2014391,2.839979,0,73283.69,33750.305,0,0,0,0,0,0,0,0,0
11319,288.0945786,2.8401973,0,0,0,0,0,105956.38,0,0,0,0,0,0
11361,360.2389238,2.8522449,0,20701.256,0,190243.56,0,0,0,0,0,0,0,0
11375,253.2164317,2.856052,0,3932.466,0,147647.11,0,0,0,0,0,0,0,0
11382,333.1320701,2.858081,0,0,0,87107.61,0,1006679.06,0,0,0,97382.75,43538.29,45143.285
11395,253.1798288,2.8616977,0,9845.823,0,0,58937.105,0,0,0,0,107386.875,60312.71,50724.375
11415,170.117521,2.868551,0,0,0,0,0,0,32188.193,41785.434,62334.97,40037.37,34003.984,42004.1
11427,353.1015504,2.8711116,0,0,0,0,0,1178263.5,0,0,0,0,0,0
11432,555.1280871,2.8711116,0,0,0,0,0,214570.28,0,0,0,0,0,0
11449,163.0757364,2.872698,0,0,0,0,117346.89,0,0,0,0,0,0,0
11462,233.1541052,2.872698,0,0,0,0,2543244,0,0,0,0,0,0,0
11488,487.3419234,2.8729682,0,85734.22,42164.188,0,0,0,0,0,0,0,0,0
11493,349.0948273,2.8758194,0,0,0,0,0,195756.61,0,0,0,36485.85,25703.102,20907.94
11545,460.2907836,2.8827956,0,60600.46,0,377803.4,0,0,0,0,0,0,0,0
11556,251.1643793,2.8838143,0,0,11303.073,0,714086.4,0,0,0,0,0,0,0
11562,219.1381697,2.8848166,0,4793.6094,0,0,180743,0,0,0,0,0,0,0
11571,221.1904934,2.8877604,0,0,0,0,231274.03,0,0,0,0,0,0,0
11575,314.2327651,2.8889313,0,56955.53,74895.805,26079.523,16128.331,0,0,0,0,0,0,0
11589,285.0745346,2.8928938,0,0,1738.8972,0,7651.064,1152461.4,0,0,0,0,0,0
11591,331.1173757,2.8933823,0,0,0,0,0,293994.47,0,0,0,0,0,0
11607,271.2269173,2.8975413,0,3923.3613,0,143079.75,15153.42,0,0,0,0,0,0,0
11650,471.3107215,2.90495,0,93738.5,0,0,0,0,0,0,0,0,0,0
11651,489.3208888,2.90495,0,87655.016,0,0,0,0,0,0,0,0,0,0
11652,506.3479109,2.90495,0,63965.5,0,0,0,0,0,0,0,0,0,0
11662,277.1045391,2.9076576,0,0,0,0,0,0,0,0,0,117485.21,69732.47,87150.62
11663,233.1172834,2.9076817,0,0,0,5843.7437,0,0,0,0,0,341955.06,104848.18,93216.27
11666,323.1277347,2.9078095,0,0,0,0,0,112863.17,0,0,0,0,0,0
11667,341.1381443,2.9078095,0,0,0,0,0,718787.1,0,0,0,0,0,0
11743,289.2376243,2.924285,0,0,0,106869.516,9807.055,0,0,0,0,0,0,0
11769,315.1211166,2.9326136,0,0,0,0,4398.536,60858.492,0,0,0,257896.77,113550.97,117727.164
11770,476.306538,2.9326656,0,0,0,0,0,0,39938.94,43837.355,50056.633,56512.902,50334.77,55486.082
11819,503.3370798,2.9450166,0,123042.54,122630.03,99911.18,0,0,0,0,0,0,0,0
11824,331.0809442,2.9458342,0,0,0,0,0,238756.58,0,0,0,0,0,0
11849,231.1382457,2.949737,0,0,0,0,103050.555,0,0,0,0,0,0,0
11850,249.1487671,2.949737,0,0,0,0,388973.4,0,0,0,0,0,0,0
11876,199.1331153,2.9547558,0,14463.831,0,222665.38,50250.875,0,0,0,0,0,0,0
11877,315.0863575,2.9552956,0,0,10045.644,0,12303.726,4621058,0,0,0,0,0,0
11888,116.1069138,2.9605043,0,0,0,0,0,0,0,0,53551.09,0,0,0
11889,353.1016528,2.960655,0,0,0,0,0,176080.89,0,0,0,0,0,0
11892,543.164619,2.960655,0,0,0,0,0,259871.61,0,0,0,0,0,0
11905,317.1361963,2.9631448,0,0,0,0,15203.069,0,0,0,0,114176.234,115768.47,88366.62
11906,363.1793097,2.9632347,0,4835.249,0,0,11055.422,0,176739.92,142927.11,0,0,0,0
11907,283.1693194,2.9637,0,141862.86,358038.62,0,0,0,0,0,0,0,0,0
11909,158.1540764,2.9643943,0,97985.09,116213.83,100589.02,137662.55,129384.63,0,0,0,0,0,0
11930,313.0704745,2.9680674,0,0,0,0,0,121640.86,0,0,0,0,0,0
11948,316.093024,2.974126,0,0,0,0,3689.4175,2208114.8,0,0,0,0,0,0
11949,203.1798625,2.974271,0,0,0,2784.372,70610.06,0,0,0,0,0,0,0
11963,318.1051574,2.975434,0,0,0,0,0,197745.4,0,0,0,0,0,0
11967,338.075415,2.975434,0,0,0,0,0,347428.66,0,0,0,0,0,0
11970,361.1276184,2.975434,0,0,0,0,0,138556.06,0,0,0,0,0,0
12005,293.1382904,2.978843,0,0,0,0,10756.931,2905.623,0,0,0,212820.55,76291.41,84514.69
12009,301.106856,2.9826255,0,0,0,0,0,197355.55,0,0,0,0,0,0
12043,372.2747869,2.987068,0,69005.41,13069.456,226427.27,13033.371,41189.77,0,0,0,0,0,0
12068,223.1693416,2.9906666,0,11255.267,0,25043.004,2051340.5,3625.1077,0,0,0,0,0,0
12077,344.2436532,2.9947584,0,70041.35,29682.158,295524.3,54169.707,0,0,0,0,0,0,0
12090,470.2026537,2.9974434,0,0,1073069.2,370473.2,0,0,0,0,0,0,0,0
12108,321.1109733,3.0000176,0,0,0,0,0,179264.02,0,0,0,0,21050.727,0
12109,572.3800304,3.0000875,0,55861.586,0,389991.28,0,0,0,0,0,0,0,0
12110,323.1265208,3.00051,0,0,0,0,0,117751.32,0,0,0,33146.086,0,0
12112,453.1758211,3.0012631,0,0,151182.25,44424.887,0,0,0,0,0,0,0,0
12113,475.1579805,3.0012631,0,0,1273130.6,180431.05,0,0,0,0,0,0,0,0
12115,498.2338478,3.0012631,0,0,1179892.2,248156.02,0,0,0,0,0,0,0,0
12117,268.2272821,3.001648,0,0,0,5753.6025,448875.34,0,0,0,0,0,0,0
12118,295.1176544,3.0018559,0,0,0,0,0,0,0,0,0,350243.44,136157.44,133267.34
12120,611.1607355,3.0024657,0,0,0,0,0,0,0,16918.914,67535.32,0,0,0
12125,291.1954847,3.0032184,0,0,25363.648,498022.06,61889.113,141104.03,0,0,0,0,0,0
12126,181.1223677,3.0034542,0,27805.535,5622.4956,373115.6,61804.24,0,0,0,0,17239.22,0,6845.7505
12136,205.1588134,3.0054145,0,0,0,64359.902,447195.25,0,0,0,0,0,0,0
12168,627.1857513,3.0127337,0,0,0,0,0,103040.234,0,0,0,0,0,0
12174,300.1041099,3.0134525,0,0,0,0,0,0,108516.18,86385.484,0,0,0,0
12176,578.2808323,3.0134525,0,0,0,0,0,0,88481.91,72909.28,0,0,0,0
12177,583.2362551,3.0134525,0,0,0,0,0,0,72048.8,56941.848,0,0,0,0
12186,333.6930954,3.015184,0,79549.7,114443.48,0,0,0,0,0,0,0,0,0
12192,469.3314534,3.015184,0,243641.69,343935.66,0,0,0,0,0,0,0,0,0
12193,487.3418551,3.015184,0,278367.88,311558.25,0,0,0,0,0,0,0,0,0
12222,341.1382874,3.0188332,0,2714.5054,0,0,0,281466.22,0,0,0,0,0,0
12223,351.2144553,3.0189054,0,48556.273,64389.523,0,239054.03,114715.84,0,0,0,0,0,0
12235,254.1748491,3.0200887,0,0,0,0,146033.48,0,0,0,0,0,0,0
12246,577.3358486,3.0203333,0,54177.3,0,461943.06,0,0,0,0,0,0,0,0
12272,505.3524921,3.0243611,0,179527.38,265173.94,27657.068,0,4101.8696,0,0,0,0,0,0
12284,319.117823,3.0265002,0,0,0,0,0,12156.3125,0,0,0,0,0,54141.047
12291,231.1378708,3.0274637,0,0,0,0,211249.77,0,0,0,0,0,0,0
12292,249.1483674,3.0274637,0,0,0,0,470972.3,0,0,0,0,0,0,0
12303,269.1747865,3.0275013,0,0,2435.344,0,0,0,24149.473,25881.107,0,136091.44,56664.598,60085.047
12306,293.173952,3.028104,0,9052.257,0,98920.56,0,0,0,0,0,827579.8,0,0
12311,525.1751616,3.0281918,0,0,0,0,0,80251.39,0,0,0,0,0,0
12318,211.1328398,3.030616,0,72446.01,93306.62,36042.51,72531.1,27348.479,0,0,0,0,0,0
12324,353.2302414,3.0325415,0,37112.027,45832.234,24755.514,192511.03,160874.48,0,0,0,0,0,0
12331,187.1479912,3.0344365,0,0,0,0,211211.64,0,0,0,0,0,0,0
12337,245.1509444,3.0344365,0,0,0,0,407170.9,0,0,0,0,0,0,0
12346,424.1391018,3.0346022,0,0,0,0,0,0,0,0,0,275817.53,37986.91,106245.06
12368,307.1516236,3.0387924,0,0,0,0,0,0,0,0,0,419888.28,168180.25,165566.38
12394,543.1649069,3.0433042,0,0,0,0,0,361682.62,0,0,0,0,0,0
12399,303.049947,3.0465329,0,0,0,0,0,0,0,0,66102.18,0,0,0
12402,407.0915005,3.0465329,0,0,0,0,0,0,0,0,62468.723,0,0,0
12403,757.2186727,3.0465329,0,0,0,0,0,0,0,0,326566.38,0,0,0
12437,541.1135856,3.0501957,0,0,548065.56,0,0,0,0,0,0,0,0,0
12460,291.1202672,3.0548286,0,0,0,0,0,0,0,0,0,225829.88,71573.516,80119.18
12461,323.1465542,3.0548286,0,0,0,0,0,0,0,0,0,428304.72,133758.45,135262.02
12479,538.3743666,3.0566297,0,66829.336,24374.16,0,0,0,0,0,0,0,0,0
12480,547.1966443,3.0566297,0,386520.53,73083.38,0,0,0,0,0,0,0,0,0
12493,349.1258491,3.0589333,0,0,0,0,0,0,0,0,0,97435.55,111557.9,143241.7
12495,746.2810103,3.0605192,0,154702.33,34206.54,0,0,0,0,0,0,0,0,0
12503,235.1692938,3.0630417,0,25276.783,16158.645,93544.08,617441.9,28848.266,0,0,0,0,0,0
12512,479.0820569,3.0642133,0,0,0,0,0,0,62692.9,114160.99,0,0,0,0
12514,331.1176101,3.0660563,0,0,0,0,0,170705.44,0,0,0,0,0,0
12519,275.2006259,3.0661418,0,45479.914,19392.004,196831.47,0,36233.727,0,0,0,0,0,0
12520,344.243194,3.066423,0,86097.7,0,89973.79,68037.01,92893.97,0,0,0,10552.586,0,0
12527,277.2163022,3.069759,0,0,0,113623.16,0,0,0,0,0,0,0,0
12596,588.3740975,3.0818338,0,55162.12,0,999302.6,0,0,0,0,0,0,0,0
12623,555.0920405,3.089056,0,0,0,0,0,71825.32,0,0,0,0,0,0
12628,353.2304033,3.0902162,0,0,14947.581,19762.914,202568.64,185907.97,0,0,0,0,0,0
12641,191.1066219,3.0983143,0,0,0,0,0,8600.441,0,0,0,180198.89,0,0
12647,351.0861513,3.0984747,0,0,0,0,0,204905.6,0,0,0,0,0,0
12670,490.1707014,3.1022449,0,0,207383.11,92025.625,0,0,0,0,0,0,0,0
12671,495.1259365,3.1022449,0,0,112549.84,12892.506,0,0,0,0,0,0,0,0
12672,518.2021036,3.1022449,0,0,375168.5,58048.125,0,0,0,0,0,0,0,0
12701,573.1758209,3.1062164,0,0,0,0,0,98313.8,0,0,0,0,0,0
12706,343.1538587,3.1075523,0,0,0,0,18365.887,584083.94,0,0,0,0,0,0
12742,503.3366994,3.1192,0,58260.68,118304.45,0,0,0,0,0,0,0,0,0
12756,233.1535407,3.1206367,0,33514.348,1334.4725,130172.805,2195028,0,0,0,0,0,0,0
12768,493.149317,3.1216643,0,0,0,0,0,223087.16,0,0,0,0,0,0
12781,147.0440416,3.1255176,0,0,0,0,0,0,169753.08,80503.64,68328.46,0,0,0
12782,251.163953,3.1264138,0,31076.383,0,150563.8,276459.97,10354.794,0,0,0,0,0,0
12802,165.0545872,3.1298358,0,0,0,0,0,0,55975.67,21533.723,22862.756,0,0,0
12817,291.1952528,3.1311529,0,158490.8,79689.31,507288.28,88910.29,377896.2,0,0,0,0,0,0
12818,309.2057638,3.1311529,0,70582.28,57882.605,307930.2,61537.113,184650.89,0,0,0,0,0,0
12851,232.0806945,3.1362913,0,0,0,0,0,112743.74,0,0,0,0,0,0
12879,525.1753113,3.1362913,0,0,0,0,0,86354.266,0,0,0,0,0,0
12895,291.157091,3.1404512,0,11158.844,10835.672,0,37910.863,0,0,0,0,353273.72,0,0
12923,315.1954887,3.1498816,0,0,0,0,76906.02,0,0,0,0,0,0,0
12938,225.1462135,3.153262,0,0,0,0,0,0,0,0,0,66664.18,42714.105,28427.514
12961,269.1747145,3.162273,0,0,0,18808.598,46428.35,0,0,0,0,219634.55,136688.1,92700
12969,274.17987,3.1648064,0,0,0,0,113483.03,0,0,0,0,0,0,0
12987,271.1308241,3.1649282,0,0,0,3388.7893,59878.73,0,0,0,0,90809.234,33257.188,34600.29
13021,321.1104345,3.1710937,0,0,0,0,0,173752.98,0,0,0,89807.53,118731.76,76546.9
13039,271.0598981,3.1735535,0,0,0,0,0,525130.7,0,0,0,0,0,0
13042,463.1385314,3.1735535,0,0,0,0,0,276004.4,0,0,0,0,0,0
13047,573.1754576,3.1735535,0,0,0,0,0,1083510.2,0,0,0,0,0,0
13065,175.1117265,3.1812873,0,0,0,0,0,145228.77,0,0,0,145831.27,0,0
13098,339.1225475,3.1826034,0,0,0,0,0,616984.2,0,0,0,0,0,0
13112,328.2480008,3.1834135,0,10364.218,0,114118.72,0,0,0,0,0,0,0,0
13121,317.1019288,3.187502,0,0,0,0,0,462644.88,0,0,0,0,20425.11,19821.035
13124,223.0963598,3.1889803,0,8216.276,6665.853,6557.8486,9348.613,11934.443,0,0,0,138814.11,34404.785,41683.984
13150,601.207055,3.190116,0,0,0,0,0,93292.79,0,0,0,0,0,0
13180,628.3567954,3.1961904,0,0,0,0,0,0,675850.06,840237.8,0,0,0,0
13181,314.681864,3.196331,0,0,0,0,0,0,149643.25,220640.06,0,0,0,0
13198,317.1366775,3.1995437,0,0,0,0,0,4892.9995,0,0,0,385459.72,391703.06,321273.47
13216,249.1483887,3.2014809,0,0,0,0,430233.06,0,0,0,0,489409.12,0,0
13226,291.1951703,3.2033455,0,105400.945,0,622594.25,0,0,0,0,0,0,0,0
13242,285.1850686,3.2057858,0,1147019.9,4163951,0,0,0,0,0,0,0,0,0
13275,121.0647252,3.215289,0,0,0,0,0,0,40359.504,45860.613,0,28584.084,0,0
13277,305.1360098,3.2154884,0,0,0,0,0,0,0,0,0,757528.6,268633.6,236175.03
13287,353.2302727,3.2174253,0,0,11604.567,10776.776,106846.13,75235.125,0,0,0,0,0,0
13306,333.1099589,3.22114,0,0,0,0,0,0,0,0,0,85038.85,93660.06,76473.69
13321,281.1384121,3.2262833,0,0,0,0,0,0,0,0,0,283972,0,0
13326,216.0994293,3.2272124,0,0,0,0,0,0,38097.047,39300.258,0,0,0,0
13327,356.2792649,3.227263,0,28267.076,19808.309,155502.61,9735.348,31481.87,0,0,0,0,0,0
13328,194.117558,3.2276154,0,0,0,0,0,0,247387.27,264933.8,0,0,0,0
13371,341.1383103,3.2417307,0,5572.375,0,0,33234.9,893160.8,0,0,0,0,0,0
13384,301.1068711,3.2460103,0,0,0,0,0,8708.719,0,0,0,185659.19,0,0
13390,239.1638895,3.2470677,0,16660.912,0,52190.562,0,72023.49,0,0,0,0,0,0
13418,347.1124856,3.254687,0,0,0,0,0,80557.63,0,0,0,41525.78,0,16915.219
13426,520.3327804,3.2572985,0,0,0,0,0,0,44260.004,47050.266,52822.598,64917.273,52463.047,58405.266
13459,573.1742235,3.258207,0,0,0,0,0,283515.03,0,0,0,0,0,0
13462,603.184553,3.258207,0,0,0,0,0,244679.44,0,0,0,0,0,0
13465,275.277497,3.258782,0,0,164909.98,0,0,0,0,0,0,0,0,0
13475,321.1308913,3.2601235,0,0,0,0,0,0,0,0,0,185317.92,0,0
13479,274.2736748,3.262822,0,926731.8,914372,742048.1,924958.7,1087929,0,0,0,0,0,0
13495,271.0593583,3.265311,0,0,0,0,0,383049.88,0,0,0,0,0,0
13501,203.1794486,3.2653399,0,3661.608,0,0,0,0,0,0,0,252182.12,0,0
13506,205.1584558,3.267035,0,0,0,0,537846.94,0,0,0,0,0,0,0
13553,557.1427207,3.2724862,0,0,0,0,0,319925.38,0,0,0,0,0,0
13577,307.1900601,3.2799535,0,35777.95,21796.61,310598.9,37293.074,56414.9,0,0,0,0,0,0
13584,277.1792877,3.2817688,0,16962.441,0,228160.8,63472.746,0,0,0,0,0,0,0
13604,315.0857533,3.2878132,0,0,0,0,0,97595.734,0,0,0,0,0,0
13607,588.3738641,3.2887273,0,9614.037,0,984274.94,0,0,0,0,0,0,0,0
13634,631.2171098,3.2955527,0,0,0,0,0,155778.67,0,0,0,0,0,0
13653,593.3296409,3.3006365,0,0,0,390781.56,0,0,0,0,0,0,0,0
13681,237.0756987,3.3078773,0,0,0,0,0,0,0,0,0,83024.016,94715.42,72717.35
13705,309.206134,3.3125553,0,102232.93,13366.234,330121.78,0,42436.125,0,0,0,0,0,0
13721,313.1067815,3.3201017,0,5089.829,0,0,0,122868.07,0,0,0,0,0,0
13727,179.1428761,3.320931,0,0,0,0,260657.36,4766.3403,0,0,0,0,0,0
13733,424.1390524,3.3230038,0,0,0,0,0,0,0,0,0,307444,43767.75,134500.98
13750,519.1653917,3.3260295,0,0,0,0,0,154014.05,0,0,0,0,0,0
13755,659.2127098,3.3260295,0,0,0,0,0,92066.83,0,0,0,0,0,0
13767,343.295809,3.3305867,0,68014.05,54127.62,63590.85,73603.875,93251.03,0,0,0,0,0,0
13781,561.3396424,3.3309674,0,0,0,984488.4,0,0,0,0,0,0,0,0
13792,872.5352704,3.3309674,0,0,0,432296.94,0,0,0,0,0,0,0,0
13814,344.2435212,3.335666,0,17527.186,0,268148.7,30417.13,8291.719,0,0,0,0,0,0
13835,347.1127988,3.3409023,0,0,0,0,0,141266.86,0,0,0,0,0,0
13838,357.1335063,3.3409023,0,0,0,0,0,1071612,0,0,0,0,0,0
13842,407.1854992,3.3409023,0,0,0,0,0,91840.49,0,0,0,0,0,0
13855,295.1540522,3.34272,0,0,0,0,0,0,0,0,0,258402.72,110396.84,100796.8
13856,235.1328368,3.3430147,0,0,0,0,0,0,0,0,0,355327.75,207804.3,156920.61
13858,257.1147439,3.343397,0,0,0,0,0,0,0,0,0,101125.4,93965.07,59497.715
13860,163.0389623,3.3458643,0,0,0,0,0,0,59361.965,84721.055,0,0,0,0
13861,295.189121,3.346609,0,16749.465,0,192685.33,46638.43,0,6792.405,7677.388,0,94525.83,0,42919.965
13877,323.1279853,3.350475,0,0,0,0,0,102676.51,0,0,0,0,0,0
13879,355.1177791,3.350475,0,0,0,0,0,368810.22,0,0,0,0,0,0
13911,271.0599519,3.3579314,0,0,0,0,0,219747,0,0,0,0,0,0
13913,325.1435295,3.3579314,0,0,0,0,0,246984.11,0,0,0,0,0,0
13917,285.1853145,3.3582525,0,55080.67,162014.78,0,0,0,0,0,0,0,0,0
13933,267.1589738,3.3625424,0,0,0,0,91668.625,0,0,0,0,150083.86,0,0
13935,307.1904437,3.362667,0,53212.395,32041.467,345056.06,33795.492,62978.8,0,0,0,0,0,0
13941,289.1798547,3.364203,0,16550.105,10087.996,114847.16,8007.4443,18810.1,0,0,0,0,0,0
13945,448.2177502,3.364535,0,0,0,0,0,0,118942.47,166431.42,0,0,0,0
13946,453.1731878,3.364535,0,0,0,0,0,0,60503.6,84427.5,0,0,0,0
13950,330.1095661,3.3652167,0,0,0,0,0,298600.12,0,0,0,0,0,0
13972,471.0897978,3.3701901,0,0,0,0,0,0,12705.731,82618.86,0,0,0,0
13988,291.1954766,3.3708174,0,117576.195,28881.145,374807.12,0,47837.727,0,0,0,0,0,0
13993,888.5297567,3.3707902,0,0,0,572725.6,0,0,0,0,0,0,0,0
14015,191.1066061,3.379429,0,0,0,0,0,16787.18,0,0,0,193639.75,85725.836,63010.086
14055,339.122992,3.387241,0,6568.027,0,0,0,201146.86,0,0,0,0,0,0
14073,265.1433579,3.38919,0,0,0,0,0,0,0,0,0,1081328,845045.25,683502
14081,247.1328299,3.3929071,0,0,0,0,0,0,0,0,0,2358863.5,1396517.6,1125560.9
14097,465.1027256,3.3936841,0,0,0,0,0,0,0,0,84790.5,0,0,0
14099,611.1607385,3.3936841,0,0,0,0,0,0,0,0,216569.12,0,0,0
14101,428.3003904,3.3940287,0,16699.64,0,404561.2,0,0,0,0,0,0,0,0
14103,249.1484731,3.394335,0,0,0,0,120734.586,0,0,0,0,1059096.1,791981,284409.34
14107,588.3741354,3.3971786,0,18404.752,0,679730.6,0,0,0,0,0,0,0,0
14115,229.122252,3.4006474,0,0,0,0,0,0,0,0,0,907442.56,538422.2,468763.25
14122,287.0550197,3.4023705,0,0,0,0,0,0,65533.11,447782.9,141307.98,0,0,0
14123,449.1078112,3.4023705,0,0,0,0,0,0,18867.418,133715.4,33278.5,0,0,0
14135,321.1307999,3.4046333,0,0,0,0,0,0,0,0,0,285213.03,162231.05,156510.62
14142,303.0499509,3.4059992,0,0,0,0,0,0,0,0,226758.84,0,0,0
14151,305.1359505,3.4081442,0,0,0,0,0,0,0,0,0,211878.52,348743.47,327612.53
14188,347.1486079,3.4111269,0,0,0,0,0,149242.52,0,0,0,0,0,0
14202,281.153731,3.4123116,0,4634.5767,49314.203,0,0,0,0,0,0,0,0,0
14205,572.3792828,3.4128952,0,43356.508,0,1890683.1,0,0,0,0,0,0,0,0
14236,595.1658969,3.416587,0,0,0,0,0,0,0,20135.367,116618.81,0,0,0
14247,257.1898058,3.4204242,0,18757.621,0,147986.17,0,0,0,0,0,0,0,0
14256,633.1428132,3.4241552,0,0,0,0,0,0,0,6074.5845,67564.6,0,0,0
14274,201.1273458,3.4297414,0,0,0,0,9978.42,0,0,0,0,250930.38,106467.51,97746.8
14291,621.2145103,3.4336615,0,0,0,0,0,8276.459,0,0,113418.445,0,0,0
14297,436.291136,3.4346254,0,81871.766,0,0,0,0,0,0,0,0,0,0
14299,346.0770978,3.4357297,0,0,0,0,0,0,0,0,0,176183.45,475384.25,412002.6
14300,208.5543511,3.4357626,0,0,0,0,0,0,0,0,0,221918.9,0,0
14301,721.1804016,3.4357307,0,0,0,0,0,0,0,0,0,167946.36,252438.73,613288.5
14308,288.2895928,3.4366813,0,79753.445,199031.44,81366.04,193115.22,236393.56,0,0,0,0,0,0
14321,659.2104175,3.4418526,0,0,0,0,0,27686.926,0,0,0,6347586,4264965,4066646.5
14322,681.1927173,3.4418526,0,0,0,0,0,12854.881,0,0,0,1003371.9,680273.94,636673.75
14334,322.1253244,3.4454863,0,0,0,0,0,0,0,0,0,399860.97,245346.12,0
14336,217.5596544,3.4461114,0,0,0,0,0,0,0,0,0,382918.06,0,0
14346,662.1894614,3.4472632,0,0,0,0,0,0,0,0,0,0,0,444392.1
14356,301.1070587,3.449528,0,0,0,0,0,0,0,0,0,3.62E+07,2.00E+07,2.01E+07
14358,497.14623,3.449528,0,0,0,0,0,0,0,0,0,9063099,5475755,5320189
14359,682.1957444,3.449523,0,0,0,0,0,0,0,0,0,372598.12,251446.3,235191.19
14360,656.2015189,3.449528,0,0,0,0,0,0,0,0,0,8754195,4719138.5,4686771.5
14375,293.2110148,3.4519424,0,116730.56,174328.39,372468.72,470556.75,235474.36,0,0,0,0,0,0
14379,244.2635315,3.4534721,0,19434.074,56283.17,7632.8066,63626.113,78415.66,0,0,0,0,0,0
14387,399.0940677,3.4537904,0,0,0,0,0,0,0,0,84035.27,0,0,0
14391,741.2238581,3.4537904,0,0,0,0,0,0,0,0,433220.62,0,0,0
14393,763.2059354,3.4537904,0,0,0,0,0,0,0,0,89191.96,0,0,0
14397,328.2481967,3.4549873,0,13919.735,14121.152,195104.22,19452.066,47275.668,0,0,0,0,0,0
14407,320.1209643,3.4564104,0,0,0,0,0,0,0,0,0,0,2.20E+07,2.19E+07
14409,319.117558,3.4564219,0,0,0,0,0,0,0,0,0,2.01E+08,1.16E+08,1.15E+08
14411,505.1323236,3.4564228,0,0,0,0,0,0,0,0,0,437669.25,248259.75,284565.2
14412,489.1573856,3.4564269,0,0,0,0,0,0,0,0,0,3274928.5,1883206.2,1845196.4
14415,690.1394931,3.4564228,0,0,0,0,0,0,0,0,0,1864232.4,1200838.5,1163281.9
14416,815.2564154,3.4564226,0,0,0,0,0,0,0,0,0,215309.03,104260.914,72517.95
14426,275.2005179,3.4579425,0,32209.982,30041.643,719548.1,36774.66,107128.05,0,0,0,0,0,0
14436,357.0735572,3.4598668,0,0,0,0,0,0,0,0,0,1350735.8,1069171.8,1069586.8
14438,347.0963158,3.4598715,0,0,0,0,0,0,0,0,0,2123356.5,1832320.5,1919927
14439,999.2549115,3.4598725,0,0,0,0,0,0,0,0,0,432358.47,254489.84,234922.92
14440,197.11719,3.4601622,0,0,0,0,0,0,120051.67,129624.3,15677.488,0,0,0
14442,691.1459703,3.4610026,0,0,0,0,0,0,0,0,0,1668881.1,1069821.6,0
14445,683.1594178,3.462204,0,0,0,0,0,0,0,0,0,252609.86,0,207617.45
14449,661.1861593,3.463317,0,0,0,0,0,0,0,0,0,1824962.6,1136234.9,1125973
14450,678.1835437,3.463317,0,0,0,0,0,0,0,0,0,587824.7,446211.7,424752.53
14473,381.1331654,3.4663742,0,8895.891,0,34737.246,0,128652.97,0,0,0,0,0,0
14487,671.2119556,3.4666514,0,0,0,0,0,201996.83,0,0,0,0,0,0
14489,255.1015132,3.466767,0,0,0,0,0,0,0,0,0,720562.06,354485.2,349328.1
14492,338.0912028,3.467034,0,0,0,0,0,0,0,0,0,1200347.8,1028140.06,1022211.5
14500,208.5543861,3.4704797,0,0,0,0,0,0,0,0,0,535601.3,355990.72,744357
14524,217.5596441,3.4739304,0,0,0,0,0,0,0,0,0,902488.3,1368885.8,1312382.1
14529,295.2269429,3.475179,0,35553.23,0,162773.03,0,159529.12,0,0,0,0,0,0
14532,341.1378539,3.476228,0,11201.415,3903.693,0,14101.449,157689.45,0,0,0,0,0,0
14537,404.1079516,3.4769702,0,6237.177,1906.2576,0,0,0,0,0,0,119543.51,371816.97,386489.7
14544,283.0965032,3.4781418,0,0,0,0,0,7363.1943,0,0,0,3387245,2058864.5,1999534.4
14552,323.1281515,3.4790204,0,77459.28,24657.271,0,0,111628.61,0,0,0,0,0,0
14558,269.0808059,3.4811285,0,0,0,0,0,488765.6,0,0,0,0,0,0
14582,234.1852243,3.4844294,0,0,0,0,391313.06,0,0,0,0,0,0,0
14605,405.0941842,3.4867456,0,0,0,0,0,0,0,0,427021.44,0,0,0
14613,479.1183862,3.4867456,0,0,0,0,0,0,0,0,228196.62,0,0,0
14622,771.2341747,3.4867456,0,0,0,0,0,0,0,0,3915767.2,0,0,0
14623,774.2426497,3.4867456,0,0,0,0,0,0,0,0,88503.055,0,0,0
14626,790.2075918,3.4867456,0,0,0,0,0,0,0,0,181886.25,0,0,0
14627,793.2161029,3.4867456,0,0,0,0,0,0,0,0,1087223.2,0,0,0
14630,815.19862,3.4867456,0,0,0,0,0,0,0,0,83416.72,0,0,0
14635,855.1865173,3.4867456,0,0,0,0,0,0,0,0,157410.77,0,0,0
14644,721.1804025,3.4872677,0,0,0,0,0,0,0,0,0,399778,345219.9,0
14645,691.2154867,3.4873905,0,209301.83,106458.94,0,0,87616.945,0,0,0,0,0,0
14647,346.0771898,3.4882784,0,0,0,0,0,0,0,0,0,275720.8,0,0
14666,609.1356055,3.4886723,0,0,0,0,0,88053.5,0,0,0,0,0,0
14675,577.3354723,3.4917061,0,106271.19,0,1135816.6,0,0,0,0,0,0,0,0
14684,686.2606643,3.4924536,0,466978.1,215607.38,0,0,36571.633,0,0,0,0,0,0
14699,564.3589645,3.4946263,0,0,0,0,0,0,47211.555,64045.24,73871.04,0,0,47114.67
14708,337.107041,3.496341,0,0,0,0,0,266038.1,0,0,0,0,0,0
14712,587.1544685,3.496341,0,0,0,0,0,355815.62,0,0,0,0,0,0
14713,607.1971113,3.496341,0,0,0,0,0,108706.46,0,0,0,0,0,0
14728,397.1052631,3.4971154,0,0,0,0,0,0,0,0,119422.09,0,0,0
14731,414.0993519,3.4971154,0,0,0,0,0,0,0,0,626196.7,0,0,0
14745,487.3420294,3.497567,0,202489.62,202553.38,287805.72,0,0,0,0,0,0,0,0
14767,383.0881937,3.50152,0,0,0,0,0,0,0,0,0,313426.5,434964.88,413832.94
14768,471.3469416,3.5017033,0,229457.11,0,173894.38,0,68302.234,0,0,0,0,0,0
14785,335.219802,3.5048385,0,0,82698.38,62027.17,87089.15,594751.8,0,0,0,0,0,0
14787,272.2583934,3.5057876,0,161649.67,240862.42,105499.31,120973.83,246201.4,0,0,0,0,0,0
14813,403.0700438,3.5118687,0,0,0,0,0,0,0,0,0,400142.28,433014.47,408139.56
14817,487.1759914,3.512967,0,143087,54867.926,0,0,0,0,0,0,0,0,0
14818,505.1864453,3.512967,0,133309.42,51853.92,0,0,0,0,0,0,0,0,0
14827,453.3364936,3.5158598,0,1320247.8,1034641.56,704591.06,0,18869.379,0,0,0,0,0,0
14875,265.1434682,3.5237284,0,0,0,0,0,0,0,0,0,0,217569.8,254242.17
14893,489.357605,3.528218,0,283212.6,243296.44,224526.1,8824.353,4522.263,0,0,0,0,0,0
14905,341.1006534,3.529599,0,28296.963,12455.4,0,0,0,0,0,0,3.70E+07,2.79E+07,2.74E+07
14907,177.0546973,3.5302289,0,34426.824,9283.497,0,0,0,33198.953,17469.338,59611,0,0,0
14922,293.2109543,3.5325692,0,0,133344.66,252622.39,222295.95,130913.9,0,0,0,0,0,0
14927,247.1328596,3.5352154,0,0,0,0,0,0,0,0,0,850322.2,0,454984.4
14928,277.2163571,3.535491,0,108822.95,34646.24,260410.3,0,170709.33,0,0,0,0,0,0
14935,305.1359731,3.536183,0,0,0,0,0,0,0,0,0,451693.88,232172.66,272423.9
14973,369.1310997,3.5424418,0,0,0,0,10799.511,127189.92,0,0,0,0,0,0
14988,313.2375851,3.5439804,0,6847.3564,25928.824,37917.496,15925.687,315942.94,0,0,0,0,0,0
14991,335.2197931,3.544931,0,56285.977,6400.8755,0,72631.695,163059.75,0,0,0,0,0,0
14996,325.1416,3.5459614,0,0,0,0,9936.958,3746063.5,0,0,0,17642.773,13723.038,0
14997,317.0656162,3.5468807,0,0,0,0,0,0,0,8781.539,1028227.94,0,0,0
15013,237.1849961,3.548629,0,32700.809,37293.004,42117.38,419828.66,21656.25,0,0,0,0,0,0
15029,355.1540096,3.55063,0,0,0,0,0,297884.72,0,0,0,0,0,0
15045,288.2897307,3.5530639,0,125431.6,302614.12,124566.6,323396.47,460310.1,0,0,0,0,0,0
15046,625.1764067,3.5533314,0,0,0,0,0,0,0,11101.58,916558.1,0,0,0
15048,275.125348,3.5535023,0,0,0,0,0,0,0,0,0,418008.88,272692.5,221949.02
15049,291.156703,3.5535023,0,0,0,0,0,0,0,0,0,981752.44,553609,517990.12
15050,515.3300999,3.5535223,0,0,0,0,0,0,0,0,0,409270.75,111788.99,233934.97
15097,235.1328539,3.5606248,0,0,0,0,0,0,0,0,0,376624.53,213576.88,168997
15110,311.221813,3.5624242,0,132510.6,84078.33,163777.53,0,67175.586,0,0,0,0,0,0
15114,511.3409603,3.5634902,0,158636.8,230873.33,20182.207,0,0,0,0,0,0,0,0
15117,293.1723632,3.56425,0,0,0,0,0,0,0,0,0,473362.94,498867.56,524902.56
15125,307.1901923,3.5657563,0,52138.12,25296.756,183871.66,24552.918,49661.684,0,0,0,0,0,0
15139,506.3851999,3.5665617,0,99557.43,130449.664,0,0,0,0,0,0,0,0,0
15140,552.3670727,3.5665617,0,94106.25,147116.47,0,0,0,0,0,0,0,0,0
15142,672.2816077,3.5665617,0,108862.07,40467.72,0,0,0,0,0,0,0,0,0
15159,370.0979337,3.5684547,0,0,0,0,24922.23,4156.5317,0,0,0,131386.58,0,0
15163,353.0959224,3.5688527,0,0,0,0,19069.238,0,0,0,0,164539.61,87725.016,91898.64
15165,355.1170951,3.5697708,0,172996.3,63296.266,0,0,71939.38,0,0,0,0,0,4455.622
15202,623.2273364,3.5734715,0,0,0,0,0,164331.28,0,0,0,0,0,0
15217,244.2635975,3.5759606,0,36159.47,63334.746,14816.989,73829.164,99980.61,0,0,0,0,0,0
15236,872.5358536,3.5803742,0,0,0,1210787.9,0,0,0,0,0,0,0,0
15251,390.0853389,3.5820127,0,0,0,0,0,0,0,0,55001.074,6117.3623,5680.1455,8600.555
15259,548.3601409,3.5825617,0,89776.52,0,0,0,0,0,0,0,0,0,0
15260,328.2484056,3.5832143,0,43324.59,46654.89,240493.05,0,48677.008,0,0,0,0,0,0
15274,404.3011356,3.5870886,0,158837.44,113354.15,16599.39,0,38065.37,0,0,0,0,0,0
15284,409.2559234,3.5885973,0,0,160295.83,16193.88,0,83388.28,0,0,0,0,0,0
15291,460.2694251,3.5907602,0,38593.953,64060.117,0,30864.652,73430.01,0,0,0,0,0,0
15293,545.345912,3.592223,0,44326.594,33551.645,742704.94,9516.806,0,0,0,0,0,0,0
15327,651.2236036,3.6018615,0,16509.566,0,0,0,87769.35,0,0,0,0,0,0
15342,689.2208085,3.6039574,0,0,0,0,0,0,0,0,0,153280.58,48672.363,51826.605
15355,351.1341563,3.605811,0,0,0,0,0,0,0,0,0,0,0,128220.766
15386,212.0516497,3.6108954,0,0,0,0,0,0,0,0,0,115020.56,134205.42,122146.78
15387,371.1101711,3.6108954,0,0,0,0,0,0,0,0,0,1855196.4,1483992.8,1576875.1
15390,719.2313143,3.6108954,0,0,0,0,0,0,0,0,0,93585.38,53611.625,55582.023
15395,337.1072652,3.61184,0,0,0,0,0,380388.66,0,0,0,0,0,0
15399,553.1499433,3.61184,0,0,0,0,0,84168.445,0,0,0,0,0,0
15419,223.559624,3.6143577,0,0,0,0,0,0,0,0,0,128331.13,154216.62,145479.44
15420,349.1281798,3.6143634,0,0,0,0,0,0,0,0,0,8156527,6597787,6451513.5
15421,368.1016353,3.6143634,0,0,0,0,0,0,0,0,0,116388.43,117366.9,111314.586
15422,387.0841124,3.6143634,0,0,0,0,0,0,0,0,0,134817.25,114246.72,118479.89
15430,271.0600074,3.615099,0,0,0,0,0,212685.47,34363.3,113639.33,0,0,0,0
15440,331.1177323,3.6168284,0,0,0,0,0,28608.68,0,0,0,736451.4,636950,630283.06
15443,214.5543715,3.6178257,0,0,0,0,0,0,0,0,0,114390.15,131624.55,127381.76
15444,309.1672454,3.6178207,0,0,0,0,0,0,0,0,0,391079.78,238111.31,265408.06
15448,433.0806053,3.6178207,0,0,0,0,0,0,0,0,0,193484.22,226046.03,219930.97
15475,309.2060251,3.6188278,0,0,0,307788.56,0,27685.701,0,0,0,0,0,0
15483,617.1648952,3.6193984,0,0,0,0,0,98264.836,0,0,0,0,0,0
15501,545.319557,3.6231809,0,0,0,0,0,0,1071528.5,1583492.2,0,0,0,0
15512,316.2849246,3.6248634,0,0,21440.535,0,81551.586,410024.66,0,0,0,0,0,0
15516,165.0549089,3.6258242,0,0,0,0,168136.92,0,0,0,0,0,0,0
15524,249.1488179,3.6258242,0,0,0,0,913078.25,0,0,0,0,0,0,0
15526,279.159425,3.6258242,0,0,0,0,235993.58,0,0,0,0,0,0,0
15554,584.2714463,3.6264443,0,0,0,0,0,0,37563.98,0,0,0,0,0
15569,293.2113307,3.6333606,0,157426.22,129980.52,349090.9,102431.914,110519.73,0,0,0,0,0,0
15586,362.1811042,3.6334574,0,0,0,0,71922.836,0,0,0,0,0,0,0
15622,587.191883,3.6346276,0,0,0,0,0,237020.86,0,0,0,0,0,0
15630,433.1129101,3.6355162,0,0,0,0,0,0,23810.94,54107.81,0,0,0,0
15635,399.1417052,3.6367493,0,0,0,0,0,8331.866,24511.758,46809.06,0,4357.7256,20264.662,37981.023
15641,672.2804198,3.638061,0,68999.84,60499.4,0,0,0,0,0,0,0,0,0
15644,686.2597784,3.6388094,0,107313.45,0,0,0,0,0,0,0,0,0,0
15690,369.0945607,3.644885,0,0,0,0,0,0,0,0,0,667382.44,135770.42,0
15693,333.2038555,3.6455429,0,57801.78,91512.24,175296.39,0,159646.38,0,0,0,0,0,0
15696,275.2007012,3.6461735,0,37613.17,33998.9,453394.03,17895.291,74636.78,0,0,0,0,0,0
15733,385.0684614,3.6501627,0,0,0,0,0,0,0,0,0,124325.336,23777.201,30724.748
15752,471.3465631,3.6542947,0,260237.6,0,0,0,0,0,0,0,0,0,0
15756,348.1159935,3.6547797,0,0,0,0,0,0,0,0,0,172286.73,0,0
15789,347.1126307,3.6613312,0,0,0,0,0,0,0,0,0,913781.2,268872.66,338397.22
15825,317.2478728,3.666307,0,250911.48,50915.902,7972.813,1928.2445,0,0,0,0,0,0,0
15827,409.25633,3.6665888,0,0,124097.74,0,0,119127.88,0,0,0,0,0,0
15835,489.3573758,3.6680875,0,0,305941.2,0,0,0,0,0,0,0,0,0
15882,302.0546244,3.6783123,0,0,0,0,0,0,9405.826,33710.52,0,0,0,0
15883,565.1552538,3.6783123,0,0,0,0,0,0,222787.69,698475.7,0,0,0,0
15884,587.1373124,3.6786215,0,0,0,0,0,0,40051.402,140379.08,0,0,0,0
15908,337.2359632,3.6840854,0,6183.977,17219.76,9405.445,66083.05,166833.22,0,0,0,0,0,0
15911,328.2485447,3.684587,0,65747.555,84961.92,813146.7,2824.9844,126947.49,0,0,0,0,0,0
15958,584.4166316,3.6976662,0,11101.131,0,425240.47,0,0,0,0,0,0,0,0
15977,561.3412116,3.7009687,0,0,12015.995,1223016.5,0,0,0,0,0,0,0,0
15983,253.1798972,3.701962,0,17731.744,9601.182,128797.484,53973.754,33841.953,0,0,0,340219.47,91889.664,98110.59
15986,311.1642214,3.702065,0,0,0,0,0,0,33838.312,29974.434,0,341683.7,143228.1,184298.28
15991,316.28475,3.7026463,0,23897.05,50584.836,0,24105.936,2103030.2,0,0,0,0,0,0
15998,333.2048832,3.7032526,0,0,0,133279.25,0,0,0,0,0,0,0,0
16005,323.125552,3.7038662,0,0,0,0,38299.832,185331.75,0,0,0,0,24118.086,0
16023,389.1958773,3.7044392,0,0,0,0,0,0,12862.954,9967.224,0,130069.8,55026.176,68151.54
16024,287.0549698,3.7046888,0,0,0,0,0,0,0,0,29953.207,0,0,0
16035,608.3854121,3.7063797,0,0,0,0,0,0,59927.145,60854.645,56825.12,56925.223,51993.883,60138.76
16036,362.253507,3.7064342,0,140168.69,11879.393,0,40779.07,0,0,0,0,0,0,0
16047,329.1021087,3.7093928,0,4872.928,10120.511,0,14152.773,194892.77,0,0,0,448417.9,134841.86,177672.4
16068,487.3418843,3.7137058,0,40992.22,182078.84,412462.16,0,0,0,0,0,0,0,0
16070,363.180253,3.714347,0,0,0,0,0,0,62378.324,36112.01,0,0,0,0
16089,330.2642459,3.7194867,0,54474.457,67796.35,58002.637,106605.45,0,0,0,0,0,0,0
16096,512.2616277,3.7203774,0,0,0,0,0,0,797808.1,801240.9,0,0,0,0
16097,534.2436897,3.7203774,0,0,0,0,0,0,309370,292112.22,0,0,0,0
16098,550.2176274,3.7203774,0,0,0,0,0,0,61491.613,63996.516,0,0,0,0
16099,453.3362589,3.7207656,0,279010.1,215881.78,0,0,0,0,0,0,0,0,0
16101,235.1695048,3.7222507,0,0,12248.292,83782.44,685206.7,14278.758,0,0,0,0,0,0
16120,505.1495096,3.7280436,0,0,0,0,0,88957.63,0,0,0,0,0,0
16136,335.2199283,3.7324078,0,56441.605,71361.36,78409.83,228329.3,133444.61,0,0,0,0,0,0
16154,651.3890206,3.7357159,0,108106.5,85436.195,0,0,0,0,0,0,0,0,0
16156,471.3469121,3.7365637,0,160015.83,224032.84,0,0,54185.395,0,0,0,0,0,0
16193,556.3845294,3.7447884,0,0,6120.5835,3139373.8,0,0,0,0,0,0,0,0
16199,716.2699688,3.747353,0,87871.34,36927.24,0,0,0,0,0,0,0,0,0
16213,221.1903869,3.7498837,0,0,0,0,225160.2,0,0,0,0,0,0,0
16231,824.5541441,3.756448,0,0,0,293506.7,0,0,0,0,0,0,0,0
16233,203.1798503,3.7575233,0,0,0,0,263771.2,0,0,0,0,0,0,0
16240,399.141397,3.7576365,0,0,0,0,0,0,30046.6,51281.016,0,0,0,0
16248,355.1180302,3.758895,0,13882.469,10395.425,0,0,68213.51,0,0,0,0,0,0
16249,309.2062374,3.7591786,0,91463.83,87644.086,166670.97,262941.47,60237.066,0,0,0,0,0,0
16252,365.1376765,3.762826,0,0,0,0,106222.516,6250.586,0,0,0,0,0,0
16253,293.1723461,3.7640052,0,0,0,0,0,0,0,0,0,472322.25,115609.54,0
16264,189.1642657,3.7671733,0,0,0,0,96758.78,0,0,0,0,0,0,0
16271,343.1547987,3.7671733,0,0,0,0,199371.28,0,0,0,0,0,0,0
16278,625.1763658,3.7680433,0,0,0,0,0,0,0,8019.4253,3801977.8,0,0,0
16283,270.0888361,3.7681599,0,0,0,0,0,239477.19,0,0,0,0,0,0
16285,369.1336257,3.7681599,0,0,0,0,0,65862.42,0,0,0,0,0,0
16288,455.3527639,3.7681599,0,0,0,0,0,118037.24,0,0,0,0,0,0
16342,293.1384117,3.7757635,0,0,0,0,0,0,0,0,0,138227.28,107586.305,90720.836
16366,337.107562,3.7831826,0,0,0,0,0,1765682.9,0,0,0,0,0,0
16376,454.3406255,3.7858555,0,0,207120.14,0,0,0,0,0,0,0,0,0
16386,305.136209,3.7872798,0,0,0,0,0,0,0,0,0,431977.3,0,0
16387,330.2641998,3.7874715,0,34631.05,53916.34,56650.64,84601.445,0,0,0,0,0,0,0
16398,325.6956759,3.7894766,0,83057.66,154109.45,7079.6846,0,0,0,0,0,0,0,0
16407,287.0550188,3.7902856,0,0,0,0,0,0,0,0,1287307.6,0,0,0
16416,595.1658401,3.7902856,0,0,0,0,0,0,0,0,901538.3,0,0,0
16417,614.1391695,3.7902856,0,0,0,0,0,0,0,0,36007.527,0,0,0
16431,489.3575965,3.7911224,0,173982.6,443677.06,0,0,0,0,0,0,0,0,0
16433,925.5440442,3.7911224,0,49849.504,173608.27,0,0,0,0,0,0,0,0,0
16461,323.22278,3.8009186,0,0,0,0,75116.35,6551.021,0,0,0,0,0,0
16465,326.0651987,3.8011785,0,0,0,0,0,0,0,0,130487.875,0,0,0
16466,337.573221,3.8011785,0,0,0,0,0,0,0,0,135949.1,0,0,0
16474,679.118306,3.8011785,0,0,0,0,0,0,0,0,79608.016,0,0,0
16481,437.1938734,3.801564,0,1427594.6,1804979.6,527159.1,1490200.6,2027980.5,0,0,0,0,0,0
16488,275.1252556,3.8039036,0,0,0,0,0,0,0,0,0,123840.94,75956.56,0
16489,846.4428801,3.804503,0,191860.44,591948.94,351982.97,89472.195,401720.5,0,0,0,0,0,0
16494,281.1389557,3.8065753,0,0,107703.055,0,0,95738.5,0,0,0,0,0,0
16497,289.1410825,3.8072195,0,0,0,0,0,0,0,0,0,291806.84,292061.12,236412.06
16499,432.2386603,3.8074245,0,3357758.2,5277719.5,5713913.5,2606266.8,4462191.5,0,0,0,0,0,0
16506,751.4406062,3.8082871,0,0,0,0,49109.062,129603.29,0,0,0,0,0,0
16508,415.2120047,3.8089345,0,2213260.2,3206165,3535405.2,1692842.6,3109588.2,0,0,0,0,0,0
16509,315.2533971,3.808975,0,8757.218,29855.566,0,89397.484,80789.1,0,0,0,0,0,0
16510,453.1679111,3.8089643,0,219783.9,192336.36,98623.53,232148.67,295810.1,0,0,0,0,0,0
16511,851.3983838,3.80896,0,229015.45,249571.45,124064.766,174687.02,382319.9,0,0,0,0,0,0
16512,213.1273781,3.8094156,0,0,0,0,0,0,0,0,0,155784.19,119316.414,0
16537,460.2698985,3.814999,0,5552466,6169377,3999045.8,3187793.2,4321721,0,0,0,0,0,0
16547,253.1797942,3.8202367,0,0,7350.396,0,0,0,0,9675.965,0,393615.06,275213.2,224371.69
16555,247.1328695,3.8215773,0,0,0,0,0,0,0,0,0,794384.1,637456.94,542161.4
16556,307.1516538,3.8219442,0,0,0,0,0,0,0,0,0,0,241189.67,197186.67
16574,403.0700414,3.8284767,0,0,0,0,0,0,0,0,0,440498.88,405449.12,418386
16578,302.3058947,3.8309016,0,134939.52,23090.807,90397.055,127607.26,145148.38,0,0,0,0,0,0
16590,641.2410134,3.834449,0,0,0,0,0,123366.99,0,0,0,0,0,0
16591,653.2406496,3.834449,0,0,0,0,0,479781.56,0,0,0,0,0,0
16592,670.2673751,3.834449,0,0,0,0,0,131372.11,0,0,0,0,0,0
16601,341.1001555,3.8366723,0,2865.2988,0,0,0,0,0,0,0,2.80E+07,1.85E+07,1.74E+07
16607,721.1805018,3.8388274,0,0,0,0,0,0,0,0,0,525113.44,464981.22,398896.62
16611,449.1078398,3.8405714,0,0,0,0,0,0,0,26823.432,427637.3,0,0,0
16622,538.3741726,3.8451986,0,6417.344,0,687443.7,0,0,0,0,0,0,0,0
16627,341.070444,3.845239,0,0,0,0,0,0,0,0,373838.16,0,0,0
16637,663.132873,3.845239,0,0,0,0,0,0,0,0,165163.3,0,0,0
16643,709.1289565,3.845239,0,0,0,0,0,0,0,0,213999.23,0,0,0
16651,1271.327759,3.845239,0,0,0,0,0,0,0,0,242362.16,0,0,0
16655,683.1595308,3.8457267,0,0,0,0,0,0,0,0,0,167182.19,137318.81,116693.766
16674,856.541856,3.8474786,0,0,0,2057281.9,0,0,0,0,0,0,0,0
16681,487.3427798,3.8478522,0,153302.45,120654.76,178285.25,0,6946.3926,0,0,0,0,0,0
16686,489.1574153,3.8491764,0,0,0,0,0,0,0,0,0,1483566.8,568474.44,566121.5
16688,681.1925928,3.8491771,0,0,0,0,0,0,0,0,0,629069.8,341257.72,290747.22
16706,283.0965101,3.852626,0,0,0,0,0,0,0,0,0,3310111.2,1856989.6,1738511.5
16707,319.1175917,3.852626,0,0,0,0,0,0,0,0,0,9.62E+07,5.16E+07,5.09E+07
16709,346.0771837,3.8526268,0,0,0,0,0,0,0,0,0,309717.22,235263.38,244560.9
16710,357.0735827,3.852626,0,0,0,0,0,0,0,0,0,1404889.9,1023873.9,964571.9
16713,656.2015561,3.8526268,0,0,0,0,0,0,0,0,0,3432594.8,1364575.2,1257996.9
16715,690.139612,3.8526268,0,0,0,0,0,0,0,0,0,1028798.94,535147,491653.1
16717,999.2552132,3.8526278,0,0,0,0,0,0,0,0,0,190301.3,76546.22,63611.71
16733,317.065603,3.855888,0,0,0,0,0,0,0,0,4465292,0,0,0
16735,332.0652901,3.855888,0,0,0,0,0,0,0,0,267529.22,0,0,0
16738,352.5784893,3.855888,0,0,0,0,0,0,0,0,511089.3,0,0,0
16743,479.1183911,3.855888,0,0,0,0,0,0,0,0,1808198,0,0,0
16750,644.149864,3.855888,0,0,0,0,0,0,0,0,270991.9,0,0,0
16752,647.1584149,3.855888,0,0,0,0,0,0,0,0,2405313,0,0,0
16761,771.2342247,3.855888,0,0,0,0,0,0,0,0,87396.11,0,0,0
16767,255.101576,3.8560765,0,0,0,0,0,0,0,0,0,410594.16,219934.42,195453.94
16768,497.1462787,3.8560765,0,0,0,0,0,0,0,0,0,4924309,2418977.2,2283210.2
16770,505.1323597,3.8560765,0,0,0,0,0,0,0,0,0,198048.36,81913.94,60898.695
16771,659.2101976,3.8560765,0,0,0,0,0,0,0,0,0,7813475.5,4533500.5,4143348
16774,347.0963476,3.8563373,0,0,0,0,0,0,0,0,0,1434183.6,1059052.1,1033556.1
16791,229.0676133,3.8597784,0,0,0,0,0,0,0,0,0,257904.83,283174.97,289628.66
16795,678.1836325,3.8597877,0,0,0,0,0,0,0,0,0,344623.4,165291.12,132798.55
16800,678.685323,3.8606012,0,0,0,0,0,0,0,0,0,0,150613.88,0
16807,682.1958855,3.862231,0,0,0,0,0,0,0,0,0,242792.48,0,0
16815,301.1074597,3.8631272,0,0,0,0,0,3287.4631,0,0,0,2.93E+07,1.49E+07,1.45E+07
16817,217.5596581,3.8632336,0,0,0,0,0,0,0,0,0,845449.6,816722.06,908857.06
16820,338.0912191,3.8632374,0,0,0,0,0,0,0,0,0,744903.2,599128.75,558195.3
16821,404.1084648,3.8632374,0,0,0,0,0,0,0,0,0,328348.94,306903.2,304548.94
16837,208.5543848,3.8666832,0,0,0,0,0,0,0,0,0,541361.5,478172.3,537981.94
16858,295.2271614,3.871169,0,0,0,55626.457,207095.08,0,0,0,0,0,0,0
16866,383.0881951,3.8736172,0,0,0,0,0,0,0,0,0,232542.3,340295.9,351134.03
16879,330.2649058,3.8768582,0,206786.88,294142.22,390701.53,292701.5,170879.95,0,0,0,0,0,0
16881,483.2238399,3.8769119,0,0,0,0,0,0,51583.418,0,0,0,0,0
16902,295.2276958,3.8784103,0,196564.66,263257.84,396532.84,166690.67,83233.33,0,0,0,0,0,0
16914,249.1484917,3.8808172,0,14161.867,0,0,0,0,0,0,0,1353038.9,821974.6,958340.44
16924,623.2322206,3.8824112,0,0,0,0,0,163495.2,0,0,0,0,0,0
16926,640.2588149,3.8824112,0,0,0,0,0,239140.16,0,0,0,0,0,0
16928,326.233504,3.8830254,0,30876.752,53534.027,52533.332,253738.55,35762.49,0,0,0,0,0,0
16929,335.220499,3.8830256,0,70035.234,93930.05,113575.8,152420.58,157600.22,0,0,0,0,0,0
16948,617.1478634,3.8895726,0,0,0,0,0,0,0,13788.152,544172.75,0,0,0
16951,309.207062,3.889993,0,56034.133,75727.445,0,254075.61,39657.855,0,0,0,0,0,0
16953,421.167092,3.8900695,0,0,0,0,0,170233.47,0,0,0,0,0,0
16983,358.296072,3.8938365,0,39945.418,108156.04,48455.64,72757.484,173650.44,0,0,0,0,0,0
17003,318.3014108,3.8982544,0,41335.785,36095.883,7778.206,257075.06,472158.56,0,0,0,0,0,0
17017,247.1328659,3.901147,0,0,0,0,0,0,0,0,0,653899.8,0,382358.3
17018,433.112877,3.9017007,0,0,0,0,0,0,115923.625,583010.5,10597.592,0,0,0
17031,328.2867748,3.90498,0,0,0,0,0,117917.695,0,0,0,0,0,0
17042,317.1360903,3.9083824,0,0,0,0,0,0,0,0,0,230210.9,238486.78,226684.55
17048,453.3369746,3.9088013,0,75750.22,661568.25,0,0,37734.02,0,0,0,0,0,0
17057,391.2471851,3.9129217,0,71165.71,54217.918,0,49735.258,131955.25,0,0,0,0,0,0
17060,351.2534663,3.913953,0,30905.873,118583.01,214813.72,44453.617,12912.19,0,0,0,0,0,0
17064,175.1117378,3.915302,0,0,0,0,0,0,0,0,0,323094.22,163621.47,185726.19
17066,463.0871971,3.9152899,0,0,0,0,0,0,386296.88,760421.06,0,0,0,0
17086,515.2651379,3.9182417,0,0,19960.197,0,109098.2,4870.4517,0,0,0,0,0,0
17093,493.2829775,3.919676,0,0,26413.03,19211.637,104620.73,3389.0796,0,0,0,0,0,0
17104,510.3087608,3.921999,0,0,24852.377,23627.508,95692.336,0,0,0,0,0,0,0
17112,517.0653672,3.9234016,0,0,0,0,0,0,14776.359,64730.66,18680.215,0,0,0
17129,354.2647108,3.9255552,0,69374.164,114367.24,36205.684,292383.06,0,0,0,0,0,0,0
17141,288.2541888,3.9277859,0,46903.87,10670.719,4673.596,12728.18,25488.035,0,0,0,0,0,0
17163,197.1172975,3.9327195,0,0,0,0,13332.832,12193.052,43260.816,145957.06,107581.195,17540.178,13029.119,10246.39
17185,556.3850096,3.9396942,0,19876.244,4129.168,2661197.2,10522.639,0,0,0,0,0,0,0
17210,293.1723536,3.9504316,0,0,0,0,0,0,0,0,0,429902.5,405962.72,291045.44
17211,309.1672795,3.9504316,0,0,0,0,0,0,0,0,0,215443.88,131168.06,126925.82
17214,325.1444619,3.951192,0,0,0,0,0,548493.7,0,0,0,0,0,0
17227,455.0949545,3.9519618,0,0,0,0,0,0,184917.95,929139,0,0,0,0
17228,471.0689041,3.9519618,0,0,0,0,0,0,13208.972,77138.94,0,0,0,0
17230,341.1004587,3.9525118,0,6286.8296,0,0,0,0,0,0,0,6475989,4139853.2,4561589.5
17233,305.1359588,3.9539871,0,0,0,0,0,0,0,0,0,329361.38,371367.88,234280.28
17237,561.3413177,3.9544277,0,0,0,879417.56,0,0,0,0,0,0,0,0
17242,328.2849164,3.955061,0,0,5747.2734,0,15049.054,589418.44,0,0,0,0,0,0
17248,219.1749512,3.956001,0,0,0,0,1036150.25,0,0,0,0,0,0,0
17260,371.3275609,3.9569561,0,26809.193,74313.945,25163.166,28888.99,34447.887,0,0,0,0,0,0
17264,245.0387458,3.957729,0,0,0,0,0,0,16709.354,82012.195,0,0,0,0
17267,330.2644995,3.9584985,0,165186.19,211260.47,172765.7,383303.5,214452.5,0,0,0,0,0,0
17268,335.2200527,3.9584985,0,80960.33,100950.65,69391.42,257499.31,214709.48,0,0,0,0,0,0
17277,291.1566842,3.9610207,0,0,0,0,0,0,0,0,0,204825.67,444632.9,200532.7
17290,354.2857183,3.9631455,0,39786.727,36387.52,53169.637,83819.05,40003.914,0,0,0,0,0,0
17303,351.2541493,3.96474,0,0,0,17530.398,0,205590.2,0,0,0,0,0,0
17322,332.3166584,3.9712718,0,0,0,0,99040.44,0,0,0,0,0,0,0
17334,368.101656,3.9715192,0,0,0,0,0,0,0,0,0,115381.67,106674.14,72635.36
17336,433.0806125,3.9715178,0,0,0,0,0,0,0,0,0,142805.81,154849.94,157559.1
17365,331.117755,3.9749734,0,0,0,0,0,0,0,0,0,1549034.2,989746,982704.9
17366,349.1282398,3.9749734,0,0,0,0,0,0,0,0,0,9517221,6252074,6078305.5
17367,371.1101983,3.9749734,0,0,0,0,0,0,0,0,0,2898979,2085803.8,2055514.4
17368,387.0842453,3.9749734,0,0,0,0,0,0,0,0,0,207040.11,166149.84,160659.98
17372,527.156855,3.9749734,0,0,0,0,0,0,0,0,0,125932.61,69748.4,56765.094
17373,719.2312925,3.9749734,0,0,0,0,0,0,0,0,0,257544.47,124984.69,125144.914
17406,289.1410479,3.9784288,0,0,0,0,0,0,0,0,0,804828.56,1257287.4,1078619.8
17412,689.2208008,3.9784327,0,0,0,0,0,0,0,0,0,827157.1,390055.12,389540.75
17429,487.1769775,3.9813318,0,135450.17,119648.7,0,0,0,0,0,0,6057.5596,0,0
17439,651.2240042,3.9816628,0,0,0,0,0,109280.01,0,0,0,0,0,0
17442,670.2653812,3.9816628,0,0,0,0,0,456227.47,0,0,0,0,0,0
17448,231.1379409,3.981888,0,0,0,0,0,0,0,0,0,1222491.8,719683.25,614244.06
17450,353.0963616,3.981888,0,0,0,0,0,0,0,0,0,374718.25,236946.81,219203.05
17454,512.1514723,3.981888,0,0,0,0,0,0,0,0,0,234067.2,98212.05,93869.414
17472,668.2497888,3.9848514,0,117571.52,144137.11,0,0,0,0,0,0,0,0,0
17475,319.1176419,3.9853427,0,0,0,0,0,0,0,0,0,1.62E+07,9161578,9525610
17482,181.1224337,3.9858384,0,0,0,0,8724.302,0,0,0,0,287096.47,151482.05,113422.164
17527,301.1071073,3.992246,0,0,0,0,0,0,0,0,0,4643373.5,2731118.5,2851620
17531,208.5543797,3.9923284,0,0,0,0,0,0,0,0,0,242750.88,217481.14,198113.62
17532,217.5596374,3.9923284,0,0,0,0,0,0,0,0,0,252637,232678.02,217078.16
17538,320.1210639,3.9927275,0,0,0,0,0,0,0,0,0,0,0,1688526.1
17545,524.3963915,3.9930818,0,0,0,225871.02,0,0,0,0,0,0,0,0
17564,283.0965037,3.9956982,0,0,0,0,0,0,0,0,0,787379.56,290660.5,347377.78
17584,316.3213355,3.998527,0,24915,62070,20860.256,68296.38,87942.78,0,0,0,0,0,0
17585,323.127463,3.998623,0,28957.418,24258.064,0,0,438254.47,0,0,0,10161.38,0,0
17589,659.2102177,3.9991524,0,0,0,0,0,0,0,0,0,772942.7,354662.56,387788.3
17604,419.1888256,4.0011835,0,0,0,0,0,0,31013.215,38819.047,0,0,0,0
17611,403.0700354,4.002608,0,0,0,0,0,0,0,0,0,197798.86,195300.19,187461.31
17647,271.0602104,4.008833,0,0,0,0,0,0,553163.6,2698006.2,0,2571.259,0,0
17648,460.269398,4.0089436,0,79431.06,224297.12,31645.854,46159.887,195829.03,0,0,0,0,0,0
17652,251.1641591,4.01042,0,0,0,0,0,0,0,0,0,0,378440.03,360839
17673,407.2416158,4.014867,0,160049.52,40525.727,3041.796,59021.453,47453.547,0,0,0,0,0,0
17674,584.4167053,4.015177,0,11075.171,0,633515.06,0,0,0,0,0,0,0,0
17676,205.1589515,4.0161223,0,0,3356.1848,0,189708.6,0,0,0,0,59639.31,0,0
17686,402.2859153,4.0171785,0,143992.7,36766.496,73219.664,30679.652,26036.416,0,0,0,0,0,0
17696,309.2064006,4.0201893,0,0,26840.121,88180.836,58169.61,0,0,0,0,0,0,0
17712,315.2324103,4.0255995,0,240125.72,106426.87,32839.492,7887.3936,0,0,0,0,0,0,0
17714,595.1659421,4.0260053,0,0,0,0,0,0,14464.869,85889.29,11675.603,0,0,0
17733,421.1646967,4.029777,0,0,0,0,0,170077.67,0,0,0,0,0,0
17734,443.1466701,4.029777,0,0,0,0,0,113871.414,0,0,0,0,0,0
17756,201.1121229,4.0369425,0,0,0,0,0,0,0,0,83196.35,0,0,0
17757,223.0940113,4.0369425,0,0,0,0,0,0,0,0,71725.44,0,0,0
17768,357.0735233,4.0374293,0,0,0,0,0,2768.631,0,0,0,396789.78,275213.2,290228.72
17781,293.2111175,4.044962,0,68424.23,31802.377,307399.72,86738.05,48176.258,0,0,0,0,0,0
17785,609.2120467,4.045012,0,0,0,0,0,391537.4,0,0,0,0,0,0
17791,317.2479412,4.045606,0,213750.06,9487.29,52495.492,0,0,0,0,0,0,0,0
17802,321.1308889,4.048533,0,0,0,0,0,0,62731.703,0,0,158007.5,75223.766,95144.66
17818,433.2044247,4.051131,0,0,0,0,0,0,21693.709,32286.098,0,0,0,0
17820,321.1122085,4.0526853,0,0,0,0,0,112179.02,0,0,0,0,0,0
17851,295.1901164,4.0607696,0,8365.826,3202.378,119073.59,57261.16,0,0,0,0,320464.97,248295.58,181372.4
17889,441.3364142,4.067978,0,211545.89,0,0,0,15946.438,0,0,0,0,0,0
17901,325.1047771,4.0694656,0,0,0,0,0,0,0,0,0,663745.7,445285.97,408966.22
17905,299.0914977,4.06977,0,0,0,0,0,0,0,0,18277.816,181775.84,206442.12,190326.95
17924,303.1226752,4.0729365,0,0,0,0,0,0,0,0,0,9431577,5332012.5,4929486
17925,304.1261159,4.0729365,0,0,0,0,0,0,0,0,0,1751639.9,951047,1194206.6
17926,317.1020471,4.0729365,0,0,0,0,0,0,0,0,0,372918.5,440735.88,411976.88
17954,339.0839783,4.076397,0,0,0,0,0,0,0,0,0,230929.4,242948.2,230312.03
17957,517.2408257,4.076835,0,0,0,0,0,0,29695.664,26171.77,0,0,0,0
18017,538.3747057,4.090339,0,7955.0527,0,296669.44,9645.654,0,0,0,0,0,0,0
18034,655.2174543,4.091514,0,0,0,0,0,384459.34,0,0,0,0,0,0
18047,317.1360211,4.093737,0,0,0,0,0,0,0,0,0,293386.66,137195.94,164183.31
18051,219.1746693,4.096067,0,0,0,0,215567.8,0,0,0,0,0,0,0
18054,253.1798066,4.0962157,0,0,0,0,0,0,8799.669,11967.686,0,1398235.2,733696.75,643127.75
18057,331.117767,4.0972004,0,0,0,0,0,0,0,0,0,423784.22,397529.97,435656.28
18058,349.1282565,4.0972004,0,0,0,0,0,0,0,0,0,2506753.8,2210312,2358063.8
18061,371.1101966,4.0972004,0,0,0,0,0,0,0,0,0,971810.56,820223.2,920400.5
18065,333.2043588,4.0995255,0,28459.076,25106.584,0,104430.96,64495.277,6194.8765,0,0,0,0,0
18066,277.1803029,4.0997906,0,9464.72,3358.893,129561,48349.62,0,0,0,0,0,0,0
18077,235.1692679,4.1007047,0,0,0,0,0,0,0,0,0,1397913.2,690600.4,673795.75
18088,316.3215298,4.101612,0,47069.438,104325.195,23956.164,119662.57,166280.02,0,0,0,0,0,0
18091,289.1411193,4.101751,0,0,0,0,0,0,0,0,0,791164.44,0,0
18117,267.1591208,4.104217,0,0,0,0,0,0,0,0,0,351095.16,140549.3,126472.14
18162,373.1426326,4.111329,0,0,0,0,84364.1,0,0,0,0,0,0,0
18203,593.1809718,4.116562,0,0,0,0,0,536841.8,0,0,0,0,0,0
18205,293.1731456,4.1167593,0,0,0,0,0,10575.255,0,0,0,735771.56,362283.94,436414.56
18212,357.203836,4.118975,0,0,0,0,130500.25,0,0,0,0,0,0,0
18241,295.1176755,4.122209,0,0,0,0,0,0,0,0,0,267469.1,53658.668,86773.836
18245,146.0600387,4.1228614,0,0,0,0,0,0,10403.939,15505.841,51645.555,0,0,0
18269,335.2198574,4.1302247,0,6439.336,14319.709,0,139329.97,0,0,0,0,0,0,0
18299,300.2899462,4.136387,0,6173.321,167524.8,60137.473,57900.875,70518.43,0,0,0,0,0,0
18301,287.0549424,4.1389785,0,0,0,0,0,0,0,4504.6045,48708.203,0,0,0
18306,626.2399142,4.139478,0,0,0,0,0,36298.863,0,0,0,0,0,0
18321,352.2488319,4.141698,0,6529.9233,4143.1387,39576.5,131445.52,9264.762,0,0,0,0,0,0
18331,201.1637952,4.1431494,0,0,0,0,0,0,0,0,0,264784.9,0,110661.17
18357,623.1903743,4.1471887,0,0,0,0,0,319448.47,0,0,0,0,0,0
18372,655.1507454,4.1532965,0,0,0,0,0,0,7752.2407,28463.316,0,0,0,0
18389,245.1172322,4.1546884,0,0,0,0,0,0,0,0,0,445050.62,90315.164,130940.19
18420,464.2637888,4.159018,0,86899.055,35117.945,0,0,0,0,0,0,0,0,0
18421,363.1795275,4.1590858,0,0,0,0,0,0,57382.934,54951.836,0,7286.15,0,0
18426,227.1066137,4.1616497,0,0,0,0,0,0,0,0,0,221040.44,45108.156,65235.66
18427,355.1152709,4.1616497,0,0,0,0,0,0,0,0,0,167016.39,134194.45,137945.44
18438,335.0914278,4.162622,0,0,0,0,0,963411.06,0,0,0,0,0,0
18464,423.1109089,4.1644435,0,0,0,0,0,0,0,0,0,191199.08,0,71898.75
18468,418.2596168,4.1647334,0,0,0,0,93498.67,0,0,0,0,0,0,0
18481,333.1338277,4.168178,0,0,0,0,0,11291.888,0,0,0,1289069.2,1095554,762655.06
18495,677.2400666,4.170359,0,0,0,0,0,144763.39,0,0,0,0,0,0
18502,231.1379701,4.172212,0,0,0,0,0,0,0,0,0,801075.75,254624.3,193311.31
18511,339.1230504,4.1724787,0,0,0,0,3189.8167,155848.53,0,0,0,0,0,0
18513,332.0653079,4.1743636,0,0,0,0,0,0,0,0,50223.46,0,0,0
18514,341.0704525,4.1743636,0,0,0,0,0,0,0,0,72583.63,0,0,0
18518,625.1764593,4.1743636,0,0,0,0,0,0,0,0,499031.1,0,0,0
18519,647.1585474,4.1743636,0,0,0,0,0,0,0,0,124390.56,0,0,0
18539,317.0656077,4.1759167,0,0,0,0,0,0,0,17626.64,134947.98,0,0,0
18540,479.1184298,4.1759167,0,0,0,0,0,0,0,15371.966,70075.45,0,0,0
18541,267.1591267,4.1759477,0,0,0,0,0,0,0,0,0,420109.7,197363.92,0
18548,251.1641789,4.1794057,0,0,0,0,0,0,0,0,0,814642.4,355258.22,296334.34
18573,191.1430234,4.182876,0,0,0,0,0,0,0,0,0,181486.8,66262.01,49415.79
18574,261.1460064,4.182876,0,0,0,0,0,0,0,0,0,225668.22,96487.28,89786.766
18575,273.1461462,4.182876,0,0,0,0,0,0,0,0,0,78027.58,262749.84,168565.73
18589,416.337702,4.185571,0,0,158911.61,0,46346.6,56706.43,0,0,0,0,0,0
18596,353.2690192,4.186226,0,1052155.4,724117.5,137073.22,657611.3,402627.38,0,0,0,0,0,0
18619,393.2615773,4.1880417,0,636550,468631.22,0,1361114.2,519341.78,0,0,0,0,0,0
18669,388.1180258,4.193644,0,0,0,0,0,0,0,0,0,200366.23,44903.676,127432.766
18701,277.2165399,4.195331,0,349560.28,499594.72,3284111,310715.3,1811947.8,0,0,0,0,0,0
18707,604.2969629,4.1953077,0,0,0,0,400699.97,0,0,0,0,0,0,0
18715,189.1640048,4.195519,0,2042.7732,0,0,670117,0,0,0,0,103626.66,0,0
18729,219.1004981,4.1966734,0,0,0,0,0,0,8708.253,56716.78,0,15539.08,14224.908,0
18730,307.1516854,4.1972103,0,0,0,0,0,0,0,0,0,1142083.2,541866.6,580040.75
18732,516.3141235,4.1972103,0,0,0,0,0,0,0,0,0,245753.16,11365.674,39623.465
18735,463.1235483,4.1980615,0,0,0,0,0,0,39822.15,612199.2,7170.0596,0,0,0
18740,330.3005013,4.199399,0,2970.9565,4250.2207,0,67918.39,115201.54,0,0,0,0,0,0
18752,125.9865756,4.202335,0,0,0,0,178372.36,0,0,0,0,0,0,0
18753,140.0684614,4.202335,0,0,0,0,268114.94,0,0,0,0,0,0,0
18773,219.1746329,4.2027307,0,28418.762,49985.066,41037.65,555853.75,4347.653,0,0,0,0,0,0
18780,217.1587709,4.203839,0,4331.007,0,0,246409.98,0,0,0,0,504264.12,0,0
18804,432.2289773,4.209567,0,0,0,0,0,0,165495.25,169757.44,0,0,0,0
18805,485.1055171,4.209567,0,0,0,0,0,0,12864.952,219028.44,0,0,0,0
18806,528.2803536,4.209567,0,0,0,0,0,0,44340.56,44351.348,0,0,0,0
18807,533.2358274,4.209567,0,0,0,0,0,0,30641.781,44426.84,0,0,0,0
18809,565.1552709,4.209567,0,0,0,0,0,0,89363.68,78786.32,0,0,0,0
18812,167.013078,4.2096224,0,0,0,0,2579296.8,0,0,0,0,0,0,0
18815,182.985571,4.2096224,0,0,0,0,118942.94,0,0,0,0,0,0,0
18821,296.9711974,4.2096224,0,0,0,0,159400.95,0,0,0,0,0,0,0
18822,863.4508944,4.209567,0,0,0,0,0,0,198714.42,202621.75,0,0,0,0
18842,563.2695114,4.2096224,0,0,0,0,217205.34,0,0,0,0,0,0,0
18903,501.1005125,4.2178864,0,0,0,0,15929.823,0,0,11696.745,92964.99,0,0,0
18909,221.1534115,4.222617,0,0,0,0,0,2108.6316,0,0,0,244471.19,89966.62,81542.8
18914,301.0698681,4.2235894,0,0,0,0,0,0,55126.3,1075089.2,0,8518.961,0,0
18932,260.044021,4.225042,0,0,0,0,0,0,0,78360.33,0,0,0,0
18945,245.1382812,4.226481,0,0,0,0,0,0,18488.342,20773.777,49519.527,0,0,0
18998,293.2114816,4.232477,0,27290.19,112215.97,0,119571.66,0,0,0,0,0,0,0
19009,603.2051253,4.234412,0,0,0,0,0,0,28257.596,55654.348,0,23997.37,6610.926,12385.432
19015,191.1066447,4.2380204,0,0,0,0,0,0,0,0,0,331927.22,164215.39,164776.52
19016,279.0865532,4.2380543,0,0,0,0,0,0,0,0,0,367166.38,52986.855,112027.57
19025,289.1411262,4.238878,0,0,0,0,0,0,0,0,0,547135.1,0,0
19028,335.2202434,4.239574,0,19327.771,13283.165,0,332801.12,0,0,0,0,0,0,0
19033,556.3851994,4.2397866,0,0,0,2042289.2,0,0,0,0,0,0,0,0
19034,561.3417967,4.2397866,0,0,0,583184.1,0,0,0,0,0,0,0,0
19076,301.1071295,4.248901,0,0,0,0,0,0,0,0,0,509922.84,335541.44,306738.44
19084,283.0965629,4.249316,0,0,0,0,0,0,0,0,0,148151.45,0,0
19093,219.0651545,4.2526336,0,0,0,0,0,0,0,0,0,130958.164,25318.229,40519.004
19095,311.1829703,4.2526336,0,0,0,0,0,0,0,0,0,379474.22,103435.91,110067.45
19115,208.03729,4.2559376,0,0,0,0,828163.94,0,0,0,0,6378.2256,0,0
19122,207.1744222,4.2568088,0,3612.3682,0,4535.264,209265.72,0,0,0,0,0,0,0
19123,253.1798075,4.257023,0,0,0,0,0,0,8276.16,0,0,969629.75,519877.84,404177.44
19131,311.2223259,4.257964,0,37524.96,36929.816,109349.14,101439.72,18366.965,0,0,0,0,0,0
19140,315.1943094,4.2622285,0,0,0,36847.566,15340.09,0,46002.473,0,0,0,0,0
19159,383.1497235,4.2667794,0,0,0,0,0,72152.86,0,0,0,0,0,0
19183,333.2043339,4.270378,0,18927.836,26569.793,72582.914,261346.2,22705.441,0,0,0,0,0,0
19186,531.3683519,4.2705965,0,0,0,167543.77,0,0,0,0,0,0,0,0
19194,838.5317237,4.2705965,0,0,0,811752.9,0,0,0,0,0,0,0,0
19197,293.1723842,4.2708364,0,0,0,0,0,0,0,0,0,490044.62,246410.88,244668.88
19210,479.1184065,4.2738557,0,0,0,0,0,0,0,0,76568.95,0,0,0
19242,373.1414282,4.2803717,0,0,0,0,552923.7,0,0,0,0,5004.8354,0,0
19257,287.0549955,4.284008,0,0,0,0,0,0,4439.271,468551.3,39239.023,0,0,0
19258,471.0897456,4.284008,0,0,0,0,0,0,3055.755,329518.66,23822.377,0,0,0
19266,317.0656083,4.285157,0,0,0,0,0,0,0,0,122331.31,0,0,0
19267,404.0862347,4.285157,0,0,0,0,0,0,0,0,40916.44,0,0,0
19268,623.1608692,4.285157,0,0,0,0,0,0,0,0,56639.344,0,0,0
19269,769.2187016,4.285157,0,0,0,0,0,0,0,0,140403.55,0,0,0
19271,449.1078632,4.285315,0,0,0,0,0,0,0,248408.66,18641.404,0,0,0
19292,529.2107033,4.2859178,0,0,0,0,88335.37,0,0,0,0,0,0,0
19294,552.286593,4.2859178,0,0,0,0,83462.64,0,0,0,0,0,0,0
19304,507.2292293,4.289673,0,0,0,2408.8525,216066.03,0,0,0,0,0,0,0
19314,308.22202,4.2912993,0,0,8722.09,0,269198.6,116492.45,0,0,0,0,0,0
19319,293.2107343,4.2921596,0,155238.47,64105.11,1039834.3,93772.586,327786.97,0,0,0,0,0,0
19343,414.3219402,4.2978334,0,0,211339.98,0,0,132021.89,0,0,0,0,0,0
19355,635.3946851,4.3010902,0,0,0,382183.78,0,0,0,0,0,0,0,0
19364,201.1637745,4.302253,0,0,0,0,0,0,0,0,0,235031.47,0,0
19385,516.3141423,4.307011,0,0,0,0,0,0,0,0,0,122281.59,0,15401.959
19392,414.2831788,4.308799,0,0,0,0,78519.64,0,0,0,0,0,0,0
19400,235.1689896,4.3089643,0,27374.922,0,154038.88,0,19723.479,0,0,0,0,0,0
19405,305.1359823,4.3103013,0,0,0,0,0,0,0,0,0,837006.06,320656.78,555703.1
19406,203.1796298,4.311979,0,0,0,11729.735,113591.555,0,0,0,0,186561.03,0,0
19414,339.1214025,4.31305,0,0,0,0,0,55558.18,0,0,0,0,0,0
19437,665.4050248,4.318229,0,0,18665.582,174964.47,0,0,0,0,0,0,0,0
19440,315.1920144,4.3190117,0,9891.436,0,0,12020.574,79878.36,0,0,0,0,0,0
19445,275.2006837,4.3204703,0,69728.99,33684.715,463444.38,65725.92,129129.445,0,0,0,0,0,0
19453,287.1253952,4.323168,0,0,0,0,0,0,0,0,0,228296.81,270051.25,161834.33
19475,189.1275357,4.3281474,0,25909.688,9429.263,0,0,0,0,0,0,540446.7,277380.03,234417.06
19500,219.1746998,4.3343053,0,33569.676,48232.223,105334.69,148348.34,60934.64,0,0,0,168248.47,0,0
19520,333.2029417,4.34019,0,52877.008,0,0,103369.71,50058.5,0,0,0,0,0,0
19521,353.2687056,4.3410516,0,118225.43,66741.305,27294.23,71167.68,53990.05,0,0,0,0,0,0
19525,247.1328798,4.3443584,0,0,0,0,0,0,0,0,0,714132.8,0,393993.62
19548,351.2025969,4.346013,0,0,0,0,0,0,214152.33,280113.53,0,0,0,0
19552,701.3983949,4.346013,0,0,0,0,0,0,423269.4,556432.25,0,0,0,0
19553,723.3803206,4.346013,0,0,0,0,0,0,171322.72,231940.8,0,0,0,0
19555,429.1520213,4.3466334,0,0,0,0,0,0,52825.32,72649.2,39100.52,0,0,0
19559,315.1954062,4.3480167,0,17081.02,156396.94,31941.838,32259.238,0,11474.189,36745.52,0,0,0,0
19563,331.1177496,4.3480515,0,0,0,0,0,0,0,0,0,51936.445,101804.28,117774.11
19564,277.216409,4.348821,0,131098.92,25389.541,463015.78,0,0,0,0,0,0,0,0
19571,328.2491515,4.350505,0,68378.78,74671.01,169178.8,132398.02,41013.25,0,0,0,0,0,0
19575,298.2013467,4.3515754,0,0,0,0,0,0,0,0,0,339487.44,252586.39,211277.19
19588,824.5526709,4.3539577,0,2197.9746,0,2209894.2,0,0,0,0,0,0,0,0
19596,265.1800983,4.354216,0,0,34141.477,0,0,569122.7,0,0,0,4965.3174,0,0
19614,171.1168013,4.355101,0,0,0,0,0,0,0,0,0,224850.17,81271.06,64724.273
19615,173.1324605,4.355101,0,0,0,0,0,0,0,0,0,268704.75,96207.85,94175.89
19616,199.1117248,4.355101,0,0,0,0,0,0,0,0,0,236117.89,129189.49,103777.33
19617,217.1223159,4.355101,0,0,0,0,0,0,0,0,0,1372592.4,642948.75,579718.4
19618,275.1254174,4.355101,0,0,0,0,0,0,0,0,0,2798100.2,1818014.5,1514997.8
19619,291.0994169,4.355101,0,0,0,0,0,0,0,0,0,519276.78,398640.3,324185.88
19620,527.2617329,4.355101,0,0,0,0,0,0,0,0,0,111299.27,35866.086,25343.197
19645,317.0656097,4.3606553,0,0,0,0,0,0,0,0,116032.14,0,0,0
19647,479.1184722,4.3606553,0,0,0,0,0,0,0,0,96677.984,0,0,0
19648,501.1004899,4.3606553,0,0,0,0,0,0,0,0,87579.836,0,0,0
19653,205.1222898,4.3621883,0,0,0,0,0,0,0,0,0,540034.8,238961.73,275588.5
19659,229.1421784,4.3630457,0,84935.25,12294.985,9307.312,12918.352,0,27852.523,12030.86,27831.39,280917.84,19295.957,17940.854
19681,311.2228909,4.3665524,0,42443.406,64823.027,0,125736.59,0,0,0,0,0,0,0
19686,269.1747563,4.368288,0,193227.48,34676.223,18754.803,19063.092,5659.886,0,0,0,56770.71,26061.95,21385.88
19689,356.2801859,4.3691883,0,0,138727.02,0,0,63586.277,0,0,0,0,0,0
19691,333.2056212,4.3696814,0,0,61282.29,0,296071.84,0,0,0,0,0,0,0
19709,397.2045463,4.369973,0,0,0,0,106833.16,0,0,0,0,0,0,0
19738,207.159055,4.373861,0,0,0,0,0,0,16884.516,6516.4414,18217.432,210397.75,14933.363,10312.767
19739,204.1391854,4.3741283,0,214386.6,85149.72,309101.53,94971.51,46800.375,0,0,0,0,0,0
19762,331.1516928,4.376465,0,0,0,0,0,0,0,0,0,661456.2,310583.97,301862.88
19763,347.1126115,4.376465,0,0,0,0,0,0,0,0,0,652249.06,1300938.5,1466359.9
19780,373.1447277,4.3773794,0,0,0,0,236124.19,0,0,0,0,0,0,0
19808,338.2701545,4.3798065,0,31087.44,13087.11,32544.691,10958.596,77329.3,0,0,0,0,0,0
19827,383.0892209,4.3835335,0,0,0,0,0,0,0,0,0,22822.79,199224.16,156813.66
19830,369.0945004,4.3835883,0,0,0,0,0,0,0,0,0,73371.04,153757.42,170528.11
19836,653.2049922,4.384508,0,0,0,0,0,53652.438,0,0,0,0,0,0
19842,391.2126304,4.385061,0,0,0,0,76357,0,0,0,0,0,0,0
19857,311.1829464,4.387119,0,0,0,0,0,0,0,0,0,303946.53,109760.195,161716.25
19871,579.1709919,4.389268,0,0,0,0,0,0,414457.06,5506.3486,5659.157,0,3905.295,4732.4316
19872,235.1329045,4.389456,0,0,0,0,0,0,0,3175.9238,0,1094570.6,492062.7,441362.78
19915,423.2749672,4.3984966,0,0,0,0,0,0,33107.043,28596.057,31155.537,32576.572,31255.035,33053.695
19918,285.07576,4.3994436,0,0,0,0,0,0,233116.94,1186160.2,6789.0938,45693.625,5157.3623,20689.555
19933,235.1700355,4.404895,0,23050.832,11481.532,45907.98,1457148.2,15112.718,0,0,0,0,0,0
19934,293.2114434,4.40502,0,0,112926.805,434601,0,0,0,0,0,0,0,0
19936,253.1434732,4.405675,0,0,0,0,0,0,5805.8125,3799.0125,0,846122.06,419565.28,359783.72
19946,203.1430247,4.4077234,0,0,0,0,0,0,0,0,0,295016.16,0,87494.88
19952,267.1591103,4.4083347,0,0,0,0,0,0,0,0,0,451706,259234.56,157840.47
19966,773.1924159,4.4102693,0,0,0,0,0,0,0,0,39272.55,0,0,0
19968,295.1541015,4.411839,0,0,0,0,0,0,0,0,0,226787.92,148271.88,120085.39
19972,391.2479978,4.4139147,0,348168.47,0,0,0,0,0,0,0,0,0,0
19977,271.0610569,4.4144325,0,0,0,0,0,0,142575.14,261994.58,15103.303,0,3203.677,11488.799
19979,289.1411044,4.415458,0,0,0,0,0,0,0,0,0,503347.2,423158.72,386638.28
19983,369.2645603,4.4158373,0,199657.17,0,21481.88,0,0,0,0,0,0,0,0
19986,189.164394,4.4169507,0,0,4513.391,7954.193,247094.88,0,0,0,0,0,0,0
20003,249.1485449,4.418672,0,0,0,0,0,0,0,0,0,505716.88,0,0
20011,231.1379656,4.4191494,0,0,0,0,0,0,0,0,0,832047.7,558965.3,515992.5
20012,253.1798288,4.4191494,0,0,0,0,0,0,0,0,0,766663.75,637272.3,474984.2
20014,307.1516578,4.4191494,0,0,0,0,0,0,0,0,0,317548.03,229263.31,205318.81
20018,635.3963756,4.4195657,0,743531.3,0,587892.5,0,0,0,0,0,0,0,0
20019,323.1263308,4.4200096,0,0,0,0,0,136177.73,0,0,0,22052.117,21155.23,18247.621
20029,213.1273741,4.42277,0,0,0,0,0,0,0,0,0,249449.22,190158.98,180686.47
20088,414.3228251,4.4440026,0,202899.48,155700.12,0,0,35222.83,0,0,0,0,0,0
20092,633.3801266,4.4444866,0,0,95868.05,34846.184,0,0,0,0,0,0,0,0
20098,433.1128879,4.4451184,0,0,0,0,0,0,0,153266.55,0,0,0,0
20100,455.353247,4.4466267,0,196022.61,0,203242.95,0,0,0,0,0,0,0,0
20109,437.3420516,4.4488163,0,0,0,273061.1,0,0,0,0,0,0,0,0
20119,215.1430235,4.450616,0,0,0,0,0,0,0,0,0,342997.9,0,0
20130,291.1567564,4.455724,0,0,0,0,0,0,0,0,0,700900.56,654975.6,627365.5
20139,336.2525739,4.460784,0,133189.33,14154.249,13750.673,15597.823,0,0,0,0,0,0,0
20156,309.0624599,4.463269,0,0,0,0,0,0,26430.658,119596.19,0,0,0,0
20157,601.1530585,4.463269,0,0,0,0,0,0,139261.11,824895.25,0,0,0,0
20158,663.1235948,4.463269,0,0,0,0,0,0,9727.04,39312.586,0,0,0,0
20162,280.2641134,4.4646053,0,82336.74,14993.303,37864.023,5388.136,0,0,0,0,0,0,0
20167,359.3277316,4.4651656,0,204924.36,30093.51,26843.12,0,0,0,0,0,0,0,0
20183,579.1708408,4.4682903,0,0,0,0,0,0,0,2155194.2,0,0,0,0
20192,617.127664,4.4693737,0,0,0,0,0,0,3852.8486,29325.113,0,0,0,0
20218,339.1598589,4.4716883,0,0,0,0,0,112870.25,0,0,0,0,0,0
20235,395.2786281,4.473341,0,57879.266,125701.58,0,56152.84,51556.88,0,0,0,0,0,0
20246,430.2603914,4.4767103,0,47990.71,70975.32,16368.969,8388.23,48778.734,0,0,0,0,0,0
20277,251.1641891,4.480819,0,0,0,0,0,0,0,0,0,667598.94,250314.72,206181.81
20279,319.2284569,4.481632,0,0,688224.75,0,3340.8223,0,0,0,0,0,0,0
20285,229.1222679,4.482424,0,0,0,0,0,0,0,0,0,151570.84,0,0
20286,247.1328903,4.482424,0,0,0,0,0,0,0,0,0,656086.75,0,0
20287,265.1434825,4.482424,0,0,0,0,0,0,0,0,0,1277971.9,0,0
20297,414.3231814,4.484746,0,55215.016,73153.76,0,35215.918,58538.996,0,0,0,0,0,0
20305,373.1436362,4.4855123,0,0,0,0,364508.75,0,0,0,0,0,0,0
20309,401.1764968,4.4855123,0,0,0,0,93595.63,0,0,0,0,0,0,0
20343,310.1706596,4.49284,0,0,0,0,0,0,0,0,0,248538.55,0,0
20375,321.0734647,4.4968095,0,0,0,0,0,0,0,0,0,0,0,105939.51
20389,445.2880804,4.499369,0,0,0,0,0,0,39755.926,33763.39,31935.76,38949.605,37860.01,33186.65
20390,276.1967999,4.5007725,0,0,0,0,219109.67,0,0,0,0,0,0,0
20405,299.0914613,4.5025053,0,0,0,0,0,0,0,0,10898.71,128185.36,1032976.2,771286.6
20423,369.2656473,4.5061555,0,61623.26,0,0,0,0,0,0,0,0,0,0
20424,391.2475367,4.5061555,0,115451.39,0,0,0,0,0,0,0,0,0,0
20427,635.3977747,4.5061555,0,438002.8,0,0,0,0,0,0,0,0,0,0
20428,309.1674538,4.506555,0,7268.1055,0,0,0,0,0,0,0,1579860.1,523801.25,636962.5
20429,323.1465801,4.506572,0,0,0,0,0,0,0,0,0,255798.36,31028.137,62285.17
20443,637.4446827,4.507681,0,0,0,0,347222.66,0,0,0,0,0,0,0
20452,336.2532086,4.510864,0,182893.88,29965.182,0,18145.832,12081.821,0,0,0,0,0,0
20469,293.1368653,4.513367,0,0,0,0,0,0,0,0,86263.54,0,18920.143,17629.172
20480,203.1799447,4.51636,0,0,0,17998.922,60551.33,0,0,0,0,392181.6,0,0
20492,277.1045941,4.518047,0,0,0,0,0,0,0,0,0,32607.008,121282.71,103619.94
20495,469.0740278,4.5186367,0,0,0,0,0,0,134035.02,245611.6,0,0,0,0
20510,295.1880116,4.5208597,0,0,0,0,0,0,11924.824,0,0,150688.3,71311.695,64610.766
20521,946.088472,4.523819,0,0,0,0,0,0,41557.13,95716.93,0,0,0,0
20557,450.1001327,4.5275264,0,0,0,0,0,0,0,119532.45,0,0,0,0
20575,808.5591769,4.527522,0,0,0,1263997.2,0,0,0,0,0,0,0,0
20585,279.2328737,4.528352,0,1058603.2,1858093.6,1341891.6,2675628,2178060,0,0,0,0,0,0
20586,665.4052109,4.5285177,0,519933.8,0,383604.16,0,0,0,0,0,0,0,0
20587,341.20815,4.5286636,0,21870.373,33567.94,15136.398,769309.4,0,0,0,0,0,0,0
20590,532.0831034,4.5290027,0,0,0,0,0,0,73213.13,111949.766,0,0,0,0
20595,447.0920603,4.52918,0,0,0,0,0,0,1.12E+07,2.21E+07,0,0,0,0
20598,526.0656811,4.52918,0,0,0,0,0,0,100037.92,142448.58,0,0,0,0
20602,893.1769415,4.52918,0,0,0,0,0,0,156003.4,440987.56,0,0,0,0
20603,915.1593735,4.52918,0,0,0,0,0,0,159532.36,376963.84,0,0,0,0
20604,931.1238581,4.52918,0,0,0,0,0,0,90325.21,161780.89,0,0,0,0
20613,452.3235687,4.5306726,0,256393.95,371564.5,85962.88,212001.1,0,0,0,0,0,0,0
20640,281.0791612,4.53269,0,0,0,0,0,6549.6357,0,0,0,123606.44,184467.33,145749.12
20641,280.2637649,4.5327024,0,123028.08,12209.6875,54270.47,4630.334,0,0,0,0,0,0,0
20664,359.3279519,4.5354037,0,160875.62,17163.23,21794.75,0,0,0,0,0,0,0,0
20679,471.3482194,4.5378323,0,692365.8,218198.75,928021,0,0,0,0,0,0,0,0
20681,574.4139195,4.538382,0,107482.17,7483.4043,0,0,0,0,0,0,0,0,0
20685,395.2781746,4.5384703,0,130868.516,0,0,0,0,0,0,0,0,0,0
20689,784.5355295,4.5384703,0,141728.08,0,0,0,0,0,0,0,0,0,0
20694,457.2789712,4.5391197,0,46033.996,62536,0,0,0,0,0,0,0,0,0
20743,259.0965036,4.5478654,0,0,0,0,0,0,0,0,0,119611.43,162014.06,130695.33
20769,411.2731804,4.5557942,0,328855.25,31546.04,0,0,82172.4,0,0,0,0,0,0
20771,593.1502077,4.556506,0,0,0,0,0,0,52448.16,63964.21,0,0,0,0
20772,205.1590266,4.556685,0,16158.912,34701.723,0,103480.125,0,0,0,0,97359.04,0,0
20782,527.335841,4.561357,0,230771.31,0,137557.12,58580.137,0,0,0,0,17005.977,0,6085.1255
20787,331.1177432,4.5620975,0,0,0,0,0,0,0,0,0,84706.336,197488.38,211290.7
20794,305.1359553,4.5630293,0,0,0,0,0,0,0,0,0,0,520814.88,0
20808,140.0686737,4.5672956,0,97318.11,104772.02,0,180208.75,0,0,0,0,0,0,0
20809,303.1214391,4.5673156,0,0,0,0,0,0,13915.441,8852.069,13623.875,2795793.5,1522160.1,1074772.5
20825,457.3685058,4.5702467,0,30271.936,0,145499.75,16460.346,31931.88,0,0,0,0,0,0
20835,376.2169245,4.5718136,0,60787.754,2305.947,53666.277,151600.39,8848.549,0,0,0,0,0,0
20843,757.1975926,4.5726233,0,0,0,0,0,0,0,78141.93,0,0,0,0
20845,286.1155274,4.5736494,0,0,0,0,0,0,0,0,0,0,82283.09,0
20854,797.5228892,4.5746403,0,0,0,691260.06,0,0,0,0,0,0,0,0
20864,285.1122146,4.5760636,0,0,0,0,0,0,0,0,0,904522.75,478471.06,359129.78
20876,293.1723953,4.5764847,0,0,0,0,0,0,0,0,0,1637642.8,765389.9,818684.56
20878,143.5517049,4.57668,0,0,0,0,0,0,33384.324,25649.648,41393.383,7522.345,0,0
20893,245.069618,4.5778103,0,0,0,0,0,0,47979.6,37926.668,54325.145,15746.82,4543.483,0
20902,201.1273739,4.5795636,0,0,0,0,0,0,0,0,0,198259.89,272849.66,223771.62
20904,247.1328915,4.57958,0,0,0,0,0,0,0,0,0,594104.6,1137612.5,661839.25
20905,265.1434783,4.57958,0,0,0,0,0,0,0,0,0,612010.56,1136113,1058108.6
20907,325.1047709,4.57958,0,0,0,0,0,0,0,0,0,669894.1,292123.38,233316.89
20941,501.191377,4.581184,0,0,0,0,0,68691.16,0,0,0,0,0,0
20943,661.2456333,4.581184,0,0,0,0,0,108324.17,0,0,0,0,0,0
20954,524.3955186,4.5824113,0,0,0,1109844.9,0,0,0,0,0,0,0,0
20966,813.5146298,4.5824113,0,0,0,1024683.9,0,0,0,0,0,0,0,0
21011,402.3590177,4.588549,0,49905.61,36596.5,27885.227,74312.18,90416.12,0,0,0,0,0,0
21017,342.1336192,4.589345,0,0,0,0,0,0,0,0,122510.24,0,0,0
21041,275.1618235,4.5941257,0,0,0,0,0,0,0,0,0,984163.4,760964.8,613897.56
21060,467.3011327,4.5962725,0,0,0,0,0,0,32736.156,31208.674,0,32850.11,30500.455,29310.318
21070,287.1262089,4.5978093,0,0,0,0,0,0,0,0,0,420576.66,739443.4,510280.75
21080,301.1071633,4.601485,0,0,0,0,0,0,0,0,0,189985.52,240239.23,283492.53
21105,253.1798257,4.606189,0,0,0,0,0,0,17051.732,16151.94,0,2588416.8,1460350.6,1132818.5
21108,217.1589332,4.6065803,0,0,0,0,249157.38,0,0,0,0,867175.44,503420.88,432080.66
21118,235.1694715,4.6088605,0,0,9379.364,0,1920721.5,0,11370.746,11074.447,0,2347832.2,776961.44,748715
21119,231.1379641,4.6093135,0,0,0,0,0,0,0,0,0,615185.6,708967.5,447201.97
21144,446.2020495,4.6146426,0,0,0,0,0,0,0,0,30501.818,0,0,0
21164,406.3175036,4.6161833,0,235428.34,63056.293,35689.977,10842.537,0,0,0,0,0,0,0
21171,477.1028576,4.6183434,0,0,0,0,0,0,53153.914,100018.68,0,0,0,0
21212,371.1829,4.6242843,0,0,0,0,0,0,37826.95,39769.164,0,0,0,0
21216,490.3906323,4.6265793,0,49998.914,162337.98,31868.414,0,0,0,0,0,0,0,0
21219,467.2615696,4.627222,0,0,0,0,0,0,0,0,49131.242,0,0,0
21230,434.2898428,4.630057,0,4613.6714,0,3445.2847,90797.64,6777.549,0,0,0,0,0,0
21232,366.2274214,4.630293,0,0,0,0,0,0,37103.223,42161.28,0,0,0,0
21250,199.1481414,4.6307063,0,0,0,0,0,0,0,0,0,432124,350370.47,361535.53
21257,340.285452,4.632161,0,149725.75,307121.16,108831.17,243191.8,304658,0,0,0,0,0,0
21258,284.3317809,4.632268,0,92334.336,65383.55,87811.3,91305.18,93198.33,0,0,0,0,0,0
21265,318.2148402,4.6335,0,0,84957.91,0,0,0,0,0,0,0,0,0
21271,179.1434918,4.633578,0,37397.035,49946.992,85339.98,101903.08,62256.48,0,0,0,0,0,0
21281,277.2168761,4.635142,0,372859.3,481843.88,791846.44,903914.8,574244.5,0,0,0,0,0,0
21282,295.2274658,4.635142,0,1572545.2,2092722.9,2930833.8,4165918,2654210,0,0,0,0,0,0
21283,317.2095417,4.635142,0,415257,514374.97,490625.28,1062852.5,785175.4,0,0,0,0,0,0
21286,411.2725055,4.636013,0,684975.6,163428.94,0,24323.518,38987.03,0,0,0,0,0,0
21290,279.2326719,4.6366463,0,365680.4,306897.16,413207.88,616183.75,355420.8,0,0,0,0,0,0
21308,280.2360303,4.638059,0,0,0,0,119465.75,0,0,0,0,0,0,0
21324,958.5887483,4.639315,0,0,0,371936.53,0,0,0,0,0,0,0,0
21377,524.3955008,4.645828,0,10076.963,0,565493.94,13631.597,0,0,0,0,0,0,0
21396,455.3533321,4.6488414,0,0,688859,0,0,0,0,0,0,0,0,0
21417,437.3424639,4.6517887,0,161426.2,243385.77,208398.45,0,0,0,0,0,0,0,0
21423,319.1177144,4.652676,0,0,0,0,0,0,0,0,0,708049.2,554613.5,462579.22
21443,1008.664297,4.654717,0,0,0,972798.8,0,0,0,0,0,0,0,0
21447,295.1887744,4.655214,0,6942.1616,0,0,0,0,9696.173,14242.88,0,159208.75,82714.195,91970.33
21466,529.3529122,4.6615434,0,77029.19,76330.68,620333.8,0,0,0,0,0,0,0,0
21467,513.3581799,4.6618233,0,278905.25,35016.57,0,0,0,0,0,0,0,0,0
21486,442.2596306,4.666951,0,39364.85,53228.633,27501.139,15755.11,51321.426,0,0,0,0,0,0
21489,329.1020706,4.667108,0,0,0,0,0,0,0,0,0,63258.79,572085.9,523941.9
21490,457.1469647,4.6672072,0,0,0,0,0,0,52726.83,76189.47,5729.554,30833.121,31588.23,30847.076
21510,205.195551,4.669591,0,0,12574.611,0,120276.93,0,0,0,0,0,0,0
21511,435.1649606,4.6695914,0,0,0,0,0,0,38214.523,59162.016,0,83776.04,57280.67,65679.25
21526,351.0846768,4.672166,0,0,0,0,0,7155.6987,0,0,0,22346.264,208939.75,200096.73
21554,406.3169202,4.6780853,0,458598.8,47255.66,30787.594,8163.135,0,0,0,0,0,0,0
21560,473.36338,4.680032,0,497232.84,1031434,387113.8,41739.082,35142.203,0,0,0,0,0,0
21563,163.1118067,4.6814885,0,0,3707.0947,0,0,0,12652.889,7553.149,0,299300.38,81204.51,88843.8
21571,489.3143069,4.684539,0,0,0,0,0,0,26692.621,27412.432,24315.707,27708.209,27423.188,27074.145
21579,235.1330548,4.686221,0,4026.1904,0,0,0,0,0,0,0,217738.45,96335.76,95620.89
21603,161.0961097,4.689182,0,0,0,0,0,0,0,0,0,904281.44,306778.38,319650.2
21604,225.1121251,4.689182,0,0,0,0,0,0,0,0,0,507476.12,143380.33,140703.3
21621,247.0941292,4.692642,0,0,0,0,0,0,0,0,0,1668066.6,389416.28,424274.28
21622,263.0680048,4.692642,0,0,0,0,0,0,0,0,0,128602.5,23719.594,25579.674
21627,471.1990342,4.692642,0,0,0,0,0,0,0,0,0,131874.22,7245.662,10832.667
21638,179.1066557,4.696131,0,0,0,0,0,0,0,0,0,143231.81,41366.496,45236.453
21639,189.0910073,4.696131,0,0,0,0,0,0,0,0,0,403373.25,126295.836,130743.07
21640,207.1015831,4.696131,0,0,0,0,0,0,0,0,0,1652553,475046.84,498939.3
21676,425.3780938,4.7022924,0,102270,34146.496,49294.523,0,3357.5327,0,0,0,0,0,0
21684,393.2620963,4.7045937,0,27514.969,185753.77,0,116050.38,60164.277,0,0,0,0,0,0
21688,323.0890808,4.7067227,0,0,0,0,0,0,0,0,0,39386.805,54239.38,156013.47
21691,301.107153,4.7072825,0,0,0,0,0,0,0,0,0,0,0,138372.08
21721,444.3085282,4.7141347,0,72786.85,57618.73,20196.764,45272.96,61051.535,0,0,0,0,0,0
21724,399.2514219,4.7158175,0,186689.69,158282.55,169015.64,157992.36,168328.12,0,0,0,0,0,0
21732,253.1798488,4.7175384,0,0,0,0,0,0,0,0,0,686388.06,356454.5,314926.88
21733,275.1253797,4.7175384,0,0,0,0,0,0,0,0,0,454082.94,254246.31,223316.88
21738,231.1379839,4.7190614,0,0,0,0,0,0,0,0,0,447345.53,0,0
21748,552.42668,4.719058,0,0,0,820209.3,0,0,0,0,0,0,0,0
21783,249.1459955,4.7258873,0,0,0,0,0,0,35153.176,35060.445,0,0,0,0
21796,340.2853207,4.729101,0,255907.78,352141.44,109644.96,0,270005.78,0,0,0,0,0,0
21819,295.227384,4.7309422,0,1166033.1,1456121.4,1468513.8,0,1502881.4,0,0,0,0,0,0
21820,317.2094641,4.7309422,0,228834.14,237501.81,144246.94,0,416469.8,0,0,0,0,0,0
21823,235.1692558,4.7318892,0,0,0,0,0,0,0,0,0,1384077.8,505444,510784.88
21828,277.2167474,4.732861,0,265288.4,320749.56,370248.8,0,349046.12,0,0,0,0,0,0
21840,293.1384889,4.735705,0,0,0,0,0,0,0,0,0,116817.82,178996.9,96080.27
21842,393.2617472,4.736208,0,360022.4,17247.334,0,79364.47,48815.72,0,0,0,0,0,0
21852,285.1122574,4.738616,0,0,0,0,0,0,0,0,0,0,84438.78,61145.68
21857,217.1586814,4.7403016,0,0,0,0,0,0,0,0,0,397630.7,0,0
21908,275.161761,4.750732,0,0,0,0,0,0,0,0,0,125675.82,0,0
21911,455.3522956,4.7510514,0,544528.8,34002.664,409011.38,19063.61,42785.582,0,0,0,0,0,0
21915,405.1703482,4.751924,0,0,0,0,0,218771.33,0,0,0,0,0,0
21926,361.1282623,4.754349,0,0,0,0,0,0,0,0,0,143137.28,130910.27,145858.11
21927,383.1101623,4.754349,0,0,0,0,0,0,0,0,0,88310.22,106875.92,135521.83
21930,252.0465439,4.7556515,0,0,0,0,0,0,12319.852,100964.49,0,0,0,0
21931,285.0757839,4.7556515,0,0,0,0,0,0,264964.3,2416357.8,0,0,0,0
21932,447.1285435,4.7556515,0,0,0,0,0,0,102311.18,990507.8,0,0,0,0
21933,469.1105564,4.7556515,0,0,0,0,0,0,84790.92,892663.3,0,0,0,0
21934,485.084646,4.7556515,0,0,0,0,0,0,5631.486,71026.984,0,0,0,0
21935,531.0810395,4.7556515,0,0,0,0,0,0,7505.6504,63035.855,0,0,0,0
21946,466.1018759,4.756915,0,0,0,0,0,0,0,37152.094,0,0,0,0
21953,915.2317229,4.756915,0,0,0,0,0,0,0,37030.402,0,0,0,0
21985,511.3273917,4.7642703,0,0,0,0,0,0,21338.072,23375.467,22407.443,23705.527,23409.27,23529.205
22011,435.1649258,4.7716537,0,0,0,0,0,0,0,12960.59,0,67916.37,73746.46,93274.99
22014,261.1122024,4.772501,0,0,0,0,0,0,0,0,0,191538.39,138706.16,137065.88
22021,289.141091,4.7735944,0,0,0,0,0,0,0,0,0,217971.2,759260.7,446978.34
22056,301.1071424,4.783317,0,0,0,0,0,0,0,0,0,268958.7,311808.7,196913.08
22060,273.1461582,4.7834806,0,0,0,0,0,0,0,0,0,0,168584.06,128017.49
22065,394.3299689,4.7839065,0,12701.707,13757.935,0,0,174182.22,0,0,0,0,0,0
22072,295.1901572,4.7856812,0,5332.944,0,30688.783,0,5215.341,0,0,0,467394.94,224615.84,201472.92
22075,372.3478227,4.7866144,0,15872.249,25677.102,13133.611,17402.867,135314.98,0,0,0,0,0,0
22078,251.1641854,4.786916,0,0,0,0,0,0,0,0,0,440827.1,345219.4,328578.5
22084,576.4272562,4.790214,0,177040.73,0,0,0,0,0,0,0,0,0,0
22087,661.2435431,4.7902384,0,0,0,0,0,84802.266,0,0,0,0,0,0
22100,265.1434931,4.793786,0,0,0,0,0,0,0,0,0,584288,0,0
22107,315.0864094,4.794857,0,0,0,0,0,0,5741.8257,62916.527,0,62567.086,0,10037.637
22110,279.1595131,4.7969637,0,80453.12,122224.086,87368.48,0,122957.52,0,0,0,0,0,0
22111,322.2743496,4.7972436,0,0,16355.98,25217.857,11206.334,334423.6,0,0,0,0,0,0
22122,229.1222802,4.7985024,0,0,0,0,0,0,0,0,0,422722.5,168510.14,189947.28
22131,287.1253289,4.801304,0,0,0,0,0,0,0,0,0,206693.06,0,88313.12
22135,267.1591195,4.802157,0,0,0,0,0,0,0,0,0,576967,256302.27,277451.1
22136,317.1021448,4.802157,0,0,0,0,0,0,0,0,0,70468.16,143659.11,118037.8
22164,219.1379475,4.8058352,0,0,0,0,0,0,0,0,0,383927.88,205022.69,179952.77
22165,253.179824,4.8058352,0,0,0,0,0,0,0,0,0,897997.44,384110.06,440467.8
22175,401.2533647,4.8066254,0,0,0,0,0,0,0,0,42464.42,0,0,0
22176,423.2353776,4.8066254,0,0,0,0,0,0,0,0,124809.43,0,0,0
22178,595.1446511,4.806623,0,0,0,0,0,0,0,50366.117,0,0,0,0
22180,425.3774739,4.8066926,0,63864.344,21541.297,42944.258,0,2555.3203,0,0,0,0,0,0
22181,1189.282068,4.806623,0,0,0,0,0,0,0,57127.117,0,0,0,0
22184,467.3527502,4.806875,0,50662.156,64928.797,102575.09,0,0,0,0,0,0,0,0
22193,221.0808142,4.809381,0,0,0,0,0,0,0,0,0,217356.27,206662.55,155160.36
22197,277.2165946,4.810249,0,98158.54,213041.02,119693,0,321418.16,0,0,0,0,0,0
22205,295.2272119,4.8121033,0,614209.1,1114976.9,528987.6,0,1637301.9,0,0,0,0,0,0
22206,296.2307133,4.8126717,0,0,0,0,0,324567.22,0,0,0,0,0,0
22213,187.1117063,4.8129272,0,0,0,0,0,0,0,0,0,88453.53,202269.16,113199.555
22214,299.0915027,4.8129272,0,0,0,0,0,0,0,0,0,20191.37,181392.03,123429.52
22217,340.2852021,4.8140225,0,130379.45,287156.28,57745.094,0,360594.8,0,0,0,0,0,0
22235,317.2094129,4.8160386,0,113168.16,183517.78,48884.84,0,441267.4,0,0,0,0,0,0
22236,337.0838223,4.8162932,0,0,0,0,0,0,0,0,0,25549.516,123339.016,98520.734
22237,329.1359021,4.8164062,0,0,0,0,0,0,0,0,0,601735.06,225453.27,223688.36
22239,305.1359871,4.8170156,0,0,0,0,0,0,0,0,0,0,231492.97,450685.5
22244,552.1712858,4.8171806,0,0,0,0,0,0,21534.48,28173.107,0,0,0,0
22252,203.1430157,4.819935,0,0,0,0,0,0,0,0,0,312906.66,178646.69,153149.94
22259,326.3786296,4.8218374,0,34172.5,53899.492,21529.004,0,71116.35,0,0,0,0,0,0
22273,346.2751261,4.827984,0,0,0,0,0,79040.09,0,0,0,0,0,0
22281,527.3374228,4.828749,0,138898.5,0,0,0,0,0,0,0,0,0,0
22286,303.0499599,4.8299923,0,0,0,0,0,0,22562.469,82943.336,0,0,0,0
22336,442.3167348,4.840752,0,72147.55,27671.887,117251.34,0,0,0,0,0,0,0,0
22342,414.2859118,4.843893,0,27283.768,8578.509,99430.086,0,0,0,0,0,0,0,0
22360,440.4103497,4.8459587,0,47689.7,106362.79,39638.016,0,56467.28,0,0,0,0,0,0
22376,477.1391432,4.849433,0,0,0,0,0,0,5549.1504,49721.58,0,0,0,0
22386,383.0892511,4.855367,0,0,0,0,0,0,0,0,0,0,93776.836,42027.465
22411,207.1015414,4.859962,0,0,0,0,0,0,0,0,0,175280.28,47673.07,52431.266
22421,247.1328782,4.8617163,0,0,0,0,0,0,0,0,0,1502980.9,0,809638.06
22430,317.1360161,4.863818,0,0,0,0,0,0,0,0,0,625981.25,439364.28,401842.06
22438,175.1117406,4.867546,0,0,0,0,0,0,0,0,0,365733.72,176446.86,167058.62
22440,277.1435532,4.867546,0,0,0,0,0,0,0,0,0,160380.58,112964.555,104170.07
22470,469.3317954,4.8744965,0,183276.95,37684.258,0,0,0,0,0,0,0,0,0
22471,273.1461297,4.8746333,0,0,0,0,0,0,0,0,0,223702.53,138920.1,129552.03
22492,251.1642671,4.878297,0,0,0,0,0,0,0,0,0,614682.6,441813.25,451422.16
22510,293.1723856,4.881772,0,0,0,0,0,0,0,0,0,1072742.6,532217.94,529139.7
22528,189.0909789,4.884693,0,0,0,0,0,0,24412.86,39754.504,0,46277.848,21120.24,0
22530,534.3654724,4.8849926,0,16033.004,84002.47,0,0,19759.805,0,0,0,0,0,0
22531,301.1071399,4.8851852,0,0,0,0,0,0,0,0,0,206391.81,253898.19,276377.1
22540,298.2740514,4.888712,0,6885.2026,7029.066,0,3017.151,153458.44,0,0,0,0,0,0
22553,405.1002549,4.8896894,0,0,0,0,0,0,0,0,0,92153.82,0,0
22567,659.2293187,4.8905025,0,0,0,0,0,269318.88,0,0,0,0,0,0
22568,661.2445178,4.8905025,0,0,0,0,0,628533.44,0,0,0,0,0,0
22579,457.1470005,4.892484,0,0,0,0,0,0,6321.507,10709.688,169928.7,34304.4,16189.402,22314.5
22595,345.0969529,4.895594,0,0,0,0,0,0,0,0,0,71202.83,269976.38,208188.14
22634,161.059709,4.8990626,0,0,0,0,0,0,0,0,0,174400.47,119359.13,78919.94
22636,337.0838151,4.8990645,0,0,0,0,0,0,0,0,0,105846.41,140095.2,128362.52
22637,343.1177427,4.8990645,0,0,0,0,0,0,0,0,0,57103.363,117534.22,91802.67
22638,374.1597969,4.8990626,0,0,0,0,0,0,0,0,0,23950.846,138989.61,132252.11
22639,657.1969334,4.8990645,0,0,0,0,0,0,0,0,0,18034.979,1345923.5,1028054.7
22663,359.2586232,4.9024763,0,112102.445,0,0,8459.219,0,0,0,0,0,0,0
22665,329.1020288,4.902518,0,0,0,0,0,0,0,0,0,1561211.9,1.26E+07,1.09E+07
22666,351.0839845,4.902518,0,0,0,0,0,0,0,0,0,649424.44,4513165,3931058.8
22668,373.0661692,4.9026675,0,0,0,0,0,0,0,0,0,7156.9717,102643.39,84318.81
22678,137.0596679,4.904067,0,0,0,0,0,0,6030.8857,10492.724,0,31485.234,206040.47,179936.23
22679,219.1015801,4.904067,0,0,0,0,0,0,222629.55,359231.72,0,9335.273,23286.611,18070.188
22689,367.0579183,4.906121,0,0,0,0,0,0,0,0,0,143069.28,1029810.25,926608.8
22690,413.0544024,4.906121,0,0,0,0,0,0,0,0,0,9873.253,117953.01,92303.27
22692,679.1789008,4.906121,0,0,0,0,0,0,0,0,0,27615.275,1331757.4,1110047.8
22729,307.1516111,4.910635,0,0,0,0,0,0,0,0,0,359764.62,0,71189.63
22745,457.3680288,4.913423,0,0,0,0,0,303181.34,0,0,0,0,0,0
22751,297.2428665,4.914355,0,308413.06,0,0,0,0,0,0,0,0,0,0
22765,319.2251938,4.9189816,0,98567.125,0,0,39883.81,271023.03,0,0,0,0,0,0
22777,457.3679704,4.921218,0,55107.34,17798.262,0,37954.305,349008.4,0,0,0,0,0,0
22778,277.2165205,4.9215784,0,0,149041.1,0,0,97649.89,0,0,0,0,0,0
22779,295.2271419,4.9215784,0,0,701221.2,0,0,325539.94,0,0,0,0,0,0
22788,441.3729606,4.923943,0,43026.223,16923.572,0,0,2746245.5,0,0,0,0,0,0
22790,340.2849451,4.9249334,0,0,147000.02,0,0,36501.18,0,0,0,0,0,0
22807,279.2323814,4.9312477,0,140881.72,129563.83,69892.34,0,0,0,0,0,0,0,0
22809,342.3009821,4.9318013,0,66197,0,0,27116.13,88785.36,0,0,0,0,0,0
22814,249.0757597,4.9325747,0,0,0,0,0,0,0,0,0,188413.25,51476.723,72772.58
22839,269.1902461,4.9421825,0,175778.78,373566.22,0,0,0,0,0,0,0,0,0
22862,317.2090627,4.945486,0,0,94720.13,0,0,41056.156,0,0,0,0,0,0
22864,275.1253912,4.946902,0,0,0,0,0,0,0,0,0,581586.75,317680.16,254260.62
22884,235.1328959,4.9503713,0,0,0,0,0,0,0,0,0,439598.12,239503.39,207946.64
22886,215.143021,4.9504895,0,0,0,0,0,0,0,0,0,286426,161655.78,249080.56
22920,291.1567333,4.953961,0,0,0,0,0,0,0,0,0,1376266.6,501532.16,545007.06
22925,527.3369037,4.9548383,0,54799.598,0,0,0,0,0,0,0,0,0,0
22941,140.0682626,4.9610977,0,0,0,0,0,71062.83,0,0,0,0,0,0
22968,235.1692496,4.9643474,0,0,0,0,0,0,0,0,0,1067543,0,0
23004,356.1492476,4.9731655,0,0,0,0,0,0,0,0,34626.85,0,0,0
23012,217.158681,4.9748235,0,0,0,0,0,0,0,0,0,622743.6,0,0
23023,275.1617668,4.974878,0,0,0,0,0,0,0,0,0,381657.6,174256.77,147516.84
23024,285.1121842,4.974878,0,0,0,0,0,0,0,0,0,2335944,1523366.1,763644.1
23025,303.1227012,4.974878,0,0,0,0,0,0,0,0,0,2846134,2014292.1,972605.06
23026,325.1047779,4.974878,0,0,0,0,0,0,0,0,0,1812820.6,1084222.6,1023659.6
23063,341.0786353,4.9821973,0,0,0,0,0,0,0,0,0,114466.01,70547.305,65908.59
23128,233.1536141,4.9959583,0,0,0,0,0,0,0,0,0,1125735,0,0
23136,299.0915001,4.996899,0,0,0,0,0,0,0,0,0,39245.598,166209.64,125108.805
23141,997.6228769,4.9980083,0,0,0,692658.44,0,0,0,0,0,0,0,0
23160,329.1361056,5.000521,0,0,0,0,0,0,0,0,0,220861.1,110515.78,82323.23
23183,277.1773891,5.0043473,0,0,0,0,0,0,0,0,0,166417.88,87629.7,106773.56
23185,297.2429292,5.004877,0,346632.8,407359.7,351158.16,764746.3,753514.9,0,0,0,0,0,0
23195,279.232268,5.0064483,0,116498.63,97819.02,81607.43,297953.72,329069.56,0,0,0,0,0,0
23197,467.3159387,5.006527,0,0,7786.347,0,52424.688,0,0,0,0,0,0,0
23218,724.4427847,5.008009,0,37326.41,60084.06,0,0,0,0,0,0,0,0,0
23228,633.3791615,5.009046,0,110110.945,0,0,0,0,0,0,0,0,0,0
23235,357.2272106,5.0114074,0,0,0,0,0,0,0,0,52846.633,0,0,0
23236,379.2091702,5.0114074,0,0,0,0,0,0,0,0,172677.16,0,0,0
23240,287.125631,5.011529,0,0,0,0,0,0,0,0,0,604700.56,604250.06,449422.94
23242,500.3593819,5.012405,0,0,18543.424,8452.001,213293.73,0,0,0,0,0,0,0
23248,483.3363568,5.0144253,0,0,0,0,45140.625,0,0,0,0,0,0,0
23254,597.2332674,5.015006,0,0,0,0,0,0,0,0,0,242749.52,246168.17,239390.98
23277,505.3157836,5.0194707,0,0,5689.279,0,53393.02,0,0,0,0,0,0,0
23279,231.1379496,5.020054,0,0,0,0,0,0,0,0,0,0,1170990.2,0
23286,203.143013,5.0222297,0,0,0,0,0,0,0,0,0,312483.84,186968.08,182936.08
23295,395.2773115,5.0243654,0,72752.51,43662.836,0,44445.234,64737.49,0,0,0,0,0,0
23310,342.3008185,5.028323,0,61653.58,114707.98,20439.164,29998.768,95731.54,0,0,0,0,0,0
23333,271.1304209,5.032825,0,0,0,0,0,0,0,0,0,73854,117641.11,69816.234
23342,459.3837521,5.0361023,0,29385.879,62845.94,11910.402,11306.987,214584.11,0,0,0,0,0,0
23344,265.1434539,5.036398,0,0,0,0,0,0,0,0,0,1560485.6,946245.1,894968.44
23349,601.4034683,5.036398,0,0,0,0,0,0,0,0,0,455948.28,257260.08,360816.56
23385,449.144263,5.041524,0,0,0,0,0,0,0,0,44979.914,6996.5635,0,0
23386,315.1228358,5.0433426,0,0,0,0,0,0,0,0,0,114638.21,112020.97,142576.12
23387,355.1152311,5.0433426,0,0,0,0,0,0,0,0,0,115279.25,101218.84,128277.69
23395,482.4006008,5.0454516,0,6280.125,0,0,0,206464.6,0,0,0,0,0,0
23398,333.1332153,5.0471845,0,0,0,0,0,0,0,0,0,251480.92,278020.75,289373.62
23411,347.1467059,5.0507083,0,0,0,0,0,0,0,0,0,103291.5,59095.766,67504.234
23416,317.1367656,5.054184,0,0,0,0,0,0,0,0,0,246813.67,206382.77,182488.05
23418,295.1540507,5.054464,0,0,0,0,0,0,0,0,0,90236.07,75164.266,54402.35
23457,269.1172586,5.069299,0,0,0,0,0,0,0,0,0,95528.63,101326.59,77556.21
23458,309.1098198,5.069299,0,0,0,0,0,0,0,0,0,139441.52,162108.3,134096.45
23469,229.1222754,5.0718436,0,0,0,0,0,0,0,0,0,180557.56,0,0
23470,247.1328828,5.0718436,0,0,0,0,0,0,0,0,0,840250.6,0,0
23472,466.3170266,5.071837,0,89681.69,36422.383,0,0,0,0,0,0,0,0,0
23473,471.2727663,5.071837,0,58622.934,15015.72,0,0,0,0,0,0,0,0,0
23474,494.3482068,5.071837,0,185913.16,86754.32,0,0,0,0,0,0,0,0,0
23476,677.4052295,5.071837,0,60194.24,68068.48,0,0,0,0,0,0,0,0,0
23482,495.3480675,5.072831,0,277550.1,0,0,0,0,0,0,0,0,0,0
23492,161.059721,5.076387,0,0,0,0,0,0,0,0,0,167384.06,356284.38,236818.7
23494,500.4109841,5.0775614,0,0,14442.964,14766.048,8165.358,146508.61,0,0,0,0,0,0
23501,515.3721543,5.080922,0,133485.06,28131.088,0,0,0,0,0,0,0,0,0
23505,423.3628244,5.082923,0,117211.65,73613.29,0,0,766174.94,0,0,0,0,0,0
23518,455.352676,5.0861983,0,0,220209.83,139620.12,49411.582,394185.84,0,0,0,0,0,0
23529,339.1202884,5.0907254,0,0,0,0,0,0,0,0,0,56454.848,97330.13,86924.234
23542,263.1278505,5.098893,0,0,0,0,0,0,0,0,0,249251.03,0,121565.14
23554,245.1174139,5.1011186,0,0,0,0,16979.373,0,0,0,0,176840.69,98794.25,74852.54
23587,437.3419263,5.1062016,0,515439.62,0,0,0,0,0,0,0,0,0,0
23593,497.362206,5.108898,0,313876.06,23401.559,0,0,0,0,0,0,0,0,0
23614,284.0998769,5.1139655,0,0,0,0,0,0,0,0,0,1297000.6,0,0
23629,339.0630147,5.1153655,0,0,0,0,0,0,0,0,0,459653.8,274777.6,283509.44
23636,722.5064544,5.11912,0,103076.21,150408.64,0,74813.99,151847.47,0,0,0,0,0,0
23640,623.1890151,5.1194587,0,0,0,0,0,0,0,0,0,849490.2,210167.78,256859.61
23654,301.1070984,5.1229954,0,0,0,0,0,0,0,0,0,6299732.5,2946162.5,2865480.8
23684,399.237715,5.1268916,0,0,0,0,0,0,0,0,41864.082,0,0,0
23685,421.2197106,5.1268916,0,0,0,0,0,0,0,0,32918.652,0,0,0
23694,302.1104578,5.1277194,0,0,0,0,0,0,0,0,0,0,0,527282.5
23707,678.4801386,5.128568,0,0,237177.33,182595.25,97670.42,215204.56,0,0,0,0,0,0
23713,597.2333466,5.129915,0,0,0,0,0,0,0,0,0,179483.47,178518.73,187151.83
23726,323.0891043,5.1335883,0,0,0,0,0,0,0,0,0,3653903.5,2091139.9,2218320
23730,707.4165394,5.1348968,0,0,129140.61,0,0,0,0,0,0,0,0,0
23738,323.2951596,5.1350164,0,17140.02,8736.444,323019.4,12164.274,5234.6484,0,0,0,0,0,0
23747,386.3636451,5.1365533,0,32196.28,20737.123,224356.61,20450.39,11165.351,0,0,0,0,0,0
23757,634.4540933,5.1382046,0,0,318152.2,247930.62,136467.42,321223.94,0,0,0,0,0,0
23758,332.121065,5.138334,0,0,0,0,0,0,0,0,0,0,364247.4,0
23763,471.1262045,5.1395555,0,0,0,0,0,0,0,0,98374.61,0,0,0
23778,267.1202484,5.1425824,0,0,0,0,0,0,52877.89,49321.19,15290,0,0,0
23782,370.2962203,5.1426783,0,116997,132708.45,125600.79,81541.87,150026.83,0,0,0,0,0,0
23793,590.4277922,5.1439867,0,0,388839.78,326797.6,198974.17,408698.03,0,0,0,0,0,0
23799,199.1481119,5.1441765,0,0,0,0,0,0,0,0,0,139513.78,139513.78,124279.4
23822,369.0735742,5.147635,0,0,0,0,0,0,0,0,0,435107.28,178844.33,209320.69
23824,283.0965152,5.1477036,0,0,0,0,0,0,0,0,0,7155962,3629052.2,3749081
23825,331.117729,5.147717,0,0,0,0,0,0,0,0,0,4812832,1900745.5,2039670
23826,653.1996529,5.147764,0,0,0,0,0,0,0,0,0,780106.56,160399.86,209534.19
23833,546.4022361,5.148858,0,278742.88,452377.06,367167.97,159390.72,472051.28,0,0,0,0,0,0
23839,353.099651,5.151114,0,0,0,0,0,0,0,0,0,2597921.8,1110133.8,1309132.9
23862,683.2102659,5.154684,0,0,0,0,0,0,0,0,0,361077.53,45506.977,68222.555
23870,502.3757306,5.1564264,0,335262.28,445871.6,361092.4,118834.33,483817.8,0,0,0,0,0,0
23880,458.3486459,5.1580844,0,313393.6,416639.2,304729.75,210659.64,467279.28,0,0,0,0,0,0
23881,313.1071667,5.158163,0,0,0,0,0,0,0,0,0,2799726,1188112.9,1368376.4
23919,267.1590979,5.16569,0,0,0,0,0,0,0,0,0,581606.44,339918.7,321182.97
23921,510.3653436,5.165797,0,36841.332,72276.164,29694.95,88534.8,21031.918,0,0,0,0,0,0
23952,558.4180622,5.1758804,0,82305.39,0,0,0,0,0,0,0,0,0,0
23954,293.1723854,5.1761346,0,0,0,0,0,0,0,0,0,586831.06,451992.2,350731.56
23972,414.3221126,5.180033,0,0,318183.28,259584.58,177170.89,340889.1,16204.09,16277.3955,0,0,0,0
23991,619.4009049,5.1851215,0,124323.016,1576666.1,166924.03,0,0,0,0,0,0,0,0
24003,291.1567075,5.1874046,0,0,0,0,0,0,0,0,0,419029.78,779764.9,181221.48
24004,324.2905638,5.188406,0,37874.473,248232.42,0,250316.58,1221061.5,0,0,0,0,0,0
24021,215.1430243,5.1908684,0,0,0,0,0,0,0,0,0,170651.95,321471.53,302043.66
24022,233.1536099,5.1908684,0,0,0,0,0,0,0,0,0,494059.88,770706.06,1021828.2
24027,393.2430902,5.1915617,0,0,72757.33,94309.695,0,0,0,0,0,0,0,0
24029,428.2803167,5.1915617,0,0,253900.88,320025.28,0,0,0,0,0,0,0,0
24035,456.3116299,5.192221,0,4421.5645,449443.1,262493.38,0,0,0,0,0,0,0,0
24044,191.1066231,5.1949177,0,0,0,0,0,0,29122.465,29052.648,8211.106,177682.3,139938.78,86756.94
24056,235.1692411,5.1995335,0,0,0,0,0,0,0,0,0,694176.2,0,0
24062,619.4017533,5.201257,0,180132.1,0,0,0,0,0,0,0,0,0,0
24072,275.161759,5.2049193,0,0,0,0,0,0,0,0,0,200375.03,218974.81,126461.97
24078,439.3584415,5.205613,0,0,0,0,0,513449.53,0,0,0,0,0,0
24101,317.1381263,5.2118716,0,0,0,0,0,0,0,0,0,466798,606093.9,535952.06
24105,615.3826819,5.2118716,0,0,0,0,0,0,0,0,0,161932.19,28850.393,45571.39
24124,629.2230991,5.215377,0,0,0,0,0,0,0,0,0,119586.6,69939,86994.016
24134,497.350265,5.2179613,0,0,0,0,33843.918,0,0,0,0,0,0,0
24135,514.3778172,5.2179613,0,0,0,0,112590.07,0,0,0,0,0,0,0
24142,287.1277231,5.218886,0,0,0,0,0,0,0,0,0,1.06E+07,7940495.5,6929429
24144,309.1098573,5.218886,0,0,0,0,0,0,0,0,0,1090621.8,785278.75,928386.4
24151,353.2694283,5.2201595,0,8237.955,26107.627,10593.552,18135.424,65226.777,0,0,0,0,0,0
24156,288.1311753,5.220433,0,0,0,0,0,0,0,0,0,1917147.9,0,0
24157,289.1345858,5.220433,0,0,0,0,0,0,0,0,0,111290.52,0,0
24171,573.2482717,5.2222004,0,0,0,0,0,0,0,0,0,87776.68,31121.197,0
24176,595.2304478,5.2224126,0,0,0,0,0,0,0,0,0,240556.33,110232.15,97029.24
24198,622.2413901,5.2258935,0,0,0,0,0,0,0,0,0,8995.812,117021.5,118315.28
24214,649.411266,5.2321186,0,252022.23,0,330936.88,0,0,0,0,0,0,0,0
24219,314.1388094,5.232844,0,0,0,0,0,0,0,0,0,87805.51,1813086.4,1891969.5
24220,336.1207626,5.232844,0,0,0,0,0,0,0,0,0,25793.404,549903.5,556993.4
24225,315.142101,5.233854,0,0,0,0,0,0,0,0,0,0,339694.97,348986.6
24241,423.3631359,5.2388124,0,410632.3,124355.98,41971.625,0,18160.592,0,0,0,0,0,0
24256,504.4418688,5.242687,0,50456.94,107804.68,8838.917,0,23106.182,0,0,0,0,0,0
24270,315.1954863,5.2470675,0,0,0,0,0,0,47359.438,50080.74,0,0,0,0
24271,512.2853938,5.2470675,0,0,0,0,0,0,30889.11,36790.258,0,0,0,0
24286,455.3527548,5.250952,0,0,377879.1,0,0,0,0,0,0,0,0,0
24302,437.3428326,5.255257,0,408479.97,0,0,0,0,0,0,0,0,0,0
24316,468.4424351,5.2586164,0,105227.15,199060.69,48758.61,25318.926,71152.79,0,0,0,0,0,0
24318,556.4443401,5.2604814,0,0,122008.695,96721.22,81965,105919.195,0,0,0,0,0,0
24349,329.1360845,5.2680354,0,0,0,0,0,0,0,0,0,190325.73,15594.876,9189.664
24359,444.2752126,5.2697096,0,0,140142.61,137076.16,0,0,0,0,0,0,0,0
24360,472.3068816,5.2697096,0,0,246936.44,115002.79,0,0,0,0,0,0,0,0
24361,512.4174797,5.269969,0,141766.06,147879.1,113320.836,0,132374.55,0,0,0,0,0,0
24363,468.3914142,5.2700515,0,144748.02,144209.66,0,115249.11,138094.8,0,0,0,0,0,0
24367,424.3650284,5.27234,0,0,164264.75,0,103158.5,128261.53,0,0,0,0,0,0
24417,441.7633124,5.2855806,0,0,0,0,0,0,45012.36,52565.344,0,0,0,0
24427,273.1460802,5.2870464,0,0,0,0,0,0,0,0,0,156341.27,165246.92,113078.195
24428,275.1617306,5.2870464,0,0,0,0,0,0,0,0,0,197869.92,273115.97,108316.26
24444,289.1410725,5.2905145,0,0,0,0,0,0,0,0,0,1895032.5,1454365.8,1693656.6
24474,268.1049198,5.2943463,0,0,0,0,0,0,0,0,0,654028.6,0,0
24476,308.0975717,5.2943463,0,0,0,0,0,0,0,0,0,292331.47,0,0
24477,309.1098577,5.2943463,0,0,0,0,0,0,0,0,0,426421.88,0,0
24496,513.35915,5.2969365,0,5964481,318598.53,0,0,25152.6,0,0,0,0,0,0
24497,423.3626192,5.297073,0,0,0,246076.39,0,0,0,0,0,0,0,0
24507,285.1121497,5.2975235,0,0,0,0,0,0,0,0,0,7315500.5,4843193.5,3828168.2
24509,286.1155541,5.2975235,0,0,0,0,0,0,0,0,0,1358718.1,876760.4,702919.6
24510,307.0941992,5.2975235,0,0,0,0,0,0,0,0,0,1669158.8,1077301.2,914153.56
24511,315.1228379,5.2975235,0,0,0,0,0,0,0,0,0,167439.69,193614.33,165640.23
24513,329.1360032,5.2975235,0,0,0,0,0,0,0,0,0,144791.3,45063.848,118296.36
24520,644.3881042,5.298295,0,0,0,0,0,0,40976.277,52098.71,0,0,0,0
24534,340.28572,5.3008647,0,25937.242,0,0,0,83560.14,0,0,0,0,0,0
24553,495.3478727,5.30119,0,241404.66,0,0,0,0,0,0,0,0,0,0
24559,1025.70974,5.30119,0,243858.05,0,0,0,0,0,0,0,0,0,0
24584,366.3017937,5.3085923,0,0,9487.032,0,50418.312,68463.85,0,0,0,0,0,0
24607,497.3626785,5.313946,0,127797.76,0,0,0,61494.297,0,0,0,0,0,0
24623,453.3371373,5.3179936,0,357657.16,108534.99,0,0,0,0,0,0,0,0,0
24626,267.1590459,5.3184476,0,0,0,0,0,0,0,0,0,593580.4,257782.88,268881.62
24629,411.32687,5.3187313,0,56248.1,73069.07,22566.475,0,0,0,0,0,0,0,0
24633,536.3808599,5.3196826,0,0,83500.34,0,0,0,0,0,0,0,0,0
24647,229.1222604,5.320792,0,0,0,0,0,0,0,0,11940.125,0,249086.55,151978.98
24659,619.4004226,5.3238616,0,2802568.5,3144961.5,252521.75,0,0,0,0,0,0,0,0
24684,598.4614601,5.326278,0,0,13021.195,0,17372.318,36284.266,0,0,0,0,0,0
24712,649.4108613,5.331347,0,603744.6,1171103.8,288100.3,0,0,0,0,0,0,0,0
24715,267.1035182,5.3314824,0,0,0,0,0,0,5043.354,5978.447,0,3788423,2502436,1949066.1
24723,617.3852448,5.3331594,0,151765.2,332446.72,0,0,0,0,0,0,0,0,0
24729,618.3888313,5.3347974,0,0,140901.72,0,0,0,0,0,0,0,0,0
24734,409.3468082,5.335697,0,203380.64,93261.44,37712.42,0,21454.35,0,0,0,0,0,0
24740,256.1543319,5.336579,0,0,0,0,0,0,0,0,0,170638.03,194009.56,135740.58
24751,387.2898319,5.3377323,0,0,0,0,74788.5,37156.453,0,0,0,0,0,0
24760,182.5751347,5.340036,0,0,0,0,0,0,0,0,0,306610.97,256418.55,223955.47
24764,312.0787239,5.3402443,0,0,0,0,0,0,53000.473,56263.08,47183.668,73405.555,71191.695,67248.01
24770,313.0855913,5.340825,0,0,0,0,0,0,0,0,30486.709,0,0,0
24776,455.3528666,5.3414955,0,1175141.6,416907.16,482680.28,0,61503.273,0,0,0,0,0,0
24779,312.0843171,5.3415427,0,0,0,0,0,0,0,0,0,0,0,735808.94
24782,311.0808945,5.342102,0,0,0,0,0,0,4847215,4830225,4802308,6371286.5,6095552.5,6013448
24788,457.367927,5.3425007,0,111503.78,0,144240.86,0,32444.047,0,0,0,0,0,0
24801,299.0914942,5.343489,0,0,0,0,0,0,0,0,0,102055.46,722326.8,506301.44
24802,334.0662929,5.343489,0,0,0,0,0,0,0,0,0,410247.7,329109.94,344662
24807,333.0629104,5.343832,0,0,0,0,0,0,1729375.8,1817175.2,1673179.2,3292789.2,2696962,2874752.8
24808,349.0368083,5.343832,0,0,0,0,0,0,373719.2,389988.84,348390.56,336294.7,296169.88,333973.66
24809,643.1366,5.343832,0,0,0,0,0,0,98355.9,107330.266,91169.44,85534.9,65558.805,72052.38
24818,500.4114426,5.3456445,0,95809.16,43112.855,0,0,0,0,0,0,0,0,0
24846,219.1743336,5.3471518,0,0,0,0,0,0,0,0,0,224080.17,0,0
24852,291.1567119,5.3471518,0,0,0,0,0,0,0,0,0,586392.94,0,0
24871,309.1676441,5.3492727,0,0,0,0,0,4412.124,0,0,0,206684.2,109901.95,110415.65
24882,213.1273852,5.3504043,0,0,0,0,0,0,0,0,0,416009.03,347387.75,306128.47
24883,231.1379539,5.3504043,0,0,0,0,0,0,0,0,0,911550.7,951100,887269.6
24884,249.1485221,5.3504043,0,0,0,0,0,0,0,0,0,9919935,6582538.5,6205796.5
24889,201.1639563,5.350682,0,0,6167.221,0,0,0,0,0,0,198679.7,89512.82,0
24928,437.3424769,5.3557897,0,749145.9,1030474.9,211957.48,0,15994.242,0,0,0,0,0,0
24939,315.1567863,5.3573136,0,0,0,0,0,0,0,0,0,1052137.6,460496.7,374739.2
24992,283.0965428,5.3642235,0,0,0,0,0,0,0,0,0,2831014,1320733.4,2280034.2
24993,301.1071214,5.3642235,0,0,0,0,0,0,0,0,0,3933766.5,2501021.5,2225659.8
25007,284.0998768,5.3675795,0,0,0,0,0,0,0,0,0,0,222753.16,402845.84
25008,302.1104666,5.3675795,0,0,0,0,0,0,0,0,0,0,448018.4,382825.34
25035,556.4438912,5.3693957,0,52738.586,82821.875,46144.758,79286.734,70963.74,0,0,0,0,0,0
25036,275.1616873,5.370261,0,0,0,0,0,0,0,0,0,303641.47,0,145167.7
25040,255.1016021,5.3711395,0,0,0,0,0,0,0,0,0,294419.22,181924.83,164724.06
25041,257.1148542,5.3711395,0,0,0,0,0,0,0,0,0,626521.3,722577.3,578356.56
25042,323.0891384,5.3711395,0,0,0,0,0,0,0,0,0,910150.8,595892.5,551926.1
25047,512.4174748,5.372451,0,105659.39,115405.21,92680.766,100863.11,110406.81,0,0,0,0,0,0
25064,235.1328883,5.374598,0,0,0,0,0,0,0,0,0,871890.44,823160.1,739723
25069,331.1177712,5.374598,0,0,0,0,0,0,0,0,0,356827.4,312339.66,283980.56
25072,364.3426058,5.3755403,0,51796.996,147560.89,34664.918,54934.383,65962.92,0,0,0,0,0,0
25076,336.3110049,5.3755693,0,63058.414,200232.61,85238.016,93148.98,122823.21,0,0,0,0,0,0
25089,468.3906894,5.3771067,0,146190.5,176018.95,114662.56,156625.62,162835.42,0,0,0,0,0,0
25102,399.3953154,5.380225,0,237506.33,100581.63,20989.33,26051.738,18843.602,0,0,0,0,0,0
25106,424.3642335,5.381054,0,188896.03,225893.28,0,175849.08,177994.05,0,0,0,0,0,0
25108,512.2854123,5.382421,0,0,0,0,0,0,31464.414,37287.953,0,0,0,0
25114,380.3377736,5.3833036,0,182464.12,258680.83,164559.9,153936.36,152620.25,0,0,0,0,0,0
25124,376.3196787,5.3868456,0,141533.78,35424.273,0,19136.934,15654.752,0,0,0,0,0,0
25130,315.1954881,5.38843,0,0,0,0,0,0,52399.48,51262.703,0,0,0,0
25154,247.1328687,5.3940377,0,0,0,0,0,0,0,0,24782.338,0,227182.69,221647.53
25155,280.2639801,5.395579,0,14927.518,50580.176,27753.023,65132.25,91292.516,0,0,0,0,0,0
25163,336.3274347,5.3991737,0,366753.12,171125.47,64509.824,72172.81,33344.5,0,0,0,0,0,0
25172,403.1549843,5.4035845,0,0,0,0,0,70309.98,0,0,0,0,0,0
25173,511.3420014,5.403841,0,180608.66,0,0,101112.516,0,0,0,0,0,0,0
25175,265.070696,5.4043665,0,0,0,0,0,0,0,0,0,0,121471.11,78352.47
25187,649.4109091,5.407314,0,936204,1369058.9,537550.1,0,0,0,0,0,0,0,0
25213,205.1223026,5.413051,0,0,0,0,0,0,0,0,0,594800.4,365582.97,270347.7
25215,361.1283019,5.413051,0,0,0,0,0,0,0,0,0,527136.2,1469194,1809194.9
25216,383.1102313,5.413051,0,0,0,0,0,0,0,0,0,109379.64,276004.94,372867.56
25226,340.2853658,5.4144554,0,23908.984,51711.72,43934.035,64719.684,49328.85,0,0,0,0,0,0
25257,309.1098789,5.4201074,0,0,0,0,0,0,0,0,0,110836.055,57740.89,70792.11
25286,451.7477359,5.4270477,0,0,0,0,0,0,34176.547,37212.824,0,0,0,0
25322,375.2897637,5.437265,0,27629.521,0,171610.23,0,0,0,0,0,0,0,0
25323,420.3479528,5.437265,0,51406.56,0,212304.88,0,0,0,0,0,0,0,0
25338,287.2375024,5.440963,0,26274.684,0,162507.23,0,0,0,0,0,0,0,0
25346,443.3530659,5.442323,0,0,51186.42,0,69305.69,67763.58,0,0,0,0,0,0
25358,336.3269366,5.4448185,0,494574.47,0,147947.02,0,0,0,0,0,0,0,0
25359,439.3581394,5.445285,0,1768291.5,735814.44,360368.66,129080.35,2195927.2,0,0,0,0,0,0
25365,242.2118606,5.446825,0,134876.22,14613.748,45257.156,6232.7056,3447.5393,0,0,0,0,0,0
25391,595.3419277,5.4487343,0,59226.574,37746.508,0,0,67109.43,0,0,0,0,0,0
25408,308.2130441,5.451925,0,0,0,0,0,0,0,0,0,158447.9,156890.36,208717.67
25409,341.1359858,5.451925,0,0,0,0,0,0,0,0,0,140864.52,149462.61,131352.16
25410,319.153291,5.4519277,0,0,0,0,0,0,0,0,0,222065.2,274535.94,200315.58
25412,637.4011311,5.451925,0,0,0,0,0,0,0,0,0,155985.84,119578.14,181603.36
25424,664.356931,5.4523673,0,0,0,0,0,0,16672.031,27612.621,0,0,0,0
25431,217.1586868,5.4544325,0,0,0,0,0,0,0,0,0,350458.56,0,163726.05
25438,275.1618014,5.455396,0,0,0,0,0,0,0,0,0,297848.28,282338.7,256481.64
25444,615.4190371,5.455396,0,0,0,0,0,0,0,0,0,1597647.2,1358406.6,1919851.2
25479,712.4864111,5.4622808,0,0,0,0,116783.87,0,0,0,0,0,0,0
25522,327.0994167,5.472758,0,0,0,0,0,0,0,0,0,140176.9,105345.45,95932.81
25525,449.2909786,5.474761,0,0,0,0,0,44127.59,0,0,0,0,0,0
25533,271.1324111,5.476336,0,0,0,0,0,0,0,0,0,1153353,909902.94,774962.4
25534,289.1430168,5.476336,0,0,0,0,0,0,0,0,0,1823048.4,1268678.5,1058872.9
25535,311.1254742,5.476336,0,0,0,0,0,0,0,0,0,1589760.5,1063060.8,964720.75
25536,312.1288126,5.476336,0,0,0,0,0,0,0,0,0,280158.06,183975.95,168013.86
25538,599.2618933,5.476336,0,0,0,0,0,0,0,0,0,117844.125,56877.434,51824.39
25549,403.0846227,5.479824,0,0,0,0,0,0,0,0,0,156622.1,15249.226,69911.78
25551,228.196296,5.482146,0,1126279.4,139152.86,414916.5,66085.28,35093.04,0,0,0,0,0,0
25552,300.2902662,5.48215,0,83559.37,108116.96,60333.016,263494.78,674108.94,0,0,0,0,0,0
25553,415.3901259,5.482146,0,1836583.5,314122.22,305904.72,75907.5,47804.707,0,0,0,0,0,0
25558,342.7130992,5.484067,0,0,0,0,0,0,33989.348,55337.98,0,0,0,0
25559,684.4194669,5.484067,0,0,0,0,0,0,82063.23,129676.58,0,0,0,0
25568,455.3526729,5.487102,0,62712.26,77992.66,198189.61,0,61850.92,0,0,0,0,0,0
25579,329.1021322,5.4902663,0,0,0,0,0,0,0,0,0,33346.207,419737.53,447849.94
25582,352.3215923,5.4904146,0,256645.1,0,76082.44,0,0,0,0,0,0,0,0
25594,558.4157779,5.492775,0,161976.47,11324.267,0,0,0,0,0,0,0,0,0
25602,392.3142673,5.492868,0,841655.5,86757.42,86630.65,46728.523,55201.438,0,0,0,0,0,0
25609,485.3636912,5.4930844,0,113013.3,0,0,0,0,0,0,0,0,0,0
25610,530.3858518,5.4930844,0,125608.875,0,0,0,0,0,0,0,0,0,0
25616,335.1480665,5.4934583,0,0,49597.26,0,0,0,0,0,0,26980.227,29191.086,23198.98
25621,520.3096502,5.493901,0,0,58003.336,19776.639,0,0,0,0,0,0,0,0
25633,269.117296,5.4973893,0,0,0,0,0,0,0,0,0,434319.44,399893.22,354214.03
25634,287.1275796,5.4973893,0,0,0,0,0,0,0,0,0,567113.25,441978.44,358726.06
25648,309.1098519,5.5008698,0,0,0,0,0,0,0,0,0,278419.5,219092.9,180301.66
25669,461.1079059,5.5033264,0,0,0,0,0,0,33049.29,58087.812,0,0,0,0
25674,203.1430309,5.5049767,0,0,0,0,0,0,0,0,0,0,261716.6,214291.28
25693,513.3586492,5.50852,0,208463.77,0,0,0,0,0,0,0,0,0,0
25701,465.3006413,5.508564,0,0,0,0,161905.64,0,0,0,0,0,0,0
25712,253.1434387,5.511419,0,0,0,0,0,0,0,0,0,154605.48,135017.69,104869.836
25731,309.2429432,5.5146604,0,0,0,12603.301,84281.55,59306.17,0,0,0,0,0,0
25736,359.1521493,5.514742,0,0,0,0,0,176102.69,0,0,0,0,0,0
25742,231.1379669,5.5156803,0,0,0,0,0,0,0,0,0,0,398398.2,325600.56
25749,325.2742615,5.5165396,0,7599.787,6754.64,10131.514,50362.58,55091.336,0,0,0,0,0,0
25755,185.132466,5.5187926,0,0,0,0,0,0,0,0,0,461812.25,186030.05,148268.78
25796,277.1773648,5.5267344,0,0,0,0,0,0,0,5374.411,0,659951.7,262787.12,360133.5
25821,337.0838791,5.532898,0,0,0,0,0,0,0,0,0,396131.8,279692.28,288671.8
25825,425.3779366,5.5337057,0,36328.918,20844.053,281167.03,6109.914,554471.44,0,0,0,0,0,0
25848,329.0656093,5.5411873,0,0,0,0,0,0,8769.208,34744.87,0,0,0,0
25861,330.110066,5.542678,0,0,0,0,0,0,23187.322,32761.67,0,13350.765,28325.645,25019.432
25862,418.1622879,5.542678,0,0,0,0,0,0,31937.244,38566.707,0,21253.664,37485.242,33986.688
25868,317.1377891,5.543671,0,0,0,0,0,0,0,0,0,104002.17,186871.94,173563.1
25875,401.1594871,5.5444407,0,0,0,0,0,0,141852.31,210123.61,11011.11,101494.86,218725.52,194551.19
25890,532.4004693,5.5457325,0,0,0,36542.562,192594.88,0,0,0,0,0,0,0
25903,397.3802464,5.5500927,0,0,93898.305,0,0,21004.426,0,0,0,0,0,0
25904,303.2324356,5.5504208,0,0,10982.797,0,0,378079.56,0,0,0,0,0,0
25905,199.1481088,5.5507483,0,0,0,0,0,0,0,0,0,312122.12,147287.58,110669.44
25920,333.1309842,5.5535226,0,0,0,0,0,0,0,0,0,0,80785.56,94774.23
25922,352.3215499,5.553823,0,303147.44,166867.56,63726.176,60253.137,47275.28,0,0,0,0,0,0
25923,577.2047899,5.553932,0,0,0,0,0,0,24656.86,43316.812,0,0,0,15205.99
25927,451.3199688,5.554188,0,42167.965,43336.523,0,84001.234,27331.775,0,0,0,0,0,0
25928,315.1567749,5.5543594,0,0,0,0,0,0,0,0,0,495715.06,256658.66,291659.38
25933,374.3038559,5.5552835,0,109428.84,42586.08,11301.74,20387.043,31131.135,0,0,0,0,0,0
25978,279.2323318,5.563212,0,0,29664.598,55678.14,61510.797,559010,0,0,0,0,0,0
25980,429.3387812,5.5643826,0,82044.695,0,0,111489.82,29479.354,0,0,0,0,0,0
25981,335.1524433,5.5644517,0,2694.9917,0,0,52000.234,374376.94,0,0,0,0,0,0
25985,275.16187,5.565241,0,0,0,0,0,0,0,0,0,379133.3,364909.84,335351.97
26000,346.2588026,5.5674024,0,0,0,0,0,0,20567.162,22532.207,55779.56,0,0,0
26003,140.0686261,5.5680957,0,0,0,0,0,192767.2,0,0,0,0,0,0
26010,364.2835555,5.5680957,0,0,0,0,0,63140.098,0,0,0,0,0,0
26062,239.106614,5.576713,0,0,0,0,0,0,0,0,0,101047.15,97712.09,92853.234
26063,287.1277322,5.576713,0,0,0,0,0,0,0,0,0,432106.8,375792.16,344604.84
26064,309.109821,5.576713,0,0,0,0,0,0,0,0,0,362212.44,290996.56,305216.5
26069,342.3010471,5.5769424,0,16062.889,14017.565,12329.968,109263.914,77287.555,0,0,0,0,0,0
26097,499.1599214,5.5802064,0,0,0,0,0,0,0,0,0,118761.15,30003.988,45135.996
26099,251.1641779,5.5806165,0,0,0,0,0,0,0,0,0,2547862.2,1222448.2,1104690
26120,443.2059227,5.5854893,0,8976.35,42380.59,0,0,126124.5,0,0,0,0,0,0
26138,541.2070023,5.587595,0,0,0,0,0,0,0,0,0,144465.86,208582.78,189842.39
26143,457.3683371,5.5893087,0,0,287907.72,226870.66,51344.227,52748.18,0,0,0,0,0,0
26161,659.1610294,5.591169,0,0,0,0,0,0,0,41106.688,0,0,0,0
26182,439.3577591,5.596121,0,994601.5,868362.56,438555.72,25992.844,0,0,0,0,0,0,0
26185,614.4851966,5.5973315,0,0,215838.16,115433.375,92200.73,137365.83,0,0,0,0,0,0
26186,203.143026,5.598263,0,0,0,0,0,0,0,0,0,664018.6,251714.62,224514.8
26235,233.1536182,5.605539,0,0,0,0,0,0,0,0,0,3968497.5,1515618.6,1713894.9
26240,393.3523411,5.607317,0,149499.64,136002.06,57104.543,0,0,0,0,0,0,0,0
26248,271.1305167,5.6089015,0,0,0,0,0,0,0,0,0,99439.3,155419.28,153464.23
26249,570.458965,5.60891,0,0,286003.66,171134.84,0,218722.5,0,0,0,0,0,0
26263,354.3018919,5.6119356,0,0,0,0,28802.314,101352.93,0,0,0,0,0,0
26265,231.1379864,5.6127114,0,0,0,0,0,0,0,0,0,459429.94,324265.03,302076.38
26274,355.2842793,5.614279,0,17365.02,79885.06,20596.77,114523.984,96451.16,0,0,0,0,0,0
26304,526.4327,5.6192346,0,0,381996.28,308828.94,0,288755.5,0,0,0,0,0,0
26306,245.1172901,5.619574,0,0,0,0,0,0,0,0,0,0,142330.02,94794.21
26322,461.2702822,5.6221166,0,5127.1587,147669.08,0,0,0,0,0,0,0,0,0
26324,287.0550336,5.6231365,0,0,0,0,0,0,255450.33,2360470.5,0,0,0,0
26327,629.3984449,5.6239986,0,0,0,0,0,0,0,0,0,475743.94,116524.19,177026.22
26339,482.4062624,5.6269774,0,0,414244.6,341256.2,0,314599.7,0,0,0,0,0,0
26365,394.3536427,5.6294837,0,0,283237.97,271762.12,0,214107.81,0,0,0,0,0,0
26366,438.3797666,5.629528,0,0,396646.56,303115.7,0,287787.94,0,0,0,0,0,0
26367,326.306176,5.6296716,0,32779.875,292375.97,54218.832,67267.78,973819.3,0,0,0,0,0,0
26371,201.1637919,5.6308784,0,0,0,0,0,0,0,0,0,591195.5,212543.92,0
26378,237.1485202,5.631124,0,0,0,0,0,0,0,0,0,167561.12,108619.195,97739.04
26390,219.1743431,5.6323347,0,0,0,0,0,0,0,0,0,862785.25,0,0
26407,147.0440668,5.6374645,0,0,0,0,0,0,0,554544.44,0,0,0,0
26411,309.0969175,5.6374645,0,0,0,0,0,0,0,455994.1,0,0,0,0
26412,317.0494868,5.6374645,0,0,0,0,0,0,0,126026.7,0,0,0,0
26414,326.0546568,5.6374645,0,0,0,0,0,0,0,391857.28,0,0,0,0
26420,595.1446658,5.6374645,0,0,0,0,0,0,0,4909522,0,0,0,0
26421,614.1181096,5.6374645,0,0,0,0,0,0,0,146500.56,0,0,0,0
26422,617.1266974,5.6374645,0,0,0,0,0,0,0,2099722.5,0,0,0,0
26423,633.1012336,5.6374645,0,0,0,0,0,0,0,89729.63,0,0,0,0
26425,639.1091672,5.6374645,0,0,0,0,0,0,0,191438.23,0,0,0,0
26432,1211.263835,5.6374645,0,0,0,0,0,0,0,102086.9,0,0,0,0
26453,453.3369703,5.6426277,0,181709.73,64488.94,0,0,19758.467,0,0,3724.9607,0,0,0
26463,203.1796737,5.6453786,0,14754.555,12947.513,0,0,0,0,0,0,235075.27,0,127966.55
26464,335.1477762,5.645392,0,0,0,66357.51,0,0,0,0,0,21724.31,33971.27,37650.805
26470,247.1328657,5.646266,0,0,8949.046,0,0,10434.457,0,0,0,262099.94,225298.05,251701.55
26488,679.0972767,5.6478233,0,0,0,0,0,0,0,125977.1,0,0,0,0
26510,527.2252609,5.6528263,0,0,0,0,0,0,46422.625,166217.17,0,0,0,0
26520,441.3373897,5.654102,0,0,61847.414,0,124891.28,0,0,0,0,0,0,0
26525,343.1177031,5.6561317,0,0,0,0,0,0,0,0,0,38280.4,418378.62,342961.5
26526,487.232761,5.6561236,0,0,11628.397,0,12635.67,64496.07,68060.68,84313.914,0,0,0,0
26529,649.4101897,5.656466,0,0,149205.1,0,0,0,0,0,0,0,0,0
26535,257.1144383,5.657672,0,0,0,0,0,5356.148,0,0,0,128835.95,266687.7,207268.86
26541,577.2051035,5.6591444,0,0,0,0,0,0,22013.389,79540.41,0,16838.412,15572.677,17530.633
26546,365.0995734,5.659893,0,0,0,0,0,0,0,0,0,19098.38,276515.97,244159.84
26547,425.3773801,5.660075,0,0,0,53320.87,6782.1104,0,0,0,0,0,0,0
26567,273.1461534,5.6633716,0,0,0,0,0,0,0,0,0,366949.16,550937.9,486127.2
26568,613.2282382,5.6633716,0,0,0,0,0,0,0,0,0,67317.05,170429.52,133664.95
26574,443.3528399,5.663933,0,0,15512.307,97158.07,0,0,0,0,0,0,0,0
26609,743.4788929,5.6715603,0,0,0,0,0,0,0,0,23325.59,0,0,0
26617,558.4165105,5.6727147,0,75997.9,0,0,0,0,0,0,0,0,0,0
26644,366.3014336,5.6803694,0,0,3749.5383,3505.735,3192.8008,114044.19,0,0,0,0,0,0
26645,165.0551077,5.681042,0,0,5982.96,0,0,0,0,130636.35,0,0,6310.188,0
26659,451.7476939,5.6821632,0,0,0,0,0,0,305622.97,614641.5,0,0,0,0
26660,462.7389548,5.6821632,0,0,0,0,0,0,69288.11,180861.69,0,0,0,0
26663,902.488145,5.6821632,0,0,0,0,0,0,190009.84,409379.25,0,0,0,0
26678,541.2070255,5.684974,0,0,0,0,0,0,0,0,0,103148.62,201561.52,132299.39
26679,317.1360021,5.685533,0,0,0,0,0,0,0,0,0,160406.36,49539.656,17760.967
26693,177.1273701,5.6884723,0,0,0,0,0,0,0,0,0,191005.72,211610.17,93988.5
26696,291.1567491,5.6884723,0,0,0,0,0,0,0,0,0,1980906.1,1329699.9,1685509.9
26732,368.3175665,5.696123,0,0,0,0,14912.215,112780.016,0,0,0,0,0,0
26733,378.3020291,5.6961536,0,0,0,0,101622.234,25160.785,0,0,0,0,0,0
26763,463.3192196,5.70521,0,0,0,0,49322.875,0,0,0,0,0,0,0
26770,271.130437,5.706993,0,0,0,0,0,0,0,0,0,145447.06,141866,152375.11
26779,413.341624,5.7092514,0,0,0,71245.93,0,0,0,0,0,0,0,0
26783,497.3084678,5.7092514,0,0,0,54407.34,0,0,0,0,0,0,0,0
26789,679.4188549,5.711297,0,0,56292.246,10427.0205,0,0,0,0,0,0,0,0
26794,256.2640184,5.7119036,0,62787.766,74028.71,56561.37,232351.11,143150.2,0,0,0,0,0,0
26805,492.3527668,5.716968,0,0,0,72601.14,0,0,0,0,0,0,0,0
26806,520.385956,5.716968,0,0,0,61497.453,0,0,0,0,0,0,0,0
26808,191.0702915,5.717697,0,0,0,0,0,0,0,0,0,505813.47,475310.84,352909.56
26811,337.0838709,5.717697,0,0,0,0,0,0,0,0,0,136000.23,104924.64,94844.68
26822,237.1848827,5.718731,0,0,0,0,0,0,0,0,0,241276.27,382961.8,326468.56
26842,215.1430276,5.7285767,0,0,0,0,0,0,0,0,0,669728.4,340750.97,299043.03
26889,277.177449,5.7465897,0,0,0,0,0,0,0,0,0,861107.44,569462.75,566165.3
26904,394.3531785,5.7522755,0,0,90623.36,0,0,0,0,0,0,0,0,0
26919,393.3516728,5.7573013,0,73603.99,81431.47,0,0,0,0,0,0,0,0,0
26921,437.3415824,5.7573013,0,190521.83,82312.47,0,0,0,0,0,0,0,0,0
26936,438.3456499,5.7623267,0,61175.473,0,0,0,0,0,0,0,0,0,0
26957,439.3571151,5.7670884,0,604927.5,603254.3,347678.8,0,0,0,0,0,0,0,0
26959,381.3541187,5.7688413,0,0,0,0,58579.754,0,0,0,0,0,0,0
26968,349.0837828,5.772306,0,0,0,0,0,0,0,0,0,14279.654,115635.195,80302.18
26989,389.076303,5.7759438,0,0,0,0,0,0,0,0,0,14776.562,124634.29,92539.21
27007,219.137971,5.779427,0,0,0,0,0,0,0,0,0,635176.3,457533.38,379131.4
27008,367.0943477,5.779427,0,0,0,0,0,0,0,0,0,228792.88,1610808.8,1095733.1
27032,175.1117562,5.782913,0,0,0,0,0,0,0,0,0,495780.75,471640.8,300432.03
27033,319.1516574,5.782913,0,0,0,0,0,0,0,0,0,367489.53,263236.34,223134.28
27049,261.1486975,5.786417,0,0,0,0,0,0,0,0,0,126728.805,94178.164,96285.38
27051,609.2705163,5.7864685,0,90719.266,4195.134,398137.7,0,0,0,0,0,0,0,0
27054,323.1278515,5.786604,0,0,0,0,0,0,36583.258,94827.27,0,0,0,0
27055,341.1383752,5.786604,0,0,0,0,0,0,153272.48,376632.12,0,0,0,0
27071,495.1650358,5.789887,0,0,0,0,0,0,0,0,0,108869.35,34750.137,67270.15
27087,581.2392554,5.7970033,0,0,0,0,16456.219,0,0,0,0,448776.12,525463.06,504110.47
27096,617.2017853,5.800839,0,0,0,0,0,0,0,0,0,46423.418,148287.83,141124.05
27098,725.4684462,5.800955,0,0,0,0,0,0,0,0,35294.66,0,0,0
27108,427.3206793,5.804226,0,0,0,45705.11,0,0,0,0,0,0,0,0
27116,441.3726943,5.805805,0,0,0,238015.23,20956.195,0,0,0,0,0,0,0
27126,313.141063,5.8113284,0,0,0,0,0,0,0,0,0,1531557,732483.44,670955.1
27162,255.1379515,5.8182735,0,0,0,0,0,0,0,0,0,307300.38,149979.48,126608.17
27193,270.2792134,5.824568,0,73448.555,94521.734,65308.523,45096.383,0,0,0,0,0,0,0
27194,465.3338274,5.824595,0,91147.85,44238.9,16245.397,0,96948.04,0,0,0,0,0,0
27195,299.0914172,5.825193,0,0,0,0,0,0,0,0,0,19979.11,312590.9,84435.45
27197,301.1070932,5.8252044,0,0,0,0,0,0,0,0,0,284088.56,162677.52,150803.42
27198,319.0732839,5.8252044,0,0,0,0,0,0,0,0,0,583266.94,1079949.9,853844
27200,340.0841781,5.8252044,0,0,0,0,0,0,0,0,0,250338,467516.72,372469.56
27201,359.0657802,5.8252044,0,0,0,0,0,0,0,0,0,180068.05,386590.4,308347.06
27215,308.2220895,5.825352,0,0,0,0,0,0,297817.3,477336.34,104574.88,0,0,0
27240,321.0702993,5.8286986,0,0,0,0,0,0,0,0,0,163098.48,322658.3,249394.36
27242,337.0838162,5.828705,0,0,0,0,0,0,0,0,0,4205906,8097038.5,6254109.5
27254,293.2111737,5.830378,0,0,0,0,76795.31,0,0,0,0,0,0,0
27257,562.4111981,5.830378,0,0,0,0,114787.73,0,0,0,0,0,0,0
27275,203.1794258,5.832167,0,0,0,0,0,0,0,0,0,343080,496325.56,398624.1
27283,226.5426885,5.832199,0,0,0,0,0,0,0,0,0,68293.21,126775.41,109574.02
27302,283.0964938,5.834527,0,0,0,0,0,0,0,0,0,148033.55,0,0
27313,313.1071971,5.8356614,0,0,0,0,0,0,0,0,0,135231.94,1639852.8,1246944.4
27314,335.0892316,5.8356614,0,0,0,0,0,0,0,0,0,20833.125,484032.34,358230.25
27322,314.1104561,5.8362293,0,0,0,0,0,0,0,0,0,0,297735.66,231251.03
27339,292.227131,5.8376374,0,0,0,0,0,0,16447.416,44277.875,51763.043,0,0,0
27345,317.0493832,5.838108,0,0,0,0,0,0,0,74695.24,0,0,0,0
27351,595.1447735,5.838108,0,0,0,0,0,0,0,845633.9,0,0,0,0
27352,617.1267677,5.838108,0,0,0,0,0,0,0,195558.61,0,0,0,0
27365,488.4102003,5.838929,0,76670.484,74055.93,24392.365,64475.06,47542.137,0,0,0,0,0,0
27374,247.1328779,5.8426933,0,0,0,0,0,0,0,0,0,402540.62,413814.22,364020.25
27378,527.2252772,5.8426876,0,0,0,0,0,0,138573.64,215527.38,0,0,0,0
27403,282.2793523,5.8475432,0,140888.64,338287.72,166034.45,282972.28,318235.56,0,0,0,0,0,0
27408,451.2115372,5.848871,0,0,0,0,0,0,34797.914,41644.293,0,0,0,0
27414,443.3528013,5.850279,0,249658.1,57665.08,72585.97,0,135038.33,0,0,0,0,0,0
27427,625.266184,5.855135,0,67355.24,0,276010.25,0,0,0,0,0,0,0,0
27452,577.2069365,5.8603263,0,0,0,0,0,0,0,0,0,164515.62,96365.586,110156.84
27455,305.2483111,5.861554,0,0,0,0,0,136470.89,0,0,0,0,0,0
27457,361.1679327,5.861554,0,0,0,0,0,124480.83,0,0,0,0,0,0
27470,381.3521821,5.8632903,0,0,0,0,162777.31,0,0,0,0,0,0,0
27472,1189.282065,5.8632207,0,0,0,0,0,0,0,63246.17,0,0,0,0
27477,439.3573017,5.8644147,0,0,552663,0,0,0,0,0,0,0,0,0
27483,667.2364734,5.8652434,0,0,0,0,0,0,34831.176,60510.402,16320.61,44576.46,97496.68,123717.4
27486,431.374392,5.8656516,0,0,13884.851,0,83577.46,22869.146,0,0,0,0,0,0
27487,453.3578033,5.8656516,0,0,23549.34,0,94896.734,152532.2,0,0,0,0,0,0
27490,548.3019845,5.8660645,0,56581.258,74168.766,62554.453,29200.89,71416.25,0,0,0,0,0,0
27492,203.1430329,5.866287,0,0,0,0,0,0,0,0,0,156158.38,0,0
27505,576.3328841,5.8686876,0,108871.38,152843.77,101431.43,0,104738.32,0,0,0,0,0,0
27522,373.0918219,5.874262,0,0,0,0,0,0,24277.79,65451.754,0,0,0,0
27524,463.1235508,5.874262,0,0,0,0,0,0,15020.819,477378.12,0,0,0,0
27533,338.2326748,5.876239,0,0,0,0,0,0,0,88833.5,103034.09,0,0,0
27535,443.3521306,5.876857,0,0,149530.62,74233.66,0,0,0,0,0,0,0,0
27550,529.4131579,5.878409,0,0,0,0,109382.375,0,0,0,0,0,0,0
27559,564.4490721,5.8791323,0,0,5700.5874,0,389138.5,0,0,0,0,0,0,0
27568,592.4800548,5.8833513,0,6333.9688,0,0,98463.125,0,0,0,0,0,0,0
27572,569.4033121,5.8847466,0,12817.822,5712.079,0,455736.9,64318.336,0,0,0,0,0,0
27573,270.2792542,5.8852844,0,0,0,0,39064.44,134976.84,0,0,0,0,0,0
27577,393.3519596,5.887158,0,77969.98,62492.203,0,82342.31,0,0,0,0,0,0,0
27585,524.4314027,5.8890147,0,6910.1357,6565.478,216304.33,0,0,0,0,0,0,0,0
27605,279.1929704,5.8950815,0,0,0,0,0,0,10662.205,8165.9585,0,201746.39,126691.72,128330.086
27607,420.3323838,5.8958073,0,10323.862,10323.18,66536.52,0,17474.47,0,0,0,0,0,0
27618,427.3208814,5.899071,0,0,0,102272.86,0,0,0,0,0,0,0,0
27619,472.3789981,5.899071,0,0,0,131639.9,0,0,0,0,0,0,0,0
27632,457.3679785,5.903599,0,0,37449.285,830141.94,0,0,0,0,0,0,0,0
27634,423.3627328,5.9038496,0,21077.213,17207.879,123994.64,0,29685.82,0,0,0,0,0,0
27639,315.1567003,5.904202,0,0,0,0,0,0,0,0,0,127607.86,70070.59,61680.156
27643,487.232564,5.906701,0,5368.4355,18884.115,0,0,13896.364,48540.445,56320.75,0,0,0,0
27647,177.1273937,5.9076805,0,0,0,0,0,0,0,0,0,392583.88,464449.03,390024.66
27649,528.3673575,5.9092402,0,0,0,0,73520.08,0,0,0,0,0,0,0
27651,461.362993,5.909368,0,80710.68,68163.484,473826.9,69054.64,31014.723,0,0,0,0,0,0
27658,407.3680908,5.91192,0,42096.367,21000.615,108395.9,0,88971.86,0,0,0,0,0,0
27661,289.1410627,5.9138126,0,0,0,0,0,0,0,0,0,588488.9,770318.3,743267.3
27669,249.1485342,5.9146256,0,0,0,0,0,0,0,0,0,1621278.4,1229629.4,1063213.1
27670,343.1176986,5.914709,0,0,0,0,0,0,0,0,0,44062.76,713656.6,601824.3
27685,365.0995908,5.918228,0,0,0,0,0,0,0,0,0,6899.503,188509.62,169491.67
27688,425.3781988,5.9194613,0,105785.89,58614.336,166480.56,0,324489.94,0,0,0,0,0,0
27697,415.0700324,5.921623,0,0,0,0,0,0,0,0,0,51734.87,109471.19,116607.336
27698,293.1723225,5.921669,0,0,0,0,0,0,0,0,0,237873.48,193239.3,199149.9
27722,505.2925398,5.924359,0,0,0,0,169372.16,0,0,0,0,0,0,0
27729,513.3572227,5.925606,0,64679.39,13298.298,0,7936.4775,0,0,0,0,0,0,0
27763,492.4053686,5.9307876,0,6994.847,13551.254,166420.2,0,0,0,0,0,0,0,0
27766,201.1637717,5.9316745,0,0,0,0,0,0,0,0,0,258544.2,0,0
27780,562.4109786,5.9316773,0,0,0,0,241952.7,0,0,0,0,0,0,0
27786,313.1071516,5.9321094,0,0,0,0,0,0,0,0,0,358210.6,844208.8,755050.44
27787,331.1176729,5.9321094,0,0,0,0,0,0,0,0,0,3785432.2,9634027,9573962
27802,140.0684232,5.933565,0,0,39916.29,0,0,226837.69,0,0,0,0,0,0
27820,353.0996626,5.9356084,0,0,0,0,0,0,0,0,0,572383.9,1700010.5,1724364.8
27828,337.1674619,5.9375005,0,9762.354,210442.89,66468.734,244489.11,421105.16,0,0,0,0,0,0
27829,231.1379292,5.9375753,0,0,0,0,0,0,0,0,0,0,840516.5,536328.8
27830,277.1774208,5.9375753,0,0,0,0,0,0,0,0,0,0,282398.12,174452.8
27834,281.2477654,5.937761,0,0,26531.998,8845.181,88771.26,184846.72,0,0,0,0,0,0
27835,477.1027871,5.937748,0,0,0,0,0,0,0,29146.668,0,0,0,0
27848,584.4746735,5.939014,0,135103.77,145253.84,164143.78,112658.125,161819.88,0,0,0,0,0,0
27875,682.3638926,5.9419327,0,1194677.4,1072286.5,897084.2,489479.1,627295.75,0,0,0,0,0,0
27879,637.3059517,5.9419947,0,293683.72,242412.73,280709.84,272036.03,412254.66,0,0,0,0,0,0
27880,654.3326756,5.9419947,0,1200104.2,1200042.8,1136180.6,1140476.9,1678430.4,0,0,0,0,0,0
27881,659.2875612,5.9419947,0,114299.586,119016.99,83771.92,180772.19,464811.2,0,0,0,0,0,0
27882,700.3145852,5.9419947,0,76718.9,81538.73,55302.06,132612.55,318994.5,0,0,0,0,0,0
27890,219.1743504,5.942541,0,0,0,0,0,0,0,0,0,2001712,2206132.2,1883141.2
27891,469.3676915,5.9425488,0,85698,0,0,0,22831.701,0,0,0,0,0,0
27931,237.1848999,5.945996,0,0,0,0,0,0,0,0,0,2577745.5,2818769,2115125
27937,529.3886738,5.9461985,0,0,0,0,415234.53,0,0,0,0,0,0,0
27941,255.6456617,5.9463325,0,70988.7,94320.55,43989.098,113783.086,106821.03,0,0,0,0,0,0
27943,331.2845595,5.9465938,0,123970,142277.53,92946.336,312868.34,338488.75,0,0,0,0,0,0
27944,540.4484935,5.9466715,0,203324.14,202680.42,0,0,0,0,0,0,0,0,0
27946,577.4116783,5.9466953,0,36237.94,38378.695,0,313689.34,12941.26,0,0,0,0,0,0
27957,497.3615391,5.9484415,0,26119.438,12190.471,105646.29,17595.012,70335.72,0,0,0,0,0,0
27970,313.2738607,5.9495163,0,42074.73,46682.535,29947.76,95042.76,108399.125,0,0,0,0,0,0
27986,455.3523387,5.952403,0,596294.9,231640.08,860363.4,181143.95,92278.625,0,0,0,0,0,0
27991,177.0545963,5.9529023,0,0,0,0,0,0,0,0,0,132523.86,347456.44,280177.38
28019,499.3401302,5.954854,0,0,143413.88,28654.486,26011.56,11044.982,0,0,0,0,0,0
28021,637.4161681,5.9549513,0,0,0,0,0,0,0,0,23435.113,0,0,0
28027,609.2715437,5.955948,0,345483.1,12467.112,1025168.8,0,20808.592,0,0,0,0,0,0
28041,477.3340978,5.9586105,0,34535.504,70754.8,237952.52,91491.16,60758.426,0,0,0,0,0,0
28070,496.4227009,5.963135,0,226201.97,225988.33,147704.67,166876.86,191979.83,0,0,0,0,0,0
28073,199.5490816,5.9632564,0,0,0,0,0,0,0,0,0,105131.41,161915.81,137326.88
28074,208.5543727,5.9632564,0,0,0,0,0,0,0,0,0,141114.17,228244.81,191320.88
28099,283.0965095,5.9667053,0,0,0,0,0,0,0,0,0,2672320,4795599.5,4142760.5
28109,500.4112414,5.9679093,0,7784.948,0,139000.55,0,0,0,0,0,0,0,0
28119,509.3238347,5.968865,0,0,0,0,220421,0,0,0,0,0,0,0
28131,323.0891184,5.9701576,0,0,0,0,0,0,0,0,0,1685094.6,3065962,2660562.5
28133,329.0858639,5.970163,0,0,0,0,0,0,0,0,0,73391.2,177411.97,139218.36
28139,623.1890931,5.9701576,0,0,0,0,0,0,0,0,0,55486.453,123402.77,95921.34
28143,439.3580218,5.971203,0,707851.25,590167.9,0,45238.695,57710.15,0,0,0,0,0,0
28153,217.1586808,5.972317,0,0,0,0,0,0,0,0,0,249507.19,171377.98,0
28159,452.3954547,5.9723763,0,221434.66,211847.33,194296.17,181047.38,211177.81,0,0,0,0,0,0
28171,275.1617345,5.9736133,0,0,0,0,0,0,0,0,0,514331.1,570500.1,414280.25
28172,301.1070276,5.9736133,0,0,0,0,0,0,0,0,0,1.57E+07,2.71E+07,2.37E+07
28177,367.0943539,5.9736133,0,0,0,0,0,0,0,0,0,25021.328,286941.22,105707.13
28178,367.1151855,5.9736133,0,0,0,0,0,0,0,0,0,31648.057,324279.78,278986.3
28180,385.0594907,5.9736133,0,0,0,0,0,0,0,0,0,117264.54,172978.16,155315.62
28186,470.130289,5.9736133,0,0,0,0,0,0,0,0,0,57111.918,183398.17,126215.84
28189,625.1650332,5.9736133,0,0,0,0,0,0,0,0,0,48374.13,125960.375,90609.805
28202,453.3374449,5.974998,0,53334.9,0,0,0,0,0,0,0,0,0,0
28203,513.3587428,5.974998,0,232320.44,0,0,0,0,0,0,0,0,0,0
28205,637.225827,5.975158,0,0,0,0,0,0,24059.486,40797.914,0,0,61940.348,101640.3
28215,303.1136481,5.976205,0,0,0,0,0,0,0,0,0,0,0,336136.53
28224,345.1333284,5.9770684,0,0,0,0,0,0,0,0,0,46867.355,416697.16,371706.9
28255,342.3008107,5.984458,0,0,0,0,4586.2295,80664.93,0,0,0,0,0,0
28268,393.3522351,5.988983,0,0,24245.18,24841.482,142662.25,45485.04,0,0,0,0,0,0
28274,631.2526447,5.9911976,0,13118.842,0,92678.34,0,0,0,0,0,0,7929.4272,7462.0884
28276,296.2953863,5.993041,0,0,0,0,0,86797.09,0,0,0,0,0,0
28278,485.3618023,5.9935064,0,52021.414,0,50466.906,7741.505,7186.1816,0,0,0,0,0,0
28291,465.3001094,5.996875,0,0,19717.277,0,199037.5,0,0,0,0,0,0,0
28310,408.3700137,6.00105,0,198016.34,178603.12,192600.11,0,123203.72,0,0,0,0,0,0
28313,245.117231,6.001881,0,0,0,0,0,0,0,0,0,171537.14,223921.48,167182.77
28342,437.3422096,6.007253,0,68078.336,396216.53,0,0,6574.3047,0,0,0,0,0,0
28347,392.374563,6.0086246,0,45143.457,44563.723,33679.46,0,47874.605,0,0,0,0,0,0
28348,354.3015932,6.0086517,0,0,0,0,235722.6,23991.574,0,0,0,0,0,0
28352,337.1047526,6.0088115,0,0,0,0,0,0,0,0,0,89756.46,397940.47,311892.38
28354,311.0915401,6.0103345,0,0,0,0,0,0,0,0,0,0,566301.4,518610.2
28360,635.2123514,6.012278,0,0,0,0,0,0,0,0,0,175101.02,183363.16,246534.78
28366,277.1774314,6.015751,0,0,0,0,0,0,0,0,0,658229.1,285633.44,294841.53
28382,540.4488427,6.019333,0,112834.484,147443.27,162035.5,175979.48,0,0,0,0,0,0,0
28417,227.1066479,6.029869,0,0,0,0,0,0,0,0,0,250889.39,175699.84,187932.05
28418,259.1329451,6.029869,0,0,0,0,0,0,0,0,0,489290.12,325615.8,343095.16
28419,317.1360577,6.029869,0,0,0,0,0,0,0,0,0,1647212.6,1253915.2,1317983.5
28424,443.3531363,6.0306835,0,35558.668,30915.191,40839.758,190424.27,0,0,0,0,0,0,0
28425,445.3681128,6.0310225,0,0,0,107009.58,44908.184,0,0,0,0,0,0,0
28426,584.4750132,6.03103,0,100291.99,102017,0,91864.32,0,0,0,0,0,0,0
28428,318.1393735,6.0315113,0,0,0,0,0,0,0,0,0,0,202955.98,225396.67
28437,337.0839231,6.0333304,0,0,0,0,0,0,0,0,0,111755.87,748041,326940.78
28443,338.0872092,6.0338507,0,0,0,0,0,0,0,0,0,0,126772.58,0
28449,315.1955016,6.0343122,0,0,0,0,0,0,74575.086,102702.35,0,0,0,0
28471,395.3690278,6.039708,0,0,0,0,145343.8,0,0,0,0,0,0,0
28483,297.1848898,6.0407124,0,0,0,0,0,0,25241.287,31330.154,0,0,0,0
28495,705.4422359,6.0453553,0,0,0,0,0,0,0,0,23127.055,0,0,0
28507,357.300943,6.047651,0,0,25978.678,0,11498.13,71070.516,0,0,0,0,0,0
28518,203.1430212,6.0506225,0,0,0,0,0,0,0,0,0,482519.8,432496.03,390328.2
28519,577.2069193,6.0506186,0,0,0,0,0,0,0,0,0,188676.4,157092.05,160222.03
28522,205.1589291,6.052314,0,17027.059,0,0,63867.895,0,0,0,0,500006.25,507925.22,345446.1
28530,315.1228541,6.054112,0,0,0,0,0,0,0,0,0,520768.56,1777729.1,1614767.4
28536,408.3691264,6.054761,0,145803.92,204611.16,113673.87,216812.4,169897.14,0,0,0,0,0,0
28550,496.4275879,6.05763,0,0,0,0,0,137505.16,0,0,0,0,0,0
28571,252.1675322,6.060455,0,0,0,0,0,0,0,0,0,0,0,1166851.2
28584,174.5776951,6.0610766,0,0,0,0,0,0,0,0,0,240609.55,233287.31,206316.95
28586,251.1641622,6.061072,0,0,0,0,0,0,0,0,0,9550510,8073533,7427868.5
28587,273.1461499,6.061072,0,0,0,0,0,0,0,0,0,8200025.5,7411700,7035563.5
28594,441.3747266,6.061748,0,0,0,204957.7,98745.47,34106.055,0,0,0,0,0,0
28595,496.4224219,6.0623035,0,92132.44,0,0,0,0,0,0,0,0,0,0
28610,233.1536171,6.064533,0,0,0,0,0,0,0,0,0,2645861,2150870.5,1967712.6
28612,270.1376077,6.064533,0,0,0,0,0,0,0,0,0,120201.75,85986.32,73499.32
28614,335.1166924,6.064533,0,0,0,0,0,0,0,0,0,217161.97,194353.52,178330.3
28626,221.1538298,6.067087,0,0,0,0,45145.49,0,0,0,0,415135.34,164125.19,171338.7
28637,343.1176929,6.067987,0,0,0,0,0,0,0,0,0,44511.098,1019960.75,793477
28638,523.302989,6.067987,0,0,0,0,0,0,0,0,0,111350.88,78924.805,73022.61
28644,235.1692582,6.068803,0,60112.594,0,0,0,0,0,0,0,495347.25,0,0
28665,215.1430323,6.071442,0,0,0,0,0,0,0,0,0,424467.56,376419.75,353502.47
28666,452.3955561,6.0721807,0,164688.39,212333.16,129648.65,185687.86,0,0,0,0,0,0,0
28667,256.133164,6.072226,0,0,0,0,0,0,32733.191,85288.83,7432.3755,0,0,0
28685,364.3432901,6.075531,0,119261.04,151369.42,79899.195,126166.52,90106.82,0,0,0,0,0,0
28687,278.1151596,6.076441,0,0,0,0,0,0,19201.648,51997.395,4352.5547,0,0,0
28688,615.2571767,6.0767694,0,0,0,69341.445,0,0,0,0,0,0,29739.623,22172.555
28690,438.3452409,6.0770884,0,0,126862.18,0,0,0,0,0,0,0,0,0
28692,601.3889069,6.07744,0,93811.07,94157.875,0,0,0,0,0,0,0,0,0
28693,437.3417066,6.077791,0,329097.84,0,0,0,0,0,0,0,0,0,0
28696,532.4365325,6.077791,0,88131.945,0,0,0,0,0,0,0,0,0,0
28737,365.0995979,6.085755,0,0,0,0,0,0,0,0,0,15624.809,252323.67,209216.45
28744,187.1481206,6.0869226,0,12244.118,0,0,0,0,0,0,0,425678,351989.88,330849.97
28748,175.1117524,6.0890822,0,0,0,0,0,0,0,0,0,843819.7,706065.3,668030.94
28750,593.2782238,6.089631,0,579689.4,99344.17,2126090.8,17867.785,61775.805,0,0,0,0,0,0
28769,592.2685036,6.094424,0,0,0,61986.035,0,0,0,0,0,0,0,0
28772,678.4944889,6.094424,0,0,0,70718.86,0,0,0,0,0,0,0,0
28779,284.2963254,6.095737,0,0,0,0,52387.152,0,0,0,0,0,0,0
28785,607.2157494,6.096773,0,0,0,0,0,0,64841.66,117196.26,7258.5073,34654.473,48725.594,69684.484
28787,723.4890865,6.0970693,0,0,0,0,0,0,0,0,32250.314,0,0,0
28807,459.3837545,6.101134,0,52804.94,9232.143,74438.016,15060.203,8626.567,0,0,0,0,0,0
28813,423.3622758,6.102472,0,0,0,86933.04,0,0,0,0,0,0,0,0
28828,440.3606659,6.103061,0,47072.77,180024,0,0,0,0,0,0,0,0,0
28829,249.1485712,6.1031265,0,0,0,0,0,0,0,0,0,825442.94,712088.56,614462.8
28830,295.188017,6.1031265,0,0,0,0,0,0,0,0,0,197367.16,63515.492,53569.227
28839,307.2661074,6.106403,0,0,0,0,0,64159.566,0,0,0,0,0,0
28840,363.1864894,6.106403,0,0,0,0,0,67640.53,0,0,0,0,0,0
28847,514.3885563,6.1074367,0,72837.3,23319.307,0,80261.15,0,0,0,0,0,0,0
28854,201.1273848,6.110086,0,0,0,0,0,0,0,0,0,232161.1,205630.66,167609.47
28855,393.3519264,6.1103377,0,0,61617.395,0,0,0,0,0,0,0,0,0
28867,285.1121921,6.113561,0,0,0,0,0,0,0,0,0,658007.75,1357132.8,1192174
28869,315.1567325,6.113561,0,0,0,0,0,0,0,0,0,150459.05,90001,74286.75
28871,605.1997899,6.113561,0,0,0,0,0,0,0,0,0,40289.496,87416.984,143734.25
28874,286.1155398,6.114856,0,0,0,0,0,0,0,0,0,0,242770.53,218502.16
28889,427.3575481,6.119658,0,85470.86,58474.54,183780.27,0,0,0,0,0,0,0,0
28892,479.3741173,6.122301,0,134992.88,30314.307,27105.857,24200.596,0,0,0,0,0,0,0
28893,518.4208894,6.122491,0,2115.3193,12175.087,131571.67,73756.7,0,0,0,0,0,0,0
28901,395.3682243,6.124242,0,111540.39,87282.05,42770.016,267846.06,0,0,0,0,0,0,0
28909,500.3745156,6.1268263,0,0,0,0,164081.83,0,0,0,0,0,0,0
28912,463.1236092,6.1281815,0,0,0,0,0,0,0,216080.83,0,0,0,0
28917,301.141035,6.131695,0,0,0,0,0,0,0,0,0,183630.17,203656.38,224700.86
28928,547.3622198,6.13404,0,0,10446.975,0,56098.53,0,0,0,0,0,0,0
28929,469.3672229,6.1341095,0,81509.945,0,0,0,0,0,0,0,0,0,0
28934,579.2227599,6.135141,0,0,0,0,0,0,0,0,0,347091.38,374912.25,328502.94
28938,257.0784178,6.1358504,0,0,0,0,0,0,0,0,52963.24,0,0,0
28942,328.321645,6.1361847,0,27914.607,39351.914,20065.623,22836.78,136181.66,0,0,0,0,0,0
28943,542.4083066,6.1361675,0,0,0,0,88274.45,29664.434,0,0,0,0,0,0
28951,647.2126155,6.1386166,0,0,0,0,0,0,0,0,0,24001.2,123251.54,151325
28953,217.1587228,6.138717,0,0,0,0,0,0,0,0,0,0,218473.28,0
28956,447.1286391,6.141124,0,0,0,0,0,0,0,49748.633,0,0,0,0
28959,279.1591865,6.1423798,0,0,0,0,0,0,0,0,0,146609.78,130402.82,167415.31
28962,381.3524151,6.145323,0,62197.68,0,20593.45,0,0,0,0,0,0,0,0
28965,245.117249,6.145851,0,0,0,0,0,0,0,0,0,102594.06,190881.05,150491.62
28971,315.122817,6.1493325,0,0,0,0,0,0,0,0,0,174012.86,487308,486045.72
28977,542.4204299,6.149382,0,245449.31,0,0,0,0,0,0,0,0,0,0
28996,203.1795155,6.152979,0,125260.61,16446.951,0,0,0,0,0,0,0,0,0
28997,247.1693247,6.152979,0,512505,41600.363,0,0,0,0,0,0,0,0,0
29008,247.1328944,6.1551137,0,0,0,0,0,0,0,0,0,701870.56,0,0
29010,283.0965475,6.1565285,0,0,0,0,0,0,0,0,0,187118.16,2117769.8,1550624.5
29016,189.1638154,6.15685,0,215246.94,14780.93,0,0,0,0,0,0,0,0,0
29020,284.0999165,6.157236,0,0,0,0,0,0,0,0,0,0,377058.25,280115.84
29021,295.1880403,6.157236,0,0,0,0,0,0,0,0,0,0,95112.625,90575.16
29027,583.41961,6.1577864,0,0,0,0,75523.21,0,0,0,0,0,0,0
29028,409.3113799,6.1581903,0,30156.307,6717.9136,0,121819.58,25618.818,0,0,0,0,0,0
29038,451.3572629,6.1606903,0,317492.66,20075.828,0,0,0,0,0,0,0,0,0
29041,549.3635508,6.1613097,0,0,0,0,0,0,0,0,47548.195,0,0,0
29046,709.5099497,6.1613097,0,0,0,0,0,0,0,0,43687.383,0,0,0
29051,524.4312885,6.1627593,0,25187.303,70137,48137.5,15699.521,0,0,0,0,0,0,0
29112,522.3788396,6.1799746,0,0,0,0,79366.805,50893.45,0,0,0,0,0,0
29133,497.3619687,6.184321,0,2119669,132671.81,88933.484,31127.438,0,0,0,0,0,0,0
29135,445.3679862,6.184817,0,132047.47,126806.86,31699.225,114703.984,49916.805,0,0,0,0,0,0
29153,520.4362592,6.188472,0,0,0,208140.58,6906.123,0,0,0,0,0,0,0
29154,275.1618364,6.1886353,0,0,0,0,0,0,0,0,0,1082630.6,985227.7,793481.1
29160,597.2333851,6.188894,0,0,0,0,0,0,0,0,0,238831.3,311313.28,275924.62
29164,591.4264652,6.191811,0,140817.12,0,59680.188,447222.3,98290.195,0,0,0,0,0,0
29165,461.3628878,6.191908,0,133689.06,29316.93,87846.05,64125.598,10074.863,0,0,0,0,0,0
29168,238.1882426,6.192113,0,0,0,0,0,0,0,0,0,0,115582.51,0
29184,219.174358,6.1958795,0,0,0,0,0,0,0,0,0,719645.25,861997.7,689231.94
29185,237.1849115,6.1958795,0,0,0,0,0,0,0,0,0,520678.78,746887.44,535336.5
29196,201.1638685,6.198019,0,54477.64,4512.3276,0,48802.65,0,0,0,0,263322.22,316393.8,334035.47
29198,285.1121939,6.1993585,0,0,0,0,0,0,0,0,0,498565.56,855714.75,761071.25
29199,581.2385902,6.1993585,0,0,0,0,0,0,0,0,0,223308.47,437881.22,268443.9
29200,310.3111104,6.199397,0,0,0,0,5194.896,115988.81,0,0,0,0,0,0
29203,286.1155337,6.2000933,0,0,0,0,0,0,0,0,0,0,146997.83,129114.945
29205,441.3728536,6.200485,0,0,0,147330.47,43018.953,0,0,0,0,0,0,0
29206,593.2762507,6.2009063,0,162443.19,38524.74,488482.34,0,0,0,0,0,0,0,0
29208,354.3373745,6.202325,0,0,0,0,0,50381.125,0,0,0,0,0,0
29209,674.522997,6.202325,0,0,0,0,0,53296.2,0,0,0,0,0,0
29223,919.5578501,6.203337,0,0,69813.26,0,0,0,0,0,0,0,0,0
29238,279.193127,6.2065053,0,0,0,0,0,0,0,0,0,642738.06,878126.4,648015.06
29246,437.3420259,6.208367,0,3399314.2,291618.28,176518.53,40889.77,18967.316,0,0,0,0,0,0
29260,221.1535675,6.2099814,0,0,0,0,0,0,0,0,0,232923.53,226640.44,198440.86
29271,219.1379984,6.213457,0,0,0,0,0,0,0,0,0,483962.44,170328.72,202265.38
29272,239.1277608,6.213457,0,0,0,0,0,0,0,0,0,108609.06,96197.75,129624.125
29273,265.1434797,6.213457,0,0,0,0,0,0,0,0,0,600413,233177.9,258977.47
29277,221.1172464,6.2169285,0,0,0,0,0,0,0,0,0,504492.47,451358.25,626817.8
29278,287.1253939,6.2169285,0,0,0,0,0,0,0,0,0,473708.66,184258.08,206929.36
29282,339.1955381,6.218356,0,0,45458.113,0,0,0,0,0,0,0,0,0
29285,674.5205948,6.218704,0,3515.2676,0,0,0,127494.84,0,0,0,0,0,0
29301,474.3948779,6.219842,0,0,0,62186.727,0,0,0,0,0,0,0,0
29308,315.1936736,6.2211156,0,0,0,0,3220.9292,10121.553,80818.914,92730.54,0,0,0,0
29311,412.284807,6.222943,0,0,985376.3,47750.88,0,0,0,0,0,0,0,0
29313,161.0960889,6.223883,0,0,0,0,0,0,0,0,0,141592.12,108770.42,167295.88
29315,189.0910071,6.2239175,0,0,0,0,0,0,0,0,0,205992.62,197005.95,264317.5
29328,261.1097458,6.227398,0,0,0,0,0,0,0,0,0,274455.34,251015.8,343346.75
29330,315.1567257,6.227398,0,0,0,0,0,0,0,0,0,106957.766,63238.223,51839.21
29332,401.3416057,6.2275295,0,0,0,116455.836,0,0,0,0,0,0,0,0
29334,453.336025,6.228039,0,11159.644,0,0,357627.47,0,0,0,0,0,0,0
29346,313.1071541,6.2308745,0,0,0,0,0,0,0,0,0,61217.87,1026385.8,821027.3
29358,495.3672966,6.231744,0,0,0,0,51890.28,36270.6,0,0,0,0,0,0
29359,486.3582504,6.232547,0,19925.605,34634.812,0,292662.3,28387.797,0,0,0,0,0,0
29361,441.3197489,6.2337456,0,0,171649.88,0,0,0,0,0,0,0,0,0
29375,341.1020465,6.236869,0,0,0,0,0,0,0,0,0,0,225549.53,214041.86
29378,334.3111046,6.2387958,0,0,0,0,104548.16,35376.81,0,0,0,0,0,0
29380,393.3520946,6.239281,0,106602.555,96819.766,15231.232,0,34442.13,0,0,0,0,0,0
29391,441.3015958,6.2400546,0,9499.829,0,0,118282.98,15670.8125,0,0,0,0,0,0
29403,500.4111939,6.242557,0,0,0,58339.242,0,2491.174,0,0,0,0,0,0
29433,367.0943601,6.248417,0,0,0,0,0,0,0,0,0,8837.402,587011.7,237354.08
29446,251.1253226,6.2509828,0,0,0,0,0,0,34225.527,34018.695,17115.299,0,0,0
29452,231.1377527,6.2522116,0,0,13134.009,0,0,0,0,0,0,0,400315,0
29454,440.3148029,6.2530885,0,0,597430.75,18759.656,0,24911.334,0,0,0,0,0,0
29483,463.2829285,6.2588043,0,0,0,0,100925.09,0,0,0,0,0,0,0
29488,557.4437954,6.2588043,0,0,0,0,137254.48,0,0,0,0,0,0,0
29492,597.4353399,6.2588043,0,0,0,0,209730.22,0,0,0,0,0,0,0
29500,245.1510279,6.261182,0,0,0,0,0,0,0,0,0,69919.234,0,17028.639
29504,679.4775241,6.261564,0,39538.727,0,0,165491.86,829453.94,0,0,0,0,0,0
29508,569.2746889,6.2625313,0,0,0,0,0,0,0,0,0,211283.7,295363.97,191547.14
29514,492.2018291,6.263129,0,0,0,0,0,0,0,0,0,0,155709.16,144612.22
29518,440.3608874,6.2644496,0,137743.56,231049.77,71849.99,0,0,0,0,0,0,0,0
29528,534.2626158,6.2666583,0,0,0,45027.844,0,0,0,0,0,0,0,0
29559,281.0809224,6.2683415,0,0,0,0,0,0,0,0,0,0,964639.75,591160.5
29586,277.1774528,6.2695236,0,0,0,0,0,0,0,0,0,838460.2,835555.1,651200.75
29604,682.6352405,6.271611,0,0,12546.426,0,239924.44,0,0,0,0,0,0,0
29606,395.2211818,6.271679,0,28977.025,0,60767.086,97131.09,98993.99,0,0,0,0,0,0
29614,816.6581197,6.272478,0,28504.834,5546.8633,0,0,248833.44,0,0,0,0,0,0
29622,494.4209207,6.2740216,0,262516.47,41633.75,0,0,0,0,0,0,0,0,0
29630,925.545172,6.2744913,0,0,128687.33,0,0,0,0,0,0,0,0,0
29654,601.3722576,6.275636,0,7821.554,0,0,295864.3,116878.99,0,0,0,0,0,0
29657,455.3526202,6.275729,0,0,0,229489.4,48103.715,0,0,0,0,0,0,0
29675,535.271078,6.2769594,0,42902.406,22142.254,791589.6,0,19310.377,0,0,0,0,0,0
29676,475.3783042,6.277413,0,5465.189,23431.521,48267.26,0,0,0,0,0,0,0,0
29683,443.3531536,6.278362,0,122776.65,75988.305,80536.38,294115.16,213932.12,0,0,0,0,0,0
29692,309.2035934,6.279913,0,0,0,0,0,0,0,44660.92,0,0,0,0
29718,492.4053583,6.282519,0,12386.874,22177.068,115033.61,24167.707,3675.9556,0,0,0,0,0,0
29726,268.162449,6.2828975,0,0,0,0,0,0,0,0,0,92847.97,0,0
29727,393.3523349,6.282979,0,496068.38,366712.38,48656.105,38983.17,54299.47,0,0,0,0,0,0
29733,267.1591227,6.2836223,0,0,0,0,0,0,0,0,0,601794.5,757771.4,591062.8
29734,284.1856575,6.2836223,0,0,0,0,0,0,0,0,0,251250.64,296940.28,234883.3
29747,493.3297653,6.2840295,0,0,0,0,293371.38,0,0,0,0,0,0,0
29751,537.3559071,6.2840295,0,0,0,0,160175.58,0,0,0,0,0,0,0
29754,631.4561244,6.2840295,0,0,0,0,178655.02,0,0,0,0,0,0,0
29761,379.284763,6.284955,0,156982.05,320336.38,0,104441.56,31142.979,0,0,0,0,0,0
29763,423.362971,6.2856393,0,0,0,84032.93,14944.721,43711.035,0,0,0,0,0,0
29764,245.1157592,6.2859707,0,0,0,0,0,19611.86,0,0,0,0,162322.56,128127.9
29770,1055.701328,6.2869663,0,3178.8796,0,434493.97,0,0,0,0,0,0,0,0
29772,207.1379604,6.287102,0,0,0,0,0,0,0,0,0,470904.66,584963.06,434547.22
29773,305.1150338,6.2870936,0,0,0,0,0,0,0,0,0,219175.23,268365.34,199952.95
29777,494.4204553,6.2872825,0,67130.21,176681.9,0,10834.494,0,0,0,0,0,0,0
29781,499.3787803,6.288401,0,546339.56,377577.56,0,23256.283,0,0,0,0,0,0,0
29783,140.0684096,6.2894235,0,25624.826,127449.37,41478.58,151287.88,410638.12,0,0,0,0,0,0
29784,427.3579325,6.2894917,0,51901.855,38504.734,36189.285,148724.83,225424.55,0,0,0,0,0,0
29794,583.3274833,6.2902703,0,0,0,0,0,154301.97,0,0,0,0,0,0
29797,495.3444638,6.2904415,0,0,0,135882.5,0,0,0,0,0,0,0,0
29798,520.3852904,6.2904415,0,0,0,63732.47,0,0,0,0,0,0,0,0
29799,525.3399586,6.2904415,0,0,0,106507.82,0,0,0,0,0,0,0,0
29804,439.357696,6.290549,0,0,2663924.8,303440.25,43598.367,175676.88,0,0,0,0,0,0
29823,431.3529985,6.292551,0,155577.38,126272.95,11379.602,90287.68,0,0,0,0,0,0,0
29827,441.3730808,6.293382,0,0,0,273701.97,73740.195,104596.68,0,0,0,0,0,0
29836,527.3735886,6.2942333,0,98144.08,31246.6,0,0,0,0,0,0,0,0,0
29838,455.3346545,6.294754,0,0,0,0,102627.62,245432.84,0,0,0,0,0,0
29839,411.3267939,6.294992,0,38011.676,30272.867,28796.512,38753.285,219357.77,0,0,0,0,0,0
29854,605.3092869,6.297991,0,0,0,0,0,101466.95,0,0,0,0,0,0
29866,1050.747176,6.2981267,0,0,0,149178.84,0,0,0,0,0,0,0,0
29867,1066.74139,6.2981267,0,0,0,353938.94,0,0,0,0,0,0,0,0
29868,1071.695182,6.2981267,0,0,0,647352.94,0,0,0,0,0,0,0,0
29869,1082.735951,6.2981267,0,0,0,384679.88,0,0,0,0,0,0,0,0
29870,1087.688564,6.2981267,0,0,0,450110.34,0,0,0,0,0,0,0,0
29895,203.1431683,6.3009086,0,0,0,0,114174.76,0,0,0,0,323352.22,384250.66,302015.53
29897,301.1434019,6.3012676,0,0,0,0,0,0,0,0,0,104897.234,212898.1,155690.14
29909,705.4422636,6.3034472,0,0,0,0,0,0,0,0,28490.463,0,0,0
29910,504.3914382,6.3040986,0,77290.76,62042.742,0,192555.81,97898.266,0,0,0,0,0,0
29911,509.3464407,6.3040986,0,127906.03,111987.32,0,231482.42,218898.8,0,0,0,0,0,0
29916,579.2227503,6.3047395,0,0,0,0,0,0,0,0,0,281663.97,398013.72,363479.38
29923,637.3517936,6.3058257,0,145846.34,119875.6,4422.195,0,0,0,0,0,0,0,0
29948,396.3481272,6.3084164,0,0,4634.949,0,19278.043,131368.4,0,0,0,0,0,0
29955,439.3579358,6.3104796,0,3573799.5,709486.75,217642.94,45717.01,0,0,0,0,0,0,0
29972,629.4020614,6.3144207,0,0,0,0,181999.44,0,0,0,0,0,0,0
29981,275.1618114,6.315275,0,0,0,0,0,0,0,0,0,0,320646.12,317492.84
29987,417.2999871,6.3159575,0,3031.8953,66951.49,0,0,7201.704,0,0,0,0,0,0
29992,903.5633134,6.316967,0,0,2532062.2,0,0,84049.93,0,0,0,0,0,0
30016,337.0838448,6.3186517,0,0,0,0,0,0,0,0,0,37382.812,1322181.2,507645.47
30021,409.3109425,6.319547,0,39632.008,14737.822,0,145296.1,53712.68,0,0,0,0,0,0
30024,319.0732814,6.320492,0,0,0,0,0,0,0,0,0,0,365106.7,137685.33
30026,359.0657848,6.320492,0,0,0,0,0,0,0,0,0,0,183054.84,69289.61
30047,687.4821369,6.3219776,0,0,99866.88,0,104152.734,251198.44,0,0,0,0,0,0
30065,411.3629129,6.325831,0,123801.71,39585.29,120315.34,35071.18,94159.445,0,0,0,0,0,0
30066,471.3456781,6.3264832,0,0,476570.2,0,231235.14,50028.44,0,0,0,0,0,0
30067,449.363103,6.326621,0,208746.19,179907.38,6745.964,53270.062,11095.956,0,0,0,0,0,0
30079,373.2331413,6.328955,0,0,0,0,0,123562.25,0,0,0,0,0,0
30090,453.3729097,6.329022,0,118766.24,68609.055,0,9077.484,0,0,0,0,0,0,0
30093,205.1586921,6.3294463,0,0,0,0,0,0,0,0,0,696619.4,269158.2,329839.84
30099,460.3432637,6.3295665,0,0,0,0,64895.594,0,0,0,0,0,0,0
30102,488.3744773,6.3295665,0,0,0,0,153514.67,0,0,0,0,0,0,0
30104,557.4427984,6.3295665,0,0,0,0,467545.28,0,0,0,0,0,0,0
30105,592.4800598,6.3295665,0,0,0,0,578873.56,0,0,0,0,0,0,0
30106,597.4349341,6.3295665,0,0,0,0,1566752.2,0,0,0,0,0,0,0
30107,620.5106119,6.3295665,0,0,0,0,107792.086,0,0,0,0,0,0,0
30108,411.362618,6.329939,0,0,0,100343.49,0,101237.484,0,0,0,0,0,0
30109,191.1795585,6.3299713,0,237906.31,165512.55,14659.104,0,13168.376,0,0,0,10873.592,0,0
30117,205.1586999,6.331684,0,0,0,0,0,0,0,0,0,353972.06,184057.7,0
30120,485.3614213,6.332862,0,75460.914,8905.537,4972.172,3504.9468,7698.8545,0,0,0,0,0,0
30121,407.2952883,6.3329263,0,25277.047,7677.3022,0,89245.07,22336.156,0,0,0,0,0,0
30122,217.1222753,6.332947,0,0,0,0,0,0,0,0,0,94219.18,42740.793,58043.777
30127,445.3678202,6.334195,0,117160.53,214985.33,0,51747.723,33034.902,0,0,0,0,0,0
30134,284.0998689,6.33622,0,0,0,0,0,0,0,0,0,0,174409.72,144115.19
30151,245.1511207,6.336938,0,0,0,0,0,0,0,0,0,151745.02,0,0
30155,441.3963206,6.3372436,0,0,0,0,87934.19,0,0,0,0,0,0,0
30165,284.2951533,6.338949,0,50609.336,71088.49,29406.86,120100.95,157213.5,0,0,0,0,0,0
30172,249.1485131,6.340748,0,0,0,0,0,0,8080.294,0,0,0,836351.1,635873.75
30176,283.0965442,6.3434944,0,0,0,0,0,0,0,0,0,174406.56,962489.2,828030.3
30186,919.5575465,6.345069,0,0,405497.88,0,0,18146.146,0,0,0,0,0,0
30202,564.4997512,6.346376,0,0,0,0,0,150197.95,0,0,0,0,0,0
30204,604.492892,6.346376,0,0,0,0,0,275508.47,0,0,0,0,0,0
30206,782.5801743,6.346689,0,0,0,137980.61,0,0,0,0,0,0,0,0
30216,283.2636434,6.3489294,0,4860.3564,33074.15,6133.205,25077.225,592003.6,0,0,0,0,0,0
30221,380.210053,6.3503447,0,7763.5884,80512.914,25253.596,51926.934,257821.47,0,0,0,0,0,0
30227,289.1420546,6.352028,0,0,0,0,0,0,7752.0195,9865.657,0,831007.25,984941.8,1105411.2
30230,463.3788639,6.3524575,0,206436.38,233656.7,115008.32,40082.348,69043.914,0,0,0,0,0,0
30232,657.1970289,6.3526034,0,0,0,0,0,0,0,0,0,0,94013.19,106968.67
30237,477.2983987,6.3527684,0,0,0,0,190967.56,0,0,0,0,0,0,0
30238,500.3739649,6.3527684,0,0,0,0,158557.97,0,0,0,0,0,0,0
30262,631.4169183,6.3543835,0,46314.484,66568.195,19712.732,0,0,0,0,0,0,0,0
30270,579.0599421,6.3556304,0,0,0,0,0,0,13593.774,260617.45,0,0,0,0
30290,453.3371699,6.360252,0,0,0,0,146174.45,0,0,0,0,0,0,0
30295,523.360703,6.360657,0,0,114644.555,0,0,0,0,0,0,0,0,0
30301,350.0336154,6.3608046,0,0,0,0,0,0,36018.957,181616.6,0,0,0,0
30302,351.2142404,6.3608046,0,0,0,0,0,0,24064.066,218601.17,0,0,0,0
30303,368.0441373,6.3608046,0,0,0,0,0,0,23869.69,132679.55,0,0,0,0
30305,594.0245136,6.3608046,0,0,0,0,0,0,26045.545,508100.25,0,0,0,0
30308,237.1848927,6.3612432,0,0,0,0,0,0,6274.799,0,0,339728.06,301143.22,239818.62
30313,563.082349,6.3615594,0,0,0,0,0,0,0,113036.72,0,0,0,0
30317,849.1125553,6.3615594,0,0,0,0,0,0,0,107175.16,0,0,0,0
30323,565.0709106,6.36168,0,0,0,0,0,0,13864.428,316466.28,0,0,0,0
30332,787.5345418,6.3633575,0,0,0,210406.67,0,0,0,0,0,0,0,0
30335,353.2304222,6.363688,0,0,0,0,0,23537.988,11953.225,73488.914,0,0,0,0
30336,816.6575899,6.3648434,0,0,5624.587,0,0,181689.27,0,0,0,0,0,0
30338,925.5449968,6.3648434,0,0,355934.12,0,0,11082.099,0,0,0,0,0,0
30341,184.5256313,6.366295,0,0,0,0,0,0,57674.266,218406.31,0,0,0,0
30344,356.0509709,6.366295,0,0,0,0,0,0,48465.605,202700.03,0,0,0,0
30352,491.3141558,6.367783,0,0,0,0,179696.97,0,0,0,0,0,0,0
30371,271.060139,6.3693757,0,0,0,0,0,0,6262412.5,3.77E+07,11513.555,11426.222,22451.123,17593.93
30383,423.3629445,6.371074,0,0,49830.664,363680.03,35425.31,328678.03,0,0,0,0,0,0
30389,193.5309234,6.372344,0,0,0,0,0,0,73258.87,286202.3,0,0,0,0
30408,293.1149019,6.372851,0,0,0,0,0,0,0,0,0,280007.06,317150.47,309102.1
30410,579.3881252,6.3740215,0,123074.45,108090,7227.344,338907.7,777991.06,0,0,0,0,0,0
30434,395.3681877,6.377517,0,210103.34,77711.27,174926.47,0,72092.64,0,0,0,0,0,0
30447,269.1172067,6.3798223,0,0,0,0,0,0,0,0,0,474715.47,699838.3,608128.25
30462,270.1206406,6.3806505,0,0,0,0,0,0,0,0,0,79914.53,115460.38,0
30499,445.3683184,6.38463,0,173725.39,99979.52,0,112294.31,112851.58,0,0,0,0,0,0
30513,187.1481134,6.3869042,0,0,0,0,0,0,0,0,0,265116.1,280536.38,228730.97
30515,233.1536169,6.3869042,0,0,0,0,0,0,0,0,0,2079880.2,1814942.1,1379250.2
30519,599.2490944,6.3869042,0,0,0,0,0,0,0,0,0,147896.84,219270.98,216363.92
30522,251.1635343,6.388986,0,0,0,0,0,0,14201.7705,0,0,871344.44,515634.2,634206.6
30536,581.2386001,6.390386,0,0,0,0,0,0,0,0,0,135371.98,222673.34,161628.03
30549,352.2482673,6.3925576,0,0,0,0,0,0,0,0,112266.32,0,0,0
30552,529.3371795,6.3925576,0,0,0,0,0,0,0,0,27992.943,0,0,0
30556,619.2175715,6.394291,0,0,0,0,0,0,0,0,0,192473.19,342606.7,371892.66
30568,574.432648,6.396212,0,85695.93,55501.95,0,181662.77,245324.81,0,0,0,0,0,0
30591,516.3902387,6.400036,0,32934.07,25012.27,0,85905.19,40623.88,0,0,0,0,0,0
30592,521.3461318,6.400036,0,50015.96,45491.63,0,157655.95,75324.375,0,0,0,0,0,0
30596,335.089126,6.400704,0,0,0,0,0,0,0,0,0,0,171437.48,172524.98
30601,441.3733893,6.40101,0,0,0,555729.1,67800.08,31057.707,0,0,0,0,0,0
30602,271.1326366,6.401229,0,0,0,0,0,0,6552.232,9680.081,0,1967029.9,2254604,2132924.2
30603,313.1071617,6.401261,0,0,0,0,0,0,0,0,0,103405.33,1669806.5,1463289.1
30605,445.1918935,6.4014864,0,0,0,0,0,0,307921.66,404805.47,0,0,0,0
30615,273.0756063,6.4027314,0,0,0,0,0,0,17459.863,87943.69,1062962.2,0,0,0
30623,358.0666391,6.4051995,0,0,0,0,0,0,0,0,48776.395,0,0,0
30647,873.4116154,6.4078407,0,0,0,0,0,0,766231.8,2547404,0,0,0,0
30648,889.385496,6.4078407,0,0,0,0,0,0,40152.324,126724.29,0,0,0,0
30660,483.3447901,6.410725,0,0,0,0,67692.26,57478.277,0,0,0,0,0,0
30662,403.3578272,6.4109697,0,0,0,176147.58,0,0,0,0,0,0,0,0
30667,607.2164436,6.411106,0,0,0,0,0,0,15598.838,73738.016,0,38852.695,72188.51,84800.39
30676,851.4296896,6.413743,0,0,0,0,0,0,1778894,2355863.2,0,0,0,0
30682,357.1333673,6.4146814,0,0,0,0,0,0,0,133917.36,0,13754.049,101799.62,90385.51
30707,544.4221414,6.4185357,0,72336.89,77996.07,11123.113,113669.74,57520.688,0,0,0,0,0,0
30720,546.4376805,6.420691,0,124874.73,124974.9,8219.68,0,116288.42,0,0,0,0,0,0
30733,518.4062338,6.4224157,0,400716.47,311198.34,56073.47,939614.1,528408.7,0,0,0,0,0,0
30734,523.3617349,6.4224157,0,360268.97,212423.52,36648.523,782039.2,878616.94,0,0,0,0,0,0
30736,689.4971775,6.422957,0,0,133210.38,0,242542.14,309392.78,0,0,0,0,0,0
30737,309.2052976,6.423002,0,0,0,0,0,0,32741.943,8894.407,0,5032.344,0,0
30741,684.5430759,6.423063,0,0,57970.453,0,153389.25,105819.03,0,0,0,0,0,0
30744,483.3701333,6.423326,0,32351.422,28601.018,0,93923.79,38841.824,0,0,0,0,0,0
30746,487.2323469,6.4235625,0,0,8944.977,0,0,0,64396.516,84251.94,0,0,0,0
30748,159.1168229,6.4240036,0,0,0,0,0,0,5843.275,7209.6787,0,361900.6,374003.88,304422.97
30749,480.404667,6.424072,0,98333.55,23188.959,0,4333.5464,7130.0215,0,0,0,0,0,0
30762,351.2144502,6.430009,0,0,5692.4536,0,0,176988.84,239428.53,277987.03,94313.86,0,0,0
30766,557.4427597,6.4301577,0,0,0,0,384019.16,0,0,0,0,0,0,0
30768,575.453618,6.4301577,0,0,0,0,105256.96,0,0,0,0,0,0,0
30770,592.4798336,6.4301577,0,0,0,0,1558111.9,0,0,0,0,0,0,0
30772,597.4347928,6.4301577,0,0,0,0,2157554.2,0,0,0,0,0,0,0
30775,620.5108673,6.4301577,0,0,0,0,356330.22,0,0,0,0,0,0,0
30777,629.2016124,6.430538,0,0,0,0,0,0,0,0,0,11847.384,137434.73,169301.77
30801,351.0994402,6.4340763,0,0,0,0,0,0,0,0,0,7070.78,206247.4,124227.91
30805,459.4073101,6.434454,0,6436.7104,0,0,179213.36,43481.52,0,0,0,0,0,0
30812,441.3960699,6.437029,0,4881.1133,0,0,198026.23,35621.81,0,0,0,0,0,0
30813,481.387301,6.437029,0,15689.309,0,0,218563.7,145957.06,0,0,0,0,0,0
30814,476.4326715,6.43712,0,3501.1926,0,0,94304.43,22378.076,0,0,0,0,0,0
30816,359.316055,6.4375277,0,19656.975,20388.86,15876.501,45441.664,51018.777,0,0,0,0,0,0
30817,221.1535912,6.437555,0,0,0,0,0,0,0,0,0,573200.7,259354.84,236253.62
30819,175.1480999,6.437586,0,0,0,0,0,0,0,0,0,125637.875,78437.87,66483.71
30821,203.143033,6.437586,0,0,0,0,0,0,0,0,0,484773.4,261597.08,230861.67
30823,327.1228084,6.437586,0,0,0,0,0,0,0,0,0,400335.25,1003457.8,941832.2
30841,261.1460955,6.4410634,0,0,0,0,0,0,0,0,0,431673.88,179172.75,154226.52
30842,349.104849,6.4410634,0,0,0,0,0,0,0,0,0,50384.71,147452.67,153008.05
30843,579.2228619,6.4410634,0,0,0,0,0,0,0,0,0,209482.98,283766.6,273467.28
30874,217.1591721,6.445214,0,0,0,0,133701.6,0,0,0,0,0,0,0
30876,427.3581353,6.4452333,0,50305.23,39512.492,37242.723,41870.05,78399.984,0,0,0,0,0,0
30883,395.1101116,6.44812,0,0,0,0,0,0,0,0,0,16671.996,70141.65,107965.67
30891,679.4771753,6.448465,0,0,0,0,0,250790.52,0,0,0,0,0,0
30903,347.1853194,6.4494023,0,0,0,0,0,0,56993.73,79740.74,0,0,0,0
30907,545.2359006,6.449663,0,0,0,0,0,0,251864.97,459599.22,0,0,0,0
30916,471.3844033,6.45292,0,0,0,0,74803.664,0,0,0,0,0,0,0
30945,469.2220514,6.455015,0,0,0,0,0,0,106238.67,146556.62,0,0,0,0
30946,505.2433527,6.455015,0,0,0,0,0,0,252016.34,352467.62,0,0,0,0
30956,495.3674262,6.456101,0,40028.496,22453.63,0,0,68843.44,0,0,0,0,0,0
30958,425.3780752,6.456443,0,13267.989,53131.36,103030.35,20311.572,48798.41,0,0,0,0,0,0
30959,427.2666443,6.4565926,0,0,0,0,0,0,9554.632,68143.21,102345.77,0,0,0
30961,614.2390243,6.458772,0,0,0,0,0,0,0,0,0,7503.6133,172874.62,264767.22
30963,329.1740446,6.4595046,0,0,0,0,0,0,60590.76,81602.62,0,4493.6504,0,0
30966,247.1328925,6.459651,0,0,0,0,0,0,0,0,0,0,402337.8,311950.72
30974,437.342177,6.4608903,0,0,0,81439.484,0,0,0,0,0,0,0,0
30991,455.3899173,6.4682155,0,0,0,0,93996.69,0,0,0,0,0,0,0
30996,565.2433267,6.468483,0,0,0,0,0,0,0,0,0,172503.03,0,0
31003,703.4776979,6.4709005,0,129949.13,68818.2,52212.3,43332.38,0,0,0,0,0,0,0
31025,561.3953755,6.47668,0,0,0,60069.97,0,0,0,0,0,0,0,0
31030,411.3629593,6.4772964,0,0,99737.98,0,114342.305,58853.215,0,0,0,0,0,0
31034,712.5374108,6.478207,0,367116.1,0,68817.21,0,0,0,0,0,0,0,0
31060,505.3527053,6.4819922,0,0,0,0,14975.066,61189.98,0,0,0,0,0,0
31064,730.5481067,6.484014,0,131359.72,130749.39,23495.828,0,0,0,0,0,0,0,0
31073,275.1624166,6.4850435,0,0,0,0,0,0,7312.053,0,0,383029.75,442962.8,349416.8
31090,293.2111646,6.4875607,0,0,0,0,0,0,118440.97,132492.17,38460.72,0,0,0
31106,187.1481191,6.4882317,0,0,0,0,0,0,0,0,0,197992.72,144356.95,128116.25
31107,215.1430566,6.4882317,0,0,0,0,0,0,0,0,0,861481.44,946874.8,651239.44
31108,233.1536211,6.4882317,0,0,0,0,0,0,0,0,0,2228806.2,1716241.2,1488201.6
31118,710.5596888,6.4890924,0,47859.895,115716.09,0,47005.64,0,0,0,0,0,0,0
31119,411.327089,6.4892673,0,25309.988,0,0,75281.22,65441.957,0,0,0,0,0,0
31120,728.5311652,6.489446,0,197598.6,60639.855,47771.45,0,0,0,0,0,0,0,0
31121,768.5233039,6.489446,0,250686.98,37394.016,36960.875,0,0,0,0,0,0,0,0
31123,301.0707698,6.489713,0,0,0,0,0,0,0,249291.52,0,0,0,0
31141,273.1461715,6.491819,0,0,0,0,0,0,0,0,0,875634.25,563359.1,605076.4
31142,197.1324616,6.4918275,0,0,0,0,0,0,0,0,0,91014.79,79667.18,73534.984
31146,275.2005623,6.491876,0,0,0,0,0,0,168286.23,234707.44,58680.43,0,0,0
31152,746.5429258,6.4920135,0,998226.7,207038.34,230640.62,0,0,0,0,0,0,0,0
31155,443.3537269,6.4929776,0,0,0,53690.04,0,0,0,0,0,0,0,0
31191,205.1586665,6.4979043,0,0,0,0,0,0,0,0,0,0,97764.61,71492.33
31236,682.5288553,6.504757,0,71223.41,102971.14,48468.76,107337.61,0,0,0,0,0,0,0
31239,303.0863566,6.5075517,0,0,0,0,0,0,0,0,56770.695,0,0,0
31248,687.4826921,6.5083885,0,152695.2,233975.86,48609.805,320984.2,129735.22,0,0,0,0,0,0
31271,613.4862654,6.5166397,0,35272.945,127441.27,18447.816,118136.98,37940.13,0,0,0,0,0,0
31279,671.4879655,6.5185876,0,60962.203,216238.28,0,242764.48,110939.17,0,0,0,0,0,0
31292,321.0889569,6.5207286,0,0,0,0,0,0,0,0,0,30622.846,203018.44,152751.19
31302,454.3901727,6.5242195,0,0,21050.703,67883.45,2878.8284,0,0,0,0,0,0,0
31310,341.3056297,6.525083,0,27618.834,31247.309,19658.67,56083.355,57476.527,0,0,0,0,0,0
31318,491.3143693,6.525157,0,0,0,0,126370.35,0,0,0,0,0,0,0
31322,513.3946455,6.525157,0,0,0,0,162034.88,0,0,0,0,0,0,0
31323,553.3879398,6.525157,0,0,0,0,340689.84,0,0,0,0,0,0,0
31329,537.3778457,6.5258703,0,15194.575,14940.576,0,48962.336,23449.164,0,0,0,0,0,0
31330,463.3789594,6.526516,0,407315.16,432278.78,113255.69,86890.79,108030.51,0,0,0,0,0,0
31331,359.3162205,6.5265784,0,91687.945,96272.1,63071.043,176626.2,192466.97,0,0,0,0,0,0
31344,481.3300266,6.527897,0,0,0,0,59181.45,29126.043,0,0,0,0,0,0
31345,365.0996307,6.528026,0,0,0,0,0,0,0,0,0,114843.33,260321.19,322350.12
31365,480.4048677,6.529787,0,0,104047.766,0,0,4292.187,0,0,0,0,0,0
31366,579.2123523,6.5298696,0,0,0,0,0,0,0,0,0,0,196050.14,187371.95
31372,237.1848833,6.530411,0,0,0,0,0,0,0,0,0,0,178789.34,0
31375,578.2103533,6.530411,0,0,0,0,0,0,0,0,0,0,1315346,0
31384,816.6580129,6.5306373,0,0,0,0,0,161042.47,0,0,0,0,0,0
31389,343.1176548,6.5314903,0,0,0,0,0,0,0,0,0,35132.844,114968.87,118996.164
31397,577.206947,6.531502,0,0,0,0,0,0,0,0,0,3622218.2,3800057.2,3524373
31399,599.1894141,6.531502,0,0,0,0,0,0,0,0,0,451775.1,524660.3,454452.4
31401,619.2175317,6.531502,0,0,0,0,0,0,0,0,0,52042.797,125511.336,243021.38
31410,485.3613524,6.532224,0,1527394.2,1494761.4,0,104853.69,98134.2,0,0,0,0,0,0
31412,531.3660637,6.5327377,0,0,0,0,84859.89,14536.252,0,0,0,16063.518,0,0
31423,544.4227953,6.533656,0,11034.395,75734.77,0,53145.66,17181.027,0,0,0,0,0,0
31426,445.3684353,6.5341697,0,262824.12,255557.84,0,63723.566,30671.896,0,0,0,0,0,0
31435,328.5938086,6.5349755,0,0,0,0,0,0,0,0,0,151651.06,121039.2,109677.734
31440,483.3811527,6.53534,0,0,0,38287.67,0,0,0,0,0,0,0,0
31446,486.3650913,6.5364423,0,485647.38,0,0,0,0,0,0,0,0,0,0
31454,919.5585763,6.536733,0,0,458818.62,0,0,0,0,0,0,0,0,0
31458,583.2544735,6.537258,0,0,0,0,0,0,0,0,0,68324.58,0,917461.6
31474,526.3882263,6.5404415,0,73077.01,69149.66,0,0,0,0,0,0,0,0,0
31485,287.055041,6.542269,0,0,0,0,0,0,0,234740.4,103019.56,0,0,0
31490,423.3631243,6.543175,0,0,0,92709.99,0,0,0,0,0,0,0,0
31492,439.3580346,6.5431786,0,0,103548.45,419021.78,55488.46,0,0,0,0,0,0,0
31498,508.4374353,6.5439277,0,311548.2,309942.53,14389.012,0,0,0,0,0,0,0,0
31506,925.5455355,6.544456,0,0,208423.44,0,0,0,0,0,0,0,0,0
31530,752.528077,6.548547,0,117628.4,40967.74,0,0,0,0,0,0,0,0,0
31542,501.3558917,6.5511837,0,0,0,87625.88,0,0,0,0,0,0,0,0
31549,752.5284602,6.5523124,0,91633.68,78491.766,0,0,0,0,0,0,0,0,0
31550,279.159071,6.552419,0,0,0,0,0,0,0,0,0,138334.16,103501.14,75903.625
31562,1071.693878,6.555608,0,2399.0132,0,201679.31,0,0,0,0,0,0,0,0
31571,442.3769375,6.559344,0,0,0,80618.4,0,0,0,0,0,0,0,0
31577,277.1774388,6.5594153,0,0,0,0,0,0,0,0,0,1393684.1,664421.44,605292.7
31582,500.411672,6.5604115,0,0,0,20455.488,0,55923.58,0,0,0,0,0,0
31588,201.1637603,6.5635276,0,0,0,0,0,0,0,0,0,382154.12,0,100492.836
31593,625.4087742,6.5638504,0,0,0,0,74628.18,0,0,0,0,0,0,0
31596,437.3422104,6.565387,0,0,55623.973,132578.67,76559.03,36424.785,0,0,0,0,0,0
31599,317.0661182,6.565892,0,0,0,0,0,0,0,67923.77,332960.4,8592.653,0,3747.9312
31604,421.347466,6.567148,0,0,0,54014.72,0,0,0,0,0,0,0,0
31614,310.3110723,6.569822,0,0,0,7644.919,247594.67,51384.05,0,0,0,0,0,0
31617,636.522345,6.570147,0,0,52390.152,0,184638.1,33752.09,0,0,0,0,0,0
31618,441.3736728,6.5703816,0,0,0,254665.2,41561.055,52309.305,0,0,0,0,0,0
31633,395.3682685,6.575516,0,0,191460.25,0,0,0,0,0,0,0,0,0
31637,219.1743158,6.577281,0,0,0,0,0,0,0,0,0,399355.47,0,0
31660,495.344762,6.582921,0,0,0,52033.062,0,0,0,0,0,0,0,0
31664,637.3030259,6.582921,0,0,0,98986.484,0,0,0,0,0,0,0,0
31667,1050.746966,6.582921,0,0,0,103952.28,0,0,0,0,0,0,0,0
31668,1055.70101,6.582921,0,0,0,363862.97,0,0,0,0,0,0,0,0
31672,429.3736696,6.5846515,0,0,0,48534.15,48740.836,26935.023,0,0,0,0,0,0
31687,629.440532,6.587492,0,0,0,0,83302.234,0,0,0,0,0,0,0
31695,667.4546201,6.5878553,0,4301.482,6203.965,12172.353,19483.283,107466.66,0,0,0,0,0,0
31704,669.4714594,6.589427,0,67947.92,137134.36,0,226548.42,67893.98,0,0,0,0,0,0
31709,397.0594603,6.5911293,0,0,0,0,0,0,0,0,0,37094.715,173466.47,166496.89
31711,351.0630456,6.591324,0,0,0,0,0,0,0,0,0,415406.75,1684746.6,1503153.6
31712,579.2233937,6.591324,0,0,0,0,0,0,0,0,0,167742.47,216587.05,225774.34
31727,488.1303657,6.592899,0,0,0,0,0,0,0,0,0,0,125963.875,87882.61
31728,628.2158127,6.592899,0,0,0,0,0,0,0,0,0,0,140389.56,125477.84
31731,337.0953315,6.5937877,0,0,0,0,0,0,0,0,0,0,259990.86,0
31741,121.0648456,6.594851,0,0,0,0,0,0,0,0,0,285037.47,1707190.2,1400401.4
31744,567.2591213,6.594851,0,0,0,0,0,0,0,0,0,374142.34,749887.25,707508.3
31745,625.2070005,6.594851,0,0,0,0,0,0,0,0,0,482509.94,9888901,8323039
31746,647.1890776,6.594851,0,0,0,0,0,0,0,0,0,130370.73,2144626,1687144.5
31747,682.635149,6.595455,0,0,23072.373,0,835547.2,12354.306,0,0,0,0,0,0
31752,196.5438462,6.5980344,0,0,0,0,0,0,0,0,0,24603.21,170854.5,117176.28
31762,313.1070699,6.598301,0,0,0,0,0,0,0,0,0,7176475.5,5.16E+07,4.30E+07
31763,332.0806809,6.598301,0,0,0,0,0,0,0,0,0,6585.1914,275309.84,212223.25
31764,335.0891148,6.598301,0,0,0,0,0,0,0,0,0,2216541.5,1.75E+07,1.41E+07
31765,377.0776205,6.598301,0,0,0,0,0,0,0,0,0,27715.719,147895.53,151501.64
31766,581.2383384,6.598301,0,0,0,0,0,0,0,0,0,2772377.8,4001698.5,3705982.8
31792,583.2428077,6.601795,0,0,0,0,0,0,0,0,0,135479.86,176244.22,167604.5
31793,603.2203983,6.601795,0,0,0,0,0,0,0,0,0,319597.16,459825.53,499405.03
31794,614.2386911,6.601795,0,0,0,0,0,0,0,0,0,16045.184,561354.25,754268.44
31803,495.3666631,6.6038933,0,0,0,0,0,36655.414,0,0,0,0,0,0
31804,658.5274162,6.6038933,0,0,0,0,0,137380.55,0,0,0,0,0,0
31805,663.4822896,6.6038933,0,0,0,0,0,582031.3,0,0,0,0,0,0
31818,401.3422917,6.6073127,0,32039.049,27153.041,25061.775,60084.797,24899.334,0,0,0,0,0,0
31825,237.1848463,6.6085734,0,0,0,0,0,0,0,0,0,405160.94,175945.06,285343.22
31830,761.5217769,6.60919,0,113507.97,166853.92,0,0,0,0,0,0,0,0,0
31846,625.408402,6.6129003,0,0,0,0,72706.91,0,0,0,0,0,0,0
31849,624.4856187,6.614277,0,0,0,77652.99,207278.42,0,0,0,0,0,0,0
31855,613.4459629,6.616676,0,13624.47,45258.14,0,312260.5,126657.34,0,0,0,0,0,0
31859,712.5365452,6.6170855,0,179882.92,0,34218.973,0,0,0,0,0,0,0,0
31870,595.1964852,6.6192684,0,0,0,0,0,0,0,0,0,380625.34,4599224,3601893.2
31876,608.4908846,6.622355,0,5609.8647,32576.521,0,171560.81,67540.336,0,0,0,0,0,0
31882,515.1548125,6.6238265,0,0,0,0,0,0,0,0,28131.826,0,0,0
31890,578.2102523,6.6258636,0,0,0,0,0,0,0,0,0,1266755.9,381079.47,397210.53
31910,692.5489582,6.630639,0,45955.727,131507.06,0,77439.94,60076.258,0,0,0,0,0,0
31912,558.3838764,6.6326737,0,25007.809,0,36501.758,0,0,0,0,0,0,0,0
31914,586.415513,6.6326737,0,30016.68,0,18508.955,0,0,0,0,0,0,0,0
31920,661.2047136,6.6333423,0,0,0,0,0,0,0,0,0,22300.285,750595.4,577926.9
31934,750.5130572,6.6370745,0,64254.086,25478.402,0,0,0,0,0,0,0,0,0
31935,488.4105719,6.637163,0,0,0,6136.3467,141971.55,0,0,0,0,0,0,0
31955,674.4826,6.643963,0,0,0,0,90315.95,9317.715,0,0,0,0,0,0
31959,679.4362511,6.6444707,0,0,0,0,55211.336,0,0,0,0,0,0,0
31975,255.1014998,6.647207,0,0,0,0,0,0,0,0,0,297100.3,1214202.1,964993.6
31982,565.1857689,6.647207,0,0,0,0,0,0,0,0,0,1513033,1.24E+07,9484011
31983,587.1677577,6.647207,0,0,0,0,0,0,0,0,0,355895.16,1425111.5,1241435.4
32008,254.0937431,6.6506653,0,0,0,0,0,0,0,0,0,265589.97,1046574.44,891921.5
32009,283.096441,6.6506653,0,0,0,0,0,0,0,0,0,2.58E+07,1.03E+08,8.26E+07
32010,305.0785148,6.6506653,0,0,0,0,0,0,0,0,0,1844682.5,6760101.5,5916835.5
32012,349.1047161,6.6506653,0,0,0,0,0,0,0,0,0,656190.06,7347009,5595983.5
32035,327.1227963,6.654114,0,0,0,0,0,0,0,0,0,3259391.2,3.51E+07,2.56E+07
32040,631.1939946,6.654114,0,0,0,0,0,0,0,0,0,131245.36,1587302.5,1193551.2
32041,675.2203197,6.654114,0,0,0,0,0,0,0,0,0,31574.57,1819997.5,1150364
32043,476.4109052,6.6546187,0,14468.015,22374.268,11089.959,98018.11,25976.902,0,0,0,0,0,0
32061,329.1293989,6.6568475,0,0,0,0,0,0,0,0,0,0,656640.7,0
32070,353.0629714,6.657107,0,0,0,0,0,0,45021.38,638111.1,0,22865.068,95788.75,79615.41
32077,495.2717606,6.6579294,0,0,0,0,0,0,0,0,0,301421.66,0,83469.766
32080,584.451287,6.658938,0,0,49272.85,0,113417.67,98303.6,0,0,0,0,0,0
32085,469.3665924,6.659789,0,47509.758,25348.168,14991.806,28333.883,0,0,0,0,0,0,0
32094,610.5067509,6.6601167,0,0,0,0,215616.6,0,0,0,0,0,0,0
32095,561.3775568,6.6602244,0,45808.992,0,23510.568,178069.48,110579.875,0,0,0,0,0,0
32106,133.1011414,6.661013,0,0,0,0,0,0,0,0,0,471995.12,227949.4,204596.45
32107,173.1324739,6.6610208,0,0,0,0,0,0,0,0,0,847744.06,404168.62,382125.34
32109,259.1304628,6.6610208,0,0,0,0,0,0,0,0,0,5389704.5,2783609.2,2934739
32114,556.4211172,6.6613936,0,0,0,19729.863,125173.08,47730.5,0,0,0,0,0,0
32117,746.5425245,6.6623073,0,446588.47,87727.58,105630.41,0,0,0,0,0,0,0,0
32122,413.3787105,6.6628876,0,75811.04,68571.76,8464.819,58255.598,39388.83,0,0,0,0,0,0
32128,219.1379616,6.6644654,0,0,0,0,0,0,0,0,0,9675022,4393019,4314907.5
32130,607.4221094,6.664464,0,35068.496,39953.08,9353.08,268360.8,51021.63,0,0,0,0,0,0
32132,629.4037329,6.6646,0,47943.72,0,0,0,0,0,0,0,0,0,0
32134,768.5249152,6.6646,0,167801.61,0,0,0,0,0,0,0,0,0,0
32143,1099.727458,6.664843,0,0,0,284483.3,0,0,0,0,0,0,0,0
32145,1115.720744,6.664843,0,0,0,167209.45,0,0,0,0,0,0,0,0
32150,925.5456979,6.665495,0,0,98539.875,0,0,0,0,0,0,0,0,0
32161,523.3988465,6.6676164,0,0,0,0,97172.85,0,0,0,0,0,0,0
32163,191.1430336,6.667909,0,0,0,0,0,0,0,0,0,1549594.9,758874.8,679803.06
32165,175.1481092,6.6679177,0,0,0,0,0,0,0,0,0,585603.8,290053.53,282788.5
32166,275.1043868,6.667909,0,0,0,0,0,0,0,0,0,569348.3,194506.39,225371.62
32172,220.1412933,6.671284,0,0,0,0,0,0,0,0,0,1395754.2,0,0
32177,201.1273823,6.6713614,0,0,0,0,0,0,0,0,0,374974.25,162275.08,228473.94
32179,577.2068964,6.671369,0,0,0,0,0,0,0,0,0,1091332,1088236.4,1230741.4
32181,530.4209445,6.672333,0,66573.836,0,0,0,0,0,0,0,0,0,0
32182,705.4941873,6.672333,0,126659.67,0,0,0,0,0,0,0,0,0,0
32191,282.2064839,6.673462,0,0,0,0,0,0,0,0,0,367557.53,0,110733.24
32194,203.1794171,6.674409,0,0,0,0,0,0,0,0,0,240275.08,234500.58,0
32199,648.3901921,6.674974,0,0,0,0,0,38433.7,0,0,0,0,0,0
32202,547.3842559,6.6751328,0,0,0,0,0,0,0,0,39390.61,0,0,0
32206,423.3631944,6.676253,0,27000.041,39503.29,717520.5,44065.535,55064.707,0,0,0,0,0,0
32207,455.388746,6.6763086,0,0,0,0,180445.44,3666.4048,0,0,0,0,0,0
32213,441.3737554,6.679288,0,99129.07,150269.86,963405.4,111071.23,128504.95,0,0,0,0,0,0
32235,1039.707187,6.682722,0,0,0,276774,0,0,0,0,0,0,0,0
32240,1094.773615,6.682722,0,0,0,195379.95,0,0,0,0,0,0,0,0
32249,605.4031511,6.683549,0,8286.2705,0,0,74435.46,0,0,0,0,0,0,0
32250,217.1586768,6.6838627,0,0,0,0,0,0,0,0,0,261343.88,0,170181.72
32253,565.2430033,6.685166,0,0,0,0,0,0,0,0,0,537647.9,818209.44,749048.94
32259,703.4630322,6.6880584,0,0,0,0,0,0,0,0,25198.705,0,0,0
32270,516.442547,6.691406,0,0,0,0,129712.93,0,0,0,0,0,0,0
32284,629.4029665,6.692372,0,38030.17,130366.164,0,726479.2,190277.16,0,0,0,0,0,0
32298,251.1641779,6.695528,0,0,0,0,0,0,0,0,0,1198587,877456.75,817127.5
32303,379.115327,6.6972847,0,0,0,0,0,0,0,0,0,0,419809.5,444837.22
32304,665.4976911,6.697329,0,265915.47,278274.2,0,1267162.6,1517883.5,0,0,0,0,0,0
32312,273.1461706,6.6989923,0,0,0,0,0,0,0,0,0,698020.7,579795.1,522267.9
32313,357.1333611,6.6989923,0,0,0,0,0,0,0,0,0,53163.12,1135639.1,1294509.8
32319,660.5429145,6.6992536,0,117234.28,123136.57,0,669706.25,611968.06,0,0,0,0,0,0
32325,652.477873,6.7012677,0,0,22242.92,0,265765.16,39802.184,0,0,0,0,0,0
32329,193.1223015,6.702444,0,0,0,0,0,0,0,0,0,202592.55,296168.94,273365.9
32332,689.4992526,6.7027483,0,111368.73,0,16977.453,65790.17,42709.54,0,0,0,0,0,0
32333,688.5733057,6.7051053,0,76322.39,130064.91,0,250585.31,374749.8,0,0,0,0,0,0
32347,352.3578773,6.708534,0,0,0,0,0,44300.508,0,0,0,0,0,0
32357,448.3058102,6.712529,0,0,0,0,0,0,47714.438,154699.48,0,0,0,0
32360,768.5228606,6.7138124,0,174082.42,24438.932,27359.28,0,0,0,0,0,0,0,0
32362,457.3690888,6.7141657,0,0,0,65291.74,0,0,0,0,0,0,0,0
32382,237.1485001,6.717187,0,0,0,0,0,0,0,0,7724.1636,2174693.5,947120.06,907201.4
32391,686.5592247,6.7192326,0,141945.16,0,0,0,86895.234,0,0,0,0,0,0
32393,624.4472809,6.7198243,0,19133.775,45025.984,0,347655.25,0,0,0,0,0,0,0
32425,325.1986333,6.726312,0,0,0,0,0,0,0,0,103537.47,0,0,0
32437,639.4459744,6.7298055,0,0,0,0,83120.07,0,0,0,0,0,0,0
32438,277.177453,6.7301154,0,0,0,0,0,0,0,0,0,477904.72,448841,356230.53
32458,688.5010118,6.736642,0,132026.5,116368.55,0,253735.5,50925.84,0,0,0,0,0,0
32472,810.6119358,6.7380404,0,0,0,232283.77,0,0,0,0,0,0,0,0
32475,716.5320385,6.7385845,0,72056.3,76777.08,0,82180.88,27016.23,0,0,0,0,0,0
32483,375.0475364,6.7395363,0,0,0,0,0,0,0,93188.47,0,0,0,0
32497,746.542659,6.7407937,0,452308.38,94011,115118.53,0,0,0,0,0,0,0,0
32507,275.1617577,6.7440467,0,0,0,0,0,0,0,0,0,439020.28,162482.12,288758.88
32510,441.3734525,6.7457323,0,0,0,986814.06,0,0,0,0,0,0,0,0
32513,693.4558231,6.7461815,0,125439.08,103426.586,14612.598,205157.98,75123.79,0,0,0,0,0,0
32517,669.470264,6.7470264,0,0,82637.94,0,0,79634.6,0,0,0,0,0,0
32518,233.1536188,6.7474008,0,0,0,0,0,0,0,0,0,938273.2,874281.1,1022534.8
32520,219.1743161,6.747425,0,0,0,0,0,0,0,0,0,556252.2,350392.75,344995.28
32545,533.4048871,6.7521343,0,0,0,0,0,0,0,0,43665.188,0,0,0
32546,555.3869366,6.7521343,0,0,0,0,0,0,0,0,61005.203,0,0,0
32561,574.4482697,6.753441,0,0,0,0,140767.72,0,0,0,0,0,0,0
32579,579.2228548,6.7545485,0,0,0,0,0,0,0,0,0,374947.12,523760.62,480437.47
32582,580.2260988,6.7549887,0,0,0,0,0,0,0,0,0,127800.97,0,0
32593,266.1726673,6.758343,0,0,0,0,0,0,43634.33,52924.973,52776.402,173579.31,234469.73,256139.03
32598,236.1725973,6.7595215,0,0,0,0,0,0,0,0,0,0,484072.8,393408.72
32611,226.1801378,6.7618356,0,0,0,0,0,0,114140.266,125105.76,118294.41,230371.47,213291.27,205510.34
32627,714.5886694,6.7649703,0,113547.8,28918.428,0,10059.568,0,0,0,0,0,0,0
32633,439.358252,6.7664185,0,34783.184,0,87455.55,0,0,0,0,0,0,0,0
32636,559.361518,6.7688866,0,0,11788.904,0,83430.836,33503.08,0,0,0,0,0,0
32637,235.1692391,6.768949,0,0,0,0,0,0,15178.079,15062.698,0,2177253.5,3402465,2863156.2
32676,427.35795,6.776994,0,113011.74,61246.52,27985.605,83002.555,43778.047,0,0,0,0,0,0
32688,799.5731768,6.777701,0,0,0,178281.55,0,0,0,0,0,0,0,0
32689,815.5658005,6.777701,0,0,0,286240.66,0,0,0,0,0,0,0,0
32705,604.4932064,6.7787604,0,0,0,0,0,105221.23,0,0,0,0,0,0
32713,561.212066,6.7789574,0,0,0,0,0,0,0,0,0,373253.1,274717,425863.94
32714,583.1958174,6.7789574,0,0,0,0,0,0,0,0,0,72039.79,387587.97,304666.03
32716,507.3687768,6.7790675,0,78782.45,0,0,177767.03,184419.39,0,0,0,0,0,0
32717,512.4333316,6.779183,0,214650.73,0,0,0,170975.38,0,0,0,0,0,0
32718,707.5107769,6.779183,0,406874.1,0,0,0,84422.195,0,0,0,0,0,0
32726,702.5539269,6.7796054,0,259284.67,0,0,0,0,0,0,0,0,0,0
32728,730.5869973,6.7796054,0,145764.42,0,0,0,0,0,0,0,0,0,0
32732,941.5383701,6.779965,0,0,142431.08,0,0,0,0,0,0,0,0,0
32733,621.3106632,6.780741,0,0,0,1106985.8,17086.613,68789.7,0,0,0,0,0,0
32742,509.1806533,6.7824416,0,0,0,0,0,0,0,0,0,77555.12,121426.51,152304.02
32745,140.0683759,6.783308,0,0,42926.652,0,0,185478.19,0,0,0,0,0,0
32746,919.5578181,6.783308,0,0,571937.06,0,0,33354.215,0,0,0,0,0,0
32747,463.3783619,6.7835817,0,101748.555,46952.99,17540.44,6665.562,4628.12,0,0,0,0,0,0
32756,643.2920235,6.7859693,0,0,0,201298.47,0,78135.53,0,0,0,0,0,0
32770,660.5034054,6.787856,0,0,66945.04,0,0,0,0,0,0,0,0,0
32774,909.5500408,6.787856,0,0,282089,0,0,0,0,0,0,0,0,0
32777,925.5453001,6.787856,0,0,340283.47,0,0,0,0,0,0,0,0,0
32803,615.4603336,6.7940907,0,0,0,0,292416.75,0,0,0,0,0,0,0
32805,638.3388209,6.794164,0,0,0,0,57813.17,211531.72,0,0,0,0,0,0
32806,666.3711054,6.794164,0,0,0,0,60991.04,119962.3,0,0,0,0,0,0
32810,607.4195234,6.7942376,0,0,0,0,0,137080.33,0,0,0,0,0,0
32816,552.4254455,6.7946053,0,133165.05,0,0,6957.804,0,0,0,0,0,0,0
32840,268.104891,6.7972083,0,0,0,0,0,0,0,0,0,235086.39,0,0
32850,595.4341361,6.798794,0,0,8782.319,0,0,173371.31,0,0,0,0,0,0
32851,399.3630793,6.799043,0,108540.61,66016.28,8238.378,104214.25,11681.823,0,0,0,0,0,0
32854,161.0597311,6.7997417,0,0,0,0,0,0,0,0,0,469180.6,1085083.9,879903.4
32855,267.1016024,6.7997417,0,0,0,0,0,0,0,0,0,1267154.4,2739229.8,2242388.5
32858,325.107116,6.7997417,0,0,0,0,0,0,0,0,0,312662.8,2.14E+07,1.33E+07
32859,347.0890948,6.7997417,0,0,0,0,0,0,0,0,0,45301.75,2571843.5,1687875.2
32873,326.1104937,6.801008,0,0,0,0,0,0,0,0,0,0,4427112.5,2752873.5
32877,649.2074288,6.801008,0,0,0,0,0,0,0,0,0,0,168566.4,80681.79
32879,671.1892058,6.801008,0,0,0,0,0,0,0,0,0,0,922340.44,489499.9
32896,691.5134612,6.80284,0,335084.1,0,0,0,0,0,0,0,0,0,0
32911,478.4263737,6.805354,0,94299.25,58099.902,18535.443,40205.53,14372.0625,0,0,0,0,0,0
32920,167.0702543,6.807132,0,0,0,0,0,0,16605.902,0,8742.823,617602.44,68455.01,20285.5
32927,425.378036,6.808963,0,0,0,82653.41,0,0,0,0,0,0,0,0
32928,457.4615887,6.808963,0,0,0,50024.863,0,0,0,0,0,0,0,0
32935,620.5111822,6.809605,0,0,0,0,72508.57,0,0,0,0,0,0,0
32936,625.465308,6.809605,0,0,0,0,233784.77,0,0,0,0,0,0,0
32940,391.2843162,6.8096685,0,0,0,0,67544.94,94259.49,0,0,0,0,0,0
32951,712.5765052,6.8097935,0,74811,0,0,3921.4668,0,0,0,0,0,0,0
32968,663.4823457,6.813189,0,119610.41,142830.6,0,363677.88,0,0,0,0,0,0,0
32970,699.4449485,6.813525,0,0,0,0,155722.69,2049.1885,0,0,0,0,0,0
32985,567.2594904,6.8172455,0,0,0,0,0,0,0,0,0,358671.5,923100.25,550482
33002,237.1848832,6.8208385,0,0,0,0,0,0,0,0,0,908303.56,876085.8,650590.4
33029,546.4154956,6.8252964,0,0,0,0,302026.7,0,0,0,0,0,0,0
33030,551.3707786,6.8252964,0,0,0,0,802630.5,0,0,0,0,0,0,0
33031,574.4469075,6.8252964,0,0,0,0,220356.53,0,0,0,0,0,0,0
33044,421.3691656,6.826149,0,34608.33,11168.54,68247.54,0,0,0,0,0,0,0,0
33050,325.1985432,6.8294606,0,0,0,0,0,0,0,0,36142.46,0,0,0
33057,327.1227593,6.8316865,0,0,0,0,0,0,0,0,0,624638.1,4382103.5,3624266.8
33070,328.1261543,6.8328204,0,0,0,0,0,0,0,0,0,0,881645.6,744594.25
33074,469.426957,6.833049,0,0,0,0,46927.473,0,0,0,0,0,0,0
33075,553.3879716,6.833227,0,0,0,0,240795.89,2621.8398,0,0,0,0,0,0
33082,582.2417778,6.8334227,0,0,0,0,0,0,0,0,0,0,412772.34,0
33094,565.2433763,6.8351593,0,0,0,0,0,0,0,0,0,281015.8,807703.6,773612.94
33095,581.2383884,6.8351593,0,0,0,0,0,0,0,0,0,648111.5,1159651.8,1130321.5
33096,603.2205351,6.8351593,0,0,0,0,0,0,0,0,0,99123.51,179203.27,187689.73
33107,671.4874849,6.839396,0,0,77496.84,0,103802.45,58831.445,0,0,0,0,0,0
33108,551.3928026,6.8397694,0,72447.44,66980.16,11326.272,0,117373.82,0,0,0,0,0,0
33120,510.41469,6.8413606,0,0,0,76258.67,0,0,0,0,0,0,0,0
33121,621.3074942,6.8413606,0,0,0,232335.69,0,0,0,0,0,0,0,0
33123,643.2897395,6.8413606,0,0,0,35349.434,0,0,0,0,0,0,0,0
33129,427.3582272,6.8420076,0,103347.38,100973.2,45248.81,121575.09,81127.49,0,0,0,0,0,0
33131,257.1512302,6.8421474,0,0,0,0,0,0,0,0,0,581394.06,584089.75,502010
33132,587.2255221,6.8421474,0,0,0,0,0,0,0,0,0,55327.062,272237,146669.6
33140,219.1379639,6.8433027,0,0,0,0,0,0,0,0,0,0,472301.6,348793.28
33151,533.3841498,6.844064,0,66700.57,75186.55,0,66543.805,54071.86,0,0,0,0,0,0
33166,433.2100572,6.850074,0,0,0,0,0,0,88631.3,92104.414,0,0,0,0
33168,643.4557816,6.850073,0,45570.043,0,0,0,651834.1,0,0,0,0,0,0
33169,827.4661248,6.850074,0,0,0,0,0,0,661728.8,712011.75,0,0,0,0
33170,849.448056,6.850074,0,0,0,0,0,0,483635.25,589302.6,0,0,0,0
33172,606.4723514,6.8501797,0,61601.086,0,0,0,0,0,0,0,0,0,0
33188,399.3273016,6.8532615,0,0,0,0,110844.48,37811.156,0,0,0,0,0,0
33192,461.363036,6.8556447,0,0,68444.9,116301.09,33472.562,16681.375,0,0,0,0,0,0
33195,525.2119696,6.8562617,0,0,0,0,0,0,0,0,0,67761.66,56514.547,74514.06
33196,574.4675491,6.856301,0,104888.14,53789.32,3697.2773,0,0,0,0,0,0,0,0
33201,730.5443539,6.857445,0,0,59265.67,0,3085.0962,0,0,0,0,0,0,0
33205,584.4894951,6.858409,0,102513.266,0,0,0,0,0,0,0,0,0,0
33246,556.4583846,6.866146,0,178852.48,0,0,0,0,0,0,0,0,0,0
33248,684.5433004,6.866146,0,118655.34,0,0,0,0,0,0,0,0,0,0
33251,550.4851214,6.8663135,0,62615.992,14168.991,0,0,18564.172,0,0,0,0,0,0
33272,613.4451657,6.8705688,0,0,34946.746,0,282051.4,129373.664,0,0,0,0,0,0
33273,338.3424456,6.870799,0,122851.76,752547.3,164570,544714.9,491483.94,0,0,0,0,0,0
33287,720.4867489,6.873987,0,0,0,0,0,34294.65,0,0,0,0,0,0
33290,379.114863,6.8741746,0,0,0,5335.574,0,0,0,0,0,12571.027,438113.12,444796.34
33293,441.3733166,6.874356,0,34858.008,167707.12,662927.5,33229.664,0,0,0,0,0,0,0
33303,641.4391611,6.875058,0,21813.598,5993.1885,0,10524.284,30445.04,0,0,0,0,0,0
33312,669.4703243,6.8781877,0,0,39482.035,0,40514.8,143294.05,0,0,0,0,0,0
33322,277.1774425,6.881351,0,0,0,0,0,0,0,0,0,229480.77,189610.55,133669.11
33343,357.1333469,6.887128,0,0,0,0,0,0,0,10518.178,0,61928.055,1785086.9,1796987.1
33344,647.4471473,6.8876686,0,0,8715.712,40708.44,60745.875,0,0,0,0,0,0,0
33365,467.3344718,6.893229,0,0,0,0,0,0,0,0,59468.13,0,0,0
33373,548.4324595,6.895392,0,0,0,0,381518.12,0,0,0,0,0,0,0
33376,620.5109238,6.895392,0,0,0,0,195402.94,0,0,0,0,0,0,0
33377,625.4661674,6.895392,0,0,0,0,540524.56,0,0,0,0,0,0,0
33383,467.3511148,6.895588,0,93734.97,57187.56,0,17244.688,38312.15,0,0,0,0,0,0
33401,381.3529373,6.8985877,0,33426.434,0,0,0,0,0,0,0,0,0,0
33411,415.3580829,6.899335,0,640466.06,382716.75,68122.85,980402.5,111839.08,0,0,0,0,0,0
33413,393.3531187,6.899759,0,10335.504,0,0,222013.92,92328,0,0,0,0,0,0
33416,219.1748255,6.901322,0,0,0,0,0,4762.0977,0,0,0,263996.38,0,210458.9
33435,707.5131993,6.9052954,0,0,0,0,0,122596.73,0,0,0,0,0,0
33441,503.3579639,6.905604,0,0,0,0,0,0,0,0,40317.29,0,0,0
33454,888.69398,6.906579,0,0,181441.02,107618.72,0,0,0,0,0,0,0,0
33457,407.3688724,6.9068727,0,0,0,47766.34,0,0,0,0,0,0,0,0
33458,425.3775423,6.9068727,0,0,0,122567.09,0,0,0,0,0,0,0,0
33476,1083.730631,6.9068727,0,0,0,130727.95,0,0,0,0,0,0,0,0
33481,445.3689137,6.9072742,0,99027.97,79119.414,0,50833.164,48162.273,0,0,0,0,0,0
33489,291.195507,6.9085455,0,0,0,0,0,0,80941.5,117766.11,61778.684,3951.49,0,0
33492,610.5072225,6.910049,0,0,26236.824,0,285071.97,98826.445,0,0,0,0,0,0
33502,608.491122,6.9108562,0,0,0,0,233958.12,0,0,0,0,0,0,0
33529,691.5151201,6.9143686,0,74388.82,0,0,0,0,0,0,0,0,0,0
33536,615.4614338,6.9158144,0,0,0,0,288298.16,166838.97,0,0,0,0,0,0
33549,525.2120627,6.9175067,0,0,0,0,0,0,0,0,0,82206.69,206857.62,215183.94
33563,645.4731051,6.9187593,0,0,0,0,10995.713,141780.28,0,0,0,0,0,0
33565,509.419002,6.920546,0,3969.289,0,0,206855.45,0,0,0,0,0,0,0
33577,353.2299632,6.9230514,0,0,0,0,0,2051.4834,416508.6,533095.75,1125714.4,33258.91,15265.086,21649.639
33585,651.461579,6.9264,0,0,11130.509,0,0,48174.12,0,0,0,0,0,0
33587,665.4975145,6.9268937,0,63666.04,42865.02,0,486207.1,0,0,0,0,0,0,0
33602,547.1942056,6.9285254,0,0,0,0,0,0,0,0,0,57859.824,180102.7,241579.56
33603,579.222746,6.9285254,0,0,0,0,0,0,0,0,0,161889.03,352694.7,302177.03
33618,817.5435902,6.9320283,0,0,110548.2,0,0,0,0,0,0,0,0,0
33621,774.5743178,6.9327936,0,264437.84,43725.805,116444.875,20643.383,0,0,0,0,0,0,0
33627,177.1273618,6.9345503,0,0,0,0,0,0,17751.666,25115.78,32416.246,82008.98,0,42301.805
33631,796.5537728,6.934948,0,123762.42,12384.331,45566.703,0,0,0,0,0,0,0,0
33638,670.5250966,6.937575,0,0,0,47870.215,32076.162,0,0,0,0,0,0,0
33648,194.1062722,6.938543,0,0,0,0,0,0,46419.582,58709.133,101644.945,0,0,0
33649,195.1379316,6.938543,0,0,0,0,0,0,84418.57,103762.31,154107.98,0,0,0
33650,213.148473,6.938543,0,0,0,0,0,0,43525.496,54949.75,87678.79,0,0,0
33652,348.2744568,6.938543,0,0,0,0,0,0,33215.91,65977.3,162260.55,0,0,0
33653,369.1949165,6.938543,0,0,0,0,0,0,70347.375,83545.35,143251.4,0,0,0
33659,354.2332103,6.9386287,0,0,0,0,0,0,0,99489.41,0,0,0,0
33687,642.4925148,6.940731,0,0,0,39450.555,0,0,0,0,0,0,0,0
33701,278.2195286,6.941863,0,0,0,0,0,0,0,0,74648.99,0,0,0
33709,567.3505329,6.941863,0,0,0,0,0,0,0,0,69642.766,0,0,0
33719,313.1071549,6.942478,0,0,0,0,0,0,0,0,0,178011.83,2767488.2,2618479.2
33720,173.1171864,6.9425273,0,0,0,0,0,0,12693.354,16610.068,94931.81,0,0,0
33746,671.1892761,6.9438753,0,0,0,0,0,0,0,0,0,0,1011830.8,805860.44
33750,740.5679389,6.9454846,0,87831.46,53622.645,33372.69,0,0,0,0,0,0,0,0
33752,325.1071339,6.945932,0,0,0,0,0,0,0,0,0,393563.75,1.76E+07,1.48E+07
33756,155.1066392,6.946619,0,0,0,0,0,0,9702.881,13181.422,78724.83,0,0,0
33763,650.4094231,6.9466677,0,0,0,0,0,79236.2,0,0,0,0,0,0
33768,277.2161964,6.9471645,0,0,0,0,0,0,184157.39,213493.2,392111.2,14006.989,0,0
33773,780.5603265,6.948075,0,76014.555,0,0,0,0,0,0,0,0,0,0
33781,327.1133464,6.9490666,0,0,0,0,0,0,0,0,0,0,322211.8,268527.84
33792,347.0890979,6.949475,0,0,0,0,0,0,0,0,0,86312.74,2527997.5,2109595
33811,719.2701702,6.9530797,0,0,0,0,0,0,0,0,0,17738.566,89682.25,90064.875
33830,411.3635625,6.9588947,0,66783.24,0,0,153658.94,125808.41,0,0,0,0,0,0
33841,348.0924823,6.9598165,0,0,0,0,0,0,0,0,0,0,482436.3,0
33847,295.2271235,6.9600124,0,0,0,0,0,52669.703,191501.69,237000.02,459906.22,17827.598,0,4278.497
33849,249.1485405,6.96015,0,0,0,0,0,0,0,0,0,449172.7,239190.88,251769.25
33858,385.2462083,6.9634237,0,0,405081.38,0,0,0,0,0,0,0,0,0
33862,463.3787077,6.9650893,0,82014.54,463681.9,429454.38,155175.34,2986.2131,0,0,0,0,0,0
33877,401.3424258,6.9672575,0,38373.81,45802.062,19055.18,90812.82,47443.754,0,0,0,0,0,0
33882,500.3793966,6.968927,0,0,0,0,0,0,75768.02,73417.84,77085.35,88374.85,81715.02,92230.07
33900,566.4416426,6.971644,0,196132.58,0,47461.703,0,145104.89,0,0,0,0,0,0
33901,584.48987,6.971808,0,49721.566,0,0,0,0,0,0,0,0,0,0
33904,597.4520035,6.972227,0,0,0,23294.344,78276.98,173289.75,0,0,0,0,0,0
33906,482.4174214,6.9729934,0,0,0,39470.227,0,0,0,0,0,0,0,0
33914,586.5065686,6.973181,0,0,0,0,127204.22,0,0,0,0,0,0,0
33917,506.4218245,6.9745364,0,34386.12,68825.97,36518.934,13533.532,0,0,0,0,0,0,0
33918,275.1618039,6.9748096,0,0,0,0,0,0,0,0,0,465613.9,319846.47,259274.97
33942,815.5279916,6.9790115,0,0,96774.25,0,0,0,0,0,0,0,0,0
33946,427.3585985,6.9799175,0,78192.3,0,0,1211794.8,609674.56,0,0,0,0,0,0
33950,830.6378518,6.979984,0,0,43070.633,0,195186.47,0,0,0,0,0,0,0
33963,835.5947769,6.981781,0,52143.76,50036.223,0,198787.23,74328.67,0,0,0,0,0,0
33977,279.2328841,6.9847813,0,0,39622.004,0,223668.44,78889.375,0,0,0,0,0,0
33978,568.2625055,6.985042,0,0,0,0,0,0,0,0,0,182927.28,0,0
33984,589.2414545,6.9867663,0,0,0,0,0,0,0,0,0,99901.82,401045.16,276837.9
34012,567.2592155,6.9904046,0,0,0,0,0,0,0,0,0,575395.1,1293716.5,1243598.4
34016,526.4498087,6.99137,0,164452.23,0,0,0,186872.14,0,0,0,0,0,0
34020,608.4903722,6.9924955,0,0,0,68892.05,65635.016,0,0,0,0,0,0,0
34049,588.4607202,6.9954557,0,52557.633,0,0,0,0,0,0,0,0,0,0
34050,674.5206,6.9954557,0,93208.04,0,0,0,0,0,0,0,0,0,0
34051,679.4760832,6.9954557,0,133670.23,0,0,0,0,0,0,0,0,0,0
34052,684.5439258,6.9954557,0,128834.42,0,0,0,0,0,0,0,0,0,0
34075,627.4228118,6.9999685,0,15361.916,0,0,67844.055,0,0,0,0,0,0,0
34076,756.5616457,7.0012903,0,64240.53,0,15279.453,0,0,0,0,0,0,0,0
34081,511.3607015,7.0016437,0,0,0,0,0,0,0,0,58447.938,0,0,0
34087,426.3473582,7.0026903,0,0,0,0,0,94113.89,0,0,0,0,0,0
34101,508.4374846,7.005268,0,24802.107,219842.72,187856.14,41367.99,29724.584,0,0,0,0,0,0
34103,485.3608129,7.0061097,0,0,70036.17,60356.383,7315.728,0,0,0,0,0,0,0
34105,395.3688963,7.0075493,0,190611,146860.78,0,129043.41,210125.72,0,0,0,0,0,0
34108,566.2467885,7.007989,0,0,0,0,0,0,0,0,0,0,375223.9,167749.75
34109,413.3788042,7.0085497,0,256207.95,166179.25,44042.945,66901.734,79410.95,0,0,0,0,0,0
34112,205.1586734,7.0120378,0,0,0,0,0,0,0,0,0,156172,192284.75,123072.97
34115,217.1222936,7.0120525,0,0,0,0,0,0,0,0,0,91705.67,167413.8,118805.94
34117,569.2751495,7.0120525,0,0,0,0,0,0,0,0,0,357458.38,703153.6,799181.25
34135,441.3731553,7.0145874,0,41414.73,136497.77,88416.93,0,0,0,0,0,0,0,0
34141,642.4406504,7.014956,0,0,18899.504,0,0,49629.793,0,0,0,0,0,0
34144,421.34729,7.015485,0,7265.8496,9060.353,86027.37,9644.094,10487.786,0,0,0,0,0,0
34154,925.5465485,7.01769,0,0,699641.3,0,0,0,0,0,0,0,0,0
34170,622.4796291,7.019922,0,0,0,0,0,56723.61,0,0,0,0,0,0
34172,617.4391893,7.0201745,0,18453.98,0,2469.1538,1125520.6,0,0,0,0,0,0,0
34179,887.5708032,7.0221515,0,10742.191,5557479,0,0,125201.21,0,0,0,0,0,0
34180,734.5193631,7.022316,0,64959.773,158972.34,0,0,22833.08,0,0,0,0,0,0
34181,712.5375292,7.022608,0,0,304365.9,0,0,27331.293,0,0,0,0,0,0
34185,598.4660167,7.022851,0,0,0,46049.49,0,0,0,0,0,0,0,0
34187,523.3990774,7.0230956,0,15817.656,0,0,21872.447,57314.605,0,0,0,0,0,0
34190,903.5626208,7.024375,0,0,1.05E+07,175442.88,0,0,0,0,0,0,0,0
34236,741.2521583,7.033397,0,0,0,0,0,0,0,0,0,30665.67,117851.21,149639.73
34246,346.1367059,7.035432,0,0,0,0,0,0,0,0,0,0,1733770.1,1937111.4
34265,479.3736118,7.036059,0,103084.516,572433.5,445934.22,32534.738,0,0,0,0,0,0,0
34267,501.3555092,7.0362754,0,12326.068,58442.414,60127.598,0,0,0,0,0,0,0,0
34270,658.5256346,7.0366745,0,146369.14,0,0,0,0,0,0,0,0,0,0
34276,121.0647171,7.0371423,0,0,0,0,0,0,0,0,0,50092.543,218004.78,224522.31
34279,345.1333121,7.0371423,0,0,0,0,0,0,0,0,0,2155293,8379035.5,9206422
34280,367.1153297,7.0371423,0,0,0,0,0,0,0,0,0,53020.31,303350.97,365939.56
34281,383.0892569,7.0371423,0,0,0,0,0,0,0,0,0,42431.637,123058.53,153095.66
34283,719.2701971,7.0371423,0,0,0,0,0,0,0,0,0,94124.1,332010.3,400834.2
34288,524.4316052,7.0388684,0,41794.605,214813.05,201193.17,0,0,0,0,0,0,0,0
34312,425.3425401,7.042362,0,0,0,56163.25,64135.133,317604.7,0,0,0,0,0,0
34316,635.4529137,7.0430784,0,0,0,0,2008738.1,0,0,0,0,0,0,0
34317,652.4793263,7.0430784,0,0,0,0,614692.9,0,0,0,0,0,0,0
34319,673.4090173,7.0430784,0,0,0,0,95737.2,0,0,0,0,0,0,0
34323,663.4830014,7.043766,0,246238.23,0,0,96734.74,0,0,0,0,0,0,0
34326,349.1047167,7.044066,0,0,0,0,0,0,0,0,0,12317.754,238507.8,200955.33
34328,571.2908847,7.044066,0,0,0,0,0,0,0,0,0,23555.012,170987.31,126145.03
34364,909.5526162,7.050743,0,0,1023648,0,0,10060.75,0,0,0,0,0,0
34369,629.2019043,7.051094,0,0,0,0,0,0,0,0,0,15577.68,207026.33,290458.16
34375,587.2255392,7.0513077,0,0,0,0,0,0,0,0,0,44241.42,115926.4,134247.73
34385,591.4611464,7.0530634,0,0,0,0,159991.1,36972.184,0,0,0,0,0,0
34388,325.1985496,7.053867,0,0,0,0,0,0,29650.791,35840.664,55129.016,0,0,0
34390,301.1410589,7.054766,0,0,0,0,0,0,0,0,0,99979.82,122061.375,124603.16
34391,565.2434321,7.054766,0,0,0,0,0,0,0,0,0,190129.86,505947.2,481578.62
34427,283.0965102,7.058668,0,0,0,0,0,0,0,0,0,773467.9,9838842,8509683
34430,267.1954612,7.059123,0,0,0,0,0,0,33584.164,39947.3,55873.33,6035.3184,0,0
34432,640.5164628,7.0599003,0,25385.928,19061.607,0,38979.19,64251.383,0,0,0,0,0,0
34434,463.3799523,7.060586,0,0,0,0,3727.0012,86931.1,0,0,0,0,0,0
34440,806.3872337,7.061577,0,0,0,0,0,0,63465.465,166177.12,0,0,0,0
34444,284.0998675,7.0632863,0,0,0,0,0,0,0,0,0,138584.02,0,0
34447,415.3580748,7.064119,0,105826.125,51464.83,25311.729,43911.188,16009.719,0,0,0,0,0,0
34458,146.9806304,7.0661182,0,642897.7,635987.56,0,0,0,0,0,0,0,0,0
34468,319.0732447,7.0668235,0,0,0,0,0,0,0,0,0,0,341937.53,100114.03
34485,580.497452,7.067865,0,0,0,0,0,116504.47,0,0,0,0,0,0
34486,602.4790492,7.067865,0,0,0,0,0,52890.19,0,0,0,0,0,0
34491,671.4874417,7.068257,0,0,181010.17,0,151205.94,70002.055,0,0,0,0,0,0
34498,774.5735749,7.069419,0,103915.836,0,49007.113,0,0,0,0,0,0,0,0
34507,887.5659887,7.0704947,0,0,0,159452.6,0,0,0,0,0,0,0,0
34518,716.5317106,7.072774,0,70529.35,46294.953,7278.126,26055.385,0,0,0,0,0,0,0
34520,273.1461838,7.072975,0,0,0,0,0,0,0,0,0,856538.9,827103.75,709569.6
34525,469.222092,7.073888,0,0,0,0,0,0,40779.594,82072.87,0,0,0,0
34526,487.2327116,7.073888,0,0,0,0,0,0,38191.156,77429.47,0,0,0,0
34528,721.4858004,7.0744095,0,52388.516,27793.564,0,0,10175.332,0,0,0,0,0,0
34553,177.0556205,7.0807805,0,0,0,0,188840.36,0,0,0,0,0,0,0
34557,652.4794688,7.0807805,0,0,0,0,3153475.8,0,0,0,0,0,0,0
34560,711.5205738,7.0807805,0,0,0,0,106872.56,0,0,0,0,0,0,0
34565,144.9826155,7.0826254,0,1421486.5,1331326.9,0,1116446.1,951573.6,0,0,0,0,0,0
34566,688.5758691,7.0827575,0,31868.486,0,0,51948.164,106400.05,0,0,0,0,0,0
34567,395.3680762,7.083695,0,143999.1,0,0,0,0,0,0,0,0,0,0
34569,657.4341512,7.083691,0,205984.64,110230.49,0,6448885,0,0,0,0,0,0,0
34570,680.5111154,7.083689,0,0,42530.613,0,1336800.6,0,0,0,0,0,0,0
34575,852.6604246,7.083796,0,0,0,0,0,106087.14,0,0,0,0,0,0
34585,265.0849176,7.0873494,0,0,0,0,0,0,0,0,0,61192.73,542407.4,256855.14
34586,525.2120671,7.087438,0,0,0,0,0,0,0,0,0,208460.95,303545.78,350364.2
34587,249.1848812,7.0874815,0,0,0,0,0,0,97983.375,121358.35,182838.23,5869.044,0,0
34593,401.0762443,7.0876255,0,0,0,0,0,0,0,0,0,0,59714.207,73930.75
34605,656.426449,7.088493,0,0,0,0,103895.766,0,0,0,0,0,0,0
34611,501.3422849,7.08873,0,0,0,0,0,0,0,0,42987.88,0,0,0
34613,745.5021951,7.089013,0,132545.25,32747.416,0,0,0,0,0,0,0,0,0
34615,673.4082736,7.089974,0,3734.7383,0,0,226374.22,0,0,0,0,0,0,0
34617,243.101574,7.0908446,0,0,0,0,0,0,0,0,0,155402.8,449434.5,370349.25
34620,601.2067762,7.091224,0,0,0,0,0,0,0,0,0,51494.23,192706.92,117661.734
34627,694.4722658,7.0915337,0,0,0,0,0,89404.45,0,0,0,0,0,0
34628,695.4776536,7.0915337,0,0,0,0,0,40892.473,0,0,0,0,0,0
34629,722.5035623,7.0915337,0,0,0,0,0,60706.82,0,0,0,0,0,0
34633,429.3737734,7.092618,0,2042663.2,1361535,382927.7,1075174,547723,0,0,0,0,0,0
34636,689.5132066,7.0933695,0,60704.773,44217.246,0,0,0,0,0,0,0,0,0
34637,470.4003735,7.0936313,0,75825.75,68406.914,0,42667.434,26431.781,0,0,0,0,0,0
34638,693.5308891,7.093893,0,0,0,0,43446.516,236620.34,0,0,0,0,0,0
34657,579.2226365,7.098419,0,0,0,0,0,0,0,0,0,85383.2,187407.56,185126.52
34662,181.1222746,7.0990744,0,0,0,0,0,0,70729.13,67453.12,58136.613,16723.836,0,0
34666,469.3673406,7.1014237,0,89238.28,0,0,0,0,0,0,0,0,0,0
34669,576.5033312,7.1015773,0,0,0,0,0,78092.016,0,0,0,0,0,0
34677,700.5369703,7.1031938,0,0,185098.25,0,0,0,0,0,0,0,0,0
34686,598.4662338,7.1045046,0,0,0,56925.336,0,0,0,0,0,0,0,0
34688,626.4987358,7.1045046,0,0,0,47861.734,0,0,0,0,0,0,0,0
34690,970.6972623,7.1045046,0,0,0,88434.74,0,0,0,0,0,0,0,0
34691,972.7115556,7.1045046,0,0,0,53452.01,0,0,0,0,0,0,0,0
34699,664.5165654,7.107645,0,0,94948.23,37176.58,0,0,0,0,0,0,0,0
34700,527.2267457,7.1086173,0,0,0,0,0,0,37828.793,78117.74,0,9314.757,14830.673,5835.6387
34701,653.4787958,7.1091027,0,19300.736,94323.99,0,0,156472.56,0,0,0,0,0,0
34713,427.3584886,7.109763,0,66785.81,148501.55,0,159778,355601.47,0,0,0,0,0,0
34724,478.3898391,7.110876,0,28157.19,63468.8,31772.27,0,0,0,0,0,0,0,0
34730,421.3474589,7.11231,0,19648.178,26671.83,196595,14519.503,6038.2983,0,0,0,0,0,0
34732,506.4213559,7.113426,0,38441.754,123526.375,54264.9,0,0,0,0,0,0,0,0
34747,428.3617158,7.1187024,0,0,0,11071.114,0,110037.13,0,0,0,0,0,0
34756,445.3687033,7.12013,0,248123.11,765211.6,243860.83,237652.31,23804.734,0,0,0,0,0,0
34766,547.1941574,7.1212068,0,0,0,0,0,0,0,0,0,155026.16,305392.5,460785.9
34767,613.2071611,7.1212068,0,0,0,0,0,0,0,0,0,8401.398,209200.05,218493.28
34769,645.4712854,7.1244516,0,136700.28,0,0,0,100209.14,0,0,0,0,0,0
34774,830.6785812,7.1251707,0,0,0,0,0,168235.23,0,0,0,0,0,0
34783,902.5556224,7.1262627,0,0,486368.4,0,0,0,0,0,0,0,0,0
34784,461.3636695,7.1264763,0,51549.902,120718.2,85951.93,13346.194,16868.062,0,0,0,0,0,0
34790,431.3879794,7.1276712,0,0,0,53125.184,0,0,0,0,0,0,0,0
34792,830.6728717,7.1276712,0,0,0,58512,0,0,0,0,0,0,0,0
34811,595.4350957,7.13262,0,0,12191.525,0,66998.23,0,0,0,0,0,0,0
34820,205.1586626,7.1354413,0,0,0,0,0,0,0,0,0,141065.62,102013.36,117813.99
34824,666.533761,7.1358633,0,0,151821.33,88376.59,218159.53,33700.83,0,0,0,0,0,0
34826,217.1950378,7.136217,0,0,0,0,0,0,38585.77,62738.81,0,0,0,0
34851,901.5495575,7.1422205,0,0,349685.06,0,0,0,0,0,0,0,0,0
34856,217.1586869,7.1426053,0,0,0,0,0,0,0,0,0,347122.25,407154.53,309368.2
34872,774.5732884,7.1464806,0,53134.504,0,38844.76,0,0,0,0,0,0,0,0
34879,647.4897599,7.1492834,0,0,0,0,0,118766.17,0,0,0,0,0,0
34884,267.1015969,7.149606,0,0,0,0,0,0,0,0,0,236812.16,4136103.2,3254502.5
34886,149.1324728,7.149717,0,0,0,0,0,0,0,0,0,89806.46,46021.473,43248.55
34892,478.316367,7.152129,0,0,0,0,0,0,0,0,32602.582,0,0,0
34903,289.0836144,7.1532636,0,0,0,0,0,0,0,0,0,10493.092,132894.86,90802.91
34909,235.205609,7.1544204,0,0,0,0,0,0,72964.766,121888.63,6803.0137,0,0,0
34910,668.5492214,7.154421,0,0,0,43113.027,0,44834.54,0,0,0,0,0,0
34916,542.4426174,7.1571903,0,55752.348,0,0,0,0,0,0,0,0,0,0
34923,586.5089893,7.15812,0,0,0,0,106505.95,38950.61,0,0,0,0,0,0
34925,253.2161797,7.158676,0,0,0,0,0,0,115495.78,193098.39,12047.6045,0,0,0
34926,271.2267709,7.158676,0,0,0,0,0,0,46811.074,73769.086,6095.533,0,0,0
34927,311.219475,7.158676,0,0,0,0,0,0,71624.52,126640.31,4033.0627,0,0,0
34939,591.4606746,7.1622024,0,0,0,0,118226.63,74661.56,0,0,0,0,0,0
34957,399.0751309,7.1636987,0,0,0,0,0,0,0,0,0,87647.62,111207.88,118437.29
34963,337.104717,7.163919,0,0,0,0,0,0,0,0,0,74738.37,110285.875,109075.695
34994,645.4680718,7.1673126,0,0,0,74528.38,0,0,0,0,0,0,0,0
34998,315.1226985,7.1673946,0,0,0,0,0,0,0,0,0,1.19E+07,1.98E+07,2.02E+07
35002,420.1198588,7.1673946,0,0,0,0,0,0,0,0,0,57699.832,83931.98,89184.69
35017,301.0626917,7.170894,0,0,0,0,0,0,0,0,0,26207.22,166437.98,160623.03
35026,483.38323,7.1731024,0,30447.908,0,0,0,0,0,0,0,0,0,0
35052,397.3840032,7.174182,0,72016.32,77031.84,22805.139,72314.92,66819.99,0,0,0,0,0,0
35054,319.0732044,7.174551,0,0,0,0,0,0,0,0,0,42780.324,269444.22,224900.86
35055,341.0551233,7.174551,0,0,0,0,0,0,0,0,0,32333.506,220222.61,207946.4
35078,237.1849561,7.182793,0,12992.41,0,0,0,0,0,0,0,0,108007.93,90591.125
35084,580.4575599,7.184184,0,191819.16,58776.18,52233.08,0,163674.03,0,0,0,0,0,0
35089,586.506407,7.184611,0,0,0,0,167459.81,0,0,0,0,0,0,0
35099,599.4683137,7.185425,0,3117.9263,0,0,58606.383,125495.945,0,0,0,0,0,0
35106,551.4702143,7.1881547,0,0,9974.105,0,76356.625,12446.514,0,0,0,0,0,0
35115,613.2070812,7.1884766,0,0,0,0,0,0,0,0,0,8699.773,143546.31,158313.92
35120,411.3626571,7.1894193,0,75750.41,0,0,0,0,0,0,0,0,0,0
35128,445.3688114,7.1894913,0,81119.2,199896.98,180841.36,55305.043,24868.404,0,0,0,0,0,0
35137,617.4788325,7.1897726,0,0,0,0,0,254360.19,0,0,0,0,0,0
35143,579.4229264,7.1907616,0,25673.104,15405.045,0,6255.9727,0,0,0,0,0,0,0
35150,393.3343296,7.1910243,0,6292.2783,14870.987,40118.625,0,0,0,0,0,0,0,0
35160,591.4592083,7.1927857,0,0,0,0,212773.02,0,0,0,0,0,0,0
35163,671.4885236,7.19351,0,0,76875.914,0,0,66445.19,0,0,0,0,0,0
35168,697.5386757,7.193573,0,0,0,26425.271,0,0,0,0,0,0,0,0
35189,577.4858523,7.1953487,0,0,0,0,26151.227,63174.465,0,0,0,0,0,0
35194,215.1430216,7.1961007,0,0,0,0,0,0,0,0,0,246956.33,339698.06,244146.48
35195,273.1461562,7.1960998,0,0,0,0,0,0,0,0,0,1171827.6,815475.94,680701.06
35196,549.2484158,7.1960998,0,0,0,0,0,0,0,0,0,126039.53,292314.47,249116.14
35198,581.2383892,7.1960998,0,0,0,0,0,0,0,0,0,162956.1,320801,325764.2
35206,819.5593776,7.1977954,0,0,64295.508,0,0,0,0,0,0,0,0,0
35221,147.1168431,7.1995625,0,0,0,0,0,0,0,0,0,173189.08,289671.94,213264.44
35224,233.1536107,7.1995625,0,0,0,0,0,0,0,0,0,3754135.8,4519333,3346005
35225,335.1167638,7.1995625,0,0,0,0,0,0,0,0,0,142595.61,121708.23,118316.7
35233,234.1569297,7.1999874,0,0,0,0,0,0,0,0,0,0,698526.4,526175.7
35254,203.1794433,7.2030334,0,0,0,0,0,0,0,0,0,1047449.7,1657835.6,1179456.4
35260,459.3316483,7.203595,0,0,0,0,0,0,0,0,61100.434,0,0,0
35261,465.3188953,7.203595,0,0,0,0,0,0,0,0,49194.176,0,0,0
35264,251.1641423,7.204837,0,0,0,0,0,0,0,0,0,0,168606.25,0
35283,174.577684,7.206497,0,0,0,0,0,0,0,0,0,130189.586,120686.64,104985.734
35284,187.1480952,7.206497,0,0,0,0,0,0,0,0,0,115091.83,125183.445,98816.22
35287,270.1375918,7.206497,0,0,0,0,0,0,0,0,0,72616.47,74046.13,59835.758
35297,582.472459,7.2092457,0,0,0,74439.055,0,0,0,0,0,0,0,0
35299,587.4278654,7.2092457,0,0,0,33154.297,0,0,0,0,0,0,0,0
35300,972.7124719,7.2092457,0,0,0,76532.414,0,0,0,0,0,0,0,0
35313,739.5519273,7.2115073,0,0,11303.609,0,83556.18,0,0,0,0,0,0,0
35322,925.545887,7.2142887,0,0,89988.49,0,0,0,0,0,0,0,0,0
35332,385.0604791,7.215569,0,0,0,0,0,0,0,0,0,0,187210.86,87043.37
35343,540.4648305,7.216539,0,366643.6,166449.7,0,0,225904.62,0,0,0,0,0,0
35348,578.4427483,7.2182407,0,24001.545,20048.096,0,95232.555,11155.711,0,0,0,0,0,0
35361,447.3831483,7.2210298,0,44021.625,0,81472.04,4394.2046,0,0,0,0,0,0,0
35381,625.2546509,7.22598,0,0,0,0,0,0,0,0,0,0,440657.34,471186
35392,670.4700151,7.227438,0,18471.938,0,26082.781,54280.453,53856.53,0,0,0,0,0,0
35394,594.5120589,7.228569,0,11356.645,6286.0356,0,39421.49,82756.79,0,0,0,0,0,0
35410,612.522097,7.230385,0,32624.363,46859.414,0,62670.96,130188.24,0,0,0,0,0,0
35441,431.3893608,7.2374144,0,40510.863,21961.201,9904.853,18889.373,8957.092,0,0,0,0,0,0
35443,666.532733,7.2377367,0,0,178656.53,0,0,0,0,0,0,0,0,0
35461,297.1121871,7.241883,0,0,0,0,0,0,0,0,0,1258286.5,5609050,4719506
35465,441.3732415,7.2436423,0,0,19536.824,122355,15821.684,0,0,0,0,0,0,0
35466,750.5492191,7.244065,0,26840.055,62718.777,0,59080.305,0,0,0,0,0,0,0
35468,191.0702449,7.2453504,0,0,0,0,0,0,0,0,0,174914.62,639983,562766.94
35469,319.0941709,7.2453504,0,0,0,0,0,0,0,0,0,85180.47,333763.62,286884.53
35470,565.2434155,7.2453504,0,0,0,0,0,0,0,0,0,479954.4,1701249.1,952926.56
35471,567.2591793,7.2453504,0,0,0,0,0,0,0,0,0,487626.53,1248446.9,1020449.1
35472,589.2413425,7.2453504,0,0,0,0,0,0,0,0,0,111254.67,297890.9,241345.7
35476,792.56202,7.2458243,0,0,27120.027,0,0,0,0,0,0,0,0,0
35481,792.5672698,7.2460117,0,0,0,0,0,56776.82,0,0,0,0,0,0
35482,797.5221078,7.2460117,0,0,0,0,0,92104.73,0,0,0,0,0,0
35502,584.4909164,7.247948,0,0,0,0,71389.69,0,0,0,0,0,0,0
35503,828.5272012,7.247948,0,0,0,0,67634.14,0,0,0,0,0,0,0
35512,419.353176,7.253122,0,51469.902,506170.66,164072.31,35601.97,22855.363,0,0,0,0,0,0
35529,695.5271894,7.255223,0,0,0,0,115915.97,0,0,0,0,0,0,0
35536,349.0839602,7.25741,0,0,0,0,0,0,0,0,0,0,170949.19,139430.62
35548,667.4927878,7.262925,0,45238.81,16595.877,0,0,0,0,0,0,0,0,0
35550,271.130358,7.26312,0,0,0,0,0,0,0,0,0,120683.92,122180.336,105339.11
35568,956.7180637,7.267158,0,0,0,45413.44,0,0,0,0,0,0,0,0
35582,328.1261931,7.268191,0,0,0,0,0,0,0,0,0,0,0,827650.3
35590,870.5664482,7.270151,0,0,100489.91,0,0,0,0,0,0,0,0,0
35592,909.5512629,7.270151,0,0,210594.98,0,0,0,0,0,0,0,0,0
35598,830.6781549,7.2720866,0,0,0,0,0,290746.28,0,0,0,0,0,0
35602,675.2206308,7.2730145,0,0,0,0,0,0,0,0,0,0,86698.266,84247.33
35606,349.1047326,7.2735496,0,0,0,0,0,0,0,0,0,88302.8,785886.6,718811.25
35607,613.2072335,7.2735496,0,0,0,0,0,0,0,0,0,8317.7295,180155.25,131906.98
35613,675.4240586,7.27598,0,0,0,13377.756,3715.2976,56703.89,0,0,0,0,0,0
35614,561.4159854,7.2763996,0,25142.182,0,0,148840.12,2949.3567,0,0,0,0,0,0
35617,610.5063823,7.2775955,0,2283.1602,21351.426,45605.668,25172.316,16701.49,0,0,0,0,0,0
35648,1429.102598,7.286034,0,0,181580.84,0,0,0,0,0,0,0,0,0
35651,563.2275964,7.287811,0,0,0,0,0,0,0,0,0,116580.695,269744.22,394502.47
35652,583.1965467,7.287811,0,0,0,0,0,0,0,0,0,21040.533,375845.94,352886.7
35658,327.122811,7.28866,0,0,0,0,0,0,0,0,0,519225.22,4375635,4033299.2
35670,642.5323904,7.2900457,0,304281,172250.89,94907.72,419158.4,255124.23,0,0,0,0,0,0
35671,443.3895573,7.2902045,0,0,3350.5718,228184.31,0,2637.478,0,0,0,0,0,0
35674,615.5014951,7.2923126,0,0,0,0,284323.47,70080.13,0,0,0,0,0,0
35679,696.5395368,7.293581,0,135792.77,0,70394.55,0,0,0,0,0,0,0,0
35685,647.4869549,7.294745,0,242621.8,75651.3,65723.39,459824.88,312254.22,0,0,0,0,0,0
35689,714.5526066,7.295937,0,956782.75,0,0,192363.4,0,0,0,0,0,0,0
35697,267.1015892,7.2994695,0,0,0,0,0,0,0,0,0,983213.25,5511823,4557793.5
35713,449.3983731,7.2999744,0,0,0,34667.207,0,0,0,0,0,0,0,0
35729,736.5313792,7.2999744,0,0,0,154849.05,0,0,0,0,0,0,0,0
35737,640.515564,7.3009768,0,125873.1,47498.15,122807.06,175041.75,109420.78,0,0,0,0,0,0
35740,525.2120776,7.303007,0,0,0,0,0,0,0,0,0,34767.434,134639.78,129103.07
35752,558.492162,7.303753,0,0,0,0,0,131486.56,0,0,0,0,0,0
35768,445.3523746,7.3053956,0,0,0,0,0,0,0,0,54093.938,0,0,0
35769,467.3344828,7.3053956,0,0,0,0,0,0,0,0,145090.12,0,0,0
35771,698.4995388,7.305706,0,97363.75,87727.76,95196.95,173548.48,231022.44,0,0,0,0,0,0
35772,581.238416,7.306471,0,0,0,0,0,0,0,0,0,76490.22,379344.7,183943.83
35776,341.1360011,7.30666,0,0,0,0,0,0,0,0,0,125026.65,157687.05,253804.53
35779,670.4693539,7.3088326,0,272030.75,201435.75,261212.58,522044.44,589739.06,0,0,0,0,0,0
35804,696.487993,7.311509,0,0,0,0,0,299480.16,0,0,0,0,0,0
35806,724.518479,7.311509,0,0,0,0,0,92684.38,0,0,0,0,0,0
35823,235.1692323,7.31571,0,0,0,0,0,0,5117.2686,10496.391,0,0,472553.5,339955.8
35824,427.393459,7.31719,0,10474.297,14544.475,158049.62,0,0,0,0,0,0,0,0
35826,650.5378298,7.3173027,0,0,151629.92,0,0,0,0,0,0,0,0,0
35828,759.6110545,7.3173027,0,0,169359.33,0,0,0,0,0,0,0,0,0
35844,146.981228,7.3192654,0,0,0,0,0,432670.97,0,0,0,0,0,0
35861,736.5352586,7.3216186,0,639523.1,580949.56,0,0,356501.6,0,0,0,0,0,0
35872,658.5245201,7.3269515,0,72673.016,0,0,0,0,0,0,0,0,0,0
35884,393.3160481,7.32769,0,274478.8,131164.47,8901.129,1288583.4,563544.5,0,0,0,0,0,0
35893,314.2690101,7.329053,0,0,0,0,0,0,0,37060.586,80271.39,0,0,0
35908,596.2284616,7.3312383,0,0,0,0,0,0,0,0,0,0,160622.36,207176.53
35911,147.1168313,7.331578,0,0,0,0,0,0,0,0,0,140949.52,184395.56,150142.56
35912,203.1794351,7.331578,0,0,0,0,0,0,0,0,0,1383426.8,1862658.6,1173317.1
35931,569.2753983,7.335093,0,0,0,0,0,0,0,0,0,265988.06,421162.03,433204.56
35938,655.4924709,7.3373084,0,0,42181.926,6867.2666,0,75756.7,0,0,0,0,0,0
35940,714.552846,7.337841,0,1136742.5,4623929.5,499028.78,98336.61,1043209.8,0,0,0,0,0,0
35941,534.4890132,7.3380303,0,34579.176,72435.93,5654.8105,0,49474.445,0,0,0,0,0,0
35943,696.542279,7.3382645,0,173261.05,654302.75,0,0,139599.75,0,0,0,0,0,0
35946,1428.098383,7.3390083,0,46058.617,210546.39,0,0,0,0,0,0,0,0,0
35950,463.379053,7.3402686,0,36381.316,24705.857,138124.52,33172.426,39539.68,0,0,0,0,0,0
35956,355.0499202,7.341657,0,0,0,0,0,0,0,0,0,0,433606.88,186142.48
35966,423.1438494,7.3420396,0,0,0,0,0,0,0,0,0,11802.983,108860.3,94097.07
35979,219.1379312,7.3455086,0,0,0,0,0,0,0,0,0,112932.516,221007.1,262547.16
35987,645.4711165,7.34686,0,82470.64,0,0,1152840.8,0,0,0,0,0,0,0
35991,578.5173139,7.347703,0,5792.913,0,0,0,149480.8,0,0,0,0,0,0
36014,567.259108,7.3542,0,0,0,0,0,0,0,0,0,255518.4,0,0
36016,592.4964804,7.354565,0,6173.772,28388.656,0,497414.66,56277.83,0,0,0,0,0,0
36018,701.4418888,7.3548136,0,0,0,0,168541.95,25041.098,0,0,0,0,0,0
36022,425.3783927,7.3558273,0,0,19876.66,56909.6,0,65192.703,0,0,0,0,0,0
36030,903.5640091,7.3576965,0,0,1053096.6,0,0,0,0,0,0,0,0,0
36033,816.6352344,7.358057,0,0,0,110903.02,0,0,0,0,0,0,0,0
36038,275.1618161,7.3595653,0,0,0,0,0,0,0,0,0,407970.2,882659.3,620907.6
36053,217.1587003,7.36274,0,0,0,0,0,0,0,0,0,0,614661.56,433667.8
36058,189.127383,7.36342,0,0,0,0,0,0,0,0,0,152231.88,216862.48,168043.64
36061,525.2120344,7.36342,0,0,0,0,0,0,0,0,0,77425.5,122598.766,125049.15
36066,275.2005168,7.36528,0,0,0,0,0,0,0,62393.508,0,0,0,0
36067,653.4771133,7.366768,0,0,0,0,239453.73,0,0,0,0,0,0,0
36069,663.4843967,7.366768,0,0,0,0,1670229.4,0,0,0,0,0,0,0
36073,191.1066486,7.366888,0,0,0,0,0,0,0,0,0,205746.25,274255.75,228302.48
36074,813.5664939,7.3676357,0,73467.18,0,0,146857,0,0,0,0,0,0,0
36089,589.4846177,7.3717017,0,10934.906,18351.44,47650.9,19706.348,66561.91,0,0,0,0,0,0
36090,764.5675611,7.372132,0,88308.34,186491.48,0,51392.625,0,0,0,0,0,0,0
36107,871.5740201,7.374948,0,223420.58,9746077,96420.59,291239.75,306717.78,0,0,0,0,0,0
36113,319.073257,7.3776107,0,0,0,0,0,0,0,0,0,14255.363,397710.5,304521.88
36119,640.5139452,7.378984,0,61419.6,35979.574,73750.04,0,0,0,0,0,0,0,0
36121,648.5220408,7.381125,0,0,74583.266,0,0,0,0,0,0,0,0,0
36123,901.5488588,7.381125,0,0,210799.28,0,0,0,0,0,0,0,0,0
36126,613.207065,7.381499,0,0,0,0,0,0,0,0,0,15045.776,314853.9,331253.44
36136,624.5228905,7.382349,0,0,20135.043,0,0,70166.56,0,0,0,0,0,0
36145,870.567204,7.382349,0,0,464794.62,0,0,13117.241,0,0,0,0,0,0
36150,297.1122152,7.3835654,0,0,0,0,0,0,0,0,0,0,576013.56,429909.3
36154,629.4782792,7.3835735,0,0,0,0,0,43752.92,0,0,0,0,0,0
36165,576.4653081,7.387423,0,0,78191.42,13606.415,4526.5913,0,0,0,0,0,0,0
36171,887.5709471,7.390166,0,0,8709117,0,0,502347.12,0,0,0,0,0,0
36185,234.1569092,7.393727,0,0,0,0,0,0,0,0,0,0,199191.78,0
36190,397.3476448,7.3940306,0,174040.45,125448.4,51932.984,193756.16,54100.625,0,0,0,0,0,0
36196,499.3265274,7.3942084,0,0,0,0,0,0,0,0,45474.23,0,0,0
36205,233.1536193,7.3950267,0,0,0,0,0,0,0,0,0,862423.1,1324053.4,888301.5
36206,273.1461598,7.3950267,0,0,0,0,0,0,0,0,0,444884.94,455427.28,318538.53
36208,631.4941038,7.3952413,0,0,136061.84,0,312199.97,120055.484,0,0,0,0,0,0
36209,585.4497837,7.3964787,0,67154.36,0,28569.996,71008.82,0,0,0,0,0,0,0
36211,909.5496105,7.396621,0,0,132178.98,0,0,0,0,0,0,0,0,0
36213,177.05545,7.3981175,0,0,0,0,153323.4,0,0,0,0,0,0,0
36215,629.4413742,7.3981175,0,0,0,0,78777.73,0,0,0,0,0,0,0
36217,680.5108628,7.3981175,0,0,0,0,3686174.2,0,0,0,0,0,0,0
36218,685.4658506,7.3981175,0,0,0,0,2576917.2,0,0,0,0,0,0,0
36228,429.3736784,7.398778,0,311224.5,449187.8,951426,108461.71,83986.42,0,0,0,0,0,0
36229,448.3913872,7.3988013,0,42710.254,47179.87,116931.805,11753.352,7985.9062,0,0,0,0,0,0
36230,173.1324724,7.398859,0,0,0,0,0,0,0,0,0,77732.11,101719.266,63859.39
36236,445.3677247,7.3995695,0,25597.768,0,163665.89,0,0,0,0,0,0,0,0
36239,447.3832381,7.4003234,0,22542.93,41254.547,81402.375,5401.892,0,0,0,0,0,0,0
36242,215.143021,7.4021225,0,0,0,0,0,0,0,0,0,124577.87,283612.28,167103.4
36255,271.131399,7.4052267,0,0,0,0,0,0,11293.558,47145.637,0,189173.83,175741.72,143474.64
36261,669.4349393,7.4055324,0,0,0,0,108464.84,0,0,0,0,0,0,0
36265,708.5419747,7.4055324,0,0,0,0,647493.1,0,0,0,0,0,0,0
36268,886.5605449,7.406496,0,0,2167108.5,0,0,27326.037,0,0,0,0,0,0
36282,1028.755094,7.4102955,0,221809.75,7205.9644,0,0,0,0,0,0,0,0,0
36285,758.6333517,7.4113913,0,0,0,39383.008,0,143967.75,0,0,0,0,0,0
36289,277.1773651,7.4128976,0,0,0,0,0,0,0,0,0,508089.66,183576.97,188291.64
36297,531.4405815,7.4143925,0,0,0,52156.387,0,0,0,0,0,0,0,0
36315,405.3731796,7.4152412,0,7040.788,0,97444.1,0,0,0,0,0,0,0,0
36322,158.15396,7.4161944,0,0,0,0,4493.452,0,1.72E+07,1.59E+07,1.71E+07,1.63E+07,1.52E+07,1.67E+07
36324,597.4522523,7.4165106,0,133431.6,107068.055,97509.555,403490.25,107970.62,0,0,0,0,0,0
36326,885.5554887,7.4180293,0,0,2939041,0,0,38843.06,0,0,0,0,0,0
36331,421.2948374,7.4184203,0,0,0,0,0,0,0,0,103205.836,0,0,0
36332,583.3477076,7.4184203,0,0,0,0,0,0,0,0,71812.15,0,0,0
36333,745.4005662,7.4184203,0,0,0,0,0,0,0,0,88923,0,0,0
36335,767.3825183,7.4184203,0,0,0,0,0,0,0,0,74260.92,0,0,0
36341,812.6265552,7.4185653,0,56541.996,0,3163.1787,73001.5,0,0,0,0,0,0,0
36343,353.2298081,7.419379,0,0,0,0,0,0,25510.762,43612.055,0,0,0,0
36347,595.2176766,7.4202957,0,0,0,0,0,0,0,0,0,122354.43,233955.3,185315.9
36355,443.3877232,7.422311,0,0,0,57536.625,0,0,0,0,0,0,0,0
36356,411.3628594,7.4223456,0,144525.81,98735.516,198336.44,164861.23,228814.97,0,0,0,0,0,0
36360,158.1580037,7.4231606,0,0,0,0,0,0,81779.16,94403.84,86904.13,87781.5,85379.68,82080.766
36367,938.772816,7.424165,0,0,0,0,0,143893.31,0,0,0,0,0,0
36376,158.1496227,7.42515,0,0,0,0,0,0,43740.914,59984.445,60799.125,48760.027,63738.54,74666.79
36389,102.0912265,7.427011,0,0,0,0,0,0,167064.78,178532.84,168311.95,152960.5,142824.52,141892.69
36394,727.5503856,7.4293346,0,0,36499.28,74692.03,0,0,0,0,0,0,0,0
36422,407.3675366,7.435461,0,12133.101,0,84107.02,0,0,0,0,0,0,0,0
36423,684.4851249,7.4356227,0,21892.424,0,46601.75,0,17117.082,0,0,0,0,0,0
36435,554.4796726,7.4368296,0,86119.55,38727.71,0,35099.47,53988.348,0,0,0,0,0,0
36446,566.4789261,7.4421864,0,7832.334,13042.766,120754.875,53759.293,0,0,0,0,0,0,0
36448,124.0879204,7.4424458,0,0,0,0,0,21479.81,0,0,0,0,0,0
36458,723.5574491,7.442484,0,42326.17,0,29901.02,71221.36,0,0,0,0,0,0,0
36480,643.2182863,7.4464107,0,0,0,0,0,0,0,0,0,0,238653.1,284946.8
36484,525.2120943,7.4466863,0,0,0,0,0,0,0,0,0,0,0,526599.8
36494,395.3702127,7.4506145,0,0,0,0,0,532896.1,0,0,0,0,0,0
36526,571.4305788,7.4545608,0,0,0,35262.082,0,0,0,0,0,0,0,0
36530,547.1941841,7.4569016,0,0,0,0,0,0,0,0,0,0,124174.85,0
36535,642.5322619,7.4570627,0,186682.1,128961.77,82372.45,264060.53,0,0,0,0,0,0,0
36537,553.3899354,7.4573927,0,0,44668.973,10435.686,0,0,0,0,0,0,0,0
36540,531.4087822,7.4587064,0,12151.684,578797,89217.16,111228.05,0,0,0,0,0,0,0
36547,688.5545564,7.4607315,0,47422.633,12317.768,23635.56,158408.58,0,0,0,0,0,0,0
36548,518.4217477,7.4615736,0,0,0,0,48239.16,0,0,0,0,0,0,0
36556,253.122277,7.4624605,0,0,0,0,0,0,19699.979,88168.414,0,0,0,0
36558,625.483244,7.4626665,0,279413.06,60863.56,165311.69,1186531,0,0,0,0,0,0,0
36559,660.52075,7.4626665,0,115163.76,29503.922,60949.312,469578.62,0,0,0,0,0,0,0
36564,665.4748016,7.4634805,0,12680.225,0,10561.279,84288.234,0,0,0,0,0,0,0
36566,201.1273867,7.46573,0,0,0,0,0,0,0,0,0,110214.45,169494.7,126414.78
36569,567.2591418,7.465735,0,0,0,0,0,0,0,0,0,161892.61,758380.75,705654
36570,641.2017807,7.465735,0,0,0,0,0,0,0,0,0,8795.621,430304.22,377576.06
36575,220.1413181,7.4672637,0,0,0,0,0,0,0,0,0,0,241753.88,0
36585,293.1147993,7.4684877,0,0,0,0,0,0,21123.254,103254.57,0,0,0,0
36592,301.1410938,7.469192,0,0,0,0,0,0,0,0,0,7020932.5,7072612.5,5267769
36597,579.2930216,7.4691887,0,0,0,0,0,0,0,0,0,368857.38,341928,219145.12
36598,583.1964243,7.4691887,0,0,0,0,0,0,0,0,0,26638.094,481644.62,497039.9
36600,438.3800581,7.4698477,0,0,0,317157.9,0,171709.98,0,0,0,0,0,0
36613,175.1117551,7.472646,0,0,0,0,0,0,0,0,0,211022.36,337614.28,218389.8
36614,219.1379933,7.472646,0,0,0,0,0,0,0,0,0,1341975.1,1811434.8,1267518.4
36616,279.1590973,7.472646,0,0,0,0,0,0,0,0,0,5784005.5,7684003.5,5380525.5
36617,280.1624843,7.472646,0,0,0,0,0,0,0,0,0,983332.1,1342430.9,907964.5
36618,317.115095,7.472646,0,0,0,0,0,0,0,0,0,648292.06,626418.8,453324.97
36631,123.1167773,7.4761024,0,0,0,0,0,0,0,0,0,115069.81,184500.02,131596.45
36633,205.1950766,7.4760995,0,0,0,0,0,0,0,0,0,178072.44,299139.4,207715.14
36634,261.148565,7.4760995,0,0,0,0,0,0,0,0,0,145345.05,248971.31,192794.48
36671,655.4932412,7.477931,0,67935.86,79131.016,26629.613,80203.92,49848.746,0,0,0,0,0,0
36673,431.3531001,7.4795594,0,148521.9,212287.39,185556.89,73735.875,75938.47,0,0,0,0,0,0
36676,333.2036566,7.479835,0,0,0,0,0,0,10732.881,69423.945,9740.094,0,0,0
36677,295.0966169,7.479852,0,0,0,0,0,0,0,0,0,11106.401,2058257.4,1145244.9
36681,409.3479424,7.4799995,0,0,29402.707,0,236000.42,435052.4,0,0,0,0,0,0
36707,275.2005374,7.486545,0,0,0,0,0,0,21882.873,84988.91,0,0,0,0
36708,309.2043462,7.486545,0,0,0,0,0,0,18785.021,63031.535,0,0,0,0
36714,601.2069351,7.4868255,0,0,0,0,0,0,0,0,0,24897.648,166082.7,156945.23
36718,199.5309143,7.487299,0,0,0,0,0,0,0,82896.58,0,0,0,0
36720,208.5361935,7.487299,0,0,0,0,0,0,0,121604.48,0,0,0,0
36754,581.2384165,7.4902825,0,0,0,0,0,0,0,0,0,305594.06,464941.97,569451.06
36756,698.5004751,7.4908094,0,57809.25,79792.83,55408.855,111078,129285.25,0,0,0,0,0,0
36757,279.2335888,7.491312,0,0,0,0,0,43829.156,0,0,0,0,0,0
36768,301.0706896,7.49256,0,0,0,0,0,0,344747.28,7884406.5,0,0,0,0
36818,668.5473269,7.5018373,0,0,134458.62,57084.66,0,3987.4937,0,0,0,0,0,0
36831,275.1618191,7.5070496,0,0,0,0,0,0,0,0,0,125767.6,0,97029.34
36865,856.5583317,7.5098314,0,0,0,0,138928.6,0,0,0,0,0,0,0
36873,525.2121009,7.5110755,0,0,0,0,0,0,0,0,0,920948.06,2796468.2,2126152.2
36874,547.194218,7.5110755,0,0,0,0,0,0,0,0,0,200391.33,545730.44,708210.8
36880,591.5003163,7.512127,0,143489.36,229453.94,0,266306.7,193398.19,0,0,0,0,0,0
36881,381.3533087,7.5123568,0,66578.516,75783.91,64842.21,86979.36,245875.67,0,0,0,0,0,0
36883,871.5734479,7.513047,0,64291.367,0,0,57958.414,0,0,0,0,0,0,0
36896,457.3159637,7.5159445,0,0,0,0,0,0,0,0,104607.375,0,0,0
36897,479.2979283,7.5159445,0,0,0,0,0,0,0,0,58236.97,0,0,0
36898,629.4750782,7.517218,0,107554.99,0,17945.04,212167.47,174252.38,0,0,0,0,0,0
36904,405.3731521,7.517308,0,16753.865,0,76167.92,0,0,0,0,0,0,0,0
36905,560.5067099,7.5173655,0,0,0,0,3829.6997,186209.58,0,0,0,0,0,0
36910,201.1637981,7.519326,0,0,0,0,0,0,0,0,0,0,242265.44,219727.11
36924,353.2298664,7.521134,0,0,0,0,0,0,62190.16,166924.36,217954.75,0,0,0
36935,599.4684848,7.5246825,0,194275.31,231032.86,0,167466.56,112554.58,0,0,0,0,0,0
36937,412.3679653,7.5253034,0,0,0,0,0,81351.52,0,0,0,0,0,0
36943,626.5365221,7.5254793,0,96909.08,151072.25,30673.766,161993.19,113319.74,0,0,0,0,0,0
36947,293.1359663,7.5257835,0,0,0,0,0,0,0,10921.846,43369.082,0,0,0
36949,707.5241216,7.5268393,0,68145.92,69545.03,0,0,0,0,0,0,0,0,0
36957,725.571579,7.5289874,0,0,0,42297.246,0,0,0,0,0,0,0,0
36970,411.3629365,7.5303164,0,592497.94,648877.1,293871.88,421478.3,266759.5,0,0,0,0,0,0
36975,395.3688066,7.5323467,0,0,260959.4,377536.44,424949.12,328546.16,0,0,0,0,0,0
36982,673.5048746,7.536646,0,0,0,0,184117.53,5895.1045,0,0,0,0,0,0
36989,265.0860053,7.5387764,0,0,0,0,0,0,0,0,0,9504.273,819030.1,552330.94
36992,565.2433985,7.5398545,0,0,0,0,0,0,0,0,0,0,344442.66,0
37007,295.2269414,7.5415106,0,0,48654.043,0,0,0,28352.738,51715.633,63553.223,0,0,0
37013,694.526117,7.543798,0,0,0,0,62246.76,0,0,0,0,0,0,0
37020,631.4907382,7.5449886,0,45491.566,0,0,57107.37,0,0,0,0,0,0,0
37038,613.2072307,7.549141,0,0,0,0,0,0,0,0,0,11324.344,1364358.6,1381926.4
37042,625.2070516,7.549564,0,0,0,0,0,0,0,0,0,7026.3374,396031.62,403442.56
37044,348.2744322,7.5500083,0,0,0,0,0,0,0,8738.825,76678.04,0,0,0
37046,298.1155392,7.5502415,0,0,0,0,0,0,0,0,0,0,1810686.5,0
37066,297.1121873,7.553021,0,0,0,0,0,0,0,0,0,289214.8,9335397,7757168
37068,319.0941872,7.553308,0,0,0,0,0,0,0,0,0,13583.011,575764.25,482141.03
37070,235.1692658,7.55351,0,0,0,0,0,0,0,24314.043,0,1188860.6,2105502.5,1151527.6
37081,695.5245651,7.55652,0,83597.35,57837.656,45603.273,0,0,0,0,0,0,0,0
37092,611.1913665,7.5599494,0,0,0,0,0,0,0,0,0,7859.2944,383511.97,544661.5
37103,445.3672667,7.560935,0,0,0,50233.75,0,0,0,0,0,0,0,0
37127,703.4555991,7.5652175,0,25608.951,21867.332,31596.719,45332.38,77581.82,0,0,0,0,0,0
37128,726.5311543,7.5652175,0,122460.76,170436.12,78630.016,134108.28,192319.1,0,0,0,0,0,0
37135,698.5004588,7.566777,0,668668.25,805593.44,587204.8,924736.5,1243091.1,0,0,0,0,0,0
37136,617.5162826,7.5667872,0,0,103666.26,7308.2256,0,19753.01,0,0,0,0,0,0
37137,607.4947102,7.5670652,0,337656.53,378479.6,68763.16,493460.34,334346.28,0,0,0,0,0,0
37139,583.2543619,7.567209,0,0,0,0,0,0,0,0,0,171097.97,488807.16,308787.25
37143,652.5533864,7.5675864,0,73859.05,177720.22,13409.195,87331.63,64052.105,0,0,0,0,0,0
37148,755.581121,7.5690994,0,0,0,33443.754,0,0,0,0,0,0,0,0
37151,920.7599846,7.5694604,0,60111.727,25100.611,0,0,36579.24,0,0,0,0,0,0
37156,681.473369,7.570507,0,20607.605,0,21571.523,0,48281.008,0,0,0,0,0,0
37157,219.1743207,7.5710216,0,0,0,0,0,0,0,0,5836.0444,1622501.4,1684845.2,1340108.9
37179,393.3523984,7.5757165,0,0,0,0,152094.45,0,0,0,0,0,0,0
37180,394.3543549,7.5757165,0,0,0,0,144837.27,0,0,0,0,0,0,0
37191,237.1848853,7.5766244,0,0,0,0,0,0,0,0,7771.7134,591431.4,539230.75,442493.25
37193,499.4152758,7.5776978,0,40153.023,0,0,0,0,0,0,0,0,0,0
37194,670.563913,7.5776978,0,80475.805,0,0,0,0,0,0,0,0,0,0
37225,675.2205094,7.586812,0,0,0,0,0,0,0,0,0,0,330943.25,242603.03
37244,624.5211283,7.5928526,0,97919.53,118770.6,0,135558.19,97735.016,0,0,0,0,0,0
37254,207.1742931,7.5972447,0,0,0,15378.809,0,0,0,0,0,298039.6,312820.38,231932.42
37274,653.2385611,7.602461,0,0,0,0,0,0,0,0,0,0,378286,279407.22
37290,552.5013895,7.60553,0,254367.33,408507.66,12167.707,8592.438,537075.2,0,0,0,0,0,0
37292,327.1227639,7.605887,0,0,0,0,0,0,0,0,0,886060.4,1.99E+07,1.60E+07
37294,349.1047474,7.6062512,0,0,0,0,0,0,0,0,0,145432.48,3887754.8,3093658
37295,365.0785653,7.6062512,0,0,0,0,0,0,0,0,0,16272.967,309157.88,247102.78
37306,278.1807279,7.6076517,0,0,0,0,0,0,0,0,0,0,228553.5,177210.45
37314,177.1273823,7.6093426,0,0,0,0,0,0,0,0,0,125204.445,143670.75,112631.914
37315,189.163757,7.6093483,0,0,0,0,0,0,0,0,0,142246.3,151923.83,124891.68
37316,201.163804,7.6093483,0,0,0,0,0,0,0,0,0,842987.9,703171,532312.94
37320,159.1168379,7.609712,0,0,0,0,0,0,0,0,0,234444.5,295715.97,172582.4
37341,554.5150601,7.6130357,0,40915.227,0,0,0,164579.67,0,0,0,0,0,0
37344,257.1511659,7.6131706,0,0,0,0,0,0,0,0,0,78404.11,174657.92,106233.99
37345,277.1774497,7.6131706,0,0,0,0,0,0,0,0,0,2068194.4,1494303.6,1202586
37372,573.449504,7.6195173,0,23486.252,40591.066,27269.705,224989.64,0,0,0,0,0,0,0
37375,534.4899778,7.6197147,0,70611.36,112432.02,0,0,190651.17,0,0,0,0,0,0
37381,596.5272771,7.6215515,0,0,0,6589.432,31577.604,52790.715,0,0,0,0,0,0
37384,568.4950681,7.621621,0,87279.91,157947.67,50771.375,451221.72,21698.438,0,0,0,0,0,0
37390,268.1048861,7.6232104,0,0,0,0,0,0,0,0,0,0,281212.78,227929.27
37406,267.1016123,7.6236916,0,0,0,0,0,0,0,0,0,109515.805,1463221.2,1298137.1
37409,633.5106726,7.625132,0,0,141737.39,0,0,7114.5215,0,0,0,0,0,0
37412,397.3477863,7.627004,0,166627.6,104339.234,24004.268,239532.48,87559.76,0,0,0,0,0,0
37431,584.5107951,7.6300364,0,0,0,0,0,43964.18,0,0,0,0,0,0
37438,708.5422364,7.6308455,0,0,0,0,103378.99,0,0,0,0,0,0,0
37440,599.4663292,7.6310015,0,8118.1553,20724.455,114725.8,26421.74,0,0,0,0,0,0,0
37442,858.4841405,7.631665,0,43920.004,49161.27,35730.27,17770.623,26566.164,0,0,0,0,0,0
37486,465.3187167,7.638954,0,0,0,0,0,0,0,0,194452.17,0,0,0
37490,228.195776,7.6401787,0,0,0,0,0,0,522304.8,572859.25,523986.66,602601.3,718979.4,730935.44
37491,271.1304477,7.6411653,0,0,0,0,0,0,0,0,0,139630.39,103529.83,69796.79
37498,885.5541094,7.6433587,0,0,811334.44,0,0,0,0,0,0,0,0,0
37504,625.2071581,7.644649,0,0,0,0,0,0,0,0,0,14350.912,730801.5,738868.56
37516,637.4838174,7.646048,0,71021.11,85072.62,38017.996,62401.04,32778.42,0,0,0,0,0,0
37518,348.2744538,7.6481733,0,0,0,0,0,0,0,5904.804,52112.78,0,0,0
37529,557.1653988,7.650567,0,0,0,0,0,0,0,0,113906.44,0,0,0
37530,880.2868515,7.650567,0,0,0,0,0,0,0,0,109100.92,0,0,0
37534,618.5117171,7.6506824,0,61426.2,61597.887,0,65210.52,73386.97,0,0,0,0,0,0
37537,594.5112428,7.6513906,0,0,89071.625,12262.362,81991.27,10612.383,0,0,0,0,0,0
37546,395.3685675,7.654088,0,898594.8,250663.28,264832.53,225353.14,347781.53,0,0,0,0,0,0
37547,347.0681119,7.654402,0,0,0,0,0,0,0,0,0,0,77430.266,83156.72
37550,657.2335777,7.654402,0,0,0,0,0,0,0,0,0,0,101113.914,156674.77
37555,569.2749958,7.6550965,0,0,0,0,0,0,0,0,0,176432.53,1117606.6,944400.9
37559,411.3629606,7.6574664,0,311577.56,0,152969.7,0,131819.4,0,0,0,0,0,0
37562,250.1777618,7.6580873,0,0,0,0,0,0,1243707.8,1472147.1,1482713.8,1214056.4,965392.4,1036847.9
37568,644.5470169,7.659145,0,249009.14,0,32933.027,0,0,0,0,0,0,0,0
37570,796.5908376,7.6591945,0,0,115155.125,0,0,0,0,0,0,0,0,0
37575,768.6133159,7.659876,0,0,0,39140.883,0,0,0,0,0,0,0,0
37577,885.242172,7.66115,0,0,0,0,0,0,0,0,70218,0,0,0
37583,691.5157914,7.662766,0,0,0,0,220081.11,0,0,0,0,0,0,0
37588,558.4212775,7.6644173,0,0,0,0,0,0,83941.19,83762.52,86946.336,91250.52,89331.4,95322.6
37601,187.148104,7.665869,0,0,0,0,0,0,0,0,0,89586.49,234752.72,142501.11
37602,565.2433872,7.665869,0,0,0,0,0,0,0,0,0,235187.62,607567,732070.8
37606,634.5048198,7.6665263,0,64861.945,0,0,0,0,0,0,0,0,0,0
37610,273.1461445,7.669604,0,0,0,0,0,0,0,0,0,323487.7,492281.16,326036.97
37614,609.4883434,7.670013,0,160618,72915.84,177197.14,581738.75,0,0,0,0,0,0,0
37635,580.5324712,7.676077,0,6828.2036,34644.773,0,0,75862.09,0,0,0,0,0,0
37647,670.5648409,7.679087,0,29511.727,0,0,8848.184,90046.484,0,0,0,0,0,0
37649,510.4915583,7.6795983,0,0,0,0,0,52378.9,0,0,0,0,0,0
37655,393.3524644,7.680572,0,0,0,0,128488.44,0,0,0,0,0,0,0
37660,596.2283672,7.6808414,0,0,0,0,0,0,0,0,0,0,170329.19,225645.02
37661,618.2100925,7.6808414,0,0,0,0,0,0,0,0,0,0,84490.836,123405.516
37663,572.5258354,7.68174,0,39291.09,33437.98,0,5121.692,0,0,0,0,0,0,0
37676,215.1430277,7.6860285,0,0,0,0,0,0,0,0,0,0,1047916.25,660758.25
37686,409.3483603,7.6866717,0,0,0,0,384093.6,405474.7,0,0,0,0,0,0
37699,583.1965065,7.6878223,0,0,0,0,0,0,0,0,0,97676.445,2773127.2,2734585
37704,203.1794139,7.691213,0,0,0,0,0,0,0,0,0,0,391985.88,338674.28
37712,740.5837088,7.692588,0,0,68186.19,0,0,0,0,0,0,0,0,0
37713,764.565399,7.692588,0,0,62410.48,0,0,0,0,0,0,0,0,0
37714,870.5673519,7.692588,0,0,383204.2,0,0,0,0,0,0,0,0,0
37715,844.6909333,7.692611,0,92125.33,22387.096,0,0,67764.664,0,0,0,0,0,0
37731,681.5488024,7.695561,0,0,0,0,0,22668.785,0,0,0,0,0,0
37749,734.5348866,7.698743,0,34467.734,0,48833.652,0,0,0,0,0,0,0,0
37750,445.3672134,7.700007,0,0,0,77618.555,0,0,0,0,0,0,0,0
37763,233.1536226,7.7020354,0,0,0,0,0,0,0,0,0,1089477,1986935.8,1328027.1
37769,657.4735714,7.7037783,0,0,0,0,94580.13,0,0,0,0,0,0,0
37772,692.5136706,7.7037783,0,0,0,0,159831.3,0,0,0,0,0,0,0
37774,697.4663413,7.7037783,0,0,0,0,54045.938,0,0,0,0,0,0,0
37777,708.5425603,7.7037783,0,0,0,0,432520.06,0,0,0,0,0,0,0
37778,713.4973678,7.7037783,0,0,0,0,249893.11,0,0,0,0,0,0,0
37803,593.2171344,7.706998,0,0,0,0,0,0,0,0,0,0,181996.6,135172.39
37804,615.1992517,7.706998,0,0,0,0,0,0,0,0,0,0,434611.7,382614.25
37817,616.2024727,7.70796,0,0,0,0,0,0,0,0,0,0,0,141980.19
37822,319.0942124,7.7090282,0,0,0,0,0,0,0,0,0,172954.55,2712780.5,2305062.8
37834,297.1121434,7.712486,0,0,0,0,0,0,0,0,0,1366446.1,2.11E+07,1.81E+07
37843,279.2330485,7.7159233,0,0,0,0,61328.1,63375.934,0,0,0,0,0,0
37852,299.1187528,7.7164087,0,0,0,0,0,0,0,0,0,0,340258.3,0
37855,742.5825369,7.716552,0,339968.1,1299482,185341.44,280283.28,0,0,0,0,0,0,0
37864,724.5728029,7.718084,0,0,138360.38,0,5702.912,0,0,0,0,0,0,0
37887,275.2005259,7.726766,0,0,0,0,0,0,38251.93,87498.84,0,0,0,0
37888,277.2162058,7.726766,0,0,0,0,0,0,82915.86,138148.14,0,0,0,0
37895,175.148097,7.7275696,0,0,0,0,0,0,69970.13,58080.402,64775.934,273036.16,212015.8,357077.8
37896,348.2744581,7.7277164,0,0,0,0,0,0,0,5737.28,59614.01,0,0,0
37903,412.3447988,7.728069,0,0,0,0,0,44975.89,0,0,0,0,0,0
37906,452.3757451,7.728069,0,0,0,0,0,33364.19,0,0,0,0,0,0
37908,530.4965619,7.728069,0,0,0,0,0,42196.938,0,0,0,0,0,0
37909,548.5073001,7.728069,0,0,0,0,0,260622.36,0,0,0,0,0,0
37918,844.6888164,7.7290115,0,52490.54,0,0,0,0,0,0,0,0,0,0
37923,613.2072288,7.7298074,0,0,0,0,0,0,0,0,0,6475.429,532608.6,586544.3
37926,429.3737549,7.732853,0,0,29028.041,23602.465,8217.45,36363.758,0,0,0,0,0,0
37932,205.1950467,7.7338023,0,0,0,0,0,0,0,0,0,143649.78,218177.05,157015.16
37933,871.5741827,7.734866,0,82813.64,3249858,26106.072,95628.43,102971.76,0,0,0,0,0,0
37934,728.5825313,7.7350307,0,21191.066,40929.785,0,0,0,0,0,0,0,0,0
37942,123.1167666,7.7374616,0,0,0,0,0,0,0,0,0,85649.3,122178.99,96327.17
37945,353.2298674,7.738626,0,0,0,0,0,0,37111.41,51690.523,80831.1,0,0,0
37950,575.5044977,7.7406263,0,38327.57,26671.578,9401.6875,11368.346,0,0,0,0,0,0,0
37952,594.5093194,7.7408295,0,0,0,32155.234,0,0,0,0,0,0,0,0
37993,851.7143507,7.747117,0,77046.67,18833.967,0,0,0,0,0,0,0,0,0
38023,551.2641744,7.755636,0,0,0,0,0,0,0,0,0,70853.36,368645.9,319665.8
38024,583.254034,7.755913,0,0,0,0,0,0,0,0,0,141680.17,289847.56,313952.56
38037,844.6908419,7.7606926,0,81178.164,18622.23,0,0,74515.57,0,0,0,0,0,0
38038,626.536737,7.7609673,0,154881.23,121732.7,45617.773,131106.1,53083.004,0,0,0,0,0,0
38046,329.1291877,7.768374,0,0,0,0,0,0,0,0,0,0,119753.47,0
38062,567.2591561,7.769749,0,0,0,0,0,0,0,0,0,251941.88,1148122.8,641461.94
38064,625.2071279,7.769749,0,0,0,0,0,0,0,0,0,8302.163,542823.56,596568.3
38068,686.5952106,7.7698236,0,44379.2,0,0,0,0,0,0,0,0,0,0
38083,755.5800833,7.7726336,0,24673.854,0,97205.484,0,0,0,0,0,0,0,0
38084,327.1228056,7.773233,0,0,0,0,0,0,0,0,0,236213.69,6504330.5,6163932
38085,399.3632381,7.773332,0,162564.88,96823.44,7367.7114,185555.62,118250.47,0,0,0,0,0,0
38097,675.2205545,7.774871,0,0,0,0,0,0,0,0,0,0,93373.79,95293.55
38119,590.5190986,7.7801056,0,1175.1239,0,0,0,48517.734,0,0,0,0,0,0
38120,282.1700385,7.780151,0,0,0,0,0,0,0,0,0,89584.41,35287.625,43717.184
38121,349.1047392,7.780153,0,0,0,0,0,0,0,0,0,41967.293,1277908.9,1201972.2
38125,235.169228,7.7803383,0,0,0,0,0,0,12984.234,5667.1914,9306.949,0,1611570.5,1012530.44
38139,932.7159398,7.783552,0,0,0,71124.1,0,0,0,0,0,0,0,0
38165,958.7348821,7.7875624,0,0,60099.746,34237.99,0,0,0,0,0,0,0,0
38178,217.1586893,7.790451,0,0,0,0,0,0,0,0,0,0,583798.8,457392.2
38187,601.206907,7.790724,0,0,0,0,0,0,0,0,0,38632.04,192292.64,196900.28
38206,845.55894,7.7915726,0,0,152759.66,0,0,0,0,0,0,0,0,0
38214,890.7127592,7.7916207,0,0,0,0,0,51767.945,0,0,0,0,0,0
38224,549.248443,7.7941775,0,0,0,0,0,0,0,0,0,76877.17,548663.6,404259.78
38232,201.16377,7.795761,0,0,0,0,0,0,0,0,0,0,283600.78,264307.88
38236,411.3629671,7.7984986,0,653622.4,538273,213336.45,726064,1230632,0,0,0,0,0,0
38246,550.2518767,7.7997537,0,0,0,0,0,0,0,0,0,0,190271.88,0
38257,267.1015706,7.8013268,0,0,0,0,0,0,0,0,0,402231.25,3490868.5,2975346.5
38266,562.5214832,7.803636,0,0,3616.8013,0,0,81487.766,0,0,0,0,0,0
38277,814.6414004,7.807296,0,95074.08,8756.604,0,0,0,0,0,0,0,0,0
38287,275.200531,7.808446,0,0,0,0,0,0,25467.203,51183.1,0,0,0,0
38297,871.5766663,7.811386,0,0,921047,0,0,26977.498,0,0,0,0,0,0
38304,627.223086,7.811917,0,0,0,0,0,0,0,0,0,43582.496,819767.94,827651.3
38318,533.2533323,7.8155007,0,0,0,0,0,0,0,0,0,29504.49,138036.66,131080.61
38319,567.2015516,7.8155007,0,0,0,0,0,0,0,0,0,102515.79,976388.4,1086256.6
38325,536.5056333,7.815998,0,24771.629,39625.242,0,17313.285,213044.44,0,0,0,0,0,0
38344,568.2049583,7.820891,0,0,0,0,0,0,0,0,0,0,357083.47,0
38359,203.1794231,7.8228555,0,0,0,0,0,0,0,0,0,1020866.4,334009.12,345628.72
38382,583.1965304,7.826326,0,0,0,0,0,0,0,0,0,54158.25,1263469.8,1320798.2
38391,221.1899451,7.8298225,0,0,0,0,0,0,0,0,0,244736.97,70254.49,114321.53
38392,257.1511627,7.830852,0,0,0,0,0,0,0,0,0,91450.69,250088.45,156236.1
38425,429.3746325,7.8360066,0,0,17252.662,0,0,177738.69,0,0,0,0,0,0
38426,565.2434159,7.8363624,0,0,0,0,0,0,0,0,0,214700.97,551561.1,593388.56
38427,587.2256216,7.8363624,0,0,0,0,0,0,0,0,0,41451.734,140700.39,181015.86
38435,525.2110503,7.8378663,0,0,0,0,0,0,13867.341,21593.127,0,49930.664,157754.92,169611.61
38436,393.3532271,7.837945,0,0,0,0,50936.38,147917.27,0,0,0,0,0,0
38448,566.246828,7.8443084,0,0,0,0,0,0,0,0,0,0,0,200146.62
38458,625.2071519,7.847517,0,0,0,0,0,0,0,0,0,22348.816,1077644.1,1169961.1
38460,395.3687113,7.847947,0,0,364298.94,0,0,0,0,0,0,0,0,0
38461,829.5638585,7.847947,0,0,489941.56,0,0,0,0,0,0,0,0,0
38466,844.6895446,7.849884,0,111016.93,94500.484,122711.66,0,51692.992,0,0,0,0,0,0
38470,381.3533856,7.8518105,0,46154.8,143284.08,33833.586,137219,291817.75,0,0,0,0,0,0
38475,626.210605,7.8521214,0,0,0,0,0,0,0,0,0,0,371096.6,0
38481,381.3529571,7.854379,0,60813.688,0,0,0,0,0,0,0,0,0,0
38497,556.5318335,7.859004,0,36643.86,36493.332,0,12264.248,35692.23,0,0,0,0,0,0
38518,693.5863369,7.8652573,0,0,0,0,0,197861.38,0,0,0,0,0,0
38522,739.5893312,7.8663464,0,56396.63,75366.19,48582.734,18843.543,0,0,0,0,0,0,0
38523,705.5849967,7.868699,0,0,0,18455.74,0,154739.2,0,0,0,0,0,0
38529,586.5221172,7.870592,0,0,0,0,24859.83,90289.75,0,0,0,0,0,0
38530,917.5421272,7.871281,0,179094.78,0,99921.59,0,0,0,0,0,0,0,0
38551,313.1071305,7.8785996,0,0,0,0,0,0,0,23629.469,0,0,280027.62,214448.73
38590,317.0785171,7.889971,0,0,0,0,0,0,0,0,0,0,216214.53,155106.86
38592,569.2748777,7.8899713,0,0,0,0,0,0,0,0,0,0,600844.4,526080.75
38594,295.0965632,7.8910203,0,0,0,0,0,0,0,0,0,30647.549,2756087,2093954.2
38603,237.1849027,7.8944917,0,0,0,0,0,0,0,0,0,515410.56,777195.4,563957.9
38620,277.2162138,7.8968105,0,0,0,0,0,0,71796.234,130629.2,0,0,0,0
38626,629.1845013,7.898126,0,0,0,0,0,0,0,0,0,21205.695,120810.445,143777.36
38640,902.7460288,7.9022083,0,57269.137,0,0,0,0,0,0,0,0,0,0
38643,503.2276703,7.902871,0,0,0,0,0,0,74712.05,113241.61,0,0,0,0
38651,942.7407139,7.9039426,0,0,84107.48,0,0,0,0,0,0,0,0,0
38662,641.2021346,7.905841,0,0,0,0,0,0,0,0,0,0,208197.7,243590.3
38664,663.1841323,7.905879,0,0,0,0,0,0,0,0,0,0,197731.22,259359.95
38672,583.2540833,7.9093823,0,0,0,0,0,0,0,0,0,209172,720069,632994.25
38675,331.1880294,7.909712,0,0,0,0,0,0,33251.605,73028.54,43332.418,0,0,0
38683,843.5436721,7.912055,0,0,108667.99,0,0,0,0,0,0,0,0,0
38684,845.5590821,7.912055,0,0,452260.78,0,0,0,0,0,0,0,0,0
38688,597.2122713,7.9141655,0,0,0,0,0,0,0,0,0,109064.76,1705633.4,1807310.1
38708,652.5908849,7.9185977,0,123567.13,0,0,0,0,0,0,0,0,0,0
38710,901.5476546,7.919014,0,252608.2,15156.163,43261.27,0,0,0,0,0,0,0,0
38712,613.2072922,7.919739,0,0,0,0,0,0,0,0,0,15872.543,338919.22,344522.6
38713,291.1955041,7.9202013,0,0,0,0,0,0,205001.58,454817.62,237065.08,7557.268,0,0
38716,567.2016631,7.9215164,0,0,0,0,0,0,0,0,0,0,277636.62,291508.8
38736,201.1637948,7.9267225,0,0,0,0,0,0,0,0,0,0,697720.75,564863
38737,219.1743401,7.9267225,0,0,0,0,0,0,0,0,0,0,407685.12,329602.78
38740,343.117682,7.926908,0,0,0,0,0,0,0,0,0,14369.591,577768.44,503562.2
38742,521.2381602,7.927156,0,0,0,0,0,0,25122.598,59013.91,0,0,0,0
38754,458.4003871,7.9329553,0,118195.1,59273.316,6560.736,24363.566,5338.619,0,0,0,0,0,0
38755,559.2174342,7.933279,0,0,0,0,0,0,59390.996,88866.6,0,0,0,0
38758,442.4052083,7.93422,0,93762.94,63189.55,4682.4346,22159.07,0,0,0,0,0,0,0
38763,491.1701407,7.9346294,0,0,0,0,0,0,0,0,0,13493.913,206264.8,200254.3
38765,273.184901,7.9347053,0,0,0,0,0,0,32264.023,82026.05,56197.055,0,0,0
38779,798.6469855,7.936737,0,88168.9,0,0,0,0,0,0,0,0,0,0
38780,803.6015429,7.936737,0,38937.68,0,0,0,0,0,0,0,0,0,0
38787,395.3685595,7.9380226,0,215101.06,239402.05,258839.27,586409.06,1301632.2,0,0,0,0,0,0
38795,798.6084464,7.938076,0,0,132058,0,0,0,0,0,0,0,0,0
38801,871.5742528,7.9385843,0,0,493502.06,0,17888.572,0,0,0,0,0,0,0
38803,684.6509826,7.940012,0,26318.287,0,82631.39,43247.45,0,0,0,0,0,0,0
38827,627.2228123,7.9491334,0,0,0,0,0,0,0,0,0,43834.59,934528.6,1057220.9
38830,413.3787035,7.950489,0,547358.4,339763.97,57777.094,230662.97,583125.1,0,0,0,0,0,0
38831,611.1898726,7.9505653,0,0,0,0,3221.7537,0,0,0,0,0,261145.5,280745.22
38832,960.7515546,7.9517593,0,0,114351.2,10346.012,0,0,0,0,0,0,0,0
38834,454.4054568,7.9524755,0,31815.334,16628.398,0,49406.1,61155.9,0,0,0,0,0,0
38849,259.1667928,7.9532905,0,0,0,0,0,0,0,0,0,169356.5,140607.61,107544.67
38861,565.2434294,7.9560666,0,0,0,0,0,0,0,0,0,170757.33,505195.44,420579.88
38881,601.4800143,7.960079,0,9075.52,21025.965,0,30210.781,0,0,0,0,0,0,0
38896,772.5953828,7.9658704,0,0,33927.05,0,34174.754,13010.271,0,0,0,0,0,0
38897,777.5507993,7.9658704,0,0,18638.568,0,63554.637,15812.133,0,0,0,0,0,0
38906,633.1734982,7.9683905,0,0,0,0,0,0,0,0,0,0,429408.66,489710.9
38908,668.6208922,7.9691763,0,0,0,10294.191,126951.94,0,0,0,0,0,0,0
38916,470.4004247,7.971281,0,11561.83,8989.289,0,49951.355,6290.081,0,0,0,0,0,0
38926,761.5919662,7.9735622,0,65706.56,0,0,0,28465.291,0,0,0,0,0,0
38936,335.1829503,7.9756217,0,0,0,0,0,0,0,0,0,109141.4,0,0
38938,152.1069964,7.9759235,0,0,0,0,0,0,34043.49,37200.83,18628.1,0,0,0
38939,425.1836432,7.9759235,0,0,0,0,0,0,118230.48,152881.48,81528.64,0,0,0
38942,217.1586703,7.97692,0,0,0,0,0,0,0,7357.5127,0,236196.6,583783.25,465402.06
38965,298.1154902,7.97892,0,0,0,0,0,0,0,0,0,0,4465092,3439514.2
38973,565.1859633,7.97892,0,0,0,0,0,0,0,0,0,0,227529.52,246612.4
38975,593.2172384,7.97892,0,0,0,0,0,0,0,0,0,0,389134.75,277767.9
38978,385.191091,7.979891,0,0,0,0,0,0,55946.766,61502.16,27719.883,0,0,0
38979,403.2016041,7.979891,0,0,0,0,0,0,100191.47,105131.89,49921.98,0,0,0
38996,205.1950725,7.981278,0,0,0,0,0,0,0,0,0,411799.28,848052,597784.7
38999,297.1121251,7.9813347,0,0,0,0,0,0,0,0,0,847567.44,2.29E+07,1.77E+07
39000,319.0941786,7.9813347,0,0,0,0,0,0,0,0,0,36535.184,1228519.5,966705.7
39004,580.5314982,7.981906,0,73747.09,50988.816,8028.9966,33879.402,0,0,0,0,0,0,0
39047,123.1167895,7.9882483,0,0,0,0,0,0,0,0,0,346905,663774.75,448074.6
39049,583.1965623,7.988524,0,0,0,0,0,0,0,0,0,13450.069,546285.75,509748.88
39052,566.4427343,7.989199,0,0,0,0,24848.508,0,0,0,0,0,0,0
39083,567.201532,7.9919815,0,0,0,0,0,0,0,0,0,250158.28,2918459,3045934.8
39084,589.1835753,7.9919815,0,0,0,0,0,0,0,0,0,27939.816,300138.25,335519.9
39100,189.1637439,7.9973664,0,0,0,0,0,0,0,0,0,65778.74,0,0
39109,253.1797806,7.998902,0,0,0,0,0,0,0,0,0,93835.89,93521.24,76751.3
39131,409.1621648,8.001466,0,0,0,0,0,0,37370.38,39070.902,23379.752,37724.7,95030.164,92397.63
39134,313.1071672,8.002366,0,0,0,0,0,0,0,0,0,46512.6,1062321,826459.44
39145,618.5107879,8.005193,0,98881.305,73862.664,47730.2,15394.244,18181.447,0,0,0,0,0,0
39146,135.1168383,8.006578,0,7178.0386,0,0,0,0,0,0,0,102652.39,168202.5,102075.27
39147,684.650487,8.00725,0,41956.8,0,237520.38,0,0,0,0,0,0,0,0
39159,203.1794194,8.009014,0,0,0,0,0,0,0,0,0,270659.6,0,0
39160,275.1617887,8.009014,0,0,0,0,0,0,0,0,0,151101.88,0,0
39162,549.248453,8.009716,0,0,0,0,0,0,0,0,0,80928.305,706108.56,556759.3
39174,259.0964846,8.013179,0,0,0,0,0,0,0,0,0,211815.28,219054.11,198812.5
39186,325.1071353,8.01945,0,0,0,0,0,0,0,0,0,17728.207,294487.5,255876.89
39202,279.233491,8.026927,0,0,0,0,0,103633.56,0,0,0,0,0,0
39203,409.3492402,8.026927,0,0,0,0,0,177208.03,0,0,0,0,0,0
39207,606.5450872,8.028094,0,0,0,41738.465,0,0,0,0,0,0,0,0
39229,756.4081353,8.032999,0,0,0,0,0,0,14908.855,48342.406,0,0,0,0
39233,901.5470791,8.035394,0,67258.81,0,46155.55,0,0,0,0,0,0,0,0
39257,235.1117281,8.045559,0,0,0,0,0,0,0,0,0,75292.79,253007.94,174621.2
39259,844.6905957,8.046376,0,156743.95,33616.062,0,0,78381.836,0,0,0,0,0,0
39263,708.51281,8.048783,0,171346.48,288110.3,164058.84,107097.12,127414.49,0,0,0,0,0,0
39266,551.2642212,8.049034,0,0,0,0,0,0,0,0,0,104656.17,794159.7,469294.22
39267,567.2590603,8.049034,0,0,0,0,0,0,0,0,0,401617.97,1426123,1225786.4
39271,680.4815855,8.050356,0,663518.5,1029525,825304.2,744668.1,795881.06,0,0,0,0,0,0
39275,663.4549852,8.0504055,0,572544.9,863138.7,624068.44,609202.4,646737.6,0,0,0,0,0,0
39276,1342.930064,8.050356,0,64079.457,168896.61,65966.87,92400.84,92912.31,0,0,0,0,0,0
39290,189.1637438,8.050716,0,0,0,0,0,0,0,0,0,91064.336,130601.85,127761.03
39291,1343.938242,8.050611,0,0,0,0,0,86394,0,0,0,0,0,0
39293,568.2623714,8.051711,0,0,0,0,0,0,0,0,0,0,483733.44,432531.9
39294,736.5433501,8.051996,0,26549.162,51401.27,21265.379,14748.787,25815.535,0,0,0,0,0,0
39299,619.1943632,8.052506,0,0,0,0,0,0,0,0,0,9597.607,128755.75,116871.836
39301,221.1899461,8.0526705,0,0,0,0,0,0,0,0,0,130645.76,176586.38,149917.06
39302,597.2122146,8.0526705,0,0,0,0,0,0,0,0,0,63354.88,1717637.9,1737229.1
39316,942.7408291,8.055791,0,0,85407.766,39093.01,13262.994,0,0,0,0,0,0,0
39329,470.4010451,8.058081,0,17856.922,0,0,0,43745.473,0,0,0,0,0,0
39335,912.7674914,8.058228,0,111758.03,0,0,0,0,0,0,0,0,0,0
39342,577.2280807,8.058582,0,0,0,0,0,0,49030.414,101749.74,0,0,0,0
39352,944.7566819,8.061596,0,0,105951.83,0,47298.19,0,0,0,0,0,0,0
39371,533.2532153,8.067268,0,0,0,0,0,0,0,0,0,65631.29,422320.44,357176.8
39381,583.1965278,8.071537,0,0,0,0,0,0,0,0,0,26967.57,784893.2,869313.4
39383,381.3533297,8.072427,0,36286.414,0,56102.113,0,102317.086,0,0,0,0,0,0
39393,291.1954999,8.07669,0,0,0,0,0,0,50719.906,105398.055,65040.188,0,0,0
39397,179.1066443,8.078494,0,0,0,0,0,0,0,0,0,158709.89,23092.223,45867.945
39415,343.1176748,8.085452,0,0,0,0,0,0,0,0,0,7898.8374,402826.9,389759.62
39431,411.3631518,8.09559,0,0,0,136396.53,0,228584.95,0,0,0,0,0,0
39450,305.2475231,8.101211,0,0,0,0,0,0,0,0,58496.773,0,0,0
39452,323.2581058,8.101211,0,0,0,0,0,0,0,0,78627.77,0,0,0
39457,501.2119811,8.1025915,0,0,0,0,0,0,21323.547,39099.56,0,0,0,0
39458,684.6522206,8.102573,0,30780.334,0,118045.99,21989.479,0,0,0,0,0,0,0
39464,201.1637687,8.10565,0,0,0,0,0,0,0,0,0,0,0,114977.516
39467,553.279703,8.106715,0,0,0,0,0,0,0,0,0,142256.12,1148482.5,831922.7
39473,538.521442,8.111119,0,9741.152,9738.369,0,0,44483.93,0,0,0,0,0,0
39480,575.2620708,8.113608,0,0,0,0,0,0,0,0,0,22289.422,342863.38,271231.12
39481,589.2413821,8.113608,0,0,0,0,0,0,0,0,0,81819.46,359434.06,582061.56
39485,381.2612081,8.113961,0,0,0,0,0,0,0,0,149644.25,0,0,0
39488,770.6153065,8.114533,0,0,112985.09,0,461528.78,0,0,0,0,0,0,0
39510,580.5328447,8.120453,0,0,46254.047,0,0,7394.13,0,0,0,0,0,0
39514,395.3679006,8.121961,0,195137.86,0,0,0,0,0,0,0,0,0,0
39528,717.5808658,8.121961,0,62393.72,0,0,0,0,0,0,0,0,0,0
39544,235.1692609,8.122662,0,0,0,0,0,0,0,0,0,693780.75,520178.53,0
39557,486.3953322,8.12413,0,55737.453,27163.244,0,0,0,0,0,0,0,0,0
39574,879.6307382,8.1263,0,0,31519.02,0,0,0,0,0,0,0,0,0
39581,456.4211634,8.126559,0,258614.14,181973.42,38326.207,28207.94,33143.555,0,0,0,0,0,0
39582,792.5975095,8.126849,0,0,61662.562,0,118229.49,0,0,0,0,0,0,0
39592,712.6257769,8.127199,0,40507.754,0,0,0,2815.6465,0,0,0,0,0,0
39596,567.2014923,8.128875,0,0,0,0,0,0,0,0,0,23153.756,537224.8,601257.6
39598,467.3521033,8.129632,0,0,29206.984,51125.656,0,0,0,0,0,0,0,0
39611,565.2432671,8.130447,0,0,0,0,0,0,0,0,0,0,315972.56,277957.8
39619,197.0808046,8.130969,0,0,0,0,0,0,39909.33,77219.42,0,18270.111,0,0
39622,393.3539365,8.132439,0,0,0,0,0,253117.36,0,0,0,0,0,0
39633,877.6574463,8.132439,0,0,0,0,0,37897.75,0,0,0,0,0,0
39642,472.4162089,8.133005,0,380076.3,229828.1,62242.004,36851.812,46907.98,0,0,0,0,0,0
39684,397.3836119,8.136319,0,388742.9,129985.695,90667.54,23520.355,119765.77,0,0,0,0,0,0
39685,219.1743463,8.137359,0,0,0,0,0,0,0,0,0,272329.62,0,0
39691,431.2403899,8.137373,0,0,0,0,0,0,0,0,0,83263.12,0,57482.664
39693,550.2518096,8.137387,0,0,0,0,0,0,0,0,0,0,0,511628.38
39703,600.557026,8.138744,0,83397.94,63861.508,0,5301.1523,0,0,0,0,0,0,0
39713,267.1015036,8.139649,0,0,0,0,0,0,0,0,0,7300053.5,9.35E+07,8.93E+07
39714,289.083609,8.139649,0,0,0,0,0,0,0,0,0,95113.88,1510770.2,1482361.8
39716,549.2484443,8.139649,0,0,0,0,0,0,0,0,0,268379.1,1623043.5,1455667.1
39717,555.1778258,8.139649,0,0,0,0,0,0,0,0,0,6939.6104,418520.75,415639.22
39718,571.2304535,8.139649,0,0,0,0,0,0,0,0,0,58450.14,811184.25,714287.56
39719,597.166582,8.139649,0,0,0,0,0,0,0,0,0,2744.2864,270065.84,226793.86
39720,182.5463736,8.139962,0,0,0,0,0,0,0,0,0,31368.498,248190.06,225727.38
39724,701.2594825,8.139962,0,0,0,0,0,0,0,0,0,5141.6235,201938.86,184191.77
39725,690.5647376,8.140532,0,89925.92,18945.98,0,0,17091.527,0,0,0,0,0,0
39731,533.195921,8.140795,0,0,0,0,0,0,0,0,0,0,421314.6,390538.4
39739,685.2165893,8.140795,0,0,0,0,0,0,0,0,0,0,144401.16,115007.01
39740,723.2415096,8.140795,0,0,0,0,0,0,0,0,0,0,212527.64,190620.88
39743,919.5557845,8.141127,0,0,0,117733.66,0,0,0,0,0,0,0,0
39748,395.3684762,8.143214,0,178150.1,0,393142.25,0,176512.27,0,0,0,0,0,0
39749,770.6149327,8.143235,0,0,117620.37,0,0,0,0,0,0,0,0,0
39767,668.5823193,8.144578,0,127853.69,41585.676,0,0,0,0,0,0,0,0,0
39768,398.3866906,8.145921,0,114747.69,0,0,0,0,0,0,0,0,0,0
39772,712.6237579,8.145921,0,49761.98,0,0,0,0,0,0,0,0,0,0
39777,787.6058566,8.145921,0,148017.7,0,0,0,0,0,0,0,0,0,0
39819,666.6066015,8.154922,0,112333.22,18203.064,0,0,10483.669,0,0,0,0,0,0
39824,295.0964734,8.156496,0,0,0,0,0,0,0,0,0,0,280515.75,11908.437
39832,587.2255384,8.159202,0,0,0,0,0,0,0,0,0,7938.2954,230382.72,202967.78
39857,319.0941544,8.1683035,0,0,0,0,0,0,0,0,0,13364.698,274105.8,251561.12
39858,827.5484859,8.168256,0,0,82832.97,0,0,0,0,0,0,0,0,0
39859,829.5628668,8.168256,0,0,89694.195,0,0,0,0,0,0,0,0,0
39869,627.2228218,8.172123,0,0,0,0,0,0,0,0,0,0,250871.72,276836.72
39873,714.6256732,8.174933,0,127847.4,0,0,0,0,0,0,0,0,0,0
39875,736.6067734,8.174933,0,84280.07,0,0,0,0,0,0,0,0,0,0
39891,297.1122244,8.18237,0,0,0,0,0,0,0,0,0,158959.86,2515547.8,2527106.5
39898,237.1849135,8.185857,0,0,0,0,0,0,0,0,0,1140837.9,1724677,1193073.1
39899,238.1882323,8.185857,0,0,0,0,0,0,0,0,0,177695.78,254446.31,187009.47
39908,259.1668509,8.189607,0,0,0,0,0,0,0,0,0,434264.97,365337.7,251824.77
39911,540.4632232,8.192773,0,75327.51,0,0,0,0,0,0,0,0,0,0
39912,678.6046816,8.192773,0,97385.29,0,0,0,0,0,0,0,0,0,0
39914,451.1752145,8.193041,0,0,0,0,0,0,0,0,0,0,250673.56,155331.28
39925,279.1591314,8.196535,0,0,0,0,0,0,0,0,0,97404.49,155786.55,122076.72
39927,782.6535932,8.198808,0,279364.16,19926.486,0,15348.609,82885.266,0,0,0,0,0,0
39941,301.1411315,8.203466,0,0,0,0,0,0,0,0,0,197014.81,263491.03,202635.55
39984,595.1965282,8.213856,0,0,0,0,0,0,0,0,0,0,355938.53,337306.97
39985,149.0826599,8.214384,0,0,0,8563.652,27057.316,23912.127,0,0,0,0,0,0
40006,565.2434607,8.217304,0,0,0,0,0,0,0,0,0,0,210493.64,0
40016,761.5917135,8.222199,0,50490.83,0,0,0,22798.354,0,0,0,0,0,0
40022,904.7617566,8.225212,0,78114.445,0,0,0,0,0,0,0,0,0,0
40024,930.7772253,8.225212,0,80174.164,0,0,0,0,0,0,0,0,0,0
40031,707.6020671,8.227476,0,0,0,0,0,265417.94,0,0,0,0,0,0
40036,944.7573875,8.228214,0,0,241439.92,0,105670.945,0,0,0,0,0,0,0
40040,756.6376835,8.230482,0,124900.61,0,0,0,50009.242,0,0,0,0,0,0
40051,724.6263353,8.233489,0,116581.8,0,0,0,0,0,0,0,0,0,0
40053,221.1899688,8.233722,0,0,0,0,0,0,0,0,0,218934.75,194695.58,156702.97
40054,588.5380591,8.234474,0,0,11322.755,0,0,87608.805,0,0,0,0,0,0
40063,151.0980564,8.239047,0,15848.9,0,8213.59,91667.19,26506.049,0,0,0,0,0,0
40067,566.189328,8.240317,0,0,0,0,0,0,0,0,0,0,113754.66,107426.875
40068,583.1966368,8.240317,0,0,0,0,0,0,0,0,0,0,130108.02,120273.04
40071,565.1859001,8.240581,0,0,0,0,0,0,0,0,0,9384.801,321250.56,288242.28
40080,741.6030287,8.24435,0,0,22068.588,50455.703,0,0,0,0,0,0,0,0
40093,467.3520994,8.248472,0,0,6427.375,34756.477,0,0,0,0,0,0,0,0
40112,203.1794253,8.255151,0,0,0,0,0,0,0,0,0,524043.78,337220.53,319218.72
40115,562.5214935,8.256146,0,0,0,0,0,41073.15,0,0,0,0,0,0
40116,707.6016939,8.256146,0,0,0,0,0,381717.4,0,0,0,0,0,0
40117,742.6401677,8.256146,0,0,0,0,0,67046.89,0,0,0,0,0,0
40129,285.0758008,8.259759,0,0,0,0,0,0,0,111641.87,0,0,0,0
40137,625.207083,8.266175,0,0,0,0,0,0,0,0,0,6203.4893,471475.66,522391.62
40152,163.0981862,8.272012,0,19374.826,0,2767.876,136716.2,84648.72,0,0,0,0,0,0
40170,254.2114428,8.276337,0,0,0,0,0,0,9239.871,10050.34,9600.496,137057.45,573949.25,404698.28
40171,138.1029019,8.277437,0,6528.3955,0,6690.997,38457.76,14759.509,0,0,0,0,0,0
40173,903.5634088,8.278076,0,88843.24,0,53597.176,40059.523,0,0,0,0,0,0,0
40190,639.5386709,8.280013,0,0,0,0,0,172890.72,0,0,0,0,0,0
40211,217.0858852,8.285306,0,0,0,0,0,0,14932.016,190922.69,0,0,0,0
40219,569.2750891,8.289136,0,0,0,0,0,0,0,0,0,0,438129.47,409584.8
40222,475.2668011,8.290188,0,0,0,0,0,0,0,14961.624,11591.119,188207.52,10084.544,70647.86
40223,935.5523215,8.290504,0,28091.742,0,139402.61,0,0,0,0,0,0,0,0
40229,552.2676561,8.292464,0,0,0,0,0,0,0,0,0,0,461710.6,0
40240,551.2643958,8.2954855,0,0,0,0,0,0,0,0,0,212317.34,1206937.4,1257466.5
40272,279.2318442,8.303395,0,0,0,0,0,0,0,0,28967.707,0,0,0
40277,353.229893,8.303395,0,0,0,0,0,0,0,0,66160.99,0,0,0
40284,124.0874509,8.303704,0,0,11800.855,24969.432,41623.1,140101.81,0,0,0,0,0,0
40301,360.2380485,8.30676,0,0,0,0,0,0,0,6314.677,61227.76,0,0,0
40311,279.1591165,8.309538,0,0,0,0,0,0,0,0,0,512345.06,738566.1,587978.8
40312,296.1857112,8.309538,0,0,0,0,0,0,0,0,0,127680.664,192296.77,150308.55
40313,301.1410851,8.309538,0,0,0,0,0,0,0,0,0,3400717,3550038.2,2941147.5
40314,317.1150875,8.309538,0,0,0,0,0,0,0,0,0,613061.2,533833.7,431029.06
40327,616.4632379,8.312589,0,0,0,0,0,0,78805.445,71211.65,80795.34,86286.57,80547.62,83378.42
40329,177.1274218,8.313008,0,0,0,0,0,0,0,0,0,1377301.9,2043755,1677433
40332,365.1934121,8.313036,0,0,0,0,0,0,0,10234.77,109779.836,0,0,0
40354,595.1966836,8.315149,0,0,0,0,0,0,0,0,0,0,323179.34,281487.25
40368,919.557036,8.317663,0,167031.05,0,664218.6,0,0,0,0,0,0,0,0
40378,153.1144627,8.319403,0,0,0,0,0,54015.008,0,0,0,0,0,0
40414,626.5732703,8.321753,0,116369.58,211955.23,4635.5527,0,9422.675,0,0,0,0,0,0
40419,565.1859805,8.323659,0,0,0,0,0,0,0,0,0,10657.541,308936.2,278386.6
40432,865.2856383,8.325563,0,0,0,0,0,0,0,0,0,0,121974.53,132180.69
40434,381.353991,8.325754,0,0,62625.754,0,0,247022.92,0,0,0,0,0,0
40438,540.5365211,8.327109,0,23435.414,23202.365,0,0,58462.36,0,0,0,0,0,0
40439,583.1965717,8.327131,0,0,0,0,0,0,0,0,0,5049.818,295034.78,281281.1
40482,565.2434645,8.334068,0,0,0,0,0,0,0,0,0,80562.875,363882.66,313293
40489,355.1175971,8.334705,0,0,0,0,0,0,0,45122.598,0,0,0,0
40499,277.1798078,8.337119,0,0,0,0,0,0,29224.596,71897.98,71023.18,0,0,0
40504,571.2306536,8.337785,0,0,0,0,0,0,0,0,0,36455.492,246213.72,263865.78
40514,149.0825946,8.339579,0,12517.693,2946.3445,20668.494,60691.453,54571.53,0,0,0,0,0,0
40517,550.2520046,8.341166,0,0,0,0,0,0,0,0,0,0,498639.16,442626.1
40518,568.2050233,8.341166,0,0,0,0,0,0,0,0,0,0,242428.58,250836.58
40522,199.1482823,8.341271,0,0,0,0,7965.9043,0,0,0,0,0,767559.06,695811.94
40524,549.2485339,8.341249,0,0,0,0,0,0,0,0,0,206834.05,1440504.2,1312256.6
40539,130.1594472,8.345873,0,83257.05,65543.86,95205.375,87961.41,76450.695,0,0,0,0,0,0
40551,253.1916747,8.348309,0,0,135815.36,118618.83,29622.607,130672.375,0,0,0,0,0,0
40559,146.9806653,8.352573,0,305696.7,332611.88,322954.53,286358.75,292639.44,0,0,0,0,0,0
40561,432.2968901,8.352851,0,0,0,0,0,0,0,0,64695.438,0,0,0
40568,144.1386758,8.354475,0,56143.086,24677.59,65826.77,28559.066,31544.824,0,0,0,0,0,0
40578,144.9825113,8.355986,0,674179.5,707571.2,701896.9,623233.9,631809.9,0,0,0,0,0,0
40581,128.1437855,8.357504,0,48326.47,27470.195,49212.324,24486.957,28008.29,0,0,0,0,0,0
40583,171.1859527,8.357593,0,1396992.6,569462.4,1524555.8,944598,987270.7,0,0,0,0,0,0
40584,201.2329475,8.357593,0,211958.27,121348.7,236592.16,112081.16,108247.58,0,0,0,0,0,0
40587,887.5699074,8.357929,0,0,1070107.2,0,0,0,0,0,0,0,0,0
40593,395.3699248,8.360423,0,0,0,0,0,410217.94,0,0,0,0,0,0
40594,411.3644426,8.360423,0,0,0,0,0,565680.8,0,0,0,0,0,0
40604,146.1542611,8.362083,0,25546.55,10501.508,30701.408,13491.574,15471.88,0,0,0,0,0,0
40610,169.1703362,8.364499,0,234536.7,92688.28,242597.58,150323.17,149016.66,0,0,0,0,0,0
40622,680.6213568,8.3665695,0,136530.4,22563.209,0,0,0,0,0,0,0,0,0
40629,194.1546993,8.36841,0,114734.85,0,0,0,124675.79,0,0,0,0,0,0
40642,167.1546967,8.371515,0,84188.24,47197.36,84244.18,0,49111.684,0,0,0,0,0,0
40650,218.1620716,8.375727,0,0,0,0,0,0,0,0,0,0,159927.9,0
40655,235.1809721,8.377314,0,100457.23,120773.26,104518.76,118618.54,108066.77,0,0,0,0,0,0
40658,189.1637746,8.377895,0,0,0,0,0,0,0,0,0,0,198547.42,162357.19
40659,235.1692937,8.377895,0,0,0,0,0,0,0,0,0,0,644618.25,597836.94
40663,139.1233053,8.3791485,0,66805.46,54883.9,69252.97,38876.34,34878.023,0,0,0,0,0,0
40669,257.1512152,8.380559,0,0,0,0,0,0,0,0,0,143617.14,242963.14,218436.78
40680,124.0878503,8.383291,0,0,0,0,0,59942.777,0,0,0,0,0,0
40686,178.1230129,8.384359,0,0,0,0,300309.94,0,0,0,0,0,0,0
40701,553.2799948,8.386887,0,0,0,0,0,0,0,0,0,132356.28,1008738.94,810575.9
40704,627.2227773,8.387801,0,0,0,0,0,0,0,0,0,8146.1846,270987.84,212333.12
40712,217.1587388,8.388386,0,0,0,0,0,0,0,0,0,0,1104467.1,972168.9
40723,688.5893069,8.38897,0,0,55452.395,0,0,0,0,0,0,0,0,0
40732,252.1957969,8.391271,0,0,0,0,0,0,0,0,0,20604.148,293640.72,263765.8
40735,141.1389296,8.391453,0,137502.98,153543.47,171873.66,88237.06,78310.55,0,0,0,0,0,0
40736,259.1674543,8.392483,0,0,0,0,0,4578.2686,0,0,0,283913.47,205819.78,164224.48
40738,714.6251343,8.392603,0,121580.53,0,0,0,0,0,0,0,0,0,0
40756,333.2037652,8.396244,0,0,0,0,0,0,0,134623.02,0,0,0,0
40763,383.9927406,8.396244,0,0,0,0,0,0,0,108598.586,0,0,0,0
40767,622.0558491,8.396244,0,0,0,0,0,0,0,286745.22,0,0,0,0
40774,891.1593913,8.396244,0,0,0,0,0,0,0,50246.3,0,0,0,0
40784,909.5519918,8.397127,0,0,76967.19,0,0,0,0,0,0,0,0,0
40787,175.1117449,8.398794,0,0,0,0,0,0,0,0,0,0,125284.09,103369.8
40805,181.0145392,8.399811,0,0,0,1235488.5,1251585.6,0,0,0,0,0,0,0
40807,184.9856543,8.399811,0,0,0,2624101.8,2327613.5,0,0,0,0,0,0,0
40809,186.9810802,8.399811,0,0,0,1036027.44,938828.56,0,0,0,0,0,0,0
40811,226.0121465,8.399811,0,0,0,1584832.1,1533846.6,0,0,0,0,0,0,0
40831,370.0665625,8.402884,0,0,0,0,0,0,8201.901,139947.27,0,0,0,0
40834,139.9880855,8.403457,0,0,1499910.4,1798153.1,1675227.2,0,0,0,0,0,0,0
40843,283.0965256,8.40398,0,0,0,0,0,0,0,0,0,0,718991.2,269169.56
40859,770.614449,8.406209,0,0,0,0,134611.83,0,0,0,0,0,0,0
40892,332.9164154,8.409141,0,0,214312.97,168145.25,154646.72,163334.64,0,0,0,0,0,0
40902,314.9441582,8.410128,0,253591.39,253852.95,265960.84,248840,253862.84,0,0,0,0,0,0
40912,519.2928929,8.410812,0,0,0,0,0,0,0,35061.773,21402.596,309757.22,0,92254.39
40918,131.5339351,8.411488,0,1650526.4,2082528.9,1976231.8,2116959.8,1881772.6,0,0,0,0,0,0
40921,208.03979,8.4114895,0,653187,639445.44,711479.9,784011.1,715479.1,0,0,0,0,0,0
40952,122.547631,8.412848,0,955210.6,821273.44,1049404.5,1274212.2,1122889.6,0,0,0,0,0,0
40958,167.0131918,8.412848,0,2044520.2,1846669.1,2182555.8,2110767.2,2020051,0,0,0,0,0,0
40960,207.0179998,8.412848,0,467307.97,491814.72,444407.5,469716.75,410364.25,0,0,0,0,0,0
40963,223.9888147,8.412848,0,1241037.2,1385022.8,1213661.6,1235431.8,1186460.8,0,0,0,0,0,0
40995,156.9910387,8.41421,0,400069.62,312285.34,393200.12,407697.78,411899.22,0,0,0,0,0,0
41004,191.5334564,8.414567,0,0,0,0,0,0,7502.336,136334.03,0,0,0,0
41005,200.5387611,8.414567,0,0,0,0,0,0,9135.92,179825.33,0,0,0,0
41017,139.0180694,8.415193,0,285407.06,201806.36,296346.7,0,0,0,0,0,0,0,0
41019,285.0757411,8.415757,0,0,0,0,0,0,1331271,2.88E+07,0,11187.345,74339.836,75926.59
41037,379.2455811,8.418294,0,0,0,0,0,0,0,44526.668,0,0,0,0
41041,593.1023362,8.418294,0,0,0,0,0,0,0,149675,0,0,0,0
41042,607.0913988,8.418294,0,0,0,0,0,0,0,129653.2,0,0,0,0
41062,541.2750069,8.421822,0,0,0,0,0,0,0,0,0,69116.77,0,0
41066,219.1743593,8.423752,0,0,0,0,0,0,0,0,0,2048077,5152549.5,4111477.2
41084,195.9938729,8.428518,0,459677.75,428274.72,450760.16,369576.88,427409.9,0,0,0,0,0,0
41085,330.9163033,8.428518,0,308865.5,342022.94,347429.06,297759.8,254833.53,0,0,0,0,0,0
41097,201.1638156,8.430686,0,0,0,0,0,0,0,0,0,1229341.1,3635223.5,2874992.5
41116,144.982491,8.432656,0,262819.16,266516.47,275616,275649.47,266038.16,0,0,0,0,0,0
41123,427.1727497,8.433428,0,0,0,0,0,0,7453.152,44821.59,0,0,0,0
41141,609.2106846,8.4391,0,0,0,0,0,0,0,0,0,16499.805,282187.3,327290.8
41175,138.9955992,8.445074,0,469388.8,458030.72,484011.1,433050.34,421578.3,0,0,0,0,0,0
41177,379.094302,8.445306,0,0,0,0,0,0,0,0,0,91363.08,655876.3,611697.25
41179,567.2594504,8.445306,0,0,0,0,0,0,0,0,0,118409.59,1244247.9,760161.75
41181,681.269809,8.445306,0,0,0,0,0,0,0,0,0,11946.088,3061437.5,2484990.8
41203,341.1383202,8.448756,0,0,0,0,0,0,0,0,0,2687790.5,5.71E+07,4.78E+07
41205,363.1204209,8.448756,0,0,0,0,0,0,0,0,0,704345.6,8613638,7539653.5
41207,703.2517391,8.448955,0,0,0,0,0,0,0,0,0,39171.633,3983170.5,3390097.8
41208,282.9107764,8.4492855,0,364223.2,390803.28,343743.3,274845.56,335067.12,0,0,0,0,0,0
41213,595.1965422,8.450579,0,0,0,0,0,0,0,0,0,0,516776.2,488780.75
41253,196.0171398,8.463392,0,486302.9,423023.6,483022.22,662197.9,545135.25,0,0,0,0,0,0
41260,565.2432924,8.466689,0,0,0,0,0,0,0,0,0,1809871.8,6848033.5,5771846
41261,587.225484,8.466689,0,0,0,0,0,0,0,0,0,282628.88,1103231.6,902488.5
41269,424.3268912,8.467651,0,0,0,0,0,0,66502,79911.47,67668.79,80284.3,74369.25,72744.31
41278,567.2490779,8.468432,0,0,0,0,0,0,0,0,0,75652.43,271932.97,0
41282,566.2467197,8.468998,0,0,0,0,0,0,0,0,0,0,2446968.2,0
41285,224.011981,8.470232,0,828759.56,869636.56,858265.56,1009046.56,864917.06,0,0,0,0,0,0
41291,291.1955088,8.472896,0,0,0,0,0,0,13220.318,55923.055,156584.72,0,0,0
41322,431.1126044,8.481636,0,0,0,0,0,0,0,0,0,0,162174.02,197059.3
41324,121.0647529,8.481839,0,0,0,0,0,0,8267.984,10087.113,15507.066,30938.848,319545.78,276338.28
41335,565.1866237,8.484452,0,0,0,0,0,0,0,0,0,13634.7705,621164.4,530297.1
41352,566.1894628,8.489705,0,0,0,0,0,0,0,0,0,0,214458.55,0
41363,227.9831327,8.491637,0,736712.1,737823.9,747234.06,825900.6,799197.3,0,0,0,0,0,0
41367,865.2854785,8.491995,0,0,0,0,0,0,0,0,0,0,555000.1,593108.9
41378,597.212238,8.495124,0,0,0,0,0,0,0,0,0,19740.734,610491.2,548724.94
41382,144.9825182,8.496522,0,0,0,383794.34,518463.3,426339.44,0,0,0,0,0,0
41386,169.9776243,8.498362,0,774678,733614.25,802386.9,877533.8,768952.1,0,0,0,0,0,0
41389,203.1794319,8.498562,0,0,0,0,0,0,0,0,0,1175848,1637081.4,1359231.2
41402,299.9130773,8.500185,0,688825.44,687480.06,703351.4,676479.75,656834.94,0,0,0,0,0,0
41403,105.0697962,8.500825,0,0,0,0,0,0,90108.51,105694.33,141489.33,222301.78,181198.56,195200.36
41409,133.1011592,8.502036,0,0,0,0,0,0,0,0,0,160814.39,351525.78,285168.28
41411,913.3065459,8.502036,0,0,0,0,0,0,0,0,0,8059.3994,732324.5,783445.4
41415,387.1802794,8.502555,0,0,0,0,0,0,411408.72,496489.47,622586.1,660313.94,282647.56,393114.5
41423,404.2067985,8.504285,0,0,0,0,0,0,25529.79,31375.816,42770.21,40401.46,15415.4,21700.08
41424,432.2380224,8.504289,0,0,0,0,0,0,106109.68,131476.08,165263.77,115219.68,19334.186,24566.842
41436,425.1361571,8.506138,0,0,0,0,0,0,194256.95,291093.28,305425.03,273049,74957.56,107423.08
41437,409.1622176,8.506148,0,0,0,0,0,0,276247.44,459431.84,451663.3,592432.06,292404.2,407625.3
41442,627.2228562,8.507551,0,0,0,0,0,0,0,0,0,0,515572,354733.2
41447,267.1015675,8.508956,0,0,0,0,0,0,0,0,0,72675.09,657726.2,663351.75
41470,199.9881976,8.513411,0,4129507.8,3988248.2,4164979.2,4963988.5,4364677,0,0,0,0,0,0
41488,137.9877461,8.518986,0,689517.9,666096,687348.75,681199.3,693325.06,0,0,0,0,0,0
41499,563.3192871,8.521143,0,0,0,0,0,0,0,31580.082,22514.521,337104.34,11784.551,93551.19
41512,182.985518,8.523233,0,9784374,9936510,1.24E+07,1.01E+07,1.00E+07,0,0,0,0,0,0
41522,154.9905198,8.524992,0,4462445.5,3556136.2,4491559.5,5015069,4790816.5,0,0,0,0,0,0
41523,315.0863253,8.525232,0,0,0,0,0,0,42053.945,1560427,0,0,79419.6,79532.445
41535,271.1304807,8.526573,0,0,0,0,0,0,0,0,0,198056.81,354338.75,322798.88
41540,231.1379267,8.52834,0,0,0,0,0,0,0,0,0,0,299068.56,288096.7
41541,313.1071607,8.52834,0,0,0,0,0,0,0,0,0,0,335056.72,290275.78
41547,303.8840926,8.52904,0,1618970.8,1703886.9,1813192.6,1430024.2,1608507.5,0,0,0,0,0,0
41548,171.9932261,8.529139,0,2013414.8,1947746.5,2089653.4,2494470.2,2259959.5,0,0,0,0,0,0
41560,449.8146505,8.533303,0,577935,718178.06,486670.2,610328.3,520366.16,0,0,0,0,0,0
41601,328.915817,8.543245,0,1494296.9,1474801.5,1419962.5,1517616.8,1376936.8,0,0,0,0,0,0
41605,551.264108,8.54424,0,0,0,0,0,0,0,0,0,62906.406,608287.44,430640.9
41607,913.3065563,8.545512,0,0,0,0,0,0,0,0,0,6010.836,258253.45,137756.17
41615,304.8919799,8.547433,0,2791032.2,3026647.2,2597248.2,2684158.8,2601804.8,0,0,0,0,0,0
41625,404.8169369,8.551621,0,1037432.7,943584.5,890514.06,993952.75,881603.9,0,0,0,0,0,0
41632,191.1430149,8.552945,0,0,0,0,0,0,33232.48,64385.273,0,0,0,0
41634,442.1515006,8.554283,0,0,0,0,0,0,0,0,0,0,252053.88,277017.72
41636,883.2960077,8.55459,0,0,0,0,0,0,0,0,0,33376.69,1423300,1618016.4
41648,579.2015078,8.559455,0,0,0,0,0,0,0,0,0,0,218498.81,234382.38
41649,583.196451,8.559455,0,0,0,0,0,0,0,0,0,0,421409.6,426965.4
41662,203.1430492,8.561669,0,0,0,0,0,0,0,0,0,289256.34,496430.7,366177.34
41672,289.1798294,8.565104,0,0,0,0,0,0,47546.336,83516.42,18393.398,0,0,0
41683,533.2534377,8.5685625,0,0,0,0,0,0,0,0,0,62834.934,354190.12,274666.6
41708,609.2121067,8.580139,0,0,0,0,0,0,0,0,0,0,375387.06,361594.9
41734,552.3297537,8.589134,0,0,0,0,0,0,0,0,69077.44,0,0,0
41744,276.8970839,8.593666,0,2348982.8,2387812.2,2299203.2,2058180.1,2152855.8,0,0,0,0,0,0
41752,795.7838137,8.595713,0,0,0,0,0,0,0,0,0,0,224218.27,158873.45
41776,311.1277237,8.60054,0,0,0,0,0,0,0,0,0,4.16E+07,3.44E+08,2.99E+08
41777,333.1098707,8.60054,0,0,0,0,0,0,0,0,0,5452408,2.82E+07,2.41E+07
41778,349.0838889,8.60054,0,0,0,0,0,0,0,0,0,187459.7,546414.25,494708.97
41779,374.1362666,8.60054,0,0,0,0,0,0,0,0,0,142504.83,697842.9,594870.1
41780,621.2485225,8.60054,0,0,0,0,0,0,0,0,0,657782.44,8284341,7290826
41785,685.2188404,8.60088,0,0,0,0,0,0,0,0,0,0,248714.48,194142.97
41799,312.1309291,8.603709,0,0,0,0,0,0,0,0,0,0,7.09E+07,0
41802,640.221536,8.603709,0,0,0,0,0,0,0,0,0,0,120909.266,0
41806,953.3507111,8.604033,0,0,0,0,0,0,0,0,0,34085.812,496996.8,406713.22
41807,296.1048796,8.604252,0,0,0,0,0,0,0,0,0,33958.13,305752.53,259575.64
41811,643.2305048,8.604257,0,0,0,0,0,0,0,0,0,2524228.5,2.05E+07,1.74E+07
41817,646.2396038,8.606454,0,0,0,0,0,0,0,0,0,0,326022.2,284033.66
41823,624.3719991,8.607395,0,0,0,0,0,0,0,9116.803,6393.931,125524.54,0,0
41834,865.2855025,8.6120205,0,0,0,0,0,0,0,0,0,0,197746.5,221043.34
41867,607.3457533,8.624565,0,0,0,0,0,0,0,21721.648,21476.24,277873.66,0,14132.179
41872,549.2483854,8.627524,0,0,0,0,0,0,0,0,0,0,535118.8,588013.5
41873,432.2968733,8.627815,0,0,0,0,0,0,0,0,37740.492,0,0,0
41879,579.2015184,8.628847,0,0,0,0,0,0,0,0,0,0,224236.08,203758.22
41897,583.2903326,8.637183,0,0,0,0,0,0,0,0,0,41289.188,249147.14,184683.53
41908,441.2459423,8.640637,0,0,0,0,0,0,0,0,70152.336,0,0,0
41916,219.9733756,8.642606,0,0,0,0,1982769.5,2058987.1,0,0,0,0,0,0
41919,905.2780347,8.644112,0,0,0,0,0,0,0,0,0,7394.657,337265.38,376087
41935,595.1964686,8.647679,0,0,0,0,0,0,0,0,0,11093.993,658994.44,617780.44
41936,883.295972,8.647929,0,0,0,0,0,0,0,0,0,79160.09,1622959.6,1807074.1
41938,287.8890761,8.648305,0,1231800.1,1191289.2,1178805.4,1055563.6,1073994.8,0,0,0,0,0,0
41942,442.1515653,8.649719,0,0,0,0,0,0,0,0,0,0,281007,409205.62
41962,214.252919,8.655459,0,0,0,0,0,0,111817.54,117411.67,109998.38,149467.19,110082.33,108717.27
41979,627.2227683,8.661843,0,0,0,0,0,0,0,0,0,12268.583,443220.47,717529.8
41987,351.2142425,8.665236,0,0,0,0,0,0,0,0,98646.75,0,0,0
42011,219.1743549,8.670416,0,0,0,0,0,0,0,0,0,0,1020368.56,807706.6
42016,259.1667966,8.672586,0,0,0,0,0,0,0,0,0,144935.67,136818.7,94968.19
42025,553.2798674,8.676506,0,0,0,0,0,0,0,0,0,279749,2109126,1478969.1
42026,575.2619076,8.676506,0,0,0,0,0,0,0,0,0,43704.234,455655.12,318267.6
42028,554.2831173,8.677708,0,0,0,0,0,0,0,0,0,0,646725.56,0
42035,277.2162159,8.678138,0,0,0,0,0,0,0,0,69141.84,0,0,0
42043,535.2690897,8.679957,0,0,0,0,0,0,0,0,0,65943.734,507683.06,374295.12
42044,597.2122659,8.679957,0,0,0,0,0,0,0,0,0,99623.06,2283824.8,2383022.2
42045,619.1942541,8.679957,0,0,0,0,0,0,0,0,0,12540.358,325698.84,341561.8
42050,668.3983819,8.683784,0,0,0,0,0,0,0,13607.77,8955.53,170043.58,0,50706.49
42084,293.2111627,8.689129,0,0,0,0,0,0,34309.383,64090.086,121675.195,11750.934,0,0
42086,651.3719207,8.689486,0,0,0,0,0,0,0,13433.354,9790.011,164614.02,0,41394.85
42088,275.200528,8.690147,0,0,0,0,0,0,27253.457,102011.94,100693.78,0,0,0
42092,552.3297693,8.690573,0,0,0,0,0,0,0,0,82574.01,0,0,0
42110,549.1910946,8.696333,0,0,0,0,0,0,0,0,0,0,224127.98,186313.25
42115,583.1964795,8.697381,0,0,0,0,0,0,0,0,0,16143.439,310114.6,333778.94
42133,587.2254979,8.704406,0,0,0,0,0,0,0,0,0,61946.23,377218.25,331902.6
42151,565.2433839,8.707863,0,0,0,0,0,0,0,0,0,382908.47,2305098,1942456.6
42165,201.1637946,8.710373,0,0,0,0,0,0,0,0,0,279944.6,1074047.6,845580.2
42183,158.9623216,8.717183,0,0,0,0,0,6308270,0,0,0,0,0,0
42200,559.2174194,8.720914,0,0,0,0,0,0,23954.16,103778.68,0,0,0,0
42205,313.1071174,8.722283,0,0,0,0,0,0,0,0,0,0,431250.5,294375.62
42210,235.169267,8.722375,0,0,0,0,0,0,0,0,0,1518590.5,5260610,2823733
42229,257.151235,8.725838,0,0,0,0,0,0,0,0,0,689014.06,1316421.4,740030.75
42251,176.9723659,8.729786,0,0,0,1715919.2,0,1746625,0,0,0,0,0,0
42254,567.2017115,8.729965,0,0,0,0,0,0,0,0,0,45236.965,2379920.8,2538560
42267,589.1837217,8.73343,0,0,0,0,0,0,0,0,0,10567.291,656288.3,785402.5
42268,148.9773257,8.734693,0,953168.2,0,919666.9,982615.44,935282.56,0,0,0,0,0,0
42338,551.2641924,8.747754,0,0,0,0,0,0,0,0,0,52141.086,734888.9,899180.56
42339,567.2595143,8.747754,0,0,0,0,0,0,0,0,0,43219.812,253337.42,238878.02
42344,141.9588437,8.74954,0,4151070.2,3670017.2,4080333.8,3832008.2,3818664.2,0,0,0,0,0,0
42351,271.1304583,8.751388,0,0,0,0,0,0,0,0,0,74975.125,112301.21,62914.53
42360,564.3378727,8.753369,0,0,0,0,0,0,0,0,31910.186,0,0,0
42365,695.3981518,8.753989,0,0,0,0,0,0,0,7609.639,0,104297.66,0,30083.049
42368,159.9695231,8.7542925,0,2461841.5,2283470.5,2434603.5,2431934.8,2370521.8,0,0,0,0,0,0
42372,712.424607,8.75644,0,0,0,0,0,0,0,12703.775,8545.809,169042.83,0,54438.285
42384,561.2332042,8.758438,0,0,0,0,0,0,51281.33,133576.55,0,0,0,0
42419,627.2232321,8.76693,0,0,0,0,0,0,0,0,0,10364.969,225748.5,204395.9
42467,178.946218,8.776298,0,1397528.6,1311213.9,1395757.2,1575484.6,1702952.1,0,0,0,0,0,0
42474,381.2611844,8.777773,0,0,0,0,0,0,0,0,76384.98,0,0,0
42487,565.2433045,8.779952,0,0,0,0,0,0,0,0,0,380661.28,2090765.1,1867554.6
42505,505.2433094,8.783089,0,0,0,0,0,0,57024.34,207036.84,0,0,0,0
42506,527.2252199,8.783089,0,0,0,0,0,0,17002.172,58962.062,0,0,0,0
42513,566.2468385,8.78491,0,0,0,0,0,0,0,0,0,0,750536.8,643877.94
42522,581.274791,8.786882,0,0,0,0,0,0,0,0,0,18046.33,420761.3,319971.88
42550,587.2255955,8.79035,0,0,0,0,0,0,0,0,0,57896.508,0,336869.25
42567,217.1587073,8.794434,0,0,0,0,0,0,0,0,0,250728.92,788120.44,548567.2
42568,565.1862606,8.794434,0,0,0,0,0,0,0,0,0,51036.527,2274529.8,2265835.5
42569,199.148143,8.794627,0,0,0,0,0,0,0,0,0,134480.1,274688.1,240229.73
42573,566.1895562,8.795309,0,0,0,0,0,0,0,0,0,0,848279.4,828483
42613,365.1949541,8.801618,0,0,0,0,0,0,7490.0205,31348.576,70244.08,0,0,0
42632,249.1484955,8.805763,0,0,0,0,0,0,0,11438.347,9115.397,0,0,256248.38
42641,575.2620571,8.808734,0,0,0,0,0,0,0,0,0,33715.574,357521.88,280062.9
42662,756.4507423,8.811907,0,0,0,0,0,0,0,8646.186,6457.1772,121946.96,5563.9507,37236.21
42664,553.2800279,8.812202,0,0,0,0,0,0,0,0,0,178605.77,1424161.8,1070660.8
42690,635.189392,8.816254,0,0,0,0,0,0,0,0,0,0,216096.05,238591.94
42711,295.2267636,8.8208065,0,0,0,0,0,0,20097.354,51768.234,0,0,0,0
42724,739.4244226,8.822258,0,0,0,0,0,0,0,0,0,54721.945,0,15420.15
42734,335.219321,8.824007,0,0,0,0,0,0,88080.77,230872.44,53879.758,6255.2363,0,0
42745,277.2162103,8.827036,0,0,0,0,0,0,72268.18,183352.9,263775.03,8398.523,0,0
42748,552.3298121,8.827356,0,0,0,0,0,0,0,0,151793.7,0,0,0
42771,231.1378981,8.833047,0,0,0,0,0,0,26751.91,53262.395,0,0,0,0
42795,597.2123291,8.837726,0,0,0,0,0,0,0,0,0,130128.08,2436600,2674509.5
42796,619.1944811,8.837726,0,0,0,0,0,0,0,0,0,16308.152,305485.22,335614
42835,230.2478257,8.847648,0,0,0,0,0,0,155726.47,194305.34,176912.94,219335.03,190669.22,188641.12
42903,625.2072811,8.863483,0,0,0,0,0,0,0,0,0,0,338937.44,305049.6
42908,400.7418258,8.86446,0,0,0,0,0,0,0,6388.446,0,84613.9,0,18703.686
42950,549.2487625,8.873988,0,0,0,0,0,0,0,0,0,0,734597.8,654048.6
42956,309.148602,8.874264,0,0,0,0,0,0,0,0,0,12438.505,149467.39,99788.695
42958,194.1178291,8.874968,0,514841,550183.4,514050.94,628299.7,511460.75,0,0,0,0,0,0
42978,551.2642124,8.877735,0,0,0,0,0,0,0,0,0,396678.97,3506477.2,2533203.5
42985,533.2535547,8.879196,0,0,0,0,0,0,0,0,0,0,447929.22,399610.16
42991,316.2847048,8.879894,0,0,0,0,0,0,0,97771.42,454570.28,0,0,7718.71
43006,311.1641895,8.8825245,0,0,0,0,0,0,14344.902,66487.95,0,0,0,0
43017,583.196671,8.88543,0,0,0,0,0,0,0,0,0,20243.75,531267.6,611033.75
43018,595.1967242,8.88543,0,0,0,0,0,0,0,0,0,16379.766,1234297.1,1180991.2
43020,550.2521011,8.885911,0,0,0,0,0,0,0,0,0,17524.629,250518.83,226699.03
43040,293.2111553,8.891905,0,0,0,0,0,0,0,37302.727,61631.89,0,0,0
43043,275.2005142,8.892826,0,0,0,0,0,0,11684.254,36264.293,83367.44,0,0,0
43070,409.1622415,8.898001,0,0,0,0,0,0,0,70340.34,0,0,68004.734,92553.02
43084,277.1198688,8.899978,0,0,0,0,0,0,0,0,0,83772.445,30061.88,21021.861
43120,237.127366,8.906898,0,0,0,0,0,0,0,0,0,50071.203,152014.56,148918.19
43121,573.2468499,8.907151,0,0,0,0,0,0,0,14296.539,0,39541.906,522467.84,441046.53
43139,422.7549637,8.910299,0,0,0,0,0,0,0,8126.815,7361.181,131882.86,6106.7373,32304.568
43155,571.2312195,8.913811,0,0,0,0,0,0,0,0,0,26399.752,334442.44,315957.72
43175,283.0965528,8.915867,0,0,0,0,0,0,0,0,0,0,2469252.8,1616289.6
43202,178.1228351,8.919854,0,503671.3,513241.53,490157.84,499508.28,493319.25,0,0,0,0,0,0
43227,335.2193496,8.922018,0,0,0,0,0,0,96316.445,244843.53,54944.703,0,0,0
43248,567.2015455,8.925434,0,0,0,0,0,0,0,0,0,378706.12,1.03E+07,1.18E+07
43249,589.1837618,8.925434,0,0,0,0,0,0,0,0,0,53430.625,1493990,1749310.4
43265,549.1912448,8.926268,0,0,0,0,0,0,0,0,0,0,187221.86,198076.06
43281,1133.395981,8.926268,0,0,0,0,0,0,0,0,0,0,127372.87,159955.97
43284,1155.378021,8.926268,0,0,0,0,0,0,0,0,0,0,71919.17,105210.516
43308,295.2267844,8.9295,0,0,0,0,0,0,39562.01,80495.67,0,6541.4746,0,0
43378,605.1787406,8.941826,0,0,0,0,0,0,0,0,0,0,223837.4,241789.25
43396,444.7681078,8.946538,0,0,0,0,0,0,0,9063.686,0,119315.23,0,36229.395
43398,309.1122586,8.947023,0,0,0,0,0,0,0,0,0,0,291941.7,278885.78
43415,581.2749062,8.950922,0,0,0,0,0,0,0,0,0,20490.805,342742.62,369615.2
43424,398.326451,8.954551,0,0,0,0,0,0,0,5868.6304,41495.836,0,0,0
43448,535.269048,8.957951,0,0,0,0,0,0,0,0,0,77016.72,676641.2,661725
43458,277.2162165,8.959855,0,0,0,0,0,0,92667.016,229406.92,88066.86,0,0,0
43494,566.1897336,8.96781,0,0,0,0,0,0,0,0,0,0,212340.61,206920.8
43495,587.1679969,8.96781,0,0,0,0,0,0,0,0,0,0,193450.16,202838.89
43501,233.1536251,8.968648,0,0,0,0,0,0,0,0,0,1077003.2,1174897.5,1062279.9
43503,565.1865256,8.968648,0,0,0,0,0,0,0,0,0,7017.24,571549,574356.94
43504,566.2469606,8.968648,0,0,0,0,0,0,0,0,0,93965.31,560471,511894.2
43505,587.2256445,8.968648,0,0,0,0,0,0,0,0,0,44145.875,264294.53,267223.12
43511,293.2111656,8.969693,0,0,0,0,0,0,16258.676,46335.625,165650.78,0,0,3064.071
43519,187.1481325,8.972127,0,0,0,0,0,0,0,0,0,224464.7,275399.44,239438.88
43536,565.2435742,8.97643,0,0,0,0,0,0,0,0,0,271767.5,1621941.2,1457536.2
43546,159.1168588,8.979902,0,0,0,0,0,0,0,0,0,405863.03,431701,396891.34
43548,466.7811875,8.979911,0,0,0,0,0,0,0,5777.3794,0,88269.6,0,20536.209
43549,597.2124315,8.979902,0,0,0,0,0,0,0,0,0,31490.031,1738476.6,1761956.5
43555,409.1621964,8.981454,0,0,0,0,0,0,76986.93,0,41182.63,71374.12,132428.9,209451.55
43562,619.1946749,8.98345,0,0,0,0,0,0,0,0,0,0,215328.66,220201.8
43588,579.2017822,8.993879,0,0,0,0,0,0,0,0,0,0,197548.94,198734.12
43617,248.2372409,9.00494,0,0,0,0,0,0,52556.9,54249.36,50722.88,56389.54,98743.17,75420.375
43628,423.1990132,9.009113,0,0,0,0,0,0,33533.582,34269.773,31470.754,32049.037,23985.318,20047.44
43643,553.2800881,9.016084,0,0,0,0,0,0,0,0,0,326681.78,3120666.8,2421110
43644,575.262186,9.016084,0,0,0,0,0,0,0,0,0,57566.906,685519.06,543153.25
43646,488.7943849,9.0176735,0,0,0,0,0,0,0,0,0,58106.016,0,16814.67
43651,583.1966612,9.019565,0,0,0,0,0,0,0,0,0,31823.277,732136.2,963674.3
43718,883.2963924,9.041009,0,0,0,0,0,0,0,0,0,0,113355.33,131632.08
43722,398.3264353,9.042055,0,0,0,0,0,0,0,7247.3213,52958.85,0,0,0
43737,201.1637858,9.051552,0,0,0,0,0,0,0,0,0,0,808854.94,465833.53
43742,316.2846427,9.053507,0,0,0,0,0,0,6102.8076,470362.5,178538.45,0,3856.9382,9487.319
43751,351.2142103,9.067496,0,0,0,0,0,0,0,31871.445,225974.6,0,0,0
43754,596.2001326,9.072887,0,0,0,0,0,0,0,0,0,0,240251.16,228618.95
43758,595.1966705,9.074872,0,0,0,0,0,0,0,0,0,8148.6367,693103.2,648061.56
43762,617.1786141,9.078164,0,0,0,0,0,0,0,0,0,0,116406.85,140550.58
43764,584.2938614,9.081937,0,0,0,0,0,0,0,0,0,0,0,161619.84
43766,583.2905343,9.082574,0,0,0,0,0,0,0,0,0,55824.812,478340.06,438947.34
43773,263.164179,9.086076,0,0,0,0,0,0,0,0,0,102522.61,359240.84,374598.47
43774,553.2216864,9.088842,0,0,0,0,0,0,0,0,0,0,137833.75,89887.52
43789,565.1862845,9.097033,0,0,0,0,0,0,0,0,0,51677.98,2847029.2,2652517
43792,550.252,9.099253,0,0,0,0,0,0,0,0,0,0,297785.62,261942.84
43795,549.2485956,9.099284,0,0,0,0,0,0,0,0,0,0,883509.06,803636.44
43796,571.2305698,9.099284,0,0,0,0,0,0,0,0,0,0,467613.38,446279.56
43797,587.1679604,9.099284,0,0,0,0,0,0,0,0,0,0,344663.34,350631.97
43804,613.3713522,9.102177,0,0,0,0,0,0,0,0,87876.02,0,0,0
43806,566.1896166,9.102885,0,0,0,0,0,0,0,0,0,0,0,984033.3
43810,313.089441,9.104473,0,0,0,0,0,0,0,0,0,0,144898.69,174867.86
43842,1131.380332,9.114837,0,0,0,0,0,0,0,0,0,0,97085.27,112141.68
43847,553.2801257,9.115003,0,0,0,0,0,0,0,0,0,309418.75,2015654.1,1867029.2
43848,575.2622348,9.115003,0,0,0,0,0,0,0,0,0,48295.895,381480.88,386776.84
43857,398.3264928,9.117061,0,0,0,0,0,0,0,15087.767,119738.56,0,0,0
43858,203.1794315,9.118455,0,0,0,0,0,0,0,0,0,261748.38,849596.06,649222.75
43873,589.1836963,9.12192,0,0,0,0,0,0,0,0,0,44857.508,1297402.4,1493883.1
43895,550.1944223,9.125206,0,0,0,0,0,0,0,0,0,0,306520.66,299383.97
43896,552.2676607,9.125206,0,0,0,0,0,0,0,0,0,0,1756712,1174160.5
43905,1133.395146,9.125206,0,0,0,0,0,0,0,0,0,0,187801.67,244830.77
43908,1155.376581,9.125206,0,0,0,0,0,0,0,0,0,0,77975.62,93775.29
43910,549.1911421,9.125373,0,0,0,0,0,0,0,0,0,11337.556,865579.9,824652.9
43911,551.264216,9.125373,0,0,0,0,0,0,0,0,0,306921.22,4939870,3225968.2
43912,567.2014584,9.125373,0,0,0,0,0,0,0,0,0,346801.22,1.08E+07,1.22E+07
43926,569.2076339,9.126812,0,0,0,0,0,0,0,0,0,0,827638.25,0
43938,573.2467253,9.133297,0,0,0,0,0,0,0,22588.648,0,51793.68,938109.9,689963
43955,561.2332001,9.138662,0,0,0,0,0,0,23104.7,74156.76,0,0,0,0
43963,561.2273973,9.14076,0,0,0,0,0,0,0,0,0,0,324496.8,182171
43975,121.064661,9.1459465,0,0,0,0,0,0,0,0,0,0,252116.47,158973.58
43979,566.2469459,9.1459465,0,0,0,0,0,0,0,0,0,0,1707058.5,1492268.9
43983,303.099236,9.146424,0,0,0,0,0,0,0,0,0,61993.35,546348.75,394820.72
43984,281.1172227,9.147232,0,0,0,0,0,0,0,0,0,1004217.7,2.35E+07,1.62E+07
43985,282.1205851,9.147232,0,0,0,0,0,0,0,0,0,191507.14,4594021.5,3143722.5
43986,565.2434087,9.147232,0,0,0,0,0,0,0,0,0,926271.2,4893076,4231997
43987,587.2255553,9.147232,0,0,0,0,0,0,0,0,0,137232.16,758726.25,695203.9
43993,567.2476503,9.147554,0,0,0,0,0,0,0,0,0,0,271299.12,0
43995,588.2288938,9.147554,0,0,0,0,0,0,0,0,0,0,247738.34,0
44002,219.1743416,9.149803,0,0,0,0,0,0,0,0,0,218844.44,0,0
44041,583.3266566,9.164053,0,0,0,0,0,0,0,0,41366.61,0,0,0
44042,605.3088333,9.164053,0,0,0,0,0,0,0,0,71111.6,0,0,0
44056,609.2695129,9.169315,0,0,0,0,0,0,8266.385,50683.32,0,0,0,0
44067,649.2621916,9.175298,0,0,0,0,0,0,6238.3286,44029.22,0,0,0,0
44081,505.2432994,9.181446,0,0,0,0,0,0,278153,1620485.2,0,0,0,0
44082,527.2252891,9.181446,0,0,0,0,0,0,17791.154,104750.14,0,0,0,0
44100,322.2013568,9.185329,0,0,0,0,0,0,0,27774.99,64968.113,0,0,0
44104,581.2748806,9.187015,0,0,0,0,0,0,0,0,0,9730.43,209256.84,185455.44
44105,247.13287,9.187488,0,0,0,0,0,0,0,0,0,0,312551,200422.97
44113,437.2897367,9.188853,0,0,0,0,0,0,0,0,79551.336,0,0,0
44114,459.2718117,9.188853,0,0,0,0,0,0,0,0,44582.598,0,0,0
44117,241.1773461,9.190923,0,0,0,0,0,0,14506.037,0,0,117675.805,0,14911.018
44122,333.1098401,9.193952,0,0,0,0,0,0,0,0,0,14118.784,380808.44,271995
44131,595.1966387,9.197901,0,0,0,0,0,0,0,0,0,0,406442.97,465940.1
44137,311.1278814,9.2015295,0,0,0,0,0,0,0,0,0,133542.97,2916122,2250132
44143,471.2741883,9.205005,0,0,0,0,0,0,0,0,0,30310.17,111739.06,105521.01
44181,609.212106,9.218721,0,0,0,0,0,0,0,0,0,0,234466.27,264864.1
44188,553.2797614,9.219413,0,0,0,0,0,0,0,0,0,511096.66,8122678,6636627.5
44189,575.2618817,9.219413,0,0,0,0,0,0,0,0,0,81461.28,1444862.2,1143306.4
44209,535.268999,9.226798,0,0,0,0,0,0,0,0,0,35053.24,516888.53,416122.5
44223,579.2017357,9.229534,0,0,0,0,0,0,0,0,0,0,184402.33,169985.84
44258,275.2005398,9.24658,0,0,0,0,0,0,0,37192.543,163390.52,0,0,0
44266,583.196568,9.250366,0,0,0,0,0,0,0,0,0,0,268102.3,276695.47
44268,263.221647,9.250891,0,0,0,0,0,0,23630.326,16203.026,24026.752,302808.34,0,63124.434
44269,285.2036282,9.250891,0,0,0,0,0,0,30990.213,21651.027,29269.326,347639.22,0,71927.234
44271,552.2677789,9.251528,0,0,0,0,0,0,0,0,0,0,459995.06,0
44274,219.1743513,9.251709,0,0,0,0,0,0,0,0,0,498747.84,2595499,1893547.6
44275,551.2643043,9.251709,0,0,0,0,0,0,0,0,0,80404.21,1466252.8,1378121.5
44277,151.0965061,9.251801,0,0,0,0,0,0,0,0,0,68906.11,0,14644.49
44278,280.2634941,9.251913,0,0,0,0,0,0,0,0,172756.03,0,0,0
44279,298.2740822,9.251913,0,0,0,0,0,0,0,0,64757.09,0,0,0
44287,533.2533764,9.25867,0,0,0,0,0,0,0,0,0,24386.143,406143.84,514267.9
44307,484.1716009,9.265799,0,0,0,0,0,0,0,73570.1,0,0,0,0
44310,194.1175513,9.266072,0,0,0,0,0,0,92663.97,398356.06,78757.72,0,0,0
44311,237.1849116,9.266719,0,0,0,0,0,0,0,0,0,196890.44,537847.9,477461.97
44312,482.3688147,9.266835,0,0,0,0,0,0,227480.34,260955.03,245917.5,298472.56,0,168466.77
44315,483.1681155,9.269919,0,0,0,0,0,0,28778.42,267088.72,37535.75,0,0,0
44316,467.194158,9.270026,0,0,0,0,0,0,129677.44,1298082.1,209509.94,0,0,0
44318,565.1863749,9.2712,0,0,0,0,0,0,0,0,0,0,215065.52,219605.95
44323,445.2121862,9.273873,0,0,0,0,0,0,121802.805,1131075,123235.31,0,0,0
44338,259.1667965,9.280591,0,0,0,0,0,0,0,0,0,484552.75,408322.75,273003.3
44340,217.1586511,9.282741,0,0,0,0,0,0,0,0,0,0,378322.72,0
44341,573.2461759,9.288283,0,0,0,0,0,0,0,0,0,20905.951,325398.44,228158.89
44350,581.2746768,9.290951,0,0,0,0,0,0,0,0,0,21977.94,542192.06,419408.75
44351,201.1637755,9.293082,0,0,0,0,0,0,0,0,0,0,272428.7,0
44365,549.2484547,9.302679,0,0,0,0,0,0,0,0,0,0,549218.44,608081.25
44366,550.2518303,9.302679,0,0,0,0,0,0,0,0,0,0,204343.1,205223.6
44371,565.24328,9.305095,0,0,0,0,0,0,0,0,0,354923.25,1021754.56,945427.6
44372,587.2253404,9.305095,0,0,0,0,0,0,0,0,0,52261.453,200270.62,120587.64
44378,331.0732174,9.307854,0,0,0,0,0,0,0,0,0,0,515608.66,456588.94
44380,251.1065848,9.309855,0,0,0,0,0,0,0,6725.5527,6029.82,2.13E+07,1.74E+08,1.55E+08
44421,482.3686908,9.313028,0,0,0,0,0,0,0,0,0,0,269622.62,114782.266
44432,329.2298601,9.31492,0,0,0,0,0,0,35764.81,22526.475,37540.195,401702.47,27061.244,97283.69
44435,567.2013857,9.315713,0,0,0,0,0,0,0,0,0,9599.549,446364.03,559157.94
44436,273.0885244,9.315835,0,0,0,0,0,0,0,0,0,171674.23,323692.56,318206.6
44437,324.2744658,9.316146,0,0,0,0,0,0,9423.663,5657.6274,8596.436,115228.484,0,0
44438,307.2478981,9.316771,0,0,0,0,0,0,89035.94,53933.89,88220.414,969579.56,67564.805,209034.73
44444,501.2060672,9.319161,0,0,0,0,0,0,0,0,0,27211.738,514872.1,518322.03
44445,335.0591272,9.319234,0,0,0,0,0,0,0,0,0,29277.387,180260.88,162346.86
44447,174.5489149,9.319285,0,0,0,0,0,0,0,0,0,24384.799,185471.14,145166.22
44457,356.1037874,9.322684,0,0,0,0,0,0,0,0,0,23863.064,167820.64,145751.4
44461,278.2102381,9.322895,0,0,0,0,0,0,59564.062,70563.055,79572.66,81721.516,241713.17,137321.58
44475,277.2162262,9.3233185,0,0,0,0,0,0,0,0,642845.56,0,0,0
44476,293.2111526,9.3233185,0,0,0,0,0,0,0,0,207439.23,0,0,0
44481,383.1830647,9.3233185,0,0,0,0,0,0,0,0,191360.03,0,0,0
44488,627.3505198,9.3233185,0,0,0,0,0,0,0,0,48365.008,0,0,0
44503,362.2538531,9.324988,0,0,0,0,0,0,0,8803.876,214136.81,0,0,0
44504,367.2091237,9.324988,0,0,0,0,0,0,0,34491.18,1018436.4,0,0,0
44505,205.1951188,9.326179,0,0,0,0,0,0,0,0,0,133124.64,38461.895,41341.742
44507,160.0532247,9.326256,0,0,0,0,0,0,0,0,0,19512.344,192926.88,172975.48
44532,373.2561206,9.338471,0,0,0,0,0,0,44911.652,21450.998,41846.33,441925.34,0,87808.75
44534,368.3006595,9.339908,0,0,0,0,0,0,74535.25,39856.188,65859.04,736834.94,53881.395,149251.05
44535,351.2741581,9.340498,0,0,0,0,0,0,78224.97,40373.52,69973.22,782871,0,161133.1
44553,303.0992578,9.347636,0,0,0,0,0,0,0,0,0,115472.28,1292542.2,1049748.9
44555,281.1172757,9.351876,0,0,0,0,0,0,0,0,0,964526.94,1.70E+07,1.34E+07
44565,565.1864745,9.355177,0,0,0,0,0,0,0,0,0,0,190886.08,220680.78
44566,283.1243082,9.356166,0,0,0,0,0,0,0,0,0,0,230859.88,0
44569,304.1025699,9.356238,0,0,0,0,0,0,0,0,0,0,0,186481.44
44576,417.2822911,9.359594,0,0,0,0,0,0,30767.926,13940.041,26735.35,262954.44,0,53413.883
44577,412.3268741,9.360721,0,0,0,0,0,0,159714.66,75614.31,123185.414,1412928.5,97571.22,279848.97
44581,579.2589308,9.3616295,0,0,0,0,0,0,0,0,0,0,253407,193574.6
44584,395.300326,9.363948,0,0,0,0,0,0,34815.305,14908.169,26896.906,310911.4,0,56165.19
44597,580.2048765,9.366838,0,0,0,0,0,0,0,0,0,0,120432.836,0
44600,579.2015567,9.366966,0,0,0,0,0,0,0,0,0,0,353550.38,325761.3
44602,413.2981663,9.368133,0,0,0,0,0,0,17774.873,8797.736,13461.327,190244.11,0,27682.914
44603,764.5367725,9.368133,0,0,0,0,0,0,20455.15,10435.896,15444.648,199102.78,0,44884.934
44614,456.3531497,9.371627,0,0,0,0,0,0,197841.81,104134.14,167278.53,1880262.9,140855.33,397312
44617,720.5107156,9.373614,0,0,0,0,0,0,53339.86,29687.117,43337.777,528864.75,36881.27,119437.93
44619,439.3265449,9.374346,0,0,0,0,0,0,15825.995,9007.329,15234.268,163841.73,0,0
44623,457.3565668,9.374538,0,0,0,0,0,0,0,0,0,442884.12,0,0
44628,461.3085752,9.375207,0,0,0,0,0,0,21139.959,12272.402,23610.885,191256.33,17606.145,39344.758
44629,588.43195,9.375377,0,0,0,0,0,0,146935.06,78082.68,114602.26,1366292.5,103982.54,288558.4
44632,500.3794403,9.377105,0,0,0,0,0,0,195612.6,104190.58,165146.73,1833323.4,147405.45,383875.6
44633,676.4844668,9.377105,0,0,0,0,0,0,86902.64,48154.543,69522.81,824452.75,62129.58,178529.75
44634,632.4582258,9.377224,0,0,0,0,0,0,116902.41,62954.664,92989.164,1108547.2,81097.91,235505.72
44638,573.2461237,9.377411,0,0,0,0,0,0,0,0,0,0,469637.88,0
44644,544.4057336,9.378952,0,0,0,0,0,0,174455.2,91191.59,137007.9,1617603.5,128788.94,328756.47
44648,551.2641958,9.379929,0,0,0,0,0,0,0,0,0,150152.75,2829110.5,1903782
44671,549.3611507,9.382881,0,0,0,0,0,0,16715.746,0,18384.877,150506.95,0,40535.01
44672,505.3348794,9.383841,0,0,0,0,0,0,19255.86,8742.445,23404.588,161336.28,0,44998.695
44681,552.2675938,9.387919,0,0,0,0,0,0,0,0,0,0,974648.25,742138.06
44689,249.1849386,9.392455,0,0,0,0,0,0,0,0,80248.67,0,0,0
44697,471.2353275,9.392455,0,0,0,0,0,0,0,0,55426.816,0,0,0
44705,575.2620707,9.395829,0,0,0,0,0,0,0,0,24115.271,49458.016,432556.47,352441.97
44706,553.2800671,9.397323,0,0,0,0,0,0,0,0,0,313669.84,2420402.5,1939793.4
44714,322.2741035,9.403156,0,0,0,0,0,0,0,22644.895,58528.656,0,0,0
44724,267.1590813,9.408693,0,0,0,0,0,0,0,0,0,0,0,102542.914
44728,362.2665563,9.408814,0,0,0,0,0,0,0,23038.467,86082.67,0,0,0
44729,595.1964899,9.408866,0,0,0,0,0,0,0,0,0,0,111299.836,107208.8
44746,535.2689779,9.418885,0,0,0,0,0,0,0,0,0,24445.824,226056.25,126248.02
44757,583.1965515,9.42273,0,0,0,0,0,0,0,0,0,7665.9004,419203.94,430170.34
44759,487.2326136,9.424074,0,0,0,0,0,0,715387.6,2554206.2,0,0,0,0
44760,525.1886622,9.424074,0,0,0,0,0,0,123790.805,404522.62,0,0,0,0
44773,554.3452811,9.42913,0,0,0,0,0,0,0,0,37471.082,0,0,0
44775,509.2146565,9.430083,0,0,0,0,0,0,192667.3,655306.9,0,0,0,0
44782,995.439948,9.430508,0,0,0,0,0,0,4273.255,63716.246,0,0,0,0
44789,605.2958792,9.436517,0,0,0,0,0,0,11504.392,46745.54,0,0,0,0
44800,551.2052961,9.443042,0,0,0,0,0,0,4937.628,21515.48,0,2859.165,172639.83,218996.45
44801,533.2534843,9.444581,0,0,0,0,0,0,0,0,0,34083.88,656820,570939.06
44802,541.2069604,9.448923,0,0,0,0,0,0,62008.31,306337.8,0,0,0,0
44815,552.2101676,9.4515,0,0,0,0,0,0,0,0,0,0,0,75254.86
44821,280.2634859,9.453593,0,0,0,0,0,0,0,0,50186.285,0,0,0
44839,568.2623792,9.472291,0,0,0,0,0,0,0,0,0,0,0,233668.58
44842,203.1794159,9.472878,0,0,0,0,0,0,0,0,0,223599.19,345006.56,292560.1
44846,551.2642574,9.472926,0,0,0,0,0,0,0,0,0,251161.83,4326851.5,3333505
44847,567.2590727,9.472926,0,0,0,0,0,0,0,0,0,135105.84,918350.94,704296.94
44848,573.246346,9.472926,0,0,0,0,0,0,0,0,0,46861.38,843295.44,1002217.5
44849,589.2411205,9.472926,0,0,0,0,0,0,0,0,0,17964.125,175833.28,120779.98
44861,221.1899655,9.476331,0,0,0,0,0,0,0,0,0,189200.97,167077.28,151517.8
44868,279.2318549,9.478435,0,0,0,0,0,0,78056.555,254996.23,250967.95,0,0,0
44869,297.2424208,9.478435,0,0,0,0,0,0,26006.64,82008.516,85972.17,0,0,0
44870,239.2005308,9.479861,0,0,0,0,0,0,0,0,0,229796.92,82367.67,100967.09
44875,337.234983,9.482409,0,0,0,0,0,0,75696.375,276579.28,308684.3,8138.2627,0,0
44876,553.269989,9.48265,0,0,0,0,0,0,0,0,0,0,0,66542.35
44879,121.0653343,9.483255,0,0,0,0,0,0,0,0,0,0,303456.9,257237.84
44902,318.3001981,9.4954405,0,0,0,0,0,0,6900.4155,90336.61,1791438.5,5967.575,24132.213,53177.867
44906,565.1859262,9.499088,0,0,0,0,0,0,0,0,0,0,485749.2,484830.84
44908,732.5048206,9.500767,0,0,0,0,0,0,0,0,83175.36,0,0,0
44920,621.2485512,9.508397,0,0,0,0,0,0,0,0,0,42937.5,5149307.5,4843772.5
44921,643.2305004,9.508397,0,0,0,0,0,0,0,0,0,40730.836,1705808,1654175.2
44936,432.2380827,9.513681,0,0,0,0,0,0,120448.57,94523.81,123109.664,110059.57,0,0
44949,204.5594604,9.515297,0,0,0,0,0,0,0,0,0,17474.785,245376.89,226378.1
44950,333.1098868,9.515297,0,0,0,0,0,0,0,0,0,836088.94,1.25E+07,1.15E+07
44958,415.2115375,9.517442,0,0,0,0,0,0,1495178.5,1152672.6,1596548.9,1473098.5,486989.22,469991.12
44960,437.1934757,9.517604,0,0,0,0,0,0,846101.5,704835.25,996956.3,1171250.5,769803.2,791458.25
44961,453.1675225,9.517604,0,0,0,0,0,0,592610.8,488596.97,574934.44,567002.56,178968.45,190120.3
44963,119.0855094,9.518007,0,0,0,0,0,0,242307.92,193568.23,260819.42,208981.69,0,91756.05
44966,311.1277489,9.519105,0,0,0,0,0,0,0,0,0,8247427,1.38E+08,1.24E+08
44968,725.3322064,9.519105,0,0,0,0,0,0,0,0,0,72096.125,189213.03,169273.86
44973,865.34286,9.519787,0,0,0,0,0,0,0,0,0,0,353238.06,286837.8
44975,460.2695111,9.522406,0,0,0,0,0,0,249624.94,205571.97,276665.75,229768.53,14719.4375,0
44980,349.0838182,9.522656,0,0,0,0,0,0,0,0,0,81318.75,358814.53,345787.78
44991,301.0627152,9.526009,0,0,0,0,0,0,0,0,0,46002.918,1989138,1793801.1
45013,329.1019911,9.54267,0,0,0,0,0,0,0,68128.125,0,10863.662,182635.08,199026.83
45020,591.3893492,9.545428,0,0,0,0,0,0,0,0,85123.74,0,0,0
45021,613.3713543,9.545428,0,0,0,0,0,0,0,0,268383.9,0,0,0
45025,549.2484973,9.554421,0,0,0,0,0,0,0,0,0,339845.2,6504093.5,4930498
45026,571.2304915,9.554421,0,0,0,0,0,0,0,0,0,59084.016,1457087.8,1104308.6
45035,550.2519264,9.556653,0,0,0,0,0,0,0,0,0,0,2266587.2,1737922
45044,322.2740873,9.559815,0,0,0,0,0,0,0,12920.343,82090.94,0,0,0
45045,362.2666642,9.559815,0,0,0,0,0,0,0,13215.528,91837.63,0,0,0
45066,613.18965,9.567253,0,0,0,0,0,0,0,0,0,0,149900.28,232438.64
45074,301.1411573,9.572452,0,0,0,0,0,0,0,0,0,0,232102.84,158905.14
45085,279.1954489,9.579266,0,0,0,0,0,0,17949.934,85066.88,53320.62,0,0,0
45086,319.1880102,9.579266,0,0,0,0,0,0,10440.068,50602.65,34550.65,0,0,0
45100,349.1985322,9.5897455,0,0,0,0,0,0,0,12108.453,110759.53,0,0,0
45103,631.1941567,9.593447,0,0,0,0,0,0,0,0,0,0,124456.18,218957.38
45105,583.2903643,9.595375,0,0,0,0,0,0,0,0,0,8929.404,154606.89,152765.6
45111,579.2590464,9.599153,0,0,0,0,0,0,0,0,0,18504.984,610050.44,501644.44
45127,543.2225446,9.608713,0,0,0,0,0,0,457602.56,1604941.5,0,0,0,0
45128,581.1784694,9.608713,0,0,0,0,0,0,24096.521,82052.125,0,0,0,0
45153,565.2045076,9.615204,0,0,0,0,0,0,21783.607,77348.17,0,0,0,0
45158,435.2741073,9.615863,0,0,0,0,0,0,0,0,76283.68,0,0,0
45159,457.2561604,9.615863,0,0,0,0,0,0,0,0,86813.01,0,0,0
45167,579.2016502,9.620012,0,0,0,0,0,0,0,0,0,0,399581.84,368136
45173,255.1355804,9.625157,0,0,0,0,0,0,0,0,0,477895.75,698484.94,603981.4
45184,233.1535999,9.63037,0,0,0,0,0,0,0,0,0,0,1444843.5,1130118.5
45193,256.138861,9.635447,0,0,0,0,0,0,0,0,0,71286.51,0,0
45195,215.1430233,9.635512,0,0,0,0,0,0,0,0,0,139584.02,706066.7,598016.25
45197,197.1324553,9.635768,0,0,0,0,0,0,0,0,0,68616.42,364297.53,273151.34
45202,187.1481267,9.638965,0,0,0,0,0,0,0,0,0,96057.69,602257.8,498003.06
45210,565.1857297,9.645895,0,0,0,0,0,0,0,0,0,0,144460.9,166215.58
45215,865.3429074,9.649566,0,0,0,0,0,0,0,0,0,6715.725,673958.4,540049
45221,887.3247158,9.651066,0,0,0,0,0,0,0,0,0,0,125117.48,91621.16
45227,295.226757,9.657226,0,0,0,0,0,0,0,41460.93,144618.38,11682.311,0,0
45229,277.2162661,9.660305,0,0,0,0,0,0,0,0,112060.27,9319.626,0,0
45233,301.1069364,9.66147,0,0,0,0,0,0,0,0,0,0,154623.84,172130.19
45234,374.2900995,9.661716,0,0,0,0,0,0,0,48354.58,0,0,0,0
45245,190.0640649,9.6678,0,0,0,0,0,0,0,0,0,18254.041,216601.38,214931.9
45247,567.2588519,9.6678,0,0,0,0,0,0,0,0,0,63822.336,622552.5,492796.22
45249,589.2409917,9.667894,0,0,0,0,0,0,0,0,0,10184.163,130303.12,111736.47
45260,583.2091614,9.6715355,0,0,0,0,0,0,0,0,0,120929.34,908104.06,869698.94
45261,335.2193637,9.671957,0,0,0,0,0,0,12032.97,64246.574,215010.11,17188.955,0,0
45266,625.1972865,9.672327,0,0,0,0,0,0,0,0,0,0,236433.55,231549.6
45272,720.7574288,9.6734085,0,0,0,0,0,0,0,0,0,0,142590.48,0
45279,281.1170514,9.675106,0,0,0,0,0,0,0,0,0,2.07E+07,2.63E+08,2.53E+08
45280,282.1203425,9.675956,0,0,0,0,0,0,0,0,0,3978211.2,0,4.91E+07
45284,720.2553036,9.677495,0,0,0,0,0,0,0,0,0,0,136783.78,110372.16
45287,303.0992497,9.678557,0,0,0,0,0,0,0,0,0,745486.56,4235527,4401668.5
45290,315.252995,9.68121,0,0,0,0,0,0,14005.249,43616.613,10725.573,0,0,0
45294,365.0696219,9.682008,0,0,0,0,0,0,0,0,0,30164.844,201947.1,201559.52
45295,553.2798576,9.682002,0,0,0,0,0,0,0,0,0,198587.56,1900956.8,1861698.5
45296,561.2271138,9.682008,0,0,0,0,0,0,0,0,0,71764.65,2218272.2,2230151.5
45307,297.2424391,9.684859,0,0,0,0,0,0,51741.39,183592.98,56712.63,0,0,0
45308,337.2350191,9.684859,0,0,0,0,0,0,97074.27,384700.62,78757.555,0,0,0
45312,280.2351885,9.684934,0,0,0,0,0,0,0,63581.438,0,0,0,0
45316,388.3058252,9.684934,0,0,0,0,0,0,0,75684.484,0,0,0,0
45319,249.0907677,9.6859865,0,0,0,0,0,0,0,0,0,8123.42,232562.55,206742.44
45321,284.1256829,9.688237,0,0,0,0,0,0,0,0,0,0,190321.28,172640.33
45329,575.2619067,9.689431,0,0,0,0,0,0,0,0,0,34186.65,423926.72,399228.88
45330,279.2318494,9.689775,0,0,0,0,0,0,100512.58,356591.53,63422.336,11025.963,0,0
45334,609.2120113,9.693422,0,0,0,0,0,0,0,0,0,0,857385.56,697814.1
45341,591.2589933,9.695072,0,0,0,0,0,0,5684.752,43775.62,0,0,0,0
45353,378.2617812,9.69878,0,0,0,0,0,0,0,4770.681,99170.11,0,0,0
45356,238.1801223,9.700716,0,0,0,0,0,0,0,0,68867.05,0,0,0
45374,583.2901628,9.711772,0,0,0,0,0,0,0,0,0,15169.763,305622.12,215319.62
45378,293.2111615,9.717669,0,0,0,0,0,0,0,32268.463,51647.89,8348.799,6760.727,0
45386,601.1625314,9.725483,0,0,0,0,0,0,0,0,0,0,232132.2,362867.56
45417,215.1430483,9.76504,0,0,0,0,0,0,0,0,0,310413.28,2325155.5,1744045.5
45418,233.1535996,9.76504,0,0,0,0,0,0,0,0,0,723536.75,5459827.5,4198440.5
45421,198.1358252,9.766737,0,0,0,0,0,0,0,0,0,0,191648.6,0
45440,187.1481296,9.768498,0,0,0,0,0,0,0,0,0,151943.38,1122700.1,878300
45441,197.1324899,9.768502,0,0,0,0,0,0,0,0,0,195359.45,1309661,1004542
45442,250.1801068,9.768502,0,0,0,0,0,0,0,0,0,717593.4,4869818,3767211.8
45443,388.3058001,9.7716465,0,0,0,0,0,0,0,88732.13,0,0,0,0
45454,271.1095454,9.772256,0,0,0,0,0,0,0,0,0,223010.39,750881.44,606227.2
45455,549.1910865,9.772256,0,0,0,0,0,0,0,0,0,11853.593,929917.06,920070.06
45456,256.1389015,9.772462,0,0,0,0,0,0,0,0,0,243507.64,0,0
45475,550.1944343,9.777348,0,0,0,0,0,0,0,0,0,0,343374.75,320026.84
45476,571.1730497,9.777348,0,0,0,0,0,0,0,0,0,0,239892.7,251746.78
45481,255.1361564,9.78224,0,0,0,0,0,0,0,44391.945,0,1500186.6,6484345,5209017
45483,229.1223086,9.782593,0,0,0,0,0,0,0,0,0,0,751653.75,468111.9
45495,613.1894145,9.787789,0,0,0,0,0,0,0,0,0,0,186113.4,296500.03
45500,553.2799441,9.794147,0,0,0,0,0,0,0,0,0,67169.19,1309363.6,970770.6
45501,575.2621056,9.794147,0,0,0,0,0,0,0,0,0,13090.57,231852.52,187574.7
45512,865.3431075,9.798206,0,0,0,0,0,0,0,0,0,0,461975.22,336575.84
45548,639.2439148,9.822568,0,0,0,0,0,0,0,31328.889,0,0,0,0
45551,378.2615411,9.823709,0,0,0,0,0,0,0,0,82652.8,0,0,0
45558,335.2193047,9.824725,0,0,0,0,0,0,0,0,31218.39,9453.922,6329.38,0
45559,579.2016697,9.826729,0,0,0,0,0,0,0,0,0,17420.996,1045603.56,935639.3
45570,550.2520059,9.829443,0,0,0,0,0,0,0,0,0,0,1215660.6,938117.56
45573,601.1837425,9.829443,0,0,0,0,0,0,0,0,0,0,318019.12,335735.78
45586,549.2485354,9.83096,0,0,0,0,0,0,0,0,0,111122.38,3478691,2675924.8
45587,571.2305542,9.83096,0,0,0,0,0,0,0,0,0,20769.35,682893.2,603731.56
45592,531.1805626,9.834652,0,0,0,0,0,0,0,0,0,0,423284.25,410014.72
45593,553.1626059,9.834652,0,0,0,0,0,0,0,0,0,0,103397.914,107532.78
45597,238.1801238,9.836273,0,0,0,0,0,0,0,0,53988.645,0,0,0
45607,552.2677188,9.83959,0,0,0,0,0,0,0,0,0,0,529396.44,0
45618,551.2644685,9.848857,0,0,0,0,0,0,0,0,0,94673.14,1549898.6,1358797.4
45645,147.0440926,9.861667,0,0,0,0,0,0,0,0,79536.78,0,0,0
45648,257.2475215,9.861667,0,0,0,0,0,0,0,0,291469.44,0,0,0
45649,403.2842761,9.861667,0,0,0,0,0,0,0,0,128785.87,0,0,0
45650,421.2948623,9.861667,0,0,0,0,0,0,0,0,652079.5,0,0,0
45652,443.2767964,9.861667,0,0,0,0,0,0,0,0,1611921.2,0,0,0
45653,459.2508386,9.861667,0,0,0,0,0,0,0,0,124316.484,0,0,0
45684,318.2403835,9.873031,0,0,0,0,0,0,0,28672.812,53989.113,0,0,0
45701,357.1334235,9.889549,0,0,0,0,0,0,0,0,0,0,305374.34,227803.64
45702,485.2170571,9.891725,0,0,0,0,0,0,14555.363,92204.94,0,0,0,0
45744,601.1837645,9.916117,0,0,0,0,0,0,0,0,0,0,258996.8,225967.45
45749,539.2407806,9.91706,0,0,0,0,0,0,0,0,0,15331.761,328269.12,247275.16
45750,335.2193077,9.9177065,0,0,0,0,0,0,18493.326,65182.58,134263.39,7781.6304,9065.252,9018.121
45764,553.2799082,9.924648,0,0,0,0,0,0,0,0,0,160596.38,2185806,1697540.8
45765,575.2619907,9.924648,0,0,0,0,0,0,0,0,0,28302.879,417922.78,330700.62
45779,349.1048516,9.92661,0,0,0,0,0,0,0,0,0,0,253589.23,227435.1
45811,338.2690569,9.932011,0,0,0,0,0,0,0,0,88105.625,0,0,0
45815,694.4011354,9.932011,0,0,0,0,0,0,0,0,55659.023,0,0,0
45818,327.1227778,9.935657,0,0,0,0,0,0,0,0,0,162742.4,7918519.5,6509927.5
45829,237.1485302,9.937065,0,0,0,0,0,0,0,0,0,0,503183.22,249199.92
45836,609.2122997,9.937065,0,0,0,0,0,0,0,0,0,0,74780.77,60468.67
45860,322.274113,9.944083,0,0,0,0,0,0,0,0,66914.02,0,0,0
45885,865.3431929,9.94846,0,0,0,0,0,0,0,0,0,0,507644.62,427025.78
45887,305.2475295,9.952243,0,0,0,0,0,0,0,10418.529,46446.887,0,0,0
45888,378.2615944,9.952417,0,0,0,0,0,0,0,7531.0586,203476.45,0,0,0
45906,451.305496,9.955502,0,0,0,0,0,0,0,0,185566.7,0,0,0
45908,473.2874567,9.955502,0,0,0,0,0,0,0,0,251100.62,0,0,0
45918,198.1488297,9.967356,0,0,0,0,0,0,0,0,71187.12,0,0,0
45923,379.2455077,9.967356,0,0,0,0,0,0,0,0,80190.38,0,0,0
45924,407.2404255,9.967356,0,0,0,0,0,0,0,0,117965.25,0,0,0
45928,549.1912279,9.970005,0,0,0,0,0,0,0,0,0,0,415760.4,399500.44
45929,550.1945304,9.970005,0,0,0,0,0,0,0,0,0,0,150072.1,141986.28
45930,571.1731875,9.970005,0,0,0,0,0,0,0,0,0,0,328709.12,329533.84
45932,601.1630174,9.970005,0,0,0,0,0,0,0,0,0,0,184744.23,247753.34
45952,537.2841525,9.980526,0,0,0,0,0,0,0,0,0,0,266009.97,221535.88
45957,257.1511324,9.985049,0,0,0,0,0,0,0,0,0,143608.11,29110.912,19889.518
45965,252.1957564,9.991739,0,0,0,0,0,0,0,0,0,79052.77,10597.91,0
45967,540.4108612,10.000918,0,0,0,0,0,0,284287.53,307383.72,299135.5,340356.75,321429.25,319400.44
45978,565.1860006,10.004115,0,0,0,0,0,0,0,0,0,6075.0146,361317.06,354415.4
45988,549.2487232,10.012253,0,0,0,0,0,0,0,0,0,0,305766.38,0
45996,415.2115227,10.015181,0,0,0,0,0,0,95777.2,105767.22,100828.56,98016.38,110025.18,114414.24
45997,437.1935253,10.015181,0,0,0,0,0,0,91628.555,107420.61,127340.586,102045.08,158757.92,184528.03
45998,453.1674558,10.01518,0,0,0,0,0,0,47987.89,59286.504,55382.016,63701.688,50618.21,54217.1
46004,551.2643188,10.024021,0,0,0,0,0,0,0,0,0,43546.934,786988.4,638822.2
46007,552.2677399,10.024341,0,0,0,0,0,0,0,0,0,0,251391.69,0
46024,365.21114,10.035134,0,0,0,0,0,0,0,0,0,13290.796,96345.25,61683.04
46025,383.2217776,10.035134,0,0,0,0,0,0,0,0,0,22755.453,175811.05,112260.305
46026,421.1776765,10.035134,0,0,0,0,0,0,0,0,0,19564.863,94989.99,58907.05
46029,535.2689549,10.035928,0,0,0,0,0,0,0,0,0,0,95198.27,175129.55
46033,405.2037438,10.039488,0,0,0,0,0,0,0,0,0,39423.195,292701.4,206431.75
46040,279.101428,10.046604,0,0,0,0,0,0,0,0,0,0,165644,168718.06
46072,503.2980832,10.080807,0,0,0,0,0,0,0,11425.155,12208.455,63884.55,18895.525,50261.562
46076,327.1228549,10.0883465,0,0,0,0,0,0,0,0,0,0,518063.78,397037.53
46077,348.214573,10.091785,0,0,0,0,0,0,0,0,59818.766,0,0,0
46078,518.3241958,10.091785,0,0,0,0,0,0,0,0,32506.783,0,0,0
46081,579.2016789,10.093813,0,0,0,0,0,0,0,0,0,0,187005.06,190607.28
46086,515.2429409,10.099124,0,0,0,0,0,0,0,0,0,0,132656.75,118718.98
46094,533.2534821,10.104557,0,0,0,0,0,0,0,0,0,0,382762.78,158917.3
46100,895.3537205,10.109625,0,0,0,0,0,0,0,0,0,0,72826.63,66981.08
46114,579.2590056,10.1151495,0,0,0,0,0,0,0,0,0,0,75047.664,61946.98
46128,319.0943127,10.120846,0,0,0,0,0,0,0,0,0,0,246074.92,239799.39
46136,549.2485508,10.120846,0,0,0,0,0,0,0,0,0,0,348122.06,262656.44
46170,396.0291298,10.126833,0,0,0,0,0,0,0,0,0,0,72918.086,60420.637
46186,299.1185988,10.128695,0,0,0,0,0,0,0,0,0,0,0,321827.97
46200,351.2141559,10.129111,0,0,0,0,0,0,0,0,39164.047,0,0,0
46205,297.1121043,10.129343,0,0,0,0,0,0,0,0,0,640117.1,2.28E+07,1.96E+07
46220,553.2801058,10.1328335,0,0,0,0,0,0,0,0,0,0,111235.97,95807.484
46258,539.2407315,10.145513,0,0,0,0,0,0,0,0,0,6055.118,111588.484,74748.11
46276,256.2998434,10.153347,0,0,0,0,0,0,61758.473,69185.086,62559.234,69941.3,86107.9,82485.484
46280,239.2005345,10.1570215,0,0,0,0,0,0,0,0,0,114242.17,79927.37,106705.67
46285,165.1273825,10.160595,0,0,0,0,0,0,0,0,0,79539.664,54398.395,76899.766
46292,221.189962,10.164348,0,0,0,0,0,0,0,0,0,107907.91,71316.92,114085.27
46294,393.2611981,10.16541,0,0,0,0,0,0,0,11572.464,68476.15,0,0,0
46302,443.2768582,10.166257,0,0,0,0,0,0,0,0,92213.98,0,0,0
46315,353.2686744,10.171495,0,0,0,0,0,0,0,10776.556,54146.965,0,0,0
46318,865.3432062,10.172316,0,0,0,0,0,0,0,0,0,0,469748.03,352836.78
46319,887.325241,10.172316,0,0,0,0,0,0,0,0,0,0,73006.984,48243.246
46325,277.2162244,10.177509,0,0,0,0,0,0,0,66857.97,0,0,0,0
46336,334.2353404,10.178429,0,0,0,0,0,0,0,0,51096.32,0,0,0
46342,605.2958739,10.178585,0,0,0,0,0,0,5100.686,38481.016,0,0,0,0
46356,255.1355103,10.192068,0,0,0,0,0,0,0,0,0,9898.965,171514.02,115790.52
46361,547.324398,10.19646,0,0,0,0,0,0,0,26503.43,26864.686,148985,30354.06,99540.56
46365,390.3214413,10.203442,0,0,0,0,0,0,0,13832.427,42743.76,0,0,0
46375,561.1911527,10.213421,0,0,0,0,0,0,0,0,0,0,73258.11,89190.37
46379,302.3053804,10.216328,0,0,0,0,0,0,0,0,42561.344,0,0,0
46390,539.240895,10.219094,0,0,0,0,0,0,0,0,0,0,200529.48,184372.23
46395,513.2119384,10.223,0,0,0,0,0,0,7390.8213,39631.35,0,0,0,0
46396,499.2481044,10.224368,0,0,0,0,0,0,0,0,0,0,251701.27,235013.73
46399,601.1838494,10.229698,0,0,0,0,0,0,0,0,0,0,138147.23,169654.73
46403,580.2052174,10.231999,0,0,0,0,0,0,0,0,0,0,0,86263.414
46404,579.2019019,10.235136,0,0,0,0,0,0,0,0,0,0,205092.02,238088
46418,372.3108458,10.240938,0,0,0,0,0,0,0,34542.062,0,0,0,0
46428,351.2141839,10.253746,0,0,0,0,0,0,0,6914.7617,54085.21,0,0,0
46443,363.2506175,10.266807,0,0,0,0,0,0,5947.8047,108454.45,12720.67,0,0,0
46446,551.2642283,10.270425,0,0,0,0,0,0,0,0,0,26564.635,813552.6,689817.9
46453,203.1794197,10.277799,0,0,0,0,0,0,0,0,0,0,0,144117.06
46458,601.2413059,10.281314,0,0,0,0,0,0,0,0,0,0,157338.5,115728.766
46463,257.1511636,10.285619,0,0,0,0,0,0,0,0,0,27486.033,155720.02,54405.98
46464,579.2591348,10.285918,0,0,0,0,0,0,0,0,0,18295.662,627893.06,452298.16
46467,189.1637421,10.286748,0,0,0,0,0,0,0,0,0,0,94764.164,35218.54
46474,557.2516865,10.292256,0,0,0,0,0,0,0,0,0,0,89942.59,77459.63
46477,591.3506835,10.294567,0,0,0,0,0,0,0,28548.121,30735.4,180239.5,34864.273,100008.46
46481,613.3326588,10.297605,0,0,0,0,0,0,0,7692.9297,6189.2886,53187.15,0,29537.643
46484,233.1535425,10.299424,0,0,0,0,0,0,27346.832,122686.65,0,0,0,0
46492,379.2455179,10.302406,0,0,0,0,0,0,0,0,68493.84,0,0,0
46495,353.2686545,10.3030815,0,0,0,0,0,0,0,34568.543,144861.48,0,0,0
46496,390.321428,10.3030815,0,0,0,0,0,0,0,16735.658,49606.07,0,0,0
46502,393.2611999,10.306205,0,0,0,0,0,0,0,38517.973,178202.25,0,0,8607.788
46504,285.1460951,10.309387,0,0,0,0,0,0,0,0,0,22748.959,85092.5,111256.02
46510,263.1641882,10.313376,0,0,0,0,0,0,0,0,0,18756.807,110780.68,136504.53
46514,334.2353392,10.315361,0,0,0,0,0,0,0,0,49607.188,0,0,0
46523,555.2357365,10.321775,0,0,0,0,0,0,0,0,0,0,261870.81,205387.11
46528,305.2475581,10.334091,0,0,0,0,0,0,0,75892.38,31170.293,0,0,0
46536,380.2795029,10.340459,0,0,0,0,0,0,0,0,65108.203,0,0,0
46540,609.212369,10.344585,0,0,0,0,0,0,0,0,0,0,286354.7,265178.28
46541,865.3432875,10.344585,0,0,0,0,0,0,0,0,0,0,244110.22,212980.5
46553,277.1798567,10.353622,0,0,0,0,0,0,0,43782.668,92556.17,0,0,0
46554,317.172377,10.353622,0,0,0,0,0,0,0,30466.975,65546.18,0,0,0
46569,571.1731521,10.367447,0,0,0,0,0,0,0,0,0,0,237734.64,325768.1
46573,225.1121009,10.368036,0,0,0,0,0,0,0,0,7738.4873,153651.03,0,0
46574,549.1911039,10.368596,0,0,0,0,0,0,0,0,0,7019.0454,415566.6,495712.1
46575,550.1945448,10.3702345,0,0,0,0,0,0,0,0,0,0,0,181718.06
46576,635.3769415,10.372236,0,0,0,0,0,0,0,20320.604,24179.303,152288.05,23969.127,74770.45
46582,652.4032536,10.374684,0,0,0,0,0,0,0,10498.558,11632.369,85052.484,11943.97,39176.53
46583,657.3589648,10.374717,0,0,0,0,0,0,0,8369.855,7753.9463,60409.547,8365.734,29504.664
46588,553.2801366,10.37899,0,0,0,0,0,0,0,0,0,0,95445.92,115665.234
46599,334.2353502,10.390249,0,0,0,0,0,0,0,0,124658.41,0,0,0
46607,531.1804945,10.402049,0,0,0,0,0,0,0,0,0,0,68022.8,74396.85
46614,579.2592123,10.408409,0,0,0,0,0,0,0,0,0,0,205748.17,145177.11
46617,515.2429691,10.412261,0,0,0,0,0,0,0,0,0,11915.891,323963.75,255651.73
46618,537.2251347,10.412261,0,0,0,0,0,0,0,0,0,19290.943,297139.28,261951.58
46619,299.09143,10.41388,0,0,0,0,0,0,29683.293,977941.4,0,0,36027.63,45458.87
46636,393.2611944,10.419881,0,0,0,0,0,0,0,29265.807,160581.14,0,0,4166.9478
46637,351.2141588,10.421734,0,0,0,0,0,0,0,11127.404,84813.7,0,0,0
46655,353.268665,10.427517,0,0,0,0,0,0,0,21719.053,129625.484,0,0,0
46659,679.4032124,10.430368,0,0,0,0,0,0,0,13057.9795,14547.796,106071,14986.621,47093.14
46660,219.174365,10.432357,0,0,0,0,0,0,0,0,0,0,618693.94,368597.88
46663,701.3853947,10.434023,0,0,0,0,0,0,0,0,7489.547,62402.367,8080.422,28024.064
46670,696.4298574,10.440004,0,0,0,0,0,0,0,15718.232,15301.871,129462.75,20132.453,56218.555
46677,539.2408886,10.444495,0,0,0,0,0,0,0,0,0,12418.901,172653.8,202609.1
46688,615.1784044,10.454611,0,0,0,0,0,0,0,0,0,0,72769.75,57313.93
46699,372.3108404,10.465905,0,0,0,0,0,0,0,39517.55,0,0,0,0
46710,390.2850745,10.475743,0,0,0,0,0,0,0,0,87846.53,0,0,0
46711,395.24042,10.475743,0,0,0,0,0,0,0,0,250378.42,0,0,0
46724,277.2162162,10.481344,0,0,0,0,0,0,66177.7,1013760.5,706540.4,13318.416,13516.595,16552.209
46727,723.4294676,10.485011,0,0,0,0,0,0,0,7018.8887,0,69615.54,10571.253,27351.883
46729,278.2195334,10.486991,0,0,0,0,0,0,0,0,126691.26,0,0,0
46730,305.2475379,10.486991,0,0,0,0,0,0,0,0,41941.832,0,0,0
46731,321.2424506,10.486991,0,0,0,0,0,0,0,0,67954.984,0,0,0
46737,740.455891,10.487954,0,0,0,0,0,0,0,14060.596,16942.064,130904.984,18864.752,55050.574
46746,745.411409,10.490701,0,0,0,0,0,0,0,0,5983.8486,52634.09,6731.813,20610.775
46751,339.1906996,10.494198,0,0,0,0,0,0,0,47000.49,28566.615,0,0,0
46752,515.2430271,10.495099,0,0,0,0,0,0,0,0,0,0,315674.34,249347.55
46753,571.2670847,10.495099,0,0,0,0,0,0,0,0,0,0,185003.52,201851.4
46755,339.2506528,10.495959,0,0,0,0,0,0,6673.8315,59181.59,20420.94,15164.312,8185.8413,10568.21
46770,224.2008394,10.503373,0,0,0,0,0,0,0,0,74330.67,0,6418.7217,6627.0073
46781,579.2015764,10.510697,0,0,0,0,0,0,0,0,0,22795.39,2259279.5,1984016.8
46785,555.2356833,10.511199,0,0,0,0,0,0,0,0,0,0,292758.8,217395.62
46789,601.1838109,10.511199,0,0,0,0,0,0,0,0,0,0,601247.44,594282.1
46810,364.3210299,10.52486,0,0,0,0,0,0,0,37374.83,33047.68,0,0,0
46815,784.4820204,10.535537,0,0,0,0,0,0,0,10025.198,10891.267,94417.914,13223.413,37609.91
46847,549.191171,10.562828,0,0,0,0,0,0,0,0,0,0,121634.83,126074.46
46848,571.1731705,10.562828,0,0,0,0,0,0,0,0,0,0,88873.305,91627.086
46850,200.2008622,10.562903,0,0,0,0,0,0,39848.215,50384.676,52694.1,49256.836,55045.8,54732.56
46851,414.7574916,10.564371,0,0,0,0,0,0,0,8081.903,7006.3247,71189.55,9097.06,27272.062
46869,269.1747398,10.58468,0,0,0,0,0,0,0,0,86850.56,0,0,0
46877,353.2686882,10.58468,0,0,0,0,0,0,0,0,103474.62,0,0,0
46881,425.2301009,10.58468,0,0,0,0,0,0,0,0,45736.496,0,0,0
46883,520.3399508,10.58468,0,0,0,0,0,0,0,0,63205.234,0,0,0
46886,409.2560717,10.587091,0,0,0,0,0,0,0,10183.854,355515.44,0,0,0
46890,219.1743635,10.5929985,0,0,0,0,0,0,0,0,0,0,565405.2,398791.88
46891,220.1776651,10.594795,0,0,0,0,0,0,0,0,0,0,90562.13,0
46895,436.7706464,10.596276,0,0,0,0,0,0,0,11745.118,12233.919,125039.375,13684.511,43460.48
46897,278.2195343,10.596765,0,0,0,0,0,0,0,0,54154.93,0,0,0
46902,380.2773189,10.596765,0,0,0,0,0,0,0,0,81217.34,0,0,0
46905,437.1934928,10.597405,0,0,0,0,0,0,15928.523,28898.523,33323.84,19723.742,32526.232,41031.69
46911,439.2482599,10.600038,0,0,0,0,0,0,0,0,0,43310.625,0,22014.303
46916,585.1679223,10.604441,0,0,0,0,0,0,0,0,0,0,195806.47,169225.58
46920,277.2162224,10.6053705,0,0,0,0,0,0,34627.61,557842.8,271116.6,0,0,0
46923,198.1488234,10.608698,0,0,0,0,0,0,0,0,40714.215,0,0,0
46928,297.1121852,10.610515,0,0,0,0,0,0,0,0,0,0,134401.28,150729.84
46931,623.2491305,10.613824,0,0,0,0,0,0,0,25858.307,0,0,0,0
46939,535.2102339,10.62248,0,0,0,0,0,0,0,0,0,0,100907.305,84944.21
46941,303.1567112,10.622873,0,0,0,0,0,0,0,0,0,14307.274,71242.734,50308.645
46943,458.7837801,10.62764,0,0,0,0,0,0,0,9505.488,10779.42,113901.47,11156.485,43440.887
46955,480.7968869,10.64251,0,0,0,0,0,0,0,6723.3403,6949.0703,81668.46,0,28407.162
46956,391.2455759,10.643791,0,0,0,0,0,0,0,18682.89,99391.41,0,4595.0474,6839.7446
46966,351.2529859,10.654173,0,0,0,0,0,0,0,14676.672,145248.47,0,0,0
46969,541.256617,10.6564,0,0,0,0,0,0,0,0,0,0,383035.06,357980.03
46970,579.2591729,10.6564,0,0,0,0,0,0,0,0,0,0,239783.34,166950.17
46971,555.2356416,10.656479,0,0,0,0,0,0,0,0,0,0,193919.22,156678.72
46981,533.2534354,10.661778,0,0,0,0,0,0,0,0,0,0,102103.055,75101.58
46992,502.8101698,10.664657,0,0,0,0,0,0,0,0,0,59591.277,7541.07,21421.428
46993,519.2735551,10.667353,0,0,0,0,0,0,0,0,0,0,223745.86,259587.88
47007,515.2429306,10.671599,0,0,0,0,0,0,0,0,0,0,0,86802.56
47015,353.2686813,10.672602,0,0,0,0,0,0,0,13123.953,122406.3,0,0,0
47041,571.1729678,10.676341,0,0,0,0,0,0,0,0,0,25999.418,3740556,3858499.5
47046,552.1998857,10.678545,0,0,0,0,0,0,0,0,0,0,122114.43,122122.664
47047,587.1470484,10.678545,0,0,0,0,0,0,0,0,0,0,249560.98,260911.58
47065,1119.356739,10.678787,0,0,0,0,0,0,0,0,0,0,557841.94,593896.3
47066,409.2560555,10.6791,0,0,0,0,0,0,0,7755.9556,323429.22,0,0,0
47069,269.1747595,10.681555,0,0,0,0,0,0,0,0,191234.84,0,0,0
47071,321.1673154,10.681555,0,0,0,0,0,0,0,0,86219,0,0,0
47074,425.2300803,10.681555,0,0,0,0,0,0,0,0,40116.598,0,0,0
47097,1097.374833,10.684201,0,0,0,0,0,0,0,0,0,0,50774.74,44082.348
47099,549.1909757,10.684276,0,0,0,0,0,0,0,0,0,134557.39,1.15E+07,1.13E+07
47120,573.2825674,10.690194,0,0,0,0,0,0,0,0,0,0,107294.625,95275.195
47128,598.4527971,10.694524,0,0,0,0,0,0,251197.47,282082.38,288360.38,296316.66,293435.12,294727.72
47180,391.2455742,10.747232,0,0,0,0,0,0,0,23346.623,107412.445,0,0,0
47196,865.3431545,10.759668,0,0,0,0,0,0,0,0,0,0,123201.805,98790.164
47197,351.2530158,10.759973,0,0,0,0,0,0,0,22696.516,172866.2,0,0,0
47206,229.1434163,10.767456,0,0,0,0,0,0,0,0,159639.2,0,0,0
47222,545.1838952,10.77681,0,0,0,0,0,0,0,36495.773,0,0,0,0
47229,277.1798753,10.778166,0,0,0,0,0,0,0,6691.8315,216998.55,0,0,0
47230,529.2098986,10.778166,0,0,0,0,0,0,0,330789.84,35908.445,0,0,0
47238,353.2686662,10.779522,0,0,0,0,0,0,0,0,198889.33,0,0,0
47243,478.2928832,10.779522,0,0,0,0,0,0,0,0,125508.18,0,0,0
47246,308.222026,10.780769,0,0,0,0,0,0,7760.4565,47049.258,0,0,0,0
47252,409.2560418,10.783527,0,0,0,0,0,0,0,18056.404,882219.2,0,0,0
47254,507.2278289,10.784237,0,0,0,0,0,0,0,168690.98,16239.832,0,0,0
47256,265.1798261,10.786671,0,0,0,0,0,0,0,0,0,191942,3948136.2,2522874.5
47264,288.1651309,10.788578,0,0,0,0,0,0,0,0,0,0,84619.29,0
47269,285.146161,10.790166,0,0,0,0,0,0,0,0,0,77627.82,855933.94,727643.3
47278,363.2142859,10.790244,0,0,0,0,0,0,0,0,215923.45,0,0,0
47279,380.2772071,10.790244,0,0,0,0,0,0,0,0,107272.27,0,0,0
47282,263.1642495,10.793087,0,0,0,0,0,0,0,0,0,0,195562.44,163500.95
47288,280.1907714,10.797532,0,0,0,0,0,0,0,0,0,9076.251,184972.4,146380.25
47293,579.2016523,10.798439,0,0,0,0,0,0,0,0,0,0,192272.94,173022.44
47303,235.1692175,10.801857,0,0,0,0,0,0,0,0,58073.8,0,0,0
47308,425.2300661,10.801857,0,0,0,0,0,0,0,0,127621.01,0,0,0
47312,601.1836941,10.804241,0,0,0,0,0,0,0,0,0,0,69567.086,67908.36
47320,267.1015968,10.809721,0,0,0,0,0,0,0,0,0,0,575019.75,411642.2
47321,268.1047894,10.809721,0,0,0,0,0,0,0,0,0,0,100649.15,74402.26
47327,537.3795843,10.814695,0,0,0,0,0,0,0,0,0,32163.285,0,7191.881
47329,185.1324446,10.815576,0,0,0,0,0,0,0,0,10442.067,0,106329.5,94467.195
47330,203.1794148,10.818742,0,0,0,0,0,0,0,0,10938.862,0,394154.88,277702.8
47339,362.2537998,10.8263035,0,0,0,0,0,0,0,0,139162.28,0,0,0
47362,367.2091016,10.837609,0,0,0,0,0,0,0,0,120287.33,0,0,0
47366,441.2612139,10.837609,0,0,0,0,0,0,0,0,376622.78,0,0,0
47368,542.3218603,10.837609,0,0,0,0,0,0,0,0,91209.89,0,0,0
47371,515.3663281,10.837652,0,0,0,0,0,0,6155.424,0,5817.2773,49721.133,6487.8667,13302.719
47373,520.340108,10.840421,0,0,0,0,0,0,0,7496.249,572541.3,0,0,19515.186
47377,773.4626289,10.844694,0,0,0,0,0,0,0,0,0,0,373392.06,366627.84
47393,795.4445742,10.850872,0,0,0,0,0,0,0,0,0,0,65264.52,63639.863
47398,547.2693732,10.856348,0,0,0,0,0,0,0,0,0,0,147713.08,142834.92
47399,569.2512904,10.856348,0,0,0,0,0,0,0,0,0,0,153503.89,159663.17
47406,493.3532923,10.858574,0,0,0,0,0,0,0,0,0,65867.67,0,0
47418,278.2195252,10.859492,0,0,0,0,0,0,0,0,147688.06,0,0,0
47432,277.2162102,10.86195,0,0,0,0,0,0,0,109155.19,820012.6,0,0,0
47433,315.1931125,10.86195,0,0,0,0,0,0,0,97546.18,200459.77,0,0,0
47462,365.2662502,10.871038,0,0,0,0,0,0,0,0,66893.36,0,0,0
47475,235.1692024,10.873825,0,0,0,0,0,0,0,27738.262,136991.72,0,0,0
47477,275.2005662,10.873825,0,0,0,0,0,0,0,198521.95,996416,0,0,0
47478,543.2721831,10.8740225,0,0,0,0,0,0,0,0,0,0,156553.77,136813.02
47483,462.826885,10.881322,0,0,0,0,0,0,0,0,0,32616.143,0,8848.57
47501,471.3398715,10.887774,0,0,0,0,0,0,15087.543,8010.383,12637.721,125640.914,15057.863,30505.543
47503,219.1743079,10.891418,0,0,0,0,0,0,0,69312.03,86032.02,0,7813544.5,3802079.5
47511,487.3053952,10.894335,0,0,0,0,0,0,0,0,55015.844,0,0,0
47512,509.2874206,10.894335,0,0,0,0,0,0,0,0,105073.01,0,0,0
47513,135.1167948,10.89667,0,0,0,0,0,0,0,0,19124.164,0,97962.19,39827.71
47516,573.2483329,10.902575,0,0,0,0,0,0,0,44406.863,0,0,0,0
47518,631.2516861,10.902575,0,0,0,0,0,0,0,42205.062,0,0,0,0
47522,351.2529841,10.903917,0,0,0,0,0,0,0,7529.585,49872.633,0,0,0
47523,515.2429201,10.904486,0,0,0,0,0,0,0,0,0,0,332247.44,0
47530,293.211204,10.906804,0,0,0,0,0,0,0,126733.07,592416.25,9258.51,10619.485,10081.092
47531,440.8136441,10.909012,0,0,0,0,0,0,0,0,0,61868.164,7738.627,16005.37
47536,591.2590162,10.914481,0,0,0,0,0,0,0,68100.16,0,0,0,0
47550,451.8047073,10.917233,0,0,0,0,0,0,0,0,0,41450.32,4334.6836,9978.782
47552,449.3269946,10.918211,0,0,0,0,0,0,19140.836,12401.074,0,174806.06,22698.6,43189.555
47553,391.2455188,10.919258,0,0,0,0,0,0,0,12946.0205,150460.5,0,0,5012.576
47560,191.179438,10.920889,0,0,0,0,0,0,0,0,0,0,624104.2,297322.12
47573,555.2357788,10.927334,0,0,0,0,0,0,0,0,0,0,132333.67,101671.13
47592,532.34818,10.930985,0,0,0,0,0,0,0,0,62539.836,0,0,0
47599,547.2693062,10.938915,0,0,0,0,0,0,0,0,0,0,106061.516,93875.96
47605,533.253531,10.939813,0,0,0,0,0,0,0,0,0,0,86581.4,0
47610,836.5942523,10.940963,0,0,0,0,0,0,0,0,0,56853.46,0,12818.347
47611,418.8005622,10.942905,0,0,0,0,0,0,12191.42,6767.0356,9488.634,109846.266,15002.074,28129.129
47612,429.7914955,10.943363,0,0,0,0,0,0,5062.9277,0,0,55039.113,5697.4946,12872.764
47620,537.3036006,10.943494,0,0,0,0,0,0,0,0,90217.97,0,0,0
47624,427.3137809,10.944739,0,0,0,0,0,0,20902.234,11462.611,19094.387,199671.58,22638.867,50559.047
47647,549.1910707,10.971414,0,0,0,0,0,0,0,0,0,10772.048,870181.8,899809.75
47648,550.1945352,10.97269,0,0,0,0,0,0,0,0,0,0,0,324588.16
47650,407.7783896,10.9731865,0,0,0,0,0,0,5562.1333,0,0,56191.41,6980.541,14639.801
47660,571.1730916,10.973269,0,0,0,0,0,0,0,0,0,0,339738,397418
47666,396.7874379,10.975024,0,0,0,0,0,0,14465.864,8456.493,14783.505,140512.97,17605.277,32733.637
47667,792.5680739,10.97503,0,0,0,0,0,0,17002.021,10037.985,19323.377,185225.77,24548.732,42583.027
47669,405.3007018,10.976945,0,0,0,0,0,0,13702.602,7642.836,12833.953,136194.33,16773.254,30820.305
47670,571.25387,10.978759,0,0,0,0,0,0,0,37434.688,0,0,0,0
47675,437.3414841,10.979542,0,0,0,0,0,0,0,0,0,0,217263.14,192584.77
47676,455.3521089,10.979542,0,0,0,0,0,0,0,0,0,0,177696.38,154372.36
47704,559.2094607,10.996618,0,0,0,0,0,0,0,0,0,0,122926.664,118399.43
47715,363.2506249,11.004319,0,0,0,0,0,0,0,8104.8403,77212.6,0,0,0
47717,748.5419706,11.007758,0,0,0,0,0,0,53806.543,30660.414,55673.074,504558.25,66819.17,121009.6
47718,753.4973262,11.010763,0,0,0,0,0,0,5160.093,0,4028.9963,48809.723,6824.094,12458.101
47724,279.2318247,11.018089,0,0,0,0,0,0,0,32789.734,58287.816,0,0,0
47730,237.1273846,11.022529,0,0,0,0,0,0,0,0,0,18651.375,799687.5,720628.8
47735,293.2111656,11.031572,0,0,0,0,0,0,0,48959.594,0,0,0,8261.949
47737,514.3163365,11.038167,0,0,0,0,0,0,0,0,0,10950.124,88642.21,85065.92
47738,709.4711994,11.040108,0,0,0,0,0,0,11284.187,6467.755,12330.694,114136.234,15014.511,26449.822
47745,704.5158456,11.042191,0,0,0,0,0,0,83636.06,49353.72,89692.3,802868.3,106848.336,188483.52
47750,517.2585523,11.043176,0,0,0,0,0,0,0,0,0,0,200841.98,309876.47
47760,315.193121,11.055029,0,0,0,0,0,0,0,53973.242,39453.18,0,0,0
47761,275.2005411,11.055132,0,0,0,0,0,0,0,64183.492,0,0,0,0
47770,660.4896323,11.072769,0,0,0,0,0,0,114841.84,70011.08,127293.59,1133349.9,151455.69,260007.39
47773,539.2406745,11.074044,0,0,0,0,0,0,0,0,0,9463.121,460318.66,398452.28
47774,665.4450794,11.074936,0,0,0,0,0,0,14966.061,7034.3325,17521.48,150644.34,18431.057,33128.07
47775,643.4630882,11.076029,0,0,0,0,0,0,6703.8257,0,7006.188,68629.984,8417.561,13436.012
47778,499.2480834,11.079031,0,0,0,0,0,0,0,0,0,0,90931.89,65355.03
47804,599.4368521,11.108204,0,0,0,0,0,0,8456.463,0,8257.79,87113.445,10336.136,17994.799
47806,616.4632849,11.109592,0,0,0,0,0,0,148159.34,87296.58,163163.95,1463931.8,201495.81,334868.53
47807,621.418679,11.111661,0,0,0,0,0,0,16967.918,9676.865,19497.893,172677.45,19563.773,41874.812
47811,336.2510082,11.117157,0,0,0,0,0,0,0,0,42575.37,0,0,0
47826,621.2333223,11.131444,0,0,0,0,0,0,0,42187.88,0,0,0,0
47827,640.5362555,11.131992,0,0,0,0,0,0,0,0,0,0,949653.4,952741.94
47834,391.2455914,11.142375,0,0,0,0,0,0,0,18692.902,73580.73,0,0,0
47839,572.436999,11.146317,0,0,0,0,0,0,180068.81,110116.336,214255.44,1855021.5,255562.23,419036.62
47841,279.2318693,11.148204,0,0,0,0,0,0,0,147868.33,361471.72,0,0,0
47842,555.4104177,11.14836,0,0,0,0,0,0,0,6486.612,0,108444.49,12520.118,24379.17
47850,280.2351668,11.153066,0,0,0,0,0,0,0,0,69851.63,0,0,0
47854,496.3399187,11.153066,0,0,0,0,0,0,0,0,83724.34,0,0,0
47859,577.3924608,11.154694,0,0,0,0,0,0,20025.018,11972.458,23008.861,196711.6,26066.705,49712.5
47866,569.2513232,11.157343,0,0,0,0,0,0,0,0,0,0,85036.875,126906.414
47887,423.1568822,11.176589,0,0,0,0,0,0,21628.53,31323.21,51568.94,27001.682,32710.197,37621.04
47889,407.1829137,11.178631,0,0,0,0,0,0,66734.24,90149.68,158393.62,78172.65,108710.04,117410.61
47890,529.4141381,11.180611,0,0,0,0,0,0,59486.58,0,0,0,0,0
47896,528.4107739,11.184142,0,0,0,0,0,0,212007.2,135914.11,268284,2256065.8,334687.1,528730.9
47897,511.384104,11.18438,0,0,0,0,0,0,10946.576,8004.8667,14516.181,135358.86,17297.379,31916.584
47899,533.3661563,11.186429,0,0,0,0,0,0,22116.693,15479.262,30570.5,234575.47,35037.918,57548.94
47901,362.2537458,11.188645,0,0,0,0,0,0,0,0,59769.668,0,0,0
47908,535.2691619,11.192736,0,0,0,0,0,0,0,0,0,0,171587.25,151194.11
47913,515.2429594,11.198655,0,0,0,0,0,0,0,0,0,0,330022,224204.1
47920,366.3366873,11.202795,0,0,0,0,0,0,0,77462.02,170143.8,0,0,0
47927,149.0960938,11.2106495,0,0,0,0,0,0,0,0,0,0,63776.6,27150.46
47928,219.1743366,11.2106495,0,0,0,0,0,0,0,0,0,0,3602559.2,1748481.9
47939,579.2932615,11.211748,0,0,0,0,0,0,0,0,122195.72,0,9699.237,0
47947,467.3578585,11.220176,0,0,0,0,0,0,14911.55,10578.874,19950.795,183135.52,24894.271,43517.89
47953,484.3844786,11.222247,0,0,0,0,0,0,212673.16,148562.84,294843.6,2399866.2,361081.97,582800.5
47954,489.3399042,11.22227,0,0,0,0,0,0,24276.695,17821.285,36577.992,266858.12,42929.45,67751.695
47956,539.240741,11.227801,0,0,0,0,0,0,0,0,0,0,129668.375,112989.92
47957,555.2355402,11.227801,0,0,0,0,0,0,0,0,0,0,191975.89,126870.42
47976,543.2722607,11.239667,0,0,0,0,0,0,0,0,0,0,198968.78,182545.8
47978,471.3094227,11.239893,0,0,0,0,0,0,0,0,56075.84,0,10630.386,0
47998,423.3317037,11.256494,0,0,0,0,0,0,28935.555,19255.924,37831.023,331639.28,45824.1,75339.836
47999,440.3581984,11.256494,0,0,0,0,0,0,186055.62,133976.47,256732.56,2043235.5,306749.1,483216.94
48002,445.3136461,11.258586,0,0,0,0,0,0,37492.867,26956.57,56127.938,429718.6,65854.22,104436.4
48019,203.1794245,11.269447,0,0,0,0,0,0,0,0,0,0,877870.5,395356.1
48021,402.3577803,11.272162,0,0,0,0,0,0,154815.86,171839.1,139530.88,155523.11,148724.67,168289.22
48033,640.5360837,11.281594,0,0,0,0,0,0,1068488.2,1019578.8,0,904845.25,0,0
48035,401.2874002,11.281793,0,0,0,0,0,0,59254.586,44916.848,84468.836,683160.25,101870.91,159609.84
48043,379.3054183,11.285447,0,0,0,0,0,0,72890.15,53442.69,119526.3,853897.3,128179.29,209011.75
48044,402.2907577,11.285539,0,0,0,0,0,0,0,0,0,139834.77,0,0
48047,396.3319687,11.287437,0,0,0,0,0,0,110847.81,84853.52,169172.73,1288897,195877.98,307715.94
48051,535.2691756,11.292072,0,0,0,0,0,0,0,0,0,0,281806.72,192839.75
48065,363.2506243,11.300198,0,0,0,0,0,0,0,7011.263,116923.12,0,0,0
48067,313.2349835,11.301126,0,0,0,0,0,0,55962.234,43609.133,70814.836,756458.1,113358.53,199372.5
48069,291.25302,11.303154,0,0,0,0,0,0,41588.617,39724.71,74922.76,563437.8,104425.336,164948.44
48080,280.235226,11.305458,0,0,0,0,0,0,0,391580.1,701429,0,0,0
48087,637.4420869,11.305458,0,0,0,0,0,0,0,14432.299,63271.25,0,0,0
48091,151.0964808,11.307076,0,0,0,0,0,0,7590.044,7136.061,12373.724,106007.98,16735.594,32903.938
48092,279.2318135,11.307624,0,0,0,0,0,0,63460.477,2044985.1,3682389.2,36642.727,54146.203,56011.973
48104,336.251025,11.30845,0,0,0,0,0,0,0,0,83663.04,0,0,0
48107,501.3188972,11.30845,0,0,0,0,0,0,0,0,57289.582,0,0,0
48108,269.2086431,11.309077,0,0,0,0,0,0,38445.203,19861.453,25772.852,362493.88,67735.09,119386.5
48110,352.3057867,11.309422,0,0,0,0,0,0,23403.947,19365.744,37586.258,282768.66,44292.54,69162.375
48111,335.2792939,11.311097,0,0,0,0,0,0,121512.04,107172.23,197919.44,1494005.2,238640.6,379974.4
48112,357.2612206,11.311114,0,0,0,0,0,0,50587.293,43717.87,80610.38,628335.4,97669.36,163549.5
48114,341.2063843,11.311428,0,0,0,0,0,0,0,135783.72,231524.22,0,0,0
48124,531.1805183,11.314701,0,0,0,0,0,0,0,0,0,0,187859.08,220550.39
48135,603.2226944,11.315868,0,0,0,0,0,0,0,228314.36,0,0,0,0
48146,407.2769456,11.320089,0,0,0,0,0,0,0,0,85242.71,0,0,0
48161,261.2212701,11.329997,0,0,0,0,0,0,0,73186.805,129931.93,0,0,0
48201,497.2324168,11.337643,0,0,0,0,0,0,0,0,0,0,104105.07,82753.61
48204,537.2253683,11.3394,0,0,0,0,0,0,0,0,0,7179.3765,264257.8,224237.22
48213,411.271732,11.345245,0,0,0,0,0,0,0,0,57521.45,0,0,0
48217,517.2584745,11.349492,0,0,0,0,0,0,0,0,0,0,203743.55,214986.61
48219,539.2409003,11.349492,0,0,0,0,0,0,0,0,0,0,175256.95,184326.25
48221,667.3117176,11.353691,0,0,0,0,0,0,0,79440.39,0,0,0,0
48223,231.1378894,11.35534,0,0,0,0,0,0,10573.315,117775.375,5524.2046,0,0,0
48224,513.2273061,11.355965,0,0,0,0,0,0,0,0,0,0,101784,117904.85
48233,529.2586874,11.362226,0,0,0,0,0,0,0,0,0,0,76999.85,80055.805
48234,547.1754489,11.362226,0,0,0,0,0,0,0,0,0,0,52913.074,51699.633
48239,656.494746,11.363579,0,0,0,0,0,0,208022.1,232278.92,233388.48,242085.36,231076.97,231211.45
48249,541.2567352,11.374954,0,0,0,0,0,0,0,0,0,0,181964.47,149467.58
48255,542.3901147,11.382362,0,0,0,0,0,0,0,0,0,45531.85,0,13439.045
48256,454.2929253,11.386299,0,0,0,0,0,0,0,0,240972.05,4926.203,0,0
48257,521.230204,11.386465,0,0,0,0,0,0,0,0,0,0,58941.812,53577.484
48259,557.2513408,11.392292,0,0,0,0,0,0,0,0,0,0,54114.957,36645.86
48261,451.3394851,11.393944,0,0,0,0,0,0,0,0,35606.723,0,0,0
48262,455.2963004,11.393944,0,0,0,0,0,0,0,0,55376.33,0,0,0
48266,499.248117,11.398629,0,0,0,0,0,0,0,0,0,0,76493.41,71705.69
48267,535.2692133,11.398629,0,0,0,0,0,0,0,0,0,0,484279.6,344094.4
48276,498.3637404,11.415381,0,0,0,0,0,0,6091.4546,7425.2095,7437.2705,78993.18,7499.675,25887.291
48283,771.4470232,11.4242,0,0,0,0,0,0,0,0,0,0,63290.234,84046.805
48291,485.2323018,11.437189,0,0,0,0,0,0,0,0,0,0,71589.1,65525.816
48292,507.2143947,11.437189,0,0,0,0,0,0,0,0,0,0,91660.2,81715.84
48306,518.3218336,11.44373,0,0,0,0,0,0,0,0,112219.63,0,0,0
48310,496.3397702,11.451915,0,0,0,0,0,0,0,19966.031,768397.25,0,6138.1494,9900.918
48316,539.2408084,11.459999,0,0,0,0,0,0,0,0,0,0,111840.91,0
48319,454.337738,11.464727,0,0,0,0,0,0,0,0,10624.88,115674.695,9159.383,34140.883
48329,504.2739983,11.486517,0,0,0,0,0,0,0,0,0,0,45211.223,32887.336
48334,605.2384027,11.491363,0,0,0,0,0,0,0,230566.19,0,0,0,0
48347,509.230152,11.492979,0,0,0,0,0,0,0,0,0,0,126840.1,105018.66
48349,411.2717744,11.495745,0,0,0,0,0,0,0,0,314461.28,0,0,6012.873
48367,410.3112376,11.503451,0,0,0,0,0,0,8475.579,8022.585,10236.014,90623.25,7547.8477,27343.295
48369,415.2666392,11.503532,0,0,0,0,0,0,0,0,0,40793.832,0,11758.811
48375,317.2087487,11.508911,0,0,0,0,0,0,0,24652.906,282915.16,0,0,0
48399,428.3733523,11.517548,0,0,0,0,0,0,15867.589,46671.99,13936.657,14564.471,14016.495,16256.31
48412,149.132517,11.523933,0,0,0,0,0,0,0,0,144196.11,0,0,0
48417,177.1273909,11.523933,0,0,0,0,0,0,0,0,72888.55,0,0,0
48434,269.068219,11.523933,0,0,0,0,0,0,0,0,60566.773,0,0,0
48437,278.2195748,11.523933,0,0,0,0,0,0,0,0,154596.44,0,0,0
48438,295.2268438,11.523933,0,0,0,0,0,0,0,0,314970.6,0,0,0
48442,335.2193913,11.523933,0,0,0,0,0,0,0,0,61769.664,0,0,0
48475,669.4317606,11.523933,0,0,0,0,0,0,0,0,296978.5,0,0,0
48489,277.2162363,11.52553,0,0,0,0,0,0,0,82142.055,877413.44,9350.494,0,6682.7954
48490,195.1379341,11.527121,0,0,0,0,0,0,0,16540.38,285957.53,0,0,0
48492,336.2534373,11.527121,0,0,0,0,0,0,0,6769.317,95193.836,0,0,0
48493,357.2012959,11.527121,0,0,0,0,0,0,0,10883.933,138238.75,0,0,0
48494,372.3472246,11.529914,0,0,0,0,0,0,44092.02,43918.508,39985,39271.426,43511.996,46749.27
48536,691.4136407,11.535109,0,0,0,0,0,0,0,0,55745.465,0,0,0
48552,371.2404761,11.554762,0,0,0,0,0,0,0,0,0,26834.986,0,8421.949
48572,362.2666322,11.57081,0,0,0,0,0,0,0,0,127006.12,0,0,0
48579,535.2692425,11.576716,0,0,0,0,0,0,0,0,0,0,0,273828.16
48580,488.3582021,11.577972,0,0,0,0,0,0,24801.55,24121.807,21432.643,18869.63,17800.479,17916.463
48587,555.2146276,11.580727,0,0,0,0,0,0,0,0,0,0,107347.305,73775.06
48589,773.4626709,11.580727,0,0,0,0,0,0,0,0,0,0,80139.98,75302.99
48595,349.2350194,11.582818,0,0,0,0,0,0,0,0,78348.06,0,0,0
48599,539.240695,11.585597,0,0,0,0,0,0,0,0,0,9627.875,673039.1,500537.88
48601,517.2584661,11.586727,0,0,0,0,0,0,0,0,0,0,133179.1,119241.51
48602,349.1798184,11.587149,0,0,0,0,0,0,0,0,0,0,115591.836,83619.57
48614,279.2318045,11.599713,0,0,0,0,0,0,26616.666,348120.94,3979706.5,0,24407.797,18527.389
48653,489.3575341,11.604905,0,0,0,0,0,0,0,0,110872.3,0,0,0
48663,640.5360882,11.604905,0,0,0,0,0,0,0,0,1093045.2,0,0,0
48667,691.4136089,11.604905,0,0,0,0,0,0,0,0,241815.06,0,0,0
48672,277.119093,11.605715,0,0,0,0,0,0,0,6560.408,79961.984,0,0,0
48678,195.137931,11.610914,0,0,0,0,0,0,0,23005.465,379285.78,0,0,0
48679,336.2534132,11.612055,0,0,0,0,0,0,0,20484.045,241422.72,0,0,0
48709,669.4317077,11.615303,0,0,0,0,0,0,0,0,462671.62,0,0,0
48722,653.3324566,11.619204,0,0,0,0,0,0,0,97389.59,0,0,0,0
48723,693.3248848,11.619204,0,0,0,0,0,0,0,58354.434,0,0,0,0
48735,335.2193493,11.625863,0,0,0,0,0,0,0,0,232302.05,0,0,0
48744,205.1950496,11.6265745,0,0,0,0,0,0,0,0,0,8603.379,499159.7,353550.5
48747,499.2480601,11.629396,0,0,0,0,0,0,0,0,0,0,319313.56,255387.55
48748,521.2300921,11.629396,0,0,0,0,0,0,0,0,0,0,72006.34,64470.99
48775,295.2268196,11.643212,0,0,0,0,0,0,16859.9,256003.92,2052446.2,6882.383,13283.1,12505.551
48793,349.234985,11.646654,0,0,0,0,0,0,0,0,112725.47,0,0,0
48807,339.1906847,11.649601,0,0,0,0,0,0,0,27497.02,295702.03,0,0,0
48808,179.1430078,11.649769,0,0,0,0,0,0,6544.5996,97236.3,357890.2,0,0,0
48809,333.1827069,11.650076,0,0,0,0,0,0,0,22868.584,129683.734,0,0,0
48813,317.2087472,11.650921,0,0,0,0,0,0,45171.47,561199.56,2207300.8,36799.945,27531.951,29432.39
48814,277.2162105,11.652443,0,0,0,0,0,0,51536.07,632261.56,3381486,30083.824,25834.355,28274.078
48816,545.2746622,11.653499,0,0,0,0,0,0,0,40590.105,0,0,0,0
48820,259.2056283,11.655701,0,0,0,0,0,0,0,19965.139,254559.42,0,0,0
48821,278.2195703,11.655701,0,0,0,0,0,0,0,120991.65,655756.94,0,0,0
48824,399.2505835,11.656853,0,0,0,0,0,0,47473.125,61653.156,102731.99,57019.695,76895.195,70473.3
48848,280.2352017,11.657902,0,0,0,0,0,0,0,0,761601.8,0,0,0
48864,379.2455112,11.657902,0,0,0,0,0,0,0,0,165627.8,0,0,0
48873,421.2925187,11.657902,0,0,0,0,0,0,0,0,156778.64,0,0,0
48882,573.4514627,11.657902,0,0,0,0,0,0,0,0,134794.02,0,0,0
48883,589.4464543,11.657902,0,0,0,0,0,0,0,0,129086.695,0,0,0
48889,651.4211512,11.657902,0,0,0,0,0,0,0,0,198172.34,0,0,0
48900,411.2717284,11.660723,0,0,0,0,0,0,0,0,525512.7,0,0,5565.41
48906,203.1794303,11.666483,0,0,0,0,0,0,0,0,0,0,523857.78,302777.12
48957,235.1692117,11.681638,0,0,0,0,0,0,0,10931.078,46793.395,0,2772761.2,1669043.8
48959,357.2013243,11.683572,0,0,0,0,0,0,0,36534.95,405760.22,0,0,0
48976,217.1587007,11.6932335,0,0,0,0,0,0,0,0,0,0,303128.62,0
48979,109.101088,11.694322,0,0,0,0,0,0,0,0,275550.56,0,142803.81,88241.03
48981,105.0697888,11.695577,0,0,0,0,0,0,0,0,28502.104,0,218471,129762.27
48982,149.1324792,11.696007,0,0,0,0,0,0,0,14376.244,203788.89,0,124124.71,88609.586
48990,423.2717646,11.702351,0,0,0,0,0,0,0,0,108859.53,0,0,0
49004,515.2429152,11.707486,0,0,0,0,0,0,0,0,0,0,128837.234,105291.22
49013,535.2692056,11.7132,0,0,0,0,0,0,0,0,0,0,828420.8,377611.56
49014,557.2512622,11.7132,0,0,0,0,0,0,0,0,0,0,150095.39,122431.35
49044,236.1725689,11.715946,0,0,0,0,0,0,0,0,0,0,445013.06,0
49047,189.1637685,11.718647,0,0,0,0,0,0,0,0,0,0,169132.03,102647.81
49073,651.4212758,11.726331,0,0,0,0,0,0,0,0,79970.56,0,0,0
49077,389.1936785,11.726806,0,0,0,0,0,0,0,152509.95,18132.244,0,0,0
49082,161.1324779,11.731796,0,0,0,0,0,0,0,10987.887,31171.479,0,693705.44,437781.6
49094,241.1950348,11.74403,0,0,0,0,0,0,0,24316.799,52329.88,0,0,0
49095,317.2087959,11.74403,0,0,0,0,0,0,0,190159.88,684471.75,0,0,0
49103,295.226857,11.749427,0,0,0,0,0,0,14597.327,309626.6,0,9868.521,13934.843,15186.561
49104,361.2349651,11.749941,0,0,0,0,0,0,0,6751.548,61229.484,0,0,0
49106,311.1642416,11.751261,0,0,0,0,0,0,0,81778.07,0,0,0,0
49115,277.2161964,11.754482,0,0,0,0,0,0,22912.633,448795.72,0,15547.174,17326.172,20091.066
49122,395.2404303,11.760115,0,0,0,0,0,0,0,0,86206.516,0,0,0
49129,577.27734,11.763407,0,0,0,0,0,0,0,41879.984,0,0,0,0
49145,543.2735978,11.773485,0,0,0,0,0,0,0,0,0,0,51377.54,42015.41
49160,342.3366964,11.786867,0,0,0,0,0,0,0,67779.95,163406.27,0,0,0
49170,534.3637996,11.796067,0,0,0,0,0,0,0,0,93998.16,0,0,0
49173,507.2506788,11.797934,0,0,0,0,0,0,0,0,0,0,54019.43,38235.438
49175,322.2741186,11.798542,0,0,0,0,0,0,0,33353.17,102179.21,0,0,0
49176,344.2560019,11.798542,0,0,0,0,0,0,0,18885.654,67953.87,0,0,0
49180,539.3192691,11.807201,0,0,0,0,0,0,0,0,126533.84,0,0,0
49182,522.3555563,11.809456,0,0,0,0,0,0,0,0,174598.77,0,21539.53,52171.938
49201,363.2506377,11.831173,0,0,0,0,0,0,0,0,62137.805,0,0,0
49228,543.272499,11.866992,0,0,0,0,0,0,0,0,0,0,67228.79,51914.93
49243,278.2195459,11.877569,0,0,0,0,0,0,0,97398.76,230106.5,0,0,0
49245,295.2268165,11.877875,0,0,0,0,0,0,10337.148,189891.33,448010.75,8148.4917,18615.896,17353.293
49246,535.2691862,11.878881,0,0,0,0,0,0,0,0,0,0,207673,175621.3
49247,771.4469676,11.878881,0,0,0,0,0,0,0,0,0,0,198687.62,208686.12
49260,317.2087476,11.879909,0,0,0,0,0,0,16555.014,339651.28,806604.75,14426.246,25915.084,21952.613
49261,277.2162081,11.880013,0,0,0,0,0,0,23877.785,520289.9,1199207.5,21702.115,24671.256,27384.244
49273,395.2903967,11.889351,0,0,0,0,0,0,0,17965.477,125656.24,0,0,0
49287,369.3839782,11.902665,0,0,0,0,0,0,112210.375,90615.49,93048.54,112216.6,95913.29,99772.37
49288,541.2566915,11.909723,0,0,0,0,0,0,0,0,0,0,149607.36,139520.47
49290,358.3680157,11.914996,0,0,0,0,0,0,44421.535,44315.035,65493.062,47417.95,47163.53,42666.27
49294,385.3788831,11.92147,0,0,0,0,0,0,42692.035,28482.148,24260.51,43625.75,30601.578,47501.113
49305,185.117174,11.927551,0,0,0,0,0,0,42539.344,44704.855,68440.48,43196.99,51386.402,50546.223
49306,281.172348,11.931491,0,0,0,0,0,0,610485.2,606797.4,860932.94,683576.44,693134.7,652683.94
49307,282.1756716,11.931491,0,0,0,0,0,0,79743.5,82182.44,110260.31,99858.8,87284.67,89019.64
49315,440.4098656,11.943883,0,0,0,0,0,0,72754.125,94730.13,87108.46,23883.57,63627.555,49250.86
49322,591.2584506,11.949541,0,0,0,0,0,0,0,84479.52,0,0,0,0
49324,279.2318453,11.951606,0,0,0,0,0,0,0,0,129315.086,0,0,0
49329,437.28739,11.951606,0,0,0,0,0,0,0,0,160001.27,0,0,0
49333,539.2408354,11.95344,0,0,0,0,0,0,0,0,0,0,147144.12,141519.12
49367,655.3480191,12.0007305,0,0,0,0,0,0,0,49157.78,0,0,0,0
49372,714.5365879,12.002632,0,0,0,0,0,0,156350.2,176671.92,173695.58,171751.53,171370.9,174414.94
49376,583.1521707,12.009739,0,0,0,0,0,0,0,0,0,0,47273.4,47295.688
49398,541.2565957,12.047857,0,0,0,0,0,0,0,0,0,0,86411.22,83854.14
49400,667.3115945,12.050896,0,0,0,0,0,0,0,96480.07,0,0,0,0
49435,595.2856507,12.0846815,0,0,0,0,0,0,0,0,93843.61,0,0,0
49436,205.1950319,12.085011,0,0,0,0,0,0,0,0,0,0,60488.34,55894.043
49439,535.2692089,12.085011,0,0,0,0,0,0,0,0,0,0,143821.45,127081.875
49445,536.272567,12.086016,0,0,0,0,0,0,0,0,0,0,53198.336,0
49447,249.2212452,12.086142,0,0,0,0,0,0,0,16638.965,41240.527,0,0,0
49449,600.4683862,12.086451,0,0,0,0,0,0,28516.672,0,30664.719,179013.78,51278.152,49120.297
49455,555.2930129,12.09178,0,0,0,0,0,0,0,18188.531,245009.02,0,0,0
49458,278.2195557,12.092028,0,0,0,0,0,0,0,105845.38,254493.66,0,0,0
49459,295.2268349,12.095197,0,0,0,0,0,0,13254.806,244856.97,583111.44,0,12623.374,13269.446
49475,241.1950145,12.097666,0,0,0,0,0,0,0,18154.121,41145.137,0,0,0
49480,317.2087384,12.09819,0,0,0,0,0,0,14814.933,385567.06,1042781.8,12088.09,18856.703,19055.934
49481,277.2162116,12.098256,0,0,0,0,0,0,23137.027,561772.94,1364506.9,19412.89,22322.805,23797.186
49487,655.3481646,12.098877,0,0,0,0,0,0,0,83486.734,0,0,0,0
49488,695.340602,12.098877,0,0,0,0,0,0,0,52129.957,0,0,0,0
49489,320.2560237,12.104446,0,0,0,0,0,0,21279.553,35593.527,37842.496,29680.934,32995.535,42834.95
49490,556.4420308,12.104435,0,0,0,0,0,0,32121.094,16151.466,45428.953,274728.16,69459.52,76534.695
49498,301.1410618,12.112034,0,0,0,0,0,0,40141.082,0,0,54193.484,0,0
49507,385.2019909,12.123005,0,0,0,0,0,0,89245.06,96762.15,190724.78,82729.234,90993.38,87424.695
49508,363.2200727,12.124981,0,0,0,0,0,0,348471.62,393692.56,720335.9,331355.6,357460.5,335828.16
49510,364.2235077,12.128491,0,0,0,0,0,0,0,0,0,60985.457,66373.47,62258.28
49521,409.2947261,12.143169,0,0,0,0,0,0,0,0,56449.082,0,0,0
49522,427.305397,12.143169,0,0,0,0,0,0,0,0,136209.44,0,0,0
49534,467.2980497,12.155473,0,0,0,0,0,0,0,0,132253.39,0,0,0
49551,339.2083506,12.176735,0,0,0,0,0,0,33492.535,46114.06,38930.11,37305.758,49267.723,36802.832
49559,253.1222947,12.184758,0,0,0,0,0,0,0,0,0,0,202298.06,171420.83
49562,609.2695698,12.18544,0,0,0,0,0,0,0,329900.97,0,0,0,0
49564,631.2516896,12.18544,0,0,0,0,0,0,0,106827.16,0,0,0,0
49566,386.2666096,12.189178,0,0,0,0,0,0,0,12843.479,31946.004,0,0,0
49571,512.4157616,12.192749,0,0,0,0,0,0,49510.055,34179.785,61682.47,408061.9,108630.61,111907.195
49575,364.2846004,12.195371,0,0,0,0,0,0,0,45367.598,89361.37,0,0,0
49576,205.1950072,12.195913,0,0,0,0,0,0,0,0,0,0,75754.375,33591.86
49581,468.3895071,12.205234,0,0,0,0,0,0,56661.914,43164.527,80850.18,517407.72,135928.4,138120.97
49583,302.1443735,12.209962,0,0,0,0,0,0,0,50088.715,0,0,0,0
49586,149.023341,12.212972,0,0,0,0,0,0,162726.38,181217.14,191007.66,281968.66,201336.66,193881.25
49587,301.1410768,12.212972,0,0,0,0,0,0,214805.7,290719.25,316299,414348.2,295610.28,283635.1
49589,420.2533952,12.213832,0,0,0,0,0,0,0,0,0,0,86835.086,106749.96
49593,383.2040981,12.217092,0,0,0,0,0,0,197479.84,247370.23,317233.06,193070.55,297375.25,315051.9
49600,499.248061,12.219799,0,0,0,0,0,0,0,0,0,0,35568.375,36649.812
49601,535.2692285,12.219799,0,0,0,0,0,0,0,0,0,0,284529.75,248021.48
49602,539.2407517,12.219799,0,0,0,0,0,0,0,0,0,0,240595.03,180049.88
49622,295.2268151,12.243253,0,0,0,0,0,0,0,0,58090.254,0,21447.816,13524.601
49632,247.2419696,12.253772,0,0,0,0,0,0,0,0,45985.51,0,0,0
49633,265.252587,12.253772,0,0,0,0,0,0,0,0,136657.34,0,0,0
49635,283.2631725,12.253772,0,0,0,0,0,0,0,0,93143.91,0,0,0
49643,424.3632949,12.259221,0,0,0,0,0,0,56122.906,27659.69,78015.21,518499.75,145896.27,145863.56
49645,403.175108,12.260285,0,0,0,0,0,0,0,49566.59,0,0,0,0
49654,341.2662358,12.271113,0,0,0,0,0,0,52151.75,40920.824,69796.6,494252.06,160972.45,164748.95
49656,363.2506682,12.275669,0,0,0,0,0,0,0,8875.832,217081.62,0,0,0
49659,241.1797841,12.278034,0,0,0,0,0,0,0,0,48283.29,0,0,0
49668,385.2925066,12.283759,0,0,0,0,0,0,32725.07,9274.156,53566.47,348907.78,105065.65,57710.33
49674,407.336773,12.289113,0,0,0,0,0,0,0,0,23517.23,210800.81,49154.953,49182.895
49675,540.4260862,12.290248,0,0,0,0,0,0,52710.016,54930.363,61483.793,40450.273,51710.703,45624.176
49680,596.5099059,12.292048,0,0,0,0,0,0,1128885.8,1076074,1104687.2,1166046.9,921600,994204.06
49681,429.3186911,12.294368,0,0,0,0,0,0,15973.711,22003.213,40141.99,264399.66,74550.61,76565.48
49692,380.3370684,12.306313,0,0,0,0,0,0,0,0,39660.895,257255.16,73707.57,76621.56
49707,363.3105684,12.325535,0,0,0,0,0,0,68646.38,61277.67,107684.44,695633.06,199744.58,202085.12
49708,297.2403397,12.326391,0,0,0,0,0,0,68407.16,0,78562.88,342429.16,181587.69,180882.75
49713,277.2162482,12.329667,0,0,0,0,0,0,0,0,75446.234,0,7634.2666,0
49715,619.3256565,12.331486,0,0,0,0,0,0,0,11217.117,87372.086,0,0,0
49716,319.2843015,12.33196,0,0,0,0,0,0,42929.285,39604.26,65808.016,413654.22,140868.28,139710.22
49724,556.4420444,12.342012,0,0,0,0,0,0,0,10966.217,14908.488,87868.25,20670.62,19669.27
49734,265.179835,12.359254,0,0,0,0,0,0,0,0,0,0,96341.61,63972.234
49738,591.2590802,12.360199,0,0,0,0,0,0,0,341118.8,0,0,0,0
49739,613.2411068,12.360199,0,0,0,0,0,0,0,206745.89,0,0,0,0
49740,629.2151036,12.360199,0,0,0,0,0,0,0,197507.06,0,0,0,0
49750,389.1959414,12.372922,0,0,0,0,0,0,0,273873.47,0,0,0,0
49757,311.1642412,12.384447,0,0,0,0,0,0,0,246539.33,0,0,0,0
49758,329.1747736,12.384447,0,0,0,0,0,0,0,41474.15,0,0,0,0
49759,371.1852984,12.384447,0,0,0,0,0,0,0,63961.324,0,0,0,0
49760,539.300488,12.384447,0,0,0,0,0,0,0,90919.44,0,0,0,0
49761,579.293027,12.384447,0,0,0,0,0,0,0,58700.117,0,0,0,0
49768,521.2301039,12.396077,0,0,0,0,0,0,0,0,0,0,27222.81,0
49769,499.2480732,12.397301,0,0,0,0,0,0,0,0,0,0,73403.516,64610.766
49774,597.3423883,12.4033165,0,0,0,0,0,0,0,0,40716.984,0,0,0
49800,589.3138016,12.427144,0,0,0,0,0,0,0,0,44088.418,0,0,0
49803,363.2506767,12.43129,0,0,0,0,0,0,0,10666.625,392003.03,0,0,0
49806,365.2662789,12.433055,0,0,0,0,0,0,25216.473,64697.785,15542.202,0,0,0
49822,338.2690959,12.439062,0,0,0,0,0,0,0,0,71021.53,0,0,0
49824,359.2169529,12.439062,0,0,0,0,0,0,0,0,90074.81,0,0,0
49847,391.2819528,12.451165,0,0,0,0,0,0,0,0,113665.97,0,0,0
49853,512.4157968,12.452925,0,0,0,0,0,0,15307.498,0,17349.906,123958.984,27366.299,37076.973
49863,279.2318271,12.462461,0,0,0,0,0,0,0,83933.914,229474.81,16907.543,52807.875,47686.51
49875,343.153995,12.485719,0,0,0,0,0,0,0,29358.889,0,0,0,0
49878,585.2696539,12.485719,0,0,0,0,0,0,0,119090.17,0,0,0,0
49881,653.33239,12.485719,0,0,0,0,0,0,0,41480.523,0,0,0,0
49884,499.248105,12.485891,0,0,0,0,0,0,0,0,0,0,217300.5,168293.81
49885,385.3060679,12.487102,0,0,0,0,0,0,0,63651.4,28410.959,0,0,0
49889,514.3766576,12.489606,0,0,0,0,0,0,23179.129,5138.8623,34823.883,180481.64,38740.695,36199.062
49895,521.2301217,12.491955,0,0,0,0,0,0,0,0,0,0,277887.44,258250.5
49901,403.1751166,12.498605,0,0,0,0,0,0,0,67735.086,0,0,0,0
49903,593.2724649,12.498605,0,0,0,0,0,0,0,57179.754,0,0,0,0
49910,771.4469122,12.504057,0,0,0,0,0,0,0,0,0,0,55989.69,54694.125
49913,483.2531715,12.509781,0,0,0,0,0,0,0,0,0,0,103918.98,96212.45
49914,555.2719757,12.509781,0,0,0,0,0,0,0,0,0,0,48026.305,46868.133
49915,468.3894626,12.510216,0,0,0,0,0,0,19146.945,10685.549,26566.62,159528.16,41663.47,49468.203
49919,535.2692626,12.515862,0,0,0,0,0,0,0,0,0,0,128134.2,121813.414
49924,228.2321199,12.525088,0,0,0,0,0,0,52074.824,51535.062,66672.13,41182.82,50264.32,51981.67
49929,507.2507949,12.528799,0,0,0,0,0,0,0,0,0,0,51346.734,45995.82
49933,295.2267859,12.532692,0,0,0,0,0,0,0,0,81575.09,0,48876.53,33556.176
49939,305.2475357,12.539756,0,0,0,0,0,0,0,0,58919.816,0,0,0
49957,492.3636035,12.5590925,0,0,0,0,0,0,24242.361,30615.23,39567.055,200814.16,56568.336,88179.664
49965,350.2689721,12.563494,0,0,0,0,0,0,0,19093.482,32116.018,0,0,0
49966,395.2768212,12.566435,0,0,0,0,0,0,0,0,0,0,30870.02,52380.21
49970,424.3632779,12.568465,0,0,0,0,0,0,12869.794,0,24757.287,152566.58,44318.914,45338.04
49972,557.2512139,12.572651,0,0,0,0,0,0,0,0,0,0,30390.305,21808.973
49976,555.2719733,12.575038,0,0,0,0,0,0,0,0,0,0,0,46623.094
49980,305.1723667,12.576461,0,0,0,0,0,0,0,67689.11,44839.06,0,0,0
49984,580.4161578,12.578784,0,0,0,0,0,0,0,0,7198.9346,142375.75,30974.398,50406.84
49986,333.1849943,12.578989,0,0,0,0,0,0,0,0,0,0,32188.248,27815.62
49987,483.2531648,12.578989,0,0,0,0,0,0,0,0,0,0,113901.35,96898.63
50001,510.3637788,12.589182,0,0,0,0,0,0,0,0,106921,0,0,0
50011,371.2904768,12.601408,0,0,0,0,0,0,0,50618.285,106435.07,0,0,0
50018,338.2691088,12.601835,0,0,0,0,0,0,0,0,114650.05,0,0,0
50029,515.3192747,12.601835,0,0,0,0,0,0,0,0,215246.22,0,0,0
50038,470.3503955,12.605817,0,0,0,0,0,0,36726.707,25706.748,48663.42,282686.06,56638.65,109179.125
50049,319.2244398,12.614036,0,0,0,0,0,0,0,0,147271.62,0,0,0
50057,545.3087716,12.614036,0,0,0,0,0,0,0,0,153466.39,0,0,0
50059,363.310596,12.615939,0,0,0,0,0,0,18680.992,15982.949,30101.436,208888.27,63655.63,56633.094
50068,183.1379264,12.62383,0,0,0,0,0,0,0,9576.216,66330.836,6912.573,19745.271,19692.865
50071,505.3160492,12.624673,0,0,0,0,0,0,0,0,75548.37,0,0,0
50073,558.4029512,12.626261,0,0,0,0,0,0,0,18760.81,36149.65,169646.53,44028.953,73038.49
50074,297.2408443,12.626821,0,0,0,0,0,0,12370.219,39052.49,219061.86,90357.01,42064.188,50179.71
50075,341.266211,12.626911,0,0,0,0,0,0,12694.912,0,23468.691,150881.39,35814.258,46097.195
50076,772.5782963,12.628697,0,0,0,0,0,0,106568.29,122852.9,119504.75,122733.68,125200.43,119989.05
50082,535.2692728,12.636203,0,0,0,0,0,0,0,0,0,0,149248.28,169921.08
50084,609.269666,12.63939,0,0,0,0,0,0,0,189922.22,0,0,0,0
50085,631.251699,12.63939,0,0,0,0,0,0,0,46882.52,0,0,0,0
50102,533.1937142,12.655272,0,0,0,0,0,0,0,0,0,0,44305.516,48496.004
50103,307.2631999,12.656617,0,0,0,0,0,0,0,19106.701,890775.25,0,0,0
50110,369.2375863,12.661554,0,0,0,0,0,0,0,0,61290.168,0,0,0
50113,407.2768308,12.661554,0,0,0,0,0,0,0,0,196329.97,0,0,0
50118,448.337323,12.664337,0,0,0,0,0,0,35629.004,28506.66,55285.8,317812.34,92148.79,112343.63
50124,536.3899186,12.672776,0,0,0,0,0,0,22257,23241.35,47264.582,252651.5,68376.29,97304.31
50142,319.2243855,12.688484,0,0,0,0,0,0,0,45877.82,154142.34,20926.434,65930.08,63078.93
50146,279.231828,12.690898,0,0,0,0,0,0,0,78547.79,354274.5,26667.422,76906.54,74139.84
50147,312.3625291,12.691418,0,0,0,0,0,0,73598.81,76576.37,78010.18,80688.15,86324.18,81896.914
50163,363.2506239,12.713394,0,0,0,0,0,0,0,11560.994,94764.4,0,0,0
50171,513.2636685,12.718342,0,0,0,0,0,0,0,0,0,0,57303.453,62578.17
50172,400.3785049,12.719981,0,0,0,0,0,0,69119.26,70398.54,65673.49,71455.16,68257.484,79756.79
50173,514.3766894,12.720226,0,0,0,0,0,0,26925.037,33463.395,61636.965,321732.1,99170.875,125704.37
50182,587.2853242,12.727695,0,0,0,0,0,0,0,38360.15,0,0,0,0
50213,299.258097,12.760793,0,0,0,0,0,0,0,0,48203.664,0,0,0
50219,482.2901215,12.762173,0,0,0,0,0,0,0,0,0,0,93340.57,90579.36
50220,487.2457259,12.762173,0,0,0,0,0,0,0,0,0,0,76222.24,81255.73
50228,790.5888685,12.775777,0,0,0,0,0,0,74577.94,58869.223,119048.92,547152.7,170387.86,204174.2
50232,492.363623,12.778435,0,0,0,0,0,0,36402.426,39769.684,80006.09,419696.06,118662.305,162378.06
50233,515.2429624,12.780652,0,0,0,0,0,0,0,0,0,0,54647.57,49132.266
50239,591.2590454,12.790953,0,0,0,0,0,0,0,550480.5,0,0,0,0
50240,613.2410708,12.790953,0,0,0,0,0,0,0,123669.53,0,0,0,0
50241,614.2443691,12.790953,0,0,0,0,0,0,0,44204.562,0,0,0,0
50261,324.2897636,12.819638,0,0,0,0,0,0,0,117637.2,823826.1,0,0,0
50262,346.2717069,12.819638,0,0,0,0,0,0,0,45902.484,320712.97,0,0,0
50265,523.3266108,12.822591,0,0,0,0,0,0,0,0,106116.58,0,0,0
50276,382.295203,12.831829,0,0,0,0,0,0,0,17642.635,88105.02,0,0,0
50278,505.3161338,12.834741,0,0,0,0,0,0,0,0,272829.88,0,0,0
50279,545.3087123,12.834741,0,0,0,0,0,0,0,0,553251.9,0,0,0
50281,470.3504125,12.837631,0,0,0,0,0,0,22478.602,48232.23,107129.29,505934.38,146528.62,190857.08
50282,746.5627643,12.839093,0,0,0,0,0,0,103571.016,103215.64,179905.34,855516,297689.84,307710.97
50322,448.3373491,12.886449,0,0,0,0,0,0,53340.4,46250.74,93987.62,468658.12,165253.78,176010.06
50327,513.2636919,12.892694,0,0,0,0,0,0,0,0,0,0,126703.84,142179.45
50333,385.232612,12.893362,0,0,0,0,0,0,0,0,154736.2,0,0,0
50336,439.3030352,12.893362,0,0,0,0,0,0,0,0,63673.562,0,0,0
50341,702.5365868,12.89597,0,0,0,0,0,0,145874.69,131124.52,249225.3,1233442.4,400556.94,438081.78
50342,553.2563708,12.897983,0,0,0,0,0,0,0,0,0,0,69953.37,83263.516
50346,555.2720577,12.904138,0,0,0,0,0,0,0,0,0,0,122054.22,110975.27
50374,483.2531034,12.909912,0,0,0,0,0,0,0,0,0,0,125628.734,110801.2
50375,307.2631786,12.91104,0,0,0,0,0,0,0,12301.767,885483.56,0,0,0
50388,305.2475854,12.916851,0,0,0,0,0,0,0,0,660110.6,0,0,0
50389,306.2508913,12.916851,0,0,0,0,0,0,0,0,137354.98,0,0,0
50391,323.2581691,12.916851,0,0,0,0,0,0,0,0,540221.7,0,0,0
50401,725.4943001,12.916851,0,0,0,0,0,0,0,0,88966.61,0,0,0
50422,223.1692437,12.928655,0,0,0,0,0,0,0,0,260408.53,0,0,0
50426,324.2614937,12.928655,0,0,0,0,0,0,0,0,110923.87,0,0,0
50427,345.2400723,12.928655,0,0,0,0,0,0,0,0,102780.84,0,0,0
50451,834.6150243,12.943793,0,0,0,0,0,0,26884.578,33863.85,73413.92,357806.3,120214.836,137354.31
50453,644.4945367,12.94564,0,0,0,0,0,0,33321.83,43581.742,47627.04,130606.24,57694.28,67383.85
50486,658.5103687,12.967412,0,0,0,0,0,0,196937.34,184374.34,345218.34,1708437.4,572865.7,613422.06
50489,552.4836173,12.969352,0,0,0,0,0,0,894888.1,870846.56,881714.75,992190.56,884949.5,940399.1
50506,403.305428,12.976847,0,0,0,0,0,0,0,0,171440.42,0,0,0
50510,443.2980142,12.976847,0,0,0,0,0,0,0,0,175242.66,0,0,0
50532,790.5888732,13.001388,0,0,0,0,0,0,64647.945,88909.336,157147.64,755641.3,293713.53,335806.62
50545,600.4683872,13.009347,0,0,0,0,0,0,45819.18,52857.844,65089.33,197470.7,83230.19,96809.555
50569,614.4840385,13.028152,0,0,0,0,0,0,258385.08,243058.69,463148,2403366.8,789562.44,785887.6
50592,514.3766526,13.047273,0,0,0,0,0,0,19556.547,23223.895,34852.375,143731.17,39375.42,60382.73
50613,746.5627334,13.066623,0,0,0,0,0,0,97585.43,116000.23,227678.28,1249245.5,366994.38,441310.94
50618,468.4411927,13.072388,0,0,0,0,0,0,201888.31,266928.84,229929.03,86484.805,227942.78,163858.98
50619,345.2400588,13.072908,0,0,0,0,0,0,0,4912.773,179253.52,0,0,0
50621,207.1743083,13.073804,0,0,0,0,0,0,0,0,76880.64,0,0,0
50631,556.4420549,13.07634,0,0,0,0,0,0,57921.492,76286.555,91567.4,277448.28,123103.664,146129.73
50635,305.2475493,13.078643,0,0,0,0,0,0,0,8185.2266,180832.48,0,0,0
50647,323.2581411,13.085272,0,0,0,0,0,0,0,0,122917.23,0,0,0
50653,366.2073329,13.087594,0,0,0,0,0,0,45665.926,63258.91,299709.72,36006.17,48891.46,45182.566
50654,344.2254033,13.089717,0,0,0,0,0,0,15299.609,18052.035,97097.766,11427.284,15191.113,12541.533
50656,570.4577404,13.091942,0,0,0,0,0,0,344270.7,316767.16,589691.4,3218542.8,1055238.6,1067044.2
50684,702.5365761,13.128761,0,0,0,0,0,0,129618.29,156536.38,377856.28,1686377.4,534168.8,663264.75
50688,587.2852198,13.13436,0,0,0,0,0,0,0,794129.4,0,0,0,0
50700,512.4158131,13.142288,0,0,0,0,0,0,71583.58,97852.83,124072.586,378733.97,165017.27,192051.36
50720,531.3868972,13.163449,0,0,0,0,0,0,60513.77,40530.707,59798.56,582015.5,201601.86,197783.44
50721,388.2822683,13.164133,0,0,0,0,0,0,0,30576.76,188641.8,0,0,0
50726,367.3036457,13.168954,0,0,0,0,0,0,0,0,135855.6,0,0,0
50729,526.4315214,13.169003,0,0,0,0,0,0,439726.12,404880.6,796219.56,4295819,1436401,1372455.8
50732,366.3002792,13.170097,0,0,0,0,0,0,0,98681.18,600372.8,0,0,0
50741,553.2563449,13.174522,0,0,0,0,0,0,0,0,0,0,102960.08,107572.33
50759,658.5103706,13.195666,0,0,0,0,0,0,167441.75,248493.98,479402.03,1913125,728434.44,869302.4
50769,323.258128,13.203077,0,0,0,0,0,0,0,0,266211.12,0,0,0
50770,345.2400737,13.203077,0,0,0,0,0,0,0,0,302053.75,0,0,0
50771,311.2557177,13.205478,0,0,0,0,0,0,465715.6,0,0,0,0,0
50776,468.3895352,13.209449,0,0,0,0,0,0,79931.22,107106.43,141616.53,430911.62,198070.5,227615.67
50780,487.3606727,13.212106,0,0,0,0,0,0,126996.164,114281.24,230657.62,1301943.6,436708.47,426599.28
50781,305.2475435,13.21228,0,0,0,0,0,0,0,33132.203,428789.2,0,0,0
50793,311.1642495,13.221483,0,0,0,0,0,0,0,115368.09,0,0,0,0
50797,482.4052478,13.225076,0,0,0,0,0,0,504815.06,462646.6,914441.94,5096119.5,1671449.2,1635215.1
50828,614.4840427,13.2599745,0,0,0,0,0,0,214746.97,305163.03,580154.44,2344680.8,1120820.5,957771.6
50834,350.3265094,13.266898,0,0,0,0,0,0,83570.555,85259.33,158970.12,807183.7,356701.1,337150.28
50835,424.3633124,13.267619,0,0,0,0,0,0,70323.51,97704.59,127402.36,411188.6,194325.08,221778.61
50837,407.3367355,13.26978,0,0,0,0,0,0,29195.688,40307.22,52781.914,173485.86,79181.445,91666.54
50838,429.3187623,13.271519,0,0,0,0,0,0,41033.707,56333.137,86317.67,234167.62,102751.56,123236.27
50848,438.3789533,13.279221,0,0,0,0,0,0,471291.28,444506.8,848399.75,4825303.5,1649525.8,1608999.9
50860,443.3343893,13.285424,0,0,0,0,0,0,256776.45,232594.11,463468.56,2717139,907026.8,873972.3
50862,439.3823826,13.286653,0,0,0,0,0,0,0,0,0,1202364.2,0,0
50868,421.3524243,13.2873125,0,0,0,0,0,0,150198.89,134338.77,281035.28,1573143,535144.1,521935.56
50894,399.217578,13.317586,0,0,0,0,0,0,93928.18,68001.72,157806.44,80815.96,37648.066,37622.9
50898,363.3106025,13.319794,0,0,0,0,0,0,95049.15,138198.67,196316.4,605841.25,309226.84,352438.12
50902,380.3370754,13.322641,0,0,0,0,0,0,31809.602,45234.03,66712.31,205708.45,0,117909.94
50904,385.2925481,13.323323,0,0,0,0,0,0,55023.1,79133.98,110952.516,341864.53,170012.03,194683.23
50905,399.3081274,13.324389,0,0,0,0,0,0,308841.3,288596.94,523376.94,3124229.2,1123897,1098334.5
50907,394.3527037,13.327126,0,0,0,0,0,0,224912.69,237648.12,0,2476715.5,901022,839882.56
50908,570.4577524,13.327188,0,0,0,0,0,0,254369.52,378716.34,616634.06,2716844.2,1387517,1188907
50913,333.3000217,13.329041,0,0,0,0,0,0,300105.97,309377.5,589946.7,2993347.2,1313258.6,1250351.1
50916,355.2819751,13.332478,0,0,0,0,0,0,408324.78,405652.16,777482,4257538,1786716.5,1687912.5
50920,307.2632232,13.332527,0,0,0,0,0,0,0,0,129076.34,0,0,0
50922,377.326266,13.333386,0,0,0,0,0,0,480137.53,456068.6,915011.7,5043779,1825819.6,1776890.6
50945,319.2843418,13.348236,0,0,0,0,0,0,63771.59,99532.58,145333.36,351479.62,212690.03,259993.42
50948,341.2662834,13.3520355,0,0,0,0,0,0,87889.56,122494.88,172116.14,495342.44,278391.25,335802.5
50961,513.4125153,13.360793,0,0,0,0,0,0,305161.47,188550.16,250243.25,122065.93,244429.28,254843.22
50962,311.2557415,13.361397,0,0,0,0,0,0,0,414089.22,663983.4,2248520.5,1963647.2,1911347.1
50976,568.4573887,13.38256,0,0,0,0,0,0,94843.336,114140.82,96931.14,83863.77,112868.445,99264.08
50977,297.2400445,13.384346,0,0,0,0,0,0,127839.65,169151.58,208163.88,325301.06,348124.62,388022.88
50979,569.4606971,13.385532,0,0,0,0,0,0,0,40254.445,0,0,0,0
50980,305.2475474,13.387823,0,0,0,0,0,0,0,65244.94,234613.22,0,0,0
50981,345.2400771,13.387823,0,0,0,0,0,0,0,78507,161443.39,0,0,0
50986,523.2457159,13.388817,0,0,0,0,0,0,0,0,0,0,436246.84,341069.97
50996,483.2531124,13.394836,0,0,0,0,0,0,0,0,0,0,366677.47,351784.1
51004,508.4572612,13.39878,0,0,0,0,0,0,654006.3,619986.94,637316.25,719956.2,652148.1,685499.75
51007,531.3869196,13.401883,0,0,0,0,0,0,44720.695,60743.38,111674.805,524089.16,217558.48,247415.3
51008,526.4315281,13.40197,0,0,0,0,0,0,379954.72,426450.78,721287.75,3268099.8,1412277.6,1411037.6
51026,746.5627753,13.41365,0,0,0,0,0,0,58013.812,74764.48,138287.16,348393.8,155133.73,239753.47
51027,323.2581343,13.414803,0,0,0,0,0,0,0,0,135745.45,0,0,0
51045,336.32616,13.444355,0,0,0,0,0,0,0,78656.99,0,0,0,64865.504
51053,376.318668,13.450021,0,0,0,0,0,0,0,132770.06,0,0,0,110488.1
51066,465.3786077,13.465843,0,0,0,0,0,0,26092.873,40936.13,91185.44,331970.7,191939.61,148548.72
51072,482.4052582,13.468305,0,0,0,0,0,0,327879.62,395639.97,765933.06,3324826.2,1535188.2,1459140.9
51073,487.3606933,13.4700575,0,0,0,0,0,0,98032.35,95340.99,192970.31,803558.06,483307.38,378912.44
51077,702.5366057,13.478111,0,0,0,0,0,0,63028.33,97915.21,131463.31,455009.88,316995.03,261457.19
51102,280.2634786,13.513318,0,0,0,0,0,0,83613.414,105907.54,253137.31,101482.47,87069.71,84702.77
51104,263.236882,13.515201,0,0,0,0,0,0,22136.951,31883.523,73427.49,26858.557,22860.732,23261.277
51114,421.3524325,13.527149,0,0,0,0,0,0,89789.91,111275.4,209372.25,909039.3,528324.6,504597.53
51119,443.3344039,13.533428,0,0,0,0,0,0,153011.6,197337.88,360860.34,1552515,768961.4,741530.7
51121,438.3789556,13.53519,0,0,0,0,0,0,262888.6,334602.56,692934.8,2780219,1338029,1237120.5
51123,454.2775817,13.535329,0,0,0,0,0,0,113098.44,107680.195,124165.27,119086.36,129419.44,124961.61
51146,605.3088673,13.553219,0,0,0,0,0,0,0,0,0,0,73106.85,62655.633
51148,658.5103716,13.55558,0,0,0,0,0,0,0,99934.75,158890.48,536754.7,375642.9,305743.34
51153,352.2846854,13.559153,0,0,0,0,0,0,0,38164.6,159553.42,0,0,0
51169,394.3527125,13.581647,0,0,0,0,0,0,120517.84,198563.92,766441.3,1234115.4,630210.56,604402.1
51178,399.3081467,13.583917,0,0,0,0,0,0,136283.08,255629.14,489848.72,1950936.5,768617.94,747132.9
51181,377.3262619,13.58756,0,0,0,0,0,0,205722.11,376513.22,567626.5,3062383,1549115.1,1437966.4
51204,333.3000201,13.611218,0,0,0,0,0,0,110542.445,169204.62,359464.72,1298662.1,773421.2,814097.44
51206,350.3265217,13.613273,0,0,0,0,0,0,37427.117,47385.863,120063.016,367098.53,212515.52,220551.47
51207,355.2819898,13.615262,0,0,0,0,0,0,197939.56,273760.78,639986.56,2128809.5,1289731.2,1576469.2
51208,151.0964937,13.617245,0,0,0,0,0,0,41696.535,46860.95,103037.625,364430.1,226619.7,220931.98
51211,614.484069,13.621129,0,0,0,0,0,0,121995.625,93727.47,224443.83,646553.44,302041.75,517545.75
51221,464.4309591,13.6311865,0,0,0,0,0,0,352645.84,317970.88,338577.78,387652.1,348413.6,365424.3
51235,340.2846469,13.641286,0,0,0,0,0,0,0,12133.134,23469.504,18477.486,96964.195,98772
51240,447.4044358,13.646029,0,0,0,0,0,0,264904.84,255877.02,273976.62,288883.8,277651.6,299983.97
51243,311.2557444,13.650612,0,0,0,0,0,0,174701.03,227012.38,495328.44,830379.9,1153523,1185889.8
51259,322.2716819,13.676535,0,0,0,0,0,0,0,21271.096,79699.734,0,0,0
51265,300.2897486,13.679686,0,0,0,0,0,0,0,146977.97,553997.5,0,8630.205,8135.8164
51266,392.313639,13.68015,0,0,0,0,0,0,0,72320.7,121569.23,25058.668,37393.39,51006.42
51274,575.4131714,13.688415,0,0,0,0,0,0,15494.061,18854.758,35735.312,126884.555,58869.75,59054.582
51285,571.4611653,13.698879,0,0,0,0,0,0,27798.936,0,120964.11,0,117961.2,130723.94
51290,570.4577543,13.701359,0,0,0,0,0,0,0,118448.516,0,800014.7,396064.72,592322.5
51303,601.3010462,13.712401,0,0,0,0,0,0,0,58597,0,0,0,0
51330,578.4368409,13.733411,0,0,0,0,0,0,114365.76,121086.625,126104.8,120297.195,135748.47,128237.266
51333,391.2819613,13.739592,0,0,0,0,0,0,0,0,52283.113,0,0,0
51345,312.2589807,13.757562,0,0,0,0,0,0,0,6681.4834,0,0,199211.75,0
51353,526.4315218,13.771728,0,0,0,0,0,0,115388.336,166787.89,0,888624.06,430349.44,0
51354,531.3870073,13.772796,0,0,0,0,0,0,14909.499,21859.459,39993.89,138263.7,71846.06,69648.695
51364,341.3970868,13.785795,0,0,0,0,0,0,57559.453,51781.48,0,0,0,0
51367,340.3938152,13.788936,0,0,0,0,0,0,212707.9,271059.03,277914.56,297157,272393,290271.16
51371,409.3101631,13.798201,0,0,0,0,0,0,0,0,0,0,37771.953,88038.35
51390,392.3136125,13.815684,0,0,0,0,0,0,92648.36,121579.984,194557.9,72980.74,79757.336,91906.38
51395,523.2456717,13.819717,0,0,0,0,0,0,0,0,0,21789.178,2026659.6,1813417.8
51396,333.1850015,13.820242,0,0,0,0,0,0,0,0,0,0,144057.8,133649.42
51397,484.2564129,13.820242,0,0,0,0,0,0,0,0,0,0,119169.41,106897.086
51406,391.2819507,13.824652,0,0,0,0,0,0,0,0,81524.69,0,0,0
51420,483.253117,13.825586,0,0,0,0,0,0,0,0,0,0,361255,324871.8
51421,501.2636734,13.825586,0,0,0,0,0,0,0,0,0,0,169088.23,157592.92
51422,539.2197284,13.825586,0,0,0,0,0,0,0,0,0,0,213834.14,198138.75
51425,177.0546059,13.825789,0,0,0,0,0,0,0,6652.2207,879101.06,0,0,0
51428,449.2897655,13.83154,0,0,0,0,0,0,0,5211.5786,721679.3,0,0,0
51430,482.4052889,13.832029,0,0,0,0,0,0,0,0,235876.47,793202.44,437138.6,476195.03
51435,145.0284337,13.836153,0,0,0,0,0,0,0,0,103595.3,0,0,0
51441,471.2717815,13.836153,0,0,0,0,0,0,0,0,770815.56,0,0,0
51444,493.2538109,13.836153,0,0,0,0,0,0,0,0,72379.875,0,0,0
51447,403.3781547,13.836848,0,0,0,0,0,0,252694.38,211839.89,249072.88,259314.72,243060.8,259100.62
51449,487.3606985,13.839775,0,0,0,0,0,0,25049.732,0,83612.05,201283.86,141906.52,127072.79
51462,251.0467395,13.85826,0,0,0,0,0,0,90900.336,91471.09,104471.2,106837.836,115250.625,102469.53
51467,385.153944,13.864048,0,0,0,0,0,0,33971.273,37145.297,48799.25,43887.355,33646.492,38180.527
51474,675.4765228,13.873879,0,0,0,0,0,0,44650.79,49094.758,45483.93,48681.676,51204,53981.32
51484,443.3344152,13.901947,0,0,0,0,0,0,42988.176,60601.6,121849.61,395903.72,206619.89,227168.36
51485,421.3524388,13.902055,0,0,0,0,0,0,25474.219,32612.176,63495.86,193453.69,110201.414,109725.66
51486,425.3601882,13.907083,0,0,0,0,0,0,295107.7,235771.64,212444.11,240981.06,279329.12,291633.8
51488,483.4086374,13.912877,0,0,0,0,0,0,0,40922.723,7475.1045,53789.242,111957.625,0
51494,653.4635767,13.922733,0,0,0,0,0,0,60961.387,65567.59,61188.45,60735.027,70518.54,69778.36
51503,574.431508,13.928821,0,0,0,0,0,0,76791.11,90306.97,80793.16,86583.836,86402.27,84092.4
51504,438.3789661,13.935191,0,0,0,0,0,0,21864.793,0,197746.75,603831.6,341288.7,351689.5
51510,637.3375112,13.940412,0,0,0,0,0,0,0,38191.305,0,0,0,0
51512,377.3262859,13.942718,0,0,0,0,0,0,46979.977,108456.266,156847.64,475750,295273.2,320437.72
51513,399.3081424,13.944907,0,0,0,0,0,0,42455.94,57794.96,104914.51,328136.16,214811.72,216184.69
51516,394.3527277,13.946706,0,0,0,0,0,0,0,53061.5,82222.28,270545.78,160014.83,169626.17
51520,352.3210789,13.95325,0,0,0,0,0,0,85743.89,99608.484,70629.23,92859.45,93633.46,97936.98
51521,374.3030154,13.953274,0,0,0,0,0,0,119771,222330.55,177392.9,126270.375,157583.94,192361.72
51537,333.3000174,13.978248,0,0,0,0,0,0,20779.77,68399.84,95527.02,216344.06,174532.14,186715.61
51540,631.4503862,13.982063,0,0,0,0,0,0,74995.81,83448.48,78879.8,80599.37,90747.914,84126.89
51549,355.2821538,13.991054,0,0,0,0,0,0,0,84404.16,186485.75,411883.53,336970.44,334758.28
51563,530.4052973,14.006927,0,0,0,0,0,0,119513.375,124981.43,125136.55,117395.914,128429.27,122857.5
51569,386.2659212,14.018448,0,0,0,0,0,0,0,6657.705,72507.75,0,0,0
51578,342.3003011,14.024631,0,0,0,0,0,0,0,148872.83,506894.22,0,0,0
51580,263.2369184,14.030732,0,0,0,0,0,0,0,13503.961,110456,0,0,0
51582,364.2824512,14.030732,0,0,0,0,0,0,0,69728.516,297191.6,0,0,0
51583,377.2662993,14.030732,0,0,0,0,0,0,0,10945.309,119486.32,0,0,0
51585,337.273834,14.032556,0,0,0,0,0,0,0,0,74991.38,0,0,0
51588,521.2875264,14.033993,0,0,0,0,0,0,0,0,0,0,0,41255.586
51589,609.4371799,14.034183,0,0,0,0,0,0,97197.234,100956.875,103826.96,101105.58,112557.67,105176.734
51590,611.9148648,14.036069,0,0,0,0,0,0,31325.11,32200.537,31827.361,32035.42,34397.89,33204.203
51598,443.3344718,14.044958,0,0,0,0,0,0,0,0,20175.516,102801.11,0,0
51602,392.3153022,14.048527,0,0,0,0,0,0,0,66418.53,53599.973,0,0,0
51603,486.1125899,14.051625,0,0,0,0,0,0,13971.809,8708.665,0,39701.188,15939.439,13849.9795
51605,485.1126813,14.052096,0,0,0,0,0,0,45217.72,28300.816,22016.205,124188.12,49870.664,47215.76
51607,279.2318456,14.054986,0,0,0,0,0,0,0,83797.22,134005.84,0,0,0
51612,435.3082268,14.055222,0,0,0,0,0,0,0,0,129870.48,0,0,0
51619,347.2557283,14.055481,0,0,0,0,0,0,0,127251.77,141918.45,0,0,0
51625,486.3790374,14.058631,0,0,0,0,0,0,170445.3,183035.81,192586.7,196495.23,185960.3,187267.78
51632,307.2632057,14.066814,0,0,0,0,0,0,0,137495.86,211627.9,0,0,0
51645,570.4577726,14.074738,0,0,0,0,0,0,0,26349.732,24587.16,68426.94,37658.25,39157.777
51646,348.2873758,14.075731,0,0,0,0,0,0,0,5895.135,88183.75,0,9656.406,9481.553
51647,326.3054195,14.076947,0,0,0,0,0,0,9461.728,26113.744,430000.22,11581.038,46679.07,41236.793
51649,335.2945636,14.078251,0,0,0,0,0,0,0,0,126911.85,0,0,0
51668,647.2853932,14.089969,0,0,0,0,0,0,0,51548.234,0,0,0,0
51669,587.4240202,14.09448,0,0,0,0,0,0,112660.805,123855.2,130475.08,118390.83,140151.84,127054.27
51672,589.9016947,14.098378,0,0,0,0,0,0,35902.33,39041.754,39346.61,39709.066,44466.332,40627.44
51674,442.3527195,14.100663,0,0,0,0,0,0,184064.89,161875.72,156963,164056.45,158634.39,158196.34
51678,447.3081867,14.102341,0,0,0,0,0,0,140440.03,161136.34,146697.4,162970.17,139376.92,155180.36
51683,393.2400893,14.107847,0,0,0,0,0,0,0,33242.535,176707.08,0,0,0
51687,421.2179536,14.113651,0,0,0,0,0,0,77347.71,0,0,0,0,0
51689,420.2146292,14.114934,0,0,0,0,0,0,289535.03,461431.78,843941.1,392334.9,364490.8,406896.25
51695,398.2326126,14.1189575,0,0,0,0,0,0,1269294.5,1390844.1,1889836.1,1493881.9,1428778.5,1475537.8
51696,436.188516,14.119159,0,0,0,0,0,0,34449.465,54433.105,84557.19,41502.78,34073.14,46218.13
51700,483.2531098,14.1211,0,0,0,0,0,0,0,0,0,0,94602.15,82454.46
51701,149.0233772,14.123329,0,0,0,0,0,0,126552.36,141923.05,180408.95,144985.67,129174.445,131797.8
51702,311.2556959,14.123535,0,0,0,0,0,0,0,24101.73,25939.264,0,0,258931.58
51709,523.2457404,14.127501,0,0,0,0,0,0,0,0,0,0,441396.6,406994.62
51710,539.2196998,14.127501,0,0,0,0,0,0,0,0,0,0,77368.94,66393.26
51713,355.2819874,14.130206,0,0,0,0,0,0,0,0,0,141884.03,0,0
51721,501.2636428,14.1337185,0,0,0,0,0,0,0,0,0,0,82223.96,74540.15
51724,526.4314721,14.144427,0,0,0,0,0,0,12896.57,0,29965.99,73732.81,40853.83,48466.82
51726,403.2819079,14.145485,0,0,0,0,0,0,142963.64,119901.13,136393.45,170704.38,165070.31,118727.75
51728,567.8885288,14.151282,0,0,0,0,0,0,45351.48,48811.664,46358.496,48346.805,51830.254,48200.617
51732,565.4109134,14.1553755,0,0,0,0,0,0,132940.3,142447.36,146600.19,140414.9,156141.72,146111.08
51751,615.3166439,14.212374,0,0,0,0,0,0,0,27303.006,0,0,0,0
51754,545.8754724,14.213323,0,0,0,0,0,0,51794.25,53443.67,49351.867,51573.305,52663.523,51314.133
51762,543.3978347,14.217526,0,0,0,0,0,0,145530.25,158852.88,158174.36,150097.55,171463.02,162354.25
51763,482.405212,14.2218275,0,0,0,0,0,0,11616.46,16429.465,23431.314,70666.39,42139.965,42440.805
51772,363.3107205,14.248096,0,0,0,0,0,0,0,0,19001.135,86596.23,22153.623,40675.324
51776,579.3318416,14.250919,0,0,0,0,0,0,0,0,0,0,40169.78,42066.754
51778,607.457942,14.257248,0,0,0,0,0,0,137268.61,154595.12,158633.17,138659.88,153278.25,158363.95
51785,609.9355133,14.272502,0,0,0,0,0,0,56806.676,83752.8,82515.336,74544.97,83905.74,0
51789,523.8622903,14.275905,0,0,0,0,0,0,53014.89,57185.516,56094.305,52497.39,60866.54,54806.668
51792,521.3846121,14.277716,0,0,0,0,0,0,0,150513.89,170960.36,164475.23,185759.78,180773
51801,438.3789033,14.282782,0,0,0,0,0,0,0,14150.563,24600.035,56354.125,38416.258,39648.246
51805,251.2004944,14.285677,0,0,0,0,0,0,0,0,48062.383,0,0,0
51807,335.2945518,14.285677,0,0,0,0,0,0,0,0,145155.66,0,0,0
51808,351.2894257,14.285677,0,0,0,0,0,0,0,0,75639.09,0,0,0
51834,363.2506587,14.317795,0,0,0,0,0,0,0,11953.573,140362.72,0,0,0
51835,619.4097988,14.318189,0,0,0,0,0,0,0,0,0,105101.586,17034.025,22753.344
51840,573.3399861,14.322823,0,0,0,0,0,0,0,0,59891.316,0,0,0
51841,615.3166378,14.324745,0,0,0,0,0,0,0,53191.816,0,0,0,0
51845,377.3265954,14.330086,0,0,0,0,0,0,0,8706.948,16423.383,42651.152,27340.361,31896.55
51854,540.359111,14.33986,0,0,0,0,0,0,0,0,0,0,0,147017.02
51857,501.8491876,14.342345,0,0,0,0,0,0,53758.477,55801.043,54980.734,55457.914,61393.05,57302.03
51858,368.3159359,14.342766,0,0,0,0,0,0,0,6431.469,140845.4,0,0,0
51859,319.2995719,14.343092,0,0,0,0,0,0,0,0,0,0,36266.617,56708.7
51860,337.310194,14.343092,0,0,0,0,0,0,0,0,0,0,37311.09,62688.113
51865,499.3715759,14.346601,0,0,0,0,0,0,156262.23,163824.66,164306.5,158129.47,181123.44,177091.84
51866,539.3557389,14.347019,0,0,0,0,0,0,0,0,0,8023.045,302599.84,497193.06
51867,390.2979334,14.347861,0,0,0,0,0,0,0,0,53459.56,0,0,0
51871,295.2995459,14.349557,0,0,0,0,0,0,0,0,0,0,37873.95,60898.7
51872,355.3207486,14.349557,0,0,0,0,0,0,0,0,0,0,97720.6,161493.02
51873,507.3082941,14.349557,0,0,0,0,0,0,0,0,0,0,111396.586,88800.58
51889,505.2926728,14.374477,0,0,0,0,0,0,0,0,0,0,72160.07,63876.312
51890,653.3324394,14.375661,0,0,0,0,0,0,0,60861.62,0,0,0,0
51897,597.3967063,14.384639,0,0,0,0,0,0,0,0,0,115741.88,21843.35,22016.598
51900,649.300952,14.388483,0,0,0,0,0,0,0,36095.67,0,0,0,0
51912,477.3583454,14.407235,0,0,0,0,0,0,144037.12,155742.97,146474.45,143618.5,166496.17,157441.6
51918,479.8360169,14.41381,0,0,0,0,0,0,51314.02,56776.09,54095.676,49074.47,57531.78,54695.26
51925,764.5521405,14.424282,0,0,0,0,0,0,95007.086,95580.81,92727.8,95560.55,107687.32,101222.78
51932,352.3210531,14.436184,0,0,0,0,0,0,0,0,107956.234,0,0,0
51934,374.3029949,14.436184,0,0,0,0,0,0,0,0,73702.984,0,0,0
51937,328.2846765,14.437356,0,0,0,0,0,0,0,54906.824,134287.1,0,0,0
51946,521.2300846,14.462042,0,0,0,0,0,0,0,0,0,0,153557.94,133777.92
51949,256.2635019,14.468318,0,0,0,0,0,0,287652.06,513459.22,767047.5,342125.28,380390.75,360372.66
51953,455.3452118,14.47655,0,0,0,0,0,0,106740.125,121162.61,105560.17,105534.01,121304.65,117779.125
51954,457.8229174,14.476636,0,0,0,0,0,0,46909.895,49424.598,45093.336,42290.71,50647.97,47602.98
51957,446.831915,14.478637,0,0,0,0,0,0,31681.705,36109.18,37706.64,34053.418,39439.19,37740.434
51973,345.2400546,14.495438,0,0,0,0,0,0,14739.783,116598.49,57731.38,0,0,7042.751
51975,380.3159742,14.4990635,0,0,0,0,0,0,0,54932.766,203199.28,0,0,0
51979,720.5260027,14.501374,0,0,0,0,0,0,186766.89,197167.22,238927.45,189508,260036.19,245014.44
51985,653.3324765,14.512613,0,0,0,0,0,0,0,156709.67,0,0,0,0
51986,675.3143958,14.512613,0,0,0,0,0,0,0,62418.266,0,0,0,0
51999,308.2948252,14.543457,0,0,0,0,0,0,0,7136.53,64003.906,0,0,0
52002,433.3319815,14.547639,0,0,0,0,0,0,44080.254,51132.027,50444.664,41295.156,50364.062,49004.75
52009,848.6306592,14.549771,0,0,0,0,0,0,49280.06,51245.57,53908.406,49612.125,53538.754,56088.035
52019,468.3894786,14.555814,0,0,0,0,0,0,19531.17,20489.85,34452.312,133051.25,36101.336,61421.63
52021,553.3703015,14.555972,0,0,0,0,0,0,0,0,0,116120.49,25376.469,27715.436
52023,676.4999009,14.57042,0,0,0,0,0,0,424395.5,362253.7,347735.53,328368.72,375022.8,363009.56
52030,333.2400807,14.587389,0,0,0,0,0,0,0,0,0,0,20994.893,45640.105
52057,345.2400251,14.6179695,0,0,0,0,0,0,13043.571,147654.9,94852.836,0,0,0
52060,804.6045262,14.625529,0,0,0,0,0,0,80179.16,88644.32,82155.14,88144.59,93160.63,91422.15
52069,632.4735904,14.647826,0,0,0,0,0,0,735924.2,599310.7,714454.44,552480,603938.9,737210.5
52079,510.4304702,14.666064,0,0,0,0,0,0,0,10323.26,100231.11,0,0,0
52088,483.2530635,14.6702385,0,0,0,0,0,0,0,0,0,0,230654.89,212999.95
52090,539.2197244,14.6702385,0,0,0,0,0,0,0,0,0,0,140080.75,122611.75
52092,1084.678355,14.670854,0,0,0,0,0,0,0,0,123222.68,0,0,0
52094,523.245609,14.67316,0,0,0,0,0,0,0,0,0,20477.844,2608743.2,2300092
52096,333.1849966,14.675688,0,0,0,0,0,0,0,0,0,0,119472.96,102224.016
52097,501.2636878,14.675688,0,0,0,0,0,0,0,0,0,0,143805.9,129138.05
52100,512.4157402,14.677268,0,0,0,0,0,0,21295.744,34286.625,53614.566,222524.83,56935.72,99222.305
52125,619.3102249,14.692548,0,0,0,0,0,0,0,21684.344,39862.83,172401.7,39401.816,65630.49
52130,1089.633781,14.693575,0,0,0,0,0,0,0,0,90776.6,0,0,0
52135,760.5783616,14.698113,0,0,0,0,0,0,88270.68,92541.73,89068.305,96176.766,97537.195,100335.59
52142,368.425142,14.709128,0,0,0,0,0,0,2755489.2,2732621.5,2610639.2,2628621.8,2616359.2,2597699.2
52155,556.4420987,14.722737,0,0,0,0,0,0,34959.656,43737.355,31389.312,287362.84,67286.64,116646.35
52156,593.4027208,14.722851,0,0,0,0,0,0,162943.28,237446.28,173159.73,210407.69,175306.8,221317.55
52161,588.4472796,14.726531,0,0,0,0,0,0,850874.06,914576.25,885817.5,1118594,909261.75,884858.3
52168,649.3010847,14.729297,0,0,0,0,0,0,0,530770.75,0,0,0,0
52173,489.2976614,14.731893,0,0,0,0,0,0,0,0,0,0,125925.61,131522.25
52195,600.4684497,14.753167,0,0,0,0,0,0,27679.133,14676.119,45246.145,224783.6,51863.293,91292.805
52197,333.2401011,14.754069,0,0,0,0,0,0,0,0,10451.226,0,56381.625,120707.66
52218,716.5521885,14.773941,0,0,0,0,0,0,83842.32,96909.46,89568.086,101181.11,96722.68,102706.695
52223,345.2400784,14.779549,0,0,0,0,0,0,0,123929.34,85717.52,0,0,0
52228,282.2791671,14.781551,0,0,0,0,0,0,743946.75,690146.9,565749.9,864043.56,578301.5,647440.2
52236,544.4210621,14.787129,0,0,0,0,0,0,1427820.5,1543199.1,1195978.6,1218140.8,1229209.5,1225320
52241,636.4788578,14.79451,0,0,0,0,0,0,183256.16,185205.2,194905.4,172121.56,195364.39,198616.78
52245,549.3764593,14.798431,0,0,0,0,0,0,434089.22,644778.06,451632.3,466734.8,486724.2,481744.22
52260,531.2742745,14.817252,0,0,0,0,0,0,73143.97,63429.98,50584.887,74039.18,76316.734,66223.88
52276,483.3680746,14.850684,0,0,0,0,0,0,168380.6,233239.61,184570,181706.19,253361,178273.81
52277,500.3947555,14.850972,0,0,0,0,0,0,1607855.4,1799160.6,1663139.2,1737968.9,1764670.2,1745072.6
52278,672.5260319,14.850972,0,0,0,0,0,0,81857.02,95674.81,89171.914,105965.89,99080.64,103626.61
52281,505.3502267,14.856425,0,0,0,0,0,0,840233.5,940638.5,885461.1,924865.2,938459.94,904967.94
52284,501.3981942,14.8621,0,0,0,0,0,0,0,0,0,508058.88,0,0
52304,457.3719132,14.884495,0,0,0,0,0,0,0,0,0,448701.1,0,0
52307,337.2350512,14.886388,0,0,0,0,0,0,201926.14,193215.77,208247.94,212615.52,219795.45,215738.22
52316,461.323905,14.890136,0,0,0,0,0,0,1530582.6,1624479.1,2080427.9,1643112,2200442.5,1611623
52320,439.3418635,14.892163,0,0,0,0,0,0,593467.6,653377.4,626143.1,666024.9,632277.56,617260.56
52321,456.3684764,14.892163,0,0,0,0,0,0,1460617.6,1655852.4,1536347.1,1548536.4,1540001.4,1568253.9
52325,425.2874698,14.895753,0,0,0,0,0,0,168860.66,222732.48,111173.76,115356.516,178081.98,214051.88
52336,655.3482203,14.906563,0,0,0,0,0,0,0,127004.89,0,0,0,0
52337,677.3299767,14.906563,0,0,0,0,0,0,0,55817.383,0,0,0,0
52352,227.1277354,14.929721,0,0,0,0,0,0,145213.72,170805.02,160636.38,162071.64,158374.81,159416.12
52357,417.297606,14.931599,0,0,0,0,0,0,2274906.5,2182141.8,1759080.6,1894418.4,2300458.8,1800623.5
52359,628.4997433,14.931682,0,0,0,0,0,0,80469.4,97019.74,90669.79,118126.69,106080.586,116052.836
52360,412.3421939,14.933327,0,0,0,0,0,0,813632.94,878279.94,827324,878715.56,854664.9,832688.1
52373,376.3186754,14.945285,0,0,0,0,0,0,128358.66,124922.84,0,136812.08,154709.78,170221.17
52377,654.332406,14.950287,0,0,0,0,0,0,70477.125,104330.8,60245.164,106893.5,103801.36,138817.31
52379,637.3057583,14.952244,0,0,0,0,0,0,98525.95,135660.62,109948.46,158521.77,152157.38,194880.98
52381,659.287776,14.954261,0,0,0,0,0,0,49342.285,62040.082,43955.77,81630.04,72202.61,105522.16
52401,428.3159595,14.976936,0,0,0,0,0,0,0,55056.883,86825.02,0,0,0
52402,373.2713502,14.977172,0,0,0,0,0,0,158798.67,190981.5,139142.61,183201.6,174946.9,168964.36
52418,394.3315748,15.000231,0,0,0,0,0,0,0,91409.32,204095.25,0,0,0
52423,584.4735271,15.008157,0,0,0,0,0,0,76744.234,96776.32,98512.086,123678.25,112366.94,118862.164
52435,523.2457395,15.019991,0,0,0,0,0,0,0,0,0,0,338330.06,312786.78
52441,501.2637013,15.026101,0,0,0,0,0,0,0,0,0,0,56923.67,55832.89
52460,655.3484774,15.04654,0,0,0,0,0,0,0,145059.48,0,0,0,0
52466,376.3186892,15.047119,0,0,0,0,0,0,216702.56,325278.38,506909.97,263311.88,251159.62,318816.97
52468,313.2737837,15.049222,0,0,0,0,0,0,68073.39,125628.34,204351.6,105805.555,59239.215,61328.25
52474,353.2662887,15.055089,0,0,0,0,0,0,18426.232,43088.195,79905.766,27852.543,15235.462,15884.093
52493,677.3301984,15.06905,0,0,0,0,0,0,0,135474.47,0,0,0,0
52517,627.1021558,15.072975,0,0,0,0,0,0,44800.914,43812.348,43265.7,44347.49,54425.848,51873.62
52519,627.4367184,15.073237,0,0,0,0,0,0,42850.58,43337.285,34956.133,43674.215,50556.457,50517.887
52531,337.1673454,15.081387,0,0,0,0,0,0,0,61582.78,171726.02,0,0,0
52559,540.4472786,15.089112,0,0,0,0,0,0,75093.06,105192.99,104143.77,133592.05,123440.71,132329.9
52597,415.2795582,15.106402,0,0,0,0,0,0,0,0,65833.18,0,0,0
52618,398.2326346,15.117697,0,0,0,0,0,0,0,0,144825.12,0,0,0
52626,614.078598,15.119579,0,0,0,0,0,0,41258.906,41425.586,42612.086,40193.816,42619.145,46470.1
52632,612.4268057,15.125732,0,0,0,0,0,0,65545.33,71353.805,68385.11,61647.395,74120.07,73562.016
52638,657.3038962,15.128786,0,0,0,0,0,0,0,53719.527,0,0,0,0
52641,612.7612343,15.129887,0,0,0,0,0,0,66208.266,65474.55,66527.016,57745.21,69844.3,72658.414
52647,487.2820565,15.133905,0,0,0,0,0,0,0,0,0,0,111392.91,101702.9
52650,635.3218673,15.140397,0,0,0,0,0,0,0,116853.52,0,0,0,0
52657,510.4001664,15.154969,0,0,0,0,0,0,0,0,7944.2085,71841.86,11316.918,15930.361
52660,501.376509,15.156697,0,0,0,0,0,0,26837.828,34630.54,34984.45,49051.715,45354.832,50352.363
52663,496.4209802,15.160792,0,0,0,0,0,0,69978.305,90925.77,100856.41,126918.9,124415.39,141811.14
52671,599.4032261,15.172825,0,0,0,0,0,0,58385.605,59916.598,59768.703,54945.492,68203.72,69784.91
52672,598.0859109,15.172883,0,0,0,0,0,0,89303.586,96348.72,93829.61,84704.28,97655.85,106368.34
52673,597.7514531,15.174943,0,0,0,0,0,0,98104.234,99362.55,102868.77,87795.66,113531.32,111846.58
52675,599.7377143,15.176918,0,0,0,0,0,0,57751.414,56721.258,59802.87,56562.9,62233.062,66159.85
52687,609.2710899,15.189778,0,0,0,0,0,0,0,133127.83,104262.35,0,0,0
52701,471.3291332,15.215755,0,0,0,0,0,0,0,0,7224.5713,73509.57,10575.937,14080.257
52704,584.7278173,15.221242,0,0,0,0,0,0,84223.1,87140.984,84340.94,80644.42,93255.805,93197.82
52705,466.3738286,15.22164,0,0,0,0,0,0,0,0,9072.06,82161.45,13860.468,18683.867
52708,583.410433,15.223264,0,0,0,0,0,0,127239.12,127954.3,130552.82,115552.62,136426.38,146370.64
52712,653.3324973,15.224908,0,0,0,0,0,0,0,47801.562,0,0,0,0
52713,457.350178,15.225232,0,0,0,0,0,0,42974.65,57812.49,62614.965,79701.46,85846.07,97081.2
52714,585.062209,15.225277,0,0,0,0,0,0,81090.734,79256.79,80027.95,74013.46,87717.63,89543.22
52715,452.3946716,15.225318,0,0,0,0,0,0,55521.74,76847.14,84365.89,101032.52,105540.055,120543.69
52718,583.0760322,15.227455,0,0,0,0,0,0,139917.89,142492.56,144533.06,126320.84,144446.48,151086.34
52736,581.3476757,15.244289,0,0,0,0,0,0,0,0,0,0,60469.613,75089.445
52768,568.7350141,15.275712,0,0,0,0,0,0,170950.55,173983.06,183466.36,163967.12,193235.23,194900.28
52770,568.400581,15.27757,0,0,0,0,0,0,191456.11,200531.34,196146.38,178877.08,214563.1,218866.6
52772,570.386742,15.277593,0,0,0,0,0,0,108867.65,104500.72,116187.125,105799.086,132441.8,135816.66
52773,391.3419058,15.2776785,0,0,0,0,0,0,42516.062,71129.086,85595.35,106773.57,126632.3,147987.77
52774,570.0523468,15.27768,0,0,0,0,0,0,116668.266,123697.234,128586.805,114470.3,131879.83,138136.19
52775,413.3238448,15.277741,0,0,0,0,0,0,40782.305,68307.18,86219.05,99745.195,126441.54,137181.23
52780,408.3683762,15.279832,0,0,0,0,0,0,24486.125,44207.258,49158.035,61617.098,77026.88,82919.664
52785,427.3032439,15.28531,0,0,0,0,0,0,0,0,8192.827,81403.67,13991.3955,13644.499
52790,666.0016091,15.289761,0,0,0,0,0,0,148669.78,0,0,0,0,172419.08
52811,347.3156151,15.315579,0,0,0,0,0,0,31358.76,57039.3,79115.96,76139.3,117330.65,126910.62
52812,665.4997964,15.31593,0,0,0,0,0,0,206569.97,225463.61,231349.39,191432.53,231486.31,228003.48
52816,369.2975895,15.319294,0,0,0,0,0,0,54346.44,92997.77,111675.99,123463.164,193004.12,210038.28
52835,554.0595454,15.331288,0,0,0,0,0,0,219832.64,240980.77,236885.81,202064.47,253304.23,256991.02
52836,555.3768615,15.331409,0,0,0,0,0,0,167162.89,162860.8,162597.98,150950.53,172028.83,175351.47
52837,821.5708048,15.331428,0,0,0,0,0,0,43868.375,48628.18,46447.38,41453.945,50040.79,53318.16
52839,553.7252503,15.333264,0,0,0,0,0,0,261336.78,276605.25,264918.88,239506.64,290167.3,287860.38
52854,465.2997964,15.351404,0,0,0,0,0,0,0,0,0,0,63615.875,104069.52
52855,487.2820476,15.351404,0,0,0,0,0,0,0,0,0,0,116462.5,143651.7
52857,325.2714082,15.353368,0,0,0,0,0,0,78128.81,106114.29,122168.42,118784.766,186757.19,208939.08
52870,542.3532865,15.380155,0,0,0,0,0,0,55111.066,53088.668,53568.426,54361.246,55803.54,55554.746
52871,540.7015479,15.3802185,0,0,0,0,0,0,211478.6,208275.23,219709.02,205103.6,235695.16,222572.02
52874,635.3218156,15.38032,0,0,0,0,0,0,0,57034.812,0,0,0,0
52878,541.0359772,15.382106,0,0,0,0,0,0,186865.97,185960.02,180569.11,175422.73,198893.39,198266.95
52880,539.0497993,15.382186,0,0,0,0,0,0,330577.8,363988.94,347013.75,288409.03,381388.97,377490.03
52881,539.3841849,15.382186,0,0,0,0,0,0,283350.06,301470.97,291764.22,253829.55,324378.6,310883.03
52893,799.557595,15.386113,0,0,0,0,0,0,82355.04,90155.91,89942.96,77664.836,101359.66,99585.484
52918,356.3159729,15.410821,0,0,0,0,0,0,0,78519.36,114277.016,0,0,0
52928,581.3662667,15.42736,0,0,0,0,0,0,0,0,0,0,27389.457,49753.56
52935,518.6987257,15.431159,0,0,0,0,0,0,42040.168,46493.18,52744.25,41406.883,55454.527,56048.59
52938,527.6778158,15.433139,0,0,0,0,0,0,68091.18,65227.934,69549.05,67426.78,72681.484,73430.46
52941,777.5445885,15.435079,0,0,0,0,0,0,170405.58,177739.17,169535.06,156405.89,194692.98,188762.73
52949,524.3743528,15.439175,0,0,0,0,0,0,398850.6,423589.7,426906.16,360890.1,469500.22,452573.03
52950,526.3605072,15.439279,0,0,0,0,0,0,220171.55,225589.4,223571.4,214268.11,244063.84,247121.42
52953,526.02607,15.441167,0,0,0,0,0,0,260979.53,273583.38,271107.9,265668.66,303403.66,293160.8
52955,780.0222223,15.441296,0,0,0,0,0,0,53992.074,53305.96,52049.22,53587.727,55023.605,59877.48
52985,284.2948227,15.4856825,0,0,0,0,0,0,0,0,113619.06,0,0,0
52994,509.6988483,15.488374,0,0,0,0,0,0,418125.4,452658.03,449192.03,383798.16,493156.94,474605.06
52997,758.0091127,15.489928,0,0,0,0,0,0,116171.75,106051.04,111505.375,104898.22,122945.11,119216.8
53008,755.5315263,15.49368,0,0,0,0,0,0,354770.84,363249.78,362430.22,324806.12,398390.4,390104.56
53013,511.3505907,15.495396,0,0,0,0,0,0,330914.88,328260.1,327660.6,319136.8,358860.4,336167.62
53014,488.3946691,15.495593,0,0,0,0,0,0,217335.42,167094.12,235885.1,203727.39,212340.08,209968.61
53027,513.0023364,15.498871,0,0,0,0,0,0,90713.805,93333.28,92408.19,93987.336,103304.32,97066.68
53030,209.1535799,15.500701,0,0,0,0,0,0,147167.02,153862,164884.16,153091.28,149032.3,164444.61
53032,766.4652967,15.500686,0,0,0,0,0,0,263281.03,213054.62,241819.52,219651.52,192474.38,235054.8
53039,327.2530398,15.502517,0,0,0,0,0,0,270068.1,242165.5,252432.19,260649.27,256667.55,208872.9
53041,221.1749853,15.502597,0,0,0,0,0,0,320405,330624.56,333188.9,338807.16,326855.28,321465.12
53053,424.2824378,15.504188,0,0,0,0,0,0,166050.53,178840.56,182009.03,172340.73,176379.53,180486.14
53055,191.1430209,15.5043335,0,0,0,0,0,0,101031.18,99867.14,115099.99,85268.04,89165.88,104343.39
53062,173.1324723,15.506115,0,0,0,0,0,0,143672.14,143832.67,139121.27,99451.695,111066.14,108971.484
53063,226.1801479,15.506137,0,0,0,0,0,0,338713.28,352170.28,377493.62,342608.78,365861.03,347204.84
53073,250.1777625,15.507886,0,0,0,0,0,0,1173668.1,1089537.6,1040794.5,1192473.9,1140079.1,1059536.1
53074,362.3030645,15.507886,0,0,0,0,0,0,294371.84,289495.6,279743.47,298818.72,312050.28,292228.28
53075,408.3084521,15.507886,0,0,0,0,0,0,1835934.9,1843913,1837845.5,1785011.5,1844898.9,1798871.5
53076,266.1726828,15.507919,0,0,0,0,0,0,459794.25,445477.7,462925.2,427420.47,452384.4,455700.66
53078,228.1957878,15.507953,0,0,0,0,0,0,387995.34,388979.38,405335.66,376953.44,358934.72,378897.72
53079,406.2928402,15.507955,0,0,0,0,0,0,234973.52,208977.19,246542.97,246249.47,241084.58,198798.48
53108,493.3501226,15.524133,0,0,0,0,0,0,471700.12,516701.47,539267.3,487316.8,517291.62,515070.12
53123,593.2761499,15.5375595,0,0,0,0,0,0,0,283962.03,398290.97,0,0,0
53138,495.3577295,15.545455,0,0,0,0,0,0,226568,234238.86,224966.2,216023.7,256873.3,259207.89
53143,495.6921964,15.547122,0,0,0,0,0,0,93661.86,100393.625,99142.43,87581.25,112837.34,111958.34
53145,498.3270229,15.547138,0,0,0,0,0,0,106092.01,108863.25,99590.16,102299.86,119781.875,115562.46
53152,735.9961283,15.548879,0,0,0,0,0,0,242561.78,239733.48,225849.75,218592.17,258321.52,248859.52
53159,733.5185404,15.550671,0,0,0,0,0,0,736351.75,787853,787096.94,703646.9,865362.56,842021.6
53160,496.6752379,15.550766,0,0,0,0,0,0,316918.44,334002.72,324127.88,301541.1,355208.66,357011.16
53167,495.023456,15.552674,0,0,0,0,0,0,259422.66,275464.88,281354.06,249985.89,298222.03,297579.34
53183,334.3100279,15.565437,0,0,0,0,0,0,111985.016,100529.25,104723.875,108510.125,105372.83,108870.02
53224,711.5055017,15.605014,0,0,0,0,0,0,1322390.8,1387268,1423224.1,1278992.5,1565452.2,1513049.8
53228,482.334221,15.607121,0,0,0,0,0,0,130353.15,136920.56,129355.79,124506.21,146337.9,134908.84
53230,702.9921546,15.607121,0,0,0,0,0,0,68147.43,69685.79,69190,60669.594,81864.88,74013.6
53237,481.9997578,15.608851,0,0,0,0,0,0,163146.11,179292.84,176326.44,164210.56,195099.42,183918.1
53240,483.6515127,15.608897,0,0,0,0,0,0,93267.49,99557.83,90932.16,90557.484,101551.23,99874.73
53242,713.9830848,15.609141,0,0,0,0,0,0,491541.78,501922.9,492937.28,469660.28,553139.44,527690.44
53245,716.4608544,15.612599,0,0,0,0,0,0,78447.484,72995.87,71796.32,69057.44,78807.19,83030.695
53251,483.9860024,15.61647,0,0,0,0,0,0,68196.99,76983.04,66301.836,63822.832,81561.805,78812.57
53287,692.4716431,15.661147,0,0,0,0,0,0,0,0,629565.2,0,0,0
53291,689.4924766,15.663585,0,0,0,0,0,0,1998430.5,2028886.1,1968529,1864029.1,2300541.5,2131823.8
53294,680.9789637,15.665245,0,0,0,0,0,0,103101.72,109786.45,107530.9,102840.9,112436.95,115873.64
53305,691.9699763,15.667161,0,0,0,0,0,0,814562.7,819555.8,826773.4,795646.3,909194.44,917368.56
53313,694.4476528,15.67068,0,0,0,0,0,0,158142.31,142463.33,153750.48,153318.58,170143.8,173992.8
53329,371.1012569,15.678479,0,0,0,0,0,0,36603.17,40525.73,43669.22,77722.06,45594.895,35903.18
53336,559.1314617,15.682103,0,0,0,0,0,0,57432.066,60011.332,58176.473,127345.21,62138.184,61063.2
53348,637.3375602,15.693988,0,0,0,0,0,0,0,159315.31,0,0,0,0
53380,670.458438,15.723491,0,0,0,0,0,0,853166.2,0,0,0,0,0
53381,672.9362705,15.723491,0,0,0,0,0,0,181900.95,0,0,0,0,0
53382,491.3133329,15.7240305,0,0,0,0,0,0,0,0,0,0,146713.84,134536.47
53383,667.479328,15.724101,0,0,0,0,0,0,2619209.5,2666620.5,2677604.2,2514994.2,3074692.2,2827144.8
53385,658.9659003,15.725879,0,0,0,0,0,0,148276.64,153094.31,155097.66,136091.38,163071.94,159301.9
53389,659.4675113,15.727286,0,0,0,0,0,0,0,107926.67,0,0,0,0
53391,672.4345931,15.727798,0,0,0,0,0,0,258278.34,255201.25,260357.28,258446.84,265198,278529.34
53399,669.9568685,15.729534,0,0,0,0,0,0,1166172.5,1180019.1,1192603.9,1135026.9,1277878.6,1275552.2
53411,334.3103154,15.739636,0,0,0,0,0,0,145382.31,171033.5,163709.81,151747.25,165996.66,159917.53
53430,209.1535812,15.750465,0,0,0,0,0,0,190945.33,170980.86,159675.1,174496.48,190781.67,146351.3
53438,250.1777621,15.75394,0,0,0,0,0,0,1920780.6,1489761.8,1846825.1,1309821.6,1841663.1,2000433.2
53439,362.3030542,15.753934,0,0,0,0,0,0,421351.97,489577.16,453087.34,488291.7,415007.72,356094.8
53443,173.1324758,15.753967,0,0,0,0,0,0,142625.98,164596.66,154480.16,89436.74,91464.19,104223.875
53445,226.1801375,15.753975,0,0,0,0,0,0,331147.4,313372.84,352964.12,408421.66,345205.94,325320.25
53456,266.172681,15.755684,0,0,0,0,0,0,594197.3,677309.75,722496.4,703239.25,582751,636136.8
53457,221.1749828,15.755691,0,0,0,0,0,0,516610.22,547128.6,480358.66,534747.5,526915.3,539952.3
53458,228.1957854,15.755702,0,0,0,0,0,0,613617.75,727081.06,738750.5,596206.25,695402.6,555539.25
53459,244.1906881,15.755702,0,0,0,0,0,0,273799.2,271680.47,284145.5,229818.02,294389.62,249737.38
53463,408.3084717,15.755694,0,0,0,0,0,0,1508218.5,1417175.8,1651246.5,1229019.1,1496319.8,1435106.4
53523,645.4662095,15.7879,0,0,0,0,0,0,3397277.2,3614285.8,3593378.2,3334079.8,3927625,3579358.2
53528,647.9436425,15.789645,0,0,0,0,0,0,1473420.5,1532239.1,1508218.6,1477016,1684111.9,1626480.2
53529,650.4213931,15.789645,0,0,0,0,0,0,333585.9,335725.3,342891.72,320713.78,368081.16,369467.75
53531,636.9527274,15.789726,0,0,0,0,0,0,196475.22,192252.44,200093.08,196122.84,224996.2,206732.06
53547,505.2925946,15.793484,0,0,0,0,0,0,0,0,0,0,161547.36,146271.86
53577,694.5207344,15.81868,0,0,0,0,0,0,266659.84,284484.97,254612.1,251825.19,285870.72,280532.3
53588,695.0224429,15.829794,0,0,0,0,0,0,0,0,0,0,0,231016.39
53601,606.4261974,15.840403,0,0,0,0,0,0,0,0,0,0,0,103974.85
53604,625.9303827,15.844153,0,0,0,0,0,0,1886219.2,1985013.1,1955469.9,1845952.8,2055328.9,2039400.9
53618,628.4081406,15.847781,0,0,0,0,0,0,433472.72,439260.7,446881.84,420556.6,465705.1,450765.22
53620,614.9395709,15.847886,0,0,0,0,0,0,256635.06,272435.62,267464.16,257872.47,288467.7,261456.23
53625,623.4531185,15.849729,0,0,0,0,0,0,4399900,4589429,4476401,4368808.5,4947756.5,4654823
53643,642.4943869,15.85827,0,0,0,0,0,0,0,0,148413.75,0,0,0
53651,404.3159217,15.862623,0,0,0,0,0,0,0,113170.086,59875.605,0,0,0
53684,370.331564,15.891109,0,0,0,0,0,0,0,149040.02,139498.66,0,0,0
53696,406.3292084,15.902519,0,0,0,0,0,0,160956.95,144950.16,145362.55,156797.77,135601.28,151636.53
53699,593.4282484,15.902718,0,0,0,0,0,0,0,0,205706.33,0,0,0
53710,603.9173079,15.909577,0,0,0,0,0,0,2299378.2,2242023,2294269.5,2264736.5,2607315.5,2385425
53718,606.3950691,15.911381,0,0,0,0,0,0,542589.1,493271.12,526128.8,516872.44,588346.75,541040.44
53721,592.9265105,15.911435,0,0,0,0,0,0,324233.97,331273.78,321809.3,312056.88,367322.97,323511.84
53724,601.4401134,15.911559,0,0,0,0,0,0,5527419,5863335,5541811.5,5411655.5,6043055,5769570
53737,603.4454942,15.917819,0,0,0,0,0,0,86019.21,0,0,0,0,0
53739,584.4127687,15.919106,0,0,0,0,0,0,115561.25,0,0,109006.04,132847.94,118546.36
53761,754.3831325,15.932496,0,0,0,0,0,0,99545.01,88666.375,93251.305,104207.96,89908.836,83749.41
53762,733.453788,15.932504,0,0,0,0,0,0,110097.305,102647.61,110069.67,108860.86,102930.625,95708.555
53763,698.4166944,15.932673,0,0,0,0,0,0,75632.38,63205.85,74729.91,73311.555,72374.42,65314.074
53770,738.4090067,15.936164,0,0,0,0,0,0,95930.945,81806.516,97427.82,97032.305,90797.46,79022.08
53803,395.3672722,15.967854,0,0,0,0,0,0,0,0,125738.195,0,0,0
53812,573.3910402,15.972512,0,0,0,0,0,0,101239.55,97218.17,105214.29,98412.86,115291.836,104411.42
53817,579.4269765,15.974308,0,0,0,0,0,0,6713511,7076069.5,6726302.5,6527551.5,7464292,6891044
53825,581.9041429,15.97607,0,0,0,0,0,0,2738984.5,2636246.2,2720927.5,2719243.5,3120247.2,2765732
53826,584.3818669,15.97607,0,0,0,0,0,0,634468.94,560454.5,597631.06,627607.2,680294.75,592107.25
53827,570.9133013,15.976101,0,0,0,0,0,0,403874.97,414968.38,421605.62,395390.97,466684.1,417670.94
53832,562.3995945,15.978437,0,0,0,0,0,0,124898.016,0,0,0,136840.62,0
53837,584.8835505,15.981087,0,0,0,0,0,0,0,0,0,0,0,381540.2
53847,525.358415,15.984723,0,0,0,0,0,0,48707.094,401824.38,44143.176,53615.96,61714.586,78345.46
53854,637.3375738,15.986231,0,0,0,0,0,0,0,103194.44,0,0,0,0
53856,700.4325384,15.986487,0,0,0,0,0,0,69143.71,74699.84,31456.023,87393.77,86681.48,84983.445
53859,717.4589817,15.988216,0,0,0,0,0,0,602457.3,660925.3,308740,743550.1,719905.4,676613.5
53860,738.388342,15.988217,0,0,0,0,0,0,719077.5,693300.3,321377.56,863682.7,781279.06,725334.1
53866,722.4143358,15.989947,0,0,0,0,0,0,400836.97,390090.47,184956.33,492490.88,468354.22,427396.2
53873,406.3292074,15.993407,0,0,0,0,0,0,288316.16,174148.64,322699.25,279053.5,192333.02,177484.84
53937,551.3779561,16.036377,0,0,0,0,0,0,130376.9,137588.1,133628.84,136039.88,136675.75,131867.52
53942,559.8909918,16.038399,0,0,0,0,0,0,3023714.5,3214079.5,2996627.2,3009776,3474762.8,3082211.2
53948,557.4138481,16.04008,0,0,0,0,0,0,7422168,7959003.5,7754169,7194673,8385862.5,7859656.5
53952,567.8781154,16.0402,0,0,0,0,0,0,78291.32,87567.89,78409.92,82297.19,84538.94,85110.945
53960,562.3687769,16.043638,0,0,0,0,0,0,672358.1,694534.75,602330.7,689854.56,798581.8,660732.8
53962,1096.793411,16.043676,0,0,0,0,0,0,170589.48,195647.77,197304.88,158789.4,184892.22,179922.81
53966,548.9002637,16.045477,0,0,0,0,0,0,505156.34,528493.3,503586.03,479143.7,587380.8,530343.25
53968,540.3865624,16.046103,0,0,0,0,0,0,129416.2,133842.28,127264.3,0,0,143912.64
54122,266.1726641,16.100777,0,0,0,0,0,0,0,279409.34,261194.02,220842.94,0,0
54134,647.4592195,16.103226,0,0,0,0,0,0,0,0,0,3260260.5,0,0
54145,535.4007085,16.104244,0,0,0,0,0,0,8021607.5,8171333,7418199.5,7912788.5,9238114,8850740
54146,1057.722299,16.104473,0,0,0,0,0,0,90281.664,164053.78,184759.06,85746.89,107178.65,98840.195
54147,1052.766869,16.104475,0,0,0,0,0,0,287736.6,456457.8,508321.7,278252.3,347559.44,326322.25
54149,569.3845268,16.104603,0,0,0,0,0,0,0,0,141487.14,19156.553,0,0
54157,396.3472569,16.10599,0,0,0,0,0,0,0,0,111904.01,0,0,0
54164,536.904836,16.10599,0,0,0,0,0,0,0,0,376227.47,0,0,0
54170,537.8779737,16.106207,0,0,0,0,0,0,3165514.2,3324238.5,3025826.8,3186493,3763642.2,3388184.2
54171,540.3557405,16.106207,0,0,0,0,0,0,705584.7,667618.25,610607.44,703645.25,851705.6,707890.06
54173,526.8871449,16.106209,0,0,0,0,0,0,610890.94,689681.56,620035.75,606651.8,716099.94,656412.75
54180,518.3734917,16.107483,0,0,0,0,0,0,126607.95,0,151475.06,131315.3,0,124817.06
54182,529.3647366,16.107708,0,0,0,0,0,0,143499.72,163902.97,147797.81,136641.3,167174.86,156706.44
54208,540.857411,16.11419,0,0,0,0,0,0,0,0,0,0,464807.8,0
54214,663.4541867,16.115604,0,0,0,0,0,0,0,888986.3,892954.5,693122.7,527697.25,568107.2
54224,680.4806255,16.118416,0,0,0,0,0,0,87616.805,223731.8,217377.03,118517.58,132574.83,130955.54
54356,507.8533564,16.16727,0,0,0,0,0,0,0,0,0,0,109959.195,0
54359,361.2408132,16.167583,0,0,0,0,0,0,125880.12,57553.887,0,53112.613,11482.195,15453.511
54362,383.222761,16.167906,0,0,0,0,0,0,2399399.8,870743.25,17825.977,1113327.5,270596.22,326381.47
54363,523.8518102,16.167969,0,0,0,0,0,0,87343.32,77257.26,70935.23,86039.6,89769.375,83387.27
54368,513.3874967,16.169638,0,0,0,0,0,0,8108795,8277890,7672985,7600001,8677509,8193257
54369,518.3425687,16.169647,0,0,0,0,0,0,790971.7,749003.3,730424.44,754042.94,865846.6,828269.8
54371,443.3519854,16.169828,0,0,0,0,0,0,0,0,223248.1,0,0,0
54381,515.8648074,16.1715,0,0,0,0,0,0,3450436,3531038.5,3313718.8,3302612.5,3835301.2,3714632.5
54382,504.8740665,16.171503,0,0,0,0,0,0,822944.6,826639.75,785192.8,781636.8,873740.25,838784.56
54383,496.3604559,16.171522,0,0,0,0,0,0,145169.97,136763.42,121996.57,124798.76,143596.89,148577.69
54386,1008.740721,16.173113,0,0,0,0,0,0,503693.03,549448.5,539679.75,474155.28,563369.94,518696.2
54389,507.351725,16.174986,0,0,0,0,0,0,204778.08,185852.75,174738.14,180624.34,196340.08,201285.56
54390,1013.696153,16.174963,0,0,0,0,0,0,149409.83,164189.72,158027.34,140994.06,167016.66,150462.73
54532,482.8608527,16.236853,0,0,0,0,0,0,1030434.44,1074071.8,1007847.1,920377.8,1136673,1069427.6
54533,496.3295311,16.236853,0,0,0,0,0,0,800408.06,768065.7,708916.3,728306.5,835101.3,825863.75
54536,964.7145948,16.236853,0,0,0,0,0,0,813367,877960.3,868159.94,720912.75,905321.75,864505.25
54538,485.3385283,16.236994,0,0,0,0,0,0,237331.45,241770.2,227344.48,228172.64,256501.6,259374.58
54555,493.8517595,16.238733,0,0,0,0,0,0,3326374.2,3472208.2,3210252.2,3098926.8,3587182.2,3478560.2
54562,284.2948042,16.240465,0,0,0,0,0,0,196089.67,337332.06,284361.5,245893.08,308152.22,282414.16
54563,474.3472442,16.240862,0,0,0,0,0,0,0,125917.87,0,0,0,0
54572,491.3743322,16.242197,0,0,0,0,0,0,6993856,7221212.5,6884362.5,6488198,7423469.5,7261540
54573,969.6699435,16.242197,0,0,0,0,0,0,231710.38,227700.19,233789.9,198630.25,248265.06,230354.38
54595,558.3508164,16.24783,0,0,0,0,0,0,0,0,0,0,0,116135.836
54608,557.3474773,16.249569,0,0,0,0,0,0,0,0,0,0,271216.66,310556.03
54635,663.4542013,16.25626,0,0,0,0,0,0,0,0,1057580.2,0,0,618624.1
54757,723.5417563,16.30537,0,0,0,0,0,0,312245.88,344172.88,326794.3,300311.06,353595.7,357324.78
54759,460.8477214,16.305517,0,0,0,0,0,0,1224533.1,1277029.5,1222355.9,1138218.8,1270520,1317584.1
54766,452.3341842,16.308393,0,0,0,0,0,0,0,103607.14,0,81891.31,104148.53,95105.13
54769,469.3610635,16.30898,0,0,0,0,0,0,4996974,5376784.5,5094571.5,4635922,5127345,5313681
54770,463.3254834,16.308992,0,0,0,0,0,0,326581,320011.06,298729.5,296976.97,338504.38,330584.88
54771,920.6880982,16.30898,0,0,0,0,0,0,1322195.1,1405088.9,1396461.8,1190365.6,1391028.4,1414809.5
54777,471.8385727,16.310728,0,0,0,0,0,0,2842868.5,2905501.8,2843547.2,2595424.5,3085165.5,2981141.8
54778,925.6434585,16.310722,0,0,0,0,0,0,326513.2,316550.78,323788.66,286847.2,344681.4,344964.7
54783,474.3163287,16.31246,0,0,0,0,0,0,705233,695554.8,698847.1,685984.94,813062.2,756396.44
54865,724.0434223,16.340542,0,0,0,0,0,0,0,0,284435.5,0,0,287653.72
54870,310.3105146,16.342203,0,0,0,0,0,0,500370.44,673882.44,519950.28,507140.12,470407.88,520528.75
54928,879.6709352,16.366962,0,0,0,0,0,0,0,84406.93,0,0,0,0
54936,605.3453352,16.370789,0,0,0,0,0,0,0,0,0,0,148397.78,182381.88
54939,499.3032487,16.37094,0,0,0,0,0,0,0,0,90896.766,0,0,0
54941,438.8345085,16.372292,0,0,0,0,0,0,776989.56,818698.2,767124,723067.7,848936.8,843383.2
54944,583.3631864,16.373415,0,0,0,0,0,0,0,0,0,10058.939,766945.94,953610.2
54946,876.6619257,16.374039,0,0,0,0,0,0,2493022.2,2662693.2,2513791.2,2254051.8,2688001,2708330
54953,449.8255106,16.375816,0,0,0,0,0,0,1876930.1,1833852.6,1916654.1,1729835.9,2004977.6,1966399
54957,447.3479082,16.377642,0,0,0,0,0,0,1624331.5,1774011.2,1587224,1480939.1,1771023.1,1731664.4
54958,452.3032614,16.3778,0,0,0,0,0,0,608081.94,563255.5,594172.3,553003.3,633699.25,604841.6
54962,881.6173442,16.379333,0,0,0,0,0,0,509048.72,494817.28,528875.06,454051.25,544212.94,530104.44
54964,441.3122058,16.379578,0,0,0,0,0,0,380205.2,354742.4,382591.44,344460.44,411682.78,396999.12
55082,419.2990969,16.441809,0,0,0,0,0,0,139683.94,139134.06,123312.44,130241.18,130663.18,139361.39
55092,832.6357084,16.443491,0,0,0,0,0,0,3448645.5,3471625.8,3347345.5,3030690,3529257.8,3448904
55093,416.8214053,16.44356,0,0,0,0,0,0,83402.54,80422.984,82583.88,73095.24,83757.34,84568.97
55099,523.3608009,16.446362,0,0,0,0,0,0,15536.947,39787.17,160422.5,0,44682.15,66729.64
55104,835.6448784,16.447025,0,0,0,0,0,0,94153.78,94172.74,0,81977.71,99056.56,0
55106,397.3828805,16.447214,0,0,0,0,0,0,3413.6633,0,28578.816,0,429010.94,0
55107,430.2900837,16.447315,0,0,0,0,0,0,370031.9,379074.22,339537.2,340579.5,355576.56,392134.5
55110,837.5912071,16.44899,0,0,0,0,0,0,1020899.56,1022618.5,973275.94,907071.56,1021849.8,1056941.8
55111,427.8123419,16.449099,0,0,0,0,0,0,268387.06,274776.53,250154.08,250637.2,259812.58,273581.2
55132,489.2976719,16.45613,0,0,0,0,0,0,0,0,0,0,119872.75,107134.18
55148,663.4543308,16.457186,0,0,0,0,0,0,0,0,881315.5,0,0,0
55149,680.4807917,16.457186,0,0,0,0,0,0,0,0,143398.92,0,0,0
55151,703.476193,16.457186,0,0,0,0,0,0,0,0,300569.78,0,0,0
55161,569.3845969,16.46018,0,0,0,0,0,0,14041.005,12232.183,85853.55,14657.987,13876.608,16075.556
55199,698.52088,16.467628,0,0,0,0,0,0,0,0,122749.875,0,0,0
55228,687.4812203,16.478516,0,0,0,0,0,0,0,0,157361.4,0,0,0
55238,491.3134627,16.48322,0,0,0,0,0,0,0,0,0,0,76705.945,59235.402
55302,791.6187717,16.519129,0,0,0,0,0,0,74441.766,73821.89,0,65761.32,76066.89,76924.375
55303,771.5831461,16.519838,0,0,0,0,0,0,72406.01,70328.78,66398.21,62030.91,71049.4,74174.99
55304,788.6095775,16.52004,0,0,0,0,0,0,3358215.2,3311157,3103887.5,2959934.8,3324028.2,3376293
55305,793.5650128,16.520042,0,0,0,0,0,0,1120713.4,1148930.2,1075247.4,1040444.44,1190327.1,1218252.5
55439,124.0868779,16.57965,0,0,0,0,0,0,0,82030.445,0,0,0,145992.69
55467,319.2996092,16.58683,0,0,0,0,0,0,253384.83,239152.19,227345.22,241842.67,239129.6,257959.16
55468,336.3262282,16.58706,0,0,0,0,0,0,1436542.2,1612491.9,1571951.1,1610458.1,1540506.5,1655004.1
55470,337.3295608,16.589043,0,0,0,0,0,0,338244.5,388688.28,350001.38,368202,360379.1,330885.75
55483,703.4761202,16.592196,0,0,0,0,0,0,0,0,91838.586,0,0,0
55489,744.5835143,16.593058,0,0,0,0,0,0,3053507.5,3048532.2,2896106.2,2794863.8,3002075.5,3179058.5
55502,749.5388603,16.59518,0,0,0,0,0,0,1006717.25,969283.3,975599.56,922930,1036803.9,1003543.06
55524,537.3949286,16.60611,0,0,0,0,0,0,236193.4,0,0,0,0,0
55530,708.5118101,16.607512,0,0,0,0,0,0,34677.375,0,117019.984,0,132542.06,103173.81
55564,494.5660098,16.618498,0,0,0,0,0,0,204493.02,211515.61,210211.33,213944.28,212349.52,207757.81
55677,700.5573754,16.667097,0,0,0,0,0,0,2706385.2,2777475.5,2647674.2,2583503.5,2648900.5,2794996.2
55687,705.5127464,16.668707,0,0,0,0,0,0,826093.4,821156.5,817009.8,802522.8,857045.44,825593.75
55692,706.5161589,16.668964,0,0,0,0,0,0,0,0,310109.28,0,0,0
55705,750.4074228,16.674791,0,0,0,0,0,0,0,0,0,1531710.8,0,0
55828,605.3453352,16.717655,0,0,0,0,0,0,0,0,0,0,86900.695,100560.43
55845,534.4174304,16.724892,0,0,0,0,0,0,384327.2,0,0,0,0,0
55849,583.3635672,16.725302,0,0,0,0,0,0,39142.65,0,0,18738.273,205883.9,240047.03
55857,124.0868824,16.727833,0,0,0,0,0,0,0,57177.68,0,143835.11,43276.24,35891.496
55877,1061.808484,16.735735,0,0,0,0,0,0,3463596.8,119092.86,66896.016,111901.55,68108.3,113758.05
55887,662.4897653,16.737276,0,0,0,0,0,0,244648.67,275494.03,0,0,267750,0
55891,661.4865892,16.737389,0,0,0,0,0,0,716910.2,744513.6,718129.9,696272.1,745910.6,737052.5
55893,1215.836543,16.737917,0,0,0,0,0,0,1364728.9,393419.44,301961.97,499435.88,276482.5,491948.88
55908,656.5311792,16.741257,0,0,0,0,0,0,2399113.8,2415794.5,2386561.8,2247532.8,2363476.2,2444038.2
55909,640.5878447,16.741259,0,0,0,0,0,0,342513.88,375006.75,372801.12,349993.16,387172.28,355971.62
55921,658.5375014,16.745644,0,0,0,0,0,0,185625.61,0,0,0,0,0
55924,1193.854421,16.746601,0,0,0,0,0,0,522479.47,63440.754,49318.92,110426.56,51876.344,98108.28
55932,531.4079562,16.748568,0,0,0,0,0,0,7.03E+07,1.31E+07,9561520,1.29E+07,9614543,1.31E+07
55938,554.3930129,16.74962,0,0,0,0,0,0,4.25E+07,0,0,0,9990521,0
55940,553.3899354,16.750298,0,0,0,0,0,0,1.26E+08,3.91E+07,3.03E+07,3.78E+07,2.96E+07,3.79E+07
55941,569.3641996,16.75032,0,0,0,0,0,0,2959573.5,978228.7,808733.56,885104,696296.25,886087
55944,1083.790829,16.750671,0,0,0,0,0,0,2.39E+07,1210669.4,691315.9,1109743.9,646413.8,1151194.5
55946,556.3886442,16.751219,0,0,0,0,0,0,0,0,0,448050.88,0,0
55973,576.465925,16.757864,0,0,0,0,0,0,1325912.8,279970.12,207865.22,283679.7,207194.3,285087.03
56003,611.348435,16.768576,0,0,0,0,0,0,503020.1,103723.76,82824.32,89614.86,95336.69,120939.47
56008,366.3730854,16.770481,0,0,0,0,0,0,1128600.9,1133362.9,1009427.44,1150111.6,1128993.5,1158792.6
56022,621.3773811,16.776075,0,0,0,0,0,0,757396.7,143010.61,85721,132222.19,128532.31,172218.58
56036,532.4111336,16.77949,0,0,0,0,0,0,2.38E+07,0,0,0,0,0
56046,493.3501501,16.781282,0,0,0,0,0,0,192791.48,559289.94,522340,517255.53,530675.75,468145.3
56070,556.3995855,16.78986,0,0,0,0,0,0,602922.44,0,0,0,0,0
56071,570.3674101,16.78986,0,0,0,0,0,0,972580.8,0,0,0,0,0
56106,666.1313712,16.80116,0,0,0,0,0,0,81992.805,91021.27,87607.11,78646.12,82469.61,88112.57
56130,614.5111702,16.810608,0,0,0,0,0,0,132166.81,0,0,0,0,0
56136,618.4636624,16.81197,0,0,0,0,0,0,0,226548.06,0,0,0,0
56144,612.5048454,16.813948,0,0,0,0,0,0,2022581.1,2089955.4,1959322.2,1913136.8,1962371,2076019.6
56151,617.4602977,16.817553,0,0,0,0,0,0,645230,688300.3,653187.25,658389.75,685304.25,693481.5
56152,341.3607571,16.817667,0,0,0,0,0,0,12044.984,376193.25,393740.03,398703.12,371906.78,355206.78
56161,752.5626119,16.82125,0,0,0,0,0,0,134930.48,305868,304366.66,278971.22,326377.66,311411.06
56204,755.0402892,16.839409,0,0,0,0,0,0,182329.12,317514.75,315352.22,293519.75,333024.7,332519.62
56232,651.4558934,16.849787,0,0,0,0,0,0,133676.25,122023.52,125714.89,102182.35,120026.18,136978.47
56233,651.1213986,16.849825,0,0,0,0,0,0,108961.82,111466.75,119484.664,100038.836,123511.73,126778.98
56249,653.1076362,16.855341,0,0,0,0,0,0,118650.09,117713.055,111383.86,101461.76,127581.98,118432.81
56251,753.0642589,16.855648,0,0,0,0,0,0,0,0,271863.84,0,0,0
56255,652.7733568,16.85706,0,0,0,0,0,0,107108.28,108754.4,115221.25,101912.79,107855.72,114405.83
56263,567.3694139,16.860659,0,0,0,0,0,0,406320.6,87957.87,48630.97,193224.44,187270.9,230168.69
56318,124.0868842,16.87588,0,0,0,0,0,0,84541.914,0,215138.6,0,60649.82,62434.098
56352,569.4820013,16.888958,0,0,0,0,0,0,555363.5,555624.4,0,0,557917.75,0
56362,573.4340679,16.891176,0,0,0,0,0,0,628550.7,618301.94,615687.7,628924.5,652021.3,656931.8
56368,568.4786364,16.893011,0,0,0,0,0,0,1714219.4,1723994.5,1602540.8,1573286.4,1669901.9,1654184.4
56389,636.7805228,16.900324,0,0,0,0,0,0,200486.36,185627.05,182695.86,166588.22,185943.69,197344.95
56398,636.4460761,16.904121,0,0,0,0,0,0,188642.06,184108.95,175363.16,151393.03,185450.73,181680.34
56408,638.0979077,16.905703,0,0,0,0,0,0,175951.42,164180.78,163296.48,148695.11,186801.52,182439.8
56434,638.4322971,16.91323,0,0,0,0,0,0,174265.02,157588.14,163333.88,154571.97,179617.47,183931.7
56505,623.7569111,16.956282,0,0,0,0,0,0,246754.3,234295.6,237616.06,211261.12,247877.52,277009.88
56508,529.4078864,16.956396,0,0,0,0,0,0,825825.56,841869.06,789822.56,795666.6,848431.94,834586.1
56509,622.1051259,16.95654,0,0,0,0,0,0,262522.3,229587.28,239060.23,224665.89,273705.53,284577.66
56510,625.0742816,16.956873,0,0,0,0,0,0,96182.79,100287.76,98731.98,91320.56,108296.51,106225.2
56518,530.4112869,16.958141,0,0,0,0,0,0,235089.95,243987.25,232610.9,235346.06,251931.34,246356.06
56519,623.422556,16.958141,0,0,0,0,0,0,259808.94,237266.4,241163.9,215651.75,257730.39,266535.6
56522,621.7706945,16.958338,0,0,0,0,0,0,261771.42,243673.14,251884.86,232859.94,267182.84,276628.78
56524,524.4523763,16.95991,0,0,0,0,0,0,1219332.1,1203780.8,1130733.6,1132383.1,1208638.6,1237495.5
56525,625.4087884,16.959908,0,0,0,0,0,0,97634.414,91515.43,92762.1,85037.24,106086.91,101472.07
56584,862.5678467,16.980133,0,0,0,0,0,0,0,75194.49,168774.7,0,0,0
56644,607.429889,17.008144,0,0,0,0,0,0,362062.34,332339.72,346554,316180.22,357041.75,387596.2
56658,608.7472305,17.013458,0,0,0,0,0,0,353294.6,340852.53,342903.62,326580.16,386770.75,394056.53
56661,607.0954192,17.013588,0,0,0,0,0,0,372706.53,332992.7,363021.06,324390,374055.97,385615.34
56681,463.3994861,17.018805,0,0,0,0,0,0,137341.34,144128.22,131357.48,133860.17,142807.81,145834.75
56682,609.0816237,17.018805,0,0,0,0,0,0,336536.8,331832.38,336432.16,310057.25,351621.97,378886.7
56689,480.4260849,17.020548,0,0,0,0,0,0,765441.6,763742,731021.44,746175.44,780622.06,802613.7
56700,485.3815053,17.022385,0,0,0,0,0,0,986807.25,1061076,962851.06,1023606.44,1094546,1085967.4
56800,436.3997618,17.061754,0,0,0,0,0,0,396873.22,412320.28,383407.75,397603.1,424327.22,407770.8
56807,419.3732393,17.065279,0,0,0,0,0,0,421039.9,430236.84,399741.9,437903.28,439444.97,440531.12
56808,441.35521,17.06528,0,0,0,0,0,0,871502.5,945298.8,838831.3,893375.7,985726,959897.06
56818,593.0887155,17.068712,0,0,0,0,0,0,264275.56,238414.1,247399.95,232277.88,253593.31,268193.22
56836,592.4199668,17.072489,0,0,0,0,0,0,504817.9,476904.1,488835.34,447875.56,511411.88,516733.06
56837,592.7544384,17.072517,0,0,0,0,0,0,489305.7,445025.25,462147.06,425543.22,497413.38,500569.66
56838,594.4062016,17.072676,0,0,0,0,0,0,462389.3,469574.94,455237.84,428016.88,511335.53,507271.22
56843,594.0717379,17.074417,0,0,0,0,0,0,487885.56,473351.28,483815.06,449864.62,541677.25,528789.25
56846,595.7234922,17.075867,0,0,0,0,0,0,181036.84,194441.22,185095.67,181167.8,213585.48,220382.08
56852,596.057878,17.077894,0,0,0,0,0,0,183671.77,192778.4,176418.61,167036.84,208940.88,214136.11
56906,375.3469919,17.10248,0,0,0,0,0,0,344736.94,373637.12,340947.06,353375.3,380211.38,372820.44
56907,397.3289366,17.10248,0,0,0,0,0,0,815515.7,968107.06,813446.3,917339.5,975487.5,959947.4
56918,392.3735542,17.105963,0,0,0,0,0,0,134917.05,152647.33,134861.02,140420.7,148254.83,146034.25
56966,581.0480315,17.125595,0,0,0,0,0,0,280457.06,272140.7,273215.1,256006.44,301293.62,312494.9
56969,578.4132846,17.127089,0,0,0,0,0,0,313583.97,310940.7,309806,264739.38,337604.62,350285.94
56971,857.5994801,17.127323,0,0,0,0,0,0,108878.164,113775.07,113896.94,110705.5,130833.15,131736.52
56986,579.7307077,17.130808,0,0,0,0,0,0,602753.94,621379.06,597258,567152.8,678652.25,703225.94
56992,581.7166983,17.132742,0,0,0,0,0,0,124471.93,130766.91,125930.87,126267.375,143257.92,146253.77
57005,577.7445436,17.13603,0,0,0,0,0,0,658153.9,641879.7,659825.5,574450.7,701166,732960.4
57006,578.0789618,17.13603,0,0,0,0,0,0,607655.3,600275.56,620074.7,535619,644632.56,686657.9
57007,581.3824939,17.136248,0,0,0,0,0,0,243585.84,250513.2,252710.36,256321.4,279395.3,280508.06
57008,353.3027437,17.136316,0,0,0,0,0,0,293861.5,376957.38,298618.2,334768.9,355784.1,338907.22
57009,579.3963296,17.136347,0,0,0,0,0,0,650959.3,656374.3,668348,628994.25,718827.7,741782.1
57027,858.1013223,17.141958,0,0,0,0,0,0,107166.04,0,0,0,0,0
57136,838.5657573,17.183023,0,0,0,0,0,0,0,100449.26,0,0,0,116150.19
57143,563.0691646,17.186207,0,0,0,0,0,0,838717.8,887417.94,846845.06,754855.75,907456.5,921230.3
57145,563.4035652,17.18645,0,0,0,0,0,0,760264.94,822422.2,763556.94,701294.5,806303.7,833618.9
57146,563.7378501,17.18647,0,0,0,0,0,0,384979.34,429807.75,393315.8,362839.25,420786.12,448967.8
57149,836.0881009,17.18752,0,0,0,0,0,0,0,0,0,0,0,213487.17
57153,566.3726138,17.188654,0,0,0,0,0,0,368539.47,357376.28,379619.5,359094.6,391876.62,435007.22
57156,566.7070103,17.190138,0,0,0,0,0,0,331231.44,317862,347052.38,318568.75,377406.47,391079.56
57158,835.5866053,17.191637,0,0,0,0,0,0,211207.78,211364.6,208615.3,198162.38,226574.86,238268.8
57160,568.3589198,17.192,0,0,0,0,0,0,107176.664,102579.18,114776.766,99739.65,118381.31,120332.92
57162,565.0552731,17.192045,0,0,0,0,0,0,772598.06,783127.7,812864.3,758722.75,860466.75,896268.5
57167,838.0640743,17.193762,0,0,0,0,0,0,113855.086,114642.375,124650.02,112765.016,129332.03,134223.31
57175,564.7208357,17.195633,0,0,0,0,0,0,873657.4,841894.8,878391.9,810627.5,938567.5,1001570.9
57176,568.0242552,17.195673,0,0,0,0,0,0,122305.26,111544.11,129526.305,115242.3,133584.39,151475.81
57292,548.7282258,17.244509,0,0,0,0,0,0,948728.94,919610.9,926033.1,884884.7,990124.56,1005425.8
57293,549.0624844,17.244509,0,0,0,0,0,0,466605.8,474408.78,469997.78,436760.34,511010.5,506643.1
57311,813.5733188,17.248114,0,0,0,0,0,0,398424.7,398167.12,390761.34,370092.47,415750.22,448473.7
57319,548.3937839,17.249853,0,0,0,0,0,0,1045699.8,1057029.8,1019574.7,1006582.94,1114668.2,1102635.8
57320,550.3798907,17.249853,0,0,0,0,0,0,966430.94,1002874.25,1026706.7,933898.7,1096285.8,1146778.4
57321,553.3490611,17.250208,0,0,0,0,0,0,171237.58,166529.64,168053.33,149660.27,186692.22,195655.31
57335,553.6835102,17.253662,0,0,0,0,0,0,147098.45,156710.62,144032.03,128871.984,160050.34,175874.47
57336,550.0454858,17.253681,0,0,0,0,0,0,1105051.2,1136900.2,1122317.2,1080494.1,1210439.4,1301596.1
57337,816.0510354,17.253683,0,0,0,0,0,0,226172.02,210822.67,216611.03,203106.66,240628.86,255642.16
57342,552.0316351,17.255417,0,0,0,0,0,0,426617.44,425066.72,433151.34,383692,474232.62,508480.62
57346,816.5525795,17.255835,0,0,0,0,0,0,0,0,0,177553.06,0,0
57353,552.3659663,17.256815,0,0,0,0,0,0,195097.27,204436.97,218669.53,189753.52,229094.67,237903.3
57354,551.6972273,17.257149,0,0,0,0,0,0,456861.06,509863.7,482043.1,449886.1,548184.56,581818.5
57364,549.3969033,17.259462,0,0,0,0,0,0,0,0,166631.81,0,0,0
57469,535.3703183,17.305763,0,0,0,0,0,0,1378280.4,1404170.5,1384039,1315435.4,1543652.6,1543970.2
57478,539.0077254,17.309233,0,0,0,0,0,0,186344.53,187682.73,170704.81,171227.39,214445.33,197053.86
57484,537.022211,17.310965,0,0,0,0,0,0,636205.75,649246.3,594878.06,588503.2,720137.8,705742.1
57486,537.3590193,17.310968,0,0,0,0,0,0,539888,553058.5,521508.7,499038.9,617855.8,626674
57497,538.6732573,17.312698,0,0,0,0,0,0,229485.42,217464.42,209296.89,200228.44,256175.33,241977.83
57505,537.6901105,17.314436,0,0,0,0,0,0,254895.31,248822.02,240413.56,230277.31,272584.8,277769.44
57507,791.5603269,17.314445,0,0,0,0,0,0,751408.4,727798.4,723086.7,693889.3,809556.25,809686
57512,536.0389358,17.316164,0,0,0,0,0,0,576101.75,571974.75,583570.9,553835.8,641034.7,653328.56
57513,533.7184581,17.316172,0,0,0,0,0,0,1256444.8,1241268,1265392,1192051.6,1280207.6,1311174.1
57514,534.0528618,17.316175,0,0,0,0,0,0,1070415.2,1069970.2,1083580.8,991588.9,1107402.5,1112113
57516,794.0379273,17.316175,0,0,0,0,0,0,412104.44,410440.66,404914.44,367052.6,461234.28,456267
57522,535.7046502,17.317907,0,0,0,0,0,0,1234620.1,1189643.6,1183133.4,1096556.2,1325350.6,1339508.6
57523,534.3871858,17.31791,0,0,0,0,0,0,519504.6,492784.25,526046.7,476624.25,528478.56,572961.06
57551,536.3733024,17.326235,0,0,0,0,0,0,0,0,0,205057.06,0,237412.38
57671,519.0427396,17.373383,0,0,0,0,0,0,1151553.6,1135916.6,1184599.2,1096953.2,1224597.5,1304754.6
57672,519.377178,17.373383,0,0,0,0,0,0,998603.56,954447.7,1010215.7,912766.94,1028815.44,1081632.8
57673,519.7114936,17.373383,0,0,0,0,0,0,470106.34,450427.03,477172,442193.25,494325.5,530751.5
57679,769.5472686,17.375113,0,0,0,0,0,0,1441592.6,1433307.9,1423043.6,1300762.2,1563372.8,1572685.6
57683,522.3462594,17.376844,0,0,0,0,0,0,765826.1,807719.3,750595.8,752560.1,888409.44,824768.06
57696,523.9980091,17.378576,0,0,0,0,0,0,278629.8,296974.88,275572.94,266278.44,336183.4,306614.4
57703,520.6945126,17.380312,0,0,0,0,0,0,1653452.2,1676579.5,1571508.2,1568957.4,1793477.9,1761520.5
57704,772.0248813,17.380308,0,0,0,0,0,0,776318.1,805702.06,761991.44,736561.44,868039.4,843271.56
57709,124.0869027,17.380945,0,0,0,0,0,0,137942.36,0,0,0,55536.395,0
57718,522.6806579,17.383776,0,0,0,0,0,0,667179.2,680337.7,611150.5,599129.75,732389.06,702430.7
57874,509.6570278,17.437576,0,0,0,0,0,0,273845.16,282040.97,262082.3,259126.25,326530.3,327379.84
57880,507.6707583,17.439304,0,0,0,0,0,0,848750.56,882713.75,841431.06,816857.2,990186,956555.7
57887,508.0051717,17.441038,0,0,0,0,0,0,660876.75,720689.9,709420.06,638818.25,796093.7,738000.75
57888,752.4895043,17.441044,0,0,0,0,0,0,407943.7,441622.6,416375.22,410553,487479.84,493517.28
57901,504.3672821,17.444498,0,0,0,0,0,0,568590.8,566395,557659.7,553086.7,630624.8,617472.5
57904,505.0359829,17.4445,0,0,0,0,0,0,216125.67,223091.25,223458.28,216020.77,223559.58,240838.2
57905,504.7016972,17.444502,0,0,0,0,0,0,471812.03,468511.2,460008.53,465027.1,491022.8,492939.75
57908,506.018977,17.444506,0,0,0,0,0,0,1454089.5,1510556.2,1453405.9,1405805.1,1637505.5,1555675.8
57911,750.0118443,17.444506,0,0,0,0,0,0,1560719.5,1601507.6,1538414.9,1471040.9,1744375.1,1743041.6
57916,747.5342856,17.44623,0,0,0,0,0,0,2853551.5,2831892,2764059.5,2726221.2,3023215.5,3085707.5
57922,508.3395397,17.44797,0,0,0,0,0,0,308426.62,334200.38,321861.84,302298,387779.7,344802.03
57923,509.3225572,17.44797,0,0,0,0,0,0,348106.97,356758.25,351061,338574.78,411418.2,360941.2
58080,491.3435972,17.508553,0,0,0,0,0,0,646098.7,637600.3,630072.1,582449.4,710315.9,693274.75
58081,491.6780104,17.508553,0,0,0,0,0,0,506009.56,529809.5,487038.75,479864.5,577061.44,505365.12
58086,727.9988193,17.508558,0,0,0,0,0,0,3033416,3105850.5,3054033.5,2939751.5,3393523.8,3411263.8
58097,492.9953623,17.510284,0,0,0,0,0,0,705946.06,765704.75,742143,734293.44,868778.1,783205.56
58098,494.6471787,17.510284,0,0,0,0,0,0,378122.1,390258.1,374143.2,398179.75,441220.47,400702.7
58100,725.5212575,17.510286,0,0,0,0,0,0,4775421,4655358,4618707,4427406.5,4972685,5013107
58103,730.4763902,17.51201,0,0,0,0,0,0,779844.75,822963.1,788593.25,765334.44,951232.7,893861.7
58125,728.5004282,17.51935,0,0,0,0,0,0,0,0,2379696.5,0,0,0
58167,686.4393661,17.539364,0,0,0,0,0,0,2127651.2,1601738.4,1310609.6,0,0,3547915.2
58248,479.9717513,17.57443,0,0,0,0,0,0,306288.62,314200.53,337872.94,338878.5,361517.72,327505.8
58255,708.4633495,17.57616,0,0,0,0,0,0,1477860.4,1494822.2,1518200.5,1559866,1633765.8,1546017.4
58263,705.9857441,17.577894,0,0,0,0,0,0,4905748,4789806,4882168,4685715,5281611.5,5152120.5
58272,478.6544256,17.57962,0,0,0,0,0,0,203432.12,217637.55,187722.08,220873.3,209133.97,200786.11
58273,478.3198583,17.579622,0,0,0,0,0,0,248013.88,269714.75,264782.25,276118.28,280244.03,270787.3
58288,694.9946793,17.583082,0,0,0,0,0,0,198512.28,198282.88,196899.28,180277.66,224347.81,217687.92
58289,703.5082738,17.583082,0,0,0,0,0,0,6652061,6354880.5,6310568.5,5823132.5,7053661,6979533
58346,331.9454679,17.606716,0,0,0,0,0,0,0,0,0,0,1437148.8,0
58440,681.996723,17.646837,0,0,0,0,0,0,0,0,0,0,6962638.5,6778940
58442,683.9726833,17.647085,0,0,0,0,0,0,6507212,6471175,6426440,6349580,7121788.5,6739957
58443,686.4502404,17.647087,0,0,0,0,0,0,1433645.2,1616939.4,1636221.5,1494011,1627680.9,1514557.4
58449,681.4953181,17.648813,0,0,0,0,0,0,8311599,8207147,8439244,7513133.5,9072253,8844840
58450,686.9518676,17.648815,0,0,0,0,0,0,1569406.5,1609469.5,1581183.5,1602558.8,1742491.1,1631719.4
58453,684.4742266,17.650541,0,0,0,0,0,0,4763967.5,4830668,4752166,4720459.5,5278127,5002482.5
58455,672.9816534,17.65227,0,0,0,0,0,0,282628.25,278847.03,276249.9,261572.47,317554.1,297257.8
58457,684.9756895,17.653353,0,0,0,0,0,0,2021455.1,2078401.9,0,2015926.2,2231271.2,0
58522,927.6716671,17.693754,0,0,0,0,0,0,369023.5,459296.25,423333.53,488433.44,298498.84,422534.7
58534,413.2663161,17.698935,0,0,0,0,0,0,1368600.4,1574591.1,1552330.2,2457404.2,1360373.6,1192829
58560,393.2976308,17.712759,0,0,0,0,0,0,497175.1,473056.44,622556.44,503214.75,476698.62,435551.6
58567,665.4404516,17.718021,0,0,0,0,0,0,0,0,0,0,0,800968.5
58569,664.9387938,17.718134,0,0,0,0,0,0,1884984.6,2007674.5,0,1924223.9,2151900,1902360.5
58571,650.9683629,17.719671,0,0,0,0,0,0,340803.88,387410.12,367842.6,345538.03,382912.88,386070.62
58584,664.4373764,17.728308,0,0,0,0,0,0,2675241.2,2752602.5,2588348.2,2704658.2,3029233.2,2761741
58586,661.9595171,17.728312,0,0,0,0,0,0,7982631.5,8590397,8139675,7999729,9052522,8524139
58591,662.9626327,17.728382,0,0,0,0,0,0,0,0,0,0,0,2524895.8
58597,659.482086,17.730042,0,0,0,0,0,0,1.09E+07,1.12E+07,1.13E+07,1.05E+07,1.18E+07,1.17E+07
58602,662.4610525,17.73177,0,0,0,0,0,0,5779794.5,6124540.5,5817647,5826740,6503371,6162715.5
58656,331.9454726,17.763966,0,0,0,0,0,0,1361716.9,0,1696075.6,1433267.9,0,0
58701,538.398322,17.79225,0,0,0,0,0,0,3.64E+07,4.33E+07,6.54E+07,3.64E+07,3.54E+07,5.25E+07
58711,642.4239457,17.795706,0,0,0,0,0,0,3373733.8,3411737.8,3148181.2,3193436,3921034.8,3496569.8
58729,539.3906752,17.799166,0,0,0,0,0,0,3752791.2,3993007.8,5397054,3892560,3357969.5,5242071
58736,553.3691263,17.800886,0,0,0,0,0,0,2622843.2,2929312,2970185.8,2719413,2377644.8,3716545.2
58737,639.9462733,17.800888,0,0,0,0,0,0,1.01E+07,1.07E+07,1.02E+07,9953264,1.16E+07,1.08E+07
58741,532.4396765,17.802622,0,0,0,0,0,0,6700401,4800266.5,7398749,5087734.5,4095007,7395032.5
58745,664.4574819,17.803665,0,0,0,0,0,0,0,0,0,6175139,0,6524413
58749,515.4130375,17.80435,0,0,0,0,0,0,1.30E+07,1.62E+07,1.74E+07,1.08E+07,1.03E+07,2.10E+07
58750,537.3949808,17.804348,0,0,0,0,0,0,1.18E+08,1.37E+08,1.94E+08,1.08E+08,1.05E+08,1.55E+08
58751,539.4014793,17.80435,0,0,0,0,0,0,5542762,6364427,6405114.5,4547840.5,5091271.5,7677575
58757,637.4689203,17.806068,0,0,0,0,0,0,1.36E+07,1.46E+07,1.45E+07,1.33E+07,1.49E+07,1.43E+07
58758,1051.800715,17.806074,0,0,0,0,0,0,1726826.4,2610717.5,2623261.8,1403613.1,1230383.5,3554700.2
58766,631.4331952,17.807795,0,0,0,0,0,0,241460.1,224492.56,223266.58,219116.22,278307.2,267354.16
58767,628.9552582,17.809523,0,0,0,0,0,0,479859.03,490675.38,475950.47,473255.12,554942.6,485777.97
58768,708.5118397,17.80953,0,0,0,0,0,0,1141695.4,1049770.8,1153757.1,1509129.9,1445013.1,1579710
58776,663.4540385,17.81131,0,0,0,0,0,0,0,0,0,0,0,1.42E+07
58790,665.4605909,17.81564,0,0,0,0,0,0,0,967007.7,978095,1425486.2,1085780,1405377
58794,516.4162569,17.817987,0,0,0,0,0,0,3606127,0,5899558,3559027.2,3148030.8,0
58795,680.4807178,17.818163,0,0,0,0,0,0,2428991.5,1938713.4,1757875.9,3150782,2398449.5,2844456.8
58810,681.4827734,17.826607,0,0,0,0,0,0,0,0,411064.2,519222.94,0,491749.44
58823,647.4593086,17.832062,0,0,0,0,0,0,0,0,0,0,0,3547517.8
58852,124.0869019,17.853416,0,0,0,0,0,0,71302.805,0,0,0,57525.086,67530.61
58890,615.4558025,17.876904,0,0,0,0,0,0,1.67E+07,1.72E+07,1.71E+07,1.59E+07,1.71E+07,1.62E+07
58891,1199.841463,17.876879,0,0,0,0,0,0,6969031.5,7931633.5,7462966,5931320,6307110,8851755
58898,609.4199997,17.87862,0,0,0,0,0,0,286208.9,287194.22,288201.03,286596.6,339177.6,303528.53
58899,617.9330565,17.878626,0,0,0,0,0,0,1.21E+07,1.27E+07,1.21E+07,1.20E+07,1.36E+07,1.28E+07
58900,620.4107059,17.878626,0,0,0,0,0,0,3874957.8,4046540.5,3776234.5,3865810.8,4496396.5,4202817.5
58901,606.9421378,17.878633,0,0,0,0,0,0,637769.06,609127.2,641742.06,594238.25,670905.06,649373.56
58905,1212.876856,17.88036,0,0,0,0,0,0,428610.22,460974.12,481765.3,421001.72,556600.1,514502.38
58917,625.9197045,17.887257,0,0,0,0,0,0,264259.38,255761.5,276609.4,240687.4,277908.4,254623.97
59016,603.9068829,17.952967,0,0,0,0,0,0,266374.62,284654.53,302309.88,265946.97,306812.06,295539.84
59020,598.8993573,17.956406,0,0,0,0,0,0,0,0,0,0,0,3193932.8
59022,595.9199973,17.95642,0,0,0,0,0,0,1.38E+07,1.45E+07,1.40E+07,1.36E+07,1.53E+07,1.50E+07
59023,1173.806221,17.956415,0,0,0,0,0,0,315118.03,379927.47,363866.6,311170.34,399179.7,385028.16
59029,599.4007573,17.959242,0,0,0,0,0,0,0,0,0,0,1140679.2,0
59033,584.929034,17.959875,0,0,0,0,0,0,774891.44,807714.25,796221.8,774540.3,844084.75,888320.94
59034,593.4427639,17.959875,0,0,0,0,0,0,1.74E+07,1.91E+07,1.92E+07,1.77E+07,1.97E+07,1.88E+07
59035,598.397622,17.959875,0,0,0,0,0,0,4535092.5,4672699,4390717.5,4445600,4909408,4858839.5
59041,1168.85078,17.9616,0,0,0,0,0,0,712940.6,804982.5,812157.56,708590.7,856416.1,811401.1
59044,587.4067114,17.96506,0,0,0,0,0,0,373219.88,398249.25,361307.6,353023.56,382947.38,400233.97
59101,577.3876653,18.01754,0,0,0,0,0,0,0,0,941153.5,0,0,0
59124,576.3844532,18.037733,0,0,0,0,0,0,4845187.5,4855010.5,4440049.5,4672266,4951632.5,5107397
59128,565.3936971,18.041176,0,0,0,0,0,0,465255.75,478149.84,440900.1,462049.66,512445.44,460355.94
59135,1124.824784,18.04291,0,0,0,0,0,0,1159053.1,1324743.2,1219921.8,1069162.4,1304541.5,1300400.4
59141,573.9068489,18.046366,0,0,0,0,0,0,1.57E+07,1.59E+07,1.54E+07,1.51E+07,1.65E+07,1.65E+07
59145,571.4295102,18.04809,0,0,0,0,0,0,1.97E+07,2.03E+07,2.14E+07,1.86E+07,2.16E+07,2.09E+07
59150,562.9158771,18.051538,0,0,0,0,0,0,994841.06,996579.1,975815.06,954149.56,1126393.6,1076806
59160,1129.780176,18.056715,0,0,0,0,0,0,591453.8,680759.25,608441.8,541837.7,629930.2,659936.44
59195,708.5119537,18.0895,0,0,0,0,0,0,1150245,1484908.2,1711439,1832139.6,1003117.9,1497322.9
59200,685.4361022,18.091225,0,0,0,0,0,0,4.60E+07,4.68E+07,3.73E+07,5.89E+07,3.71E+07,4.04E+07
59202,675.6766264,18.092949,0,0,0,0,0,0,1740585,1558154.1,1650642.9,1710832.4,1673134.1,1660255.6
59203,680.4806788,18.092949,0,0,0,0,0,0,2132558,2389277.8,2989864.5,1866008.8,2037468.4,2893979
59205,1000.788442,18.092953,0,0,0,0,0,0,1868860.5,1868296.8,2176224.5,1947304.2,1696818.6,1939913.4
59210,321.3152691,18.094673,0,0,0,0,0,0,2062480.9,2145783.2,2029137.1,2152812.5,1978278.2,1956823.2
59212,1347.883195,18.094675,0,0,0,0,0,0,1364899.4,1419903.8,1573449.5,1455157.5,1505802.8,2152461.5
59217,338.3418473,18.098124,0,0,0,0,0,0,9.20E+07,7.38E+07,7.51E+07,6.79E+07,7.63E+07,7.44E+07
59218,686.4394691,18.098124,0,0,0,0,0,0,2.23E+07,1.32E+07,1.31E+07,1.70E+07,1.69E+07,1.45E+07
59224,665.4606022,18.101337,0,0,0,0,0,0,2219077,0,0,0,0,0
59227,376.3186443,18.101576,0,0,0,0,0,0,758491.06,398656.5,613469.75,917585.56,287422.38,739091.1
59232,687.4426349,18.103231,0,0,0,0,0,0,3607088.8,0,0,2965599.2,0,3442539.8
59238,663.4541541,18.105028,0,0,0,0,0,0,2.08E+07,2.13E+07,2.12E+07,2.78E+07,2.28E+07,1.46E+07
59239,664.4574849,18.105453,0,0,0,0,0,0,1.03E+07,9741104,1.03E+07,0,9955617,0
59247,1348.886537,18.107658,0,0,0,0,0,0,0,0,0,735462,2143304.5,1512698.2
59274,540.9028074,18.124002,0,0,0,0,0,0,1367516.2,1345014.2,1274339.9,1243329.2,1395285.8,1349175.6
59282,549.4163583,18.127455,0,0,0,0,0,0,2.16E+07,2.07E+07,2.13E+07,1.98E+07,2.23E+07,2.16E+07
59283,1085.754027,18.127457,0,0,0,0,0,0,845197.8,945733.3,875346.75,797822.06,924134.8,945829.94
59288,551.8938125,18.129179,0,0,0,0,0,0,1.67E+07,1.66E+07,1.61E+07,1.60E+07,1.76E+07,1.69E+07
59292,1080.798594,18.130905,0,0,0,0,0,0,1870230.5,2011978.8,1787239.2,1615371.9,2003409,1975840.5
59301,554.3715175,18.134356,0,0,0,0,0,0,6099123.5,5297370.5,5872474.5,5319523.5,5559267.5,6449796
59308,543.3805718,18.13608,0,0,0,0,0,0,545178.44,543544.56,517157.62,571477.06,600321.75,583973.25
59346,376.3186659,18.16636,0,0,0,0,0,0,0,0,0,0,366742.78,0
59393,527.4031832,18.205145,0,0,0,0,0,0,1.97E+07,1.97E+07,1.99E+07,1.79E+07,2.06E+07,1.99E+07
59397,521.3674756,18.206861,0,0,0,0,0,0,649117.8,686100.4,660806.4,642611.44,714253.56,692771.3
59415,529.880675,18.213766,0,0,0,0,0,0,1.62E+07,1.65E+07,1.63E+07,1.54E+07,1.75E+07,1.69E+07
59417,532.3583324,18.213774,0,0,0,0,0,0,5206386,5327141.5,5032668.5,5177106.5,5609385,5645442.5
59421,518.8896625,18.215494,0,0,0,0,0,0,1487496,1447061.9,1568181,1403859.1,1599272.1,1557021
59430,1036.772064,18.220673,0,0,0,0,0,0,2379884.8,2641564.2,2456912,2193439.5,2760359.5,2609279
59432,1041.727425,18.222404,0,0,0,0,0,0,979944.4,1146178.5,1011988.44,954526.1,1122932.4,1093765.9
59433,532.8600732,18.224651,0,0,0,0,0,0,0,0,2993356.8,0,0,0
59451,1199.841471,18.235,0,0,0,0,0,0,0,0,4927948,0,0,0
59482,708.5119151,18.259594,0,0,0,0,0,0,0,0,0,0,295410.16,0
59491,553.369168,18.26612,0,0,0,0,0,0,0,0,1402696.4,0,0,0
59546,992.7458554,18.300135,0,0,0,0,0,0,3231246.5,3452697.8,3349086,2916752.8,3505119.5,3469907
59553,499.354216,18.303587,0,0,0,0,0,0,784993.5,794872.6,768093.25,763156.7,861604.8,869702.6
59559,507.8674558,18.307043,0,0,0,0,0,0,1.50E+07,1.53E+07,1.43E+07,1.38E+07,1.60E+07,1.53E+07
59560,997.7012797,18.307049,0,0,0,0,0,0,1263281.9,1268820.5,1312311.5,1201878.4,1364518.6,1476783.4
59568,505.3900329,18.308771,0,0,0,0,0,0,1.66E+07,1.71E+07,1.63E+07,1.51E+07,1.80E+07,1.65E+07
59580,510.3450926,18.312222,0,0,0,0,0,0,5190433,5089830,4761158.5,4827362.5,5463667.5,5552235
59581,496.876547,18.312231,0,0,0,0,0,0,1852453.6,1907159,1806825.6,1685966,2040650.1,1850519.8
59745,485.8543336,18.397013,0,0,0,0,0,0,1.21E+07,1.24E+07,1.16E+07,1.12E+07,1.29E+07,1.23E+07
59755,474.8633593,18.398676,0,0,0,0,0,0,2076587.6,2173800.8,2020038.9,1920748.4,2317831.5,2226937.8
59757,488.3319843,18.39874,0,0,0,0,0,0,4643841.5,4465655.5,4183885.5,4381406,4669566.5,4665941.5
59758,948.7197327,18.398724,0,0,0,0,0,0,4515991.5,4762887,4483667.5,4017597.2,4840248,4734412.5
59761,483.3767836,18.400408,0,0,0,0,0,0,1.13E+07,1.19E+07,1.14E+07,1.03E+07,1.26E+07,1.22E+07
59763,477.3410438,18.400469,0,0,0,0,0,0,994573.4,1005780.8,972667.94,986317.6,1071527.8,1053237.8
59764,953.6750442,18.400452,0,0,0,0,0,0,1663076.5,1671186.8,1660786,1549718.6,1718865.1,1788229.6
59853,124.0868833,18.441496,0,0,0,0,0,0,63136.844,65479.316,0,0,0,70068.016
59954,909.6486441,18.487059,0,0,0,0,0,0,2353355.5,2531727.5,2352512,2179697.5,2411410,2458704.5
59959,455.3279132,18.488806,0,0,0,0,0,0,1183542.6,1164019,1110780.5,1075524.5,1259149.5,1233953.1
59968,463.8411511,18.490517,0,0,0,0,0,0,7785541.5,7924089.5,7497502,7046089.5,8132653,8025822
59969,452.8502166,18.490541,0,0,0,0,0,0,1354765,1346777,1278637.4,1192293.8,1432716.9,1369485.4
59970,461.3636319,18.490541,0,0,0,0,0,0,3546213.8,3632291,3383992.2,3204209.2,3792083.5,3758653.2
59984,904.6931605,18.492273,0,0,0,0,0,0,6879493.5,7189059.5,6988091,6186036,7182966.5,7120495.5
60003,907.7022056,18.498272,0,0,0,0,0,0,0,0,0,0,244121.95,0
60012,466.3188121,18.500898,0,0,0,0,0,0,3717432.2,3693428.8,3539392,3457317.5,3784665.5,3833468
60066,647.4595267,18.518152,0,0,0,0,0,0,0,0,0,0,9742.296,2320016.5
60172,750.4077218,18.560287,0,0,0,0,0,0,0,0,0,0,29056.125,673172.3
60190,376.3186725,18.565962,0,0,0,0,0,0,0,0,217222.03,0,466667.25,213840.05
60267,863.6762775,18.589586,0,0,0,0,0,0,263312.6,260957.42,258323.3,225455.7,267525.3,266785.78
60275,860.6670109,18.591318,0,0,0,0,0,0,8493521,8705574,8551148,7722529.5,8724710,8778566
60290,444.3057414,18.594803,0,0,0,0,0,0,2162899.5,2166998.8,2090512.8,1992807.1,2320373.5,2247003.8
60309,441.8280619,18.598307,0,0,0,0,0,0,1063755.4,1101078.5,999311.75,970926.4,1134868.2,1143686.2
60316,124.0868797,18.59954,0,0,0,0,0,0,107584.95,68348.59,0,0,185257.84,52852.195
60321,433.314688,18.599998,0,0,0,0,0,0,424807.4,410868.34,389621.56,381277.34,434987.34,433002.56
60329,865.6223957,18.603462,0,0,0,0,0,0,4057018.5,4145845.8,4093476.5,3780306,4240369,4205196
60560,550.6289132,18.669909,0,0,0,0,0,0,344056.78,441215.56,407632.34,430076.66,438472.9,360386.94
60651,819.6499667,18.693527,0,0,0,0,0,0,207229.89,217526.67,205134.89,185514.61,213508.8,205879.3
60652,816.6408907,18.693636,0,0,0,0,0,0,7684805.5,8133280.5,7793072,7121073.5,8078887.5,8016481.5
60671,821.596248,18.697245,0,0,0,0,0,0,4403604.5,4579345.5,4359756,4344113,4635266,4733729
60693,837.5703734,18.702526,0,0,0,0,0,0,155666.61,166983.52,156185.89,145628.69,172737.53,167858.48
60838,435.3598465,18.747929,0,0,0,0,0,0,481441.9,414602,483970.06,485448.72,474587.34,464699.5
60864,376.3186698,18.757362,0,0,0,0,0,0,200237.12,456842.25,0,0,0,324647.5
60878,457.3419014,18.763071,0,0,0,0,0,0,890937.4,757141.1,878313,955631.25,915078.5,894092.94
60956,550.9325594,18.79136,0,0,0,0,0,0,317513.6,375313.78,427642.6,554839.06,349682.3,0
60983,777.5701154,18.799791,0,0,0,0,0,0,3928705.5,4113213.8,4040801,3871785.5,4210040.5,4211223.5
61000,775.6239923,18.803566,0,0,0,0,0,0,149612.67,148179.38,142907.75,131262.02,146954.98,148223.28
61004,772.6148259,18.805397,0,0,0,0,0,0,6431574.5,6710445.5,6368741.5,5872381.5,6564747.5,6566998
61025,755.5881738,18.810568,0,0,0,0,0,0,92779.55,100838.664,99894.734,95879.17,101027.98,100806.74
61026,793.5440981,18.810568,0,0,0,0,0,0,138590.64,149567.2,148088.73,140257.61,148267.78,153209.16
61230,331.9454789,18.893456,0,0,0,0,0,0,1980006.1,3510517.5,1769314.8,1486506.5,2188408.8,1654010
61237,263.9579469,18.895437,0,0,0,0,0,0,551833.7,513939.1,328581.4,416976.84,480769.1,434423.75
61284,728.5888062,18.913912,0,0,0,0,0,0,4376797.5,4580736.5,4359495.5,3999846.2,4339808.5,4480432
61302,711.5622091,18.919548,0,0,0,0,0,0,104087.95,105135.46,99334.516,93026.055,105895.875,108390.72
61318,733.5440497,18.925323,0,0,0,0,0,0,3334378.8,3365068.8,3292968.8,3249024.8,3414343.5,3505136.2
61350,749.5181508,18.936262,0,0,0,0,0,0,143573.28,144234.47,147446.75,135734.38,145937,152237.22
61385,701.4102518,18.953264,0,0,0,0,0,0,411162.8,571742.9,609072.06,446872.34,459070.88,435699.4
61430,535.9081211,18.970533,0,0,0,0,0,0,251518.17,263934.22,291737.84,310822.3,302490.6,292436.03
61483,226.9514668,18.988771,0,0,0,0,0,0,2022781.5,1630248.4,1497018.2,1730124.5,1940508,1680286.5
61485,540.8896689,18.989206,0,0,0,0,0,0,195273.14,198449.86,189578.27,195764.38,200071.14,190912.94
61498,362.9264263,18.992842,0,0,0,0,0,0,304410.5,320540.28,278761.34,292507.2,257296.81,288323.66
61514,430.9138375,18.996716,0,0,0,0,0,0,347778.25,353510.72,381887.97,386753.47,385592.34,384500.38
61550,194.1175447,19.011965,0,0,0,0,0,0,245044.16,0,0,0,0,0
61565,689.5180994,19.027447,0,0,0,0,0,0,1261265.5,1252775.2,1065866.9,1227118.2,1317963.1,1371818.6
61573,685.5661452,19.031767,0,0,0,0,0,0,750393,759795.8,682145.25,685224.5,738306.75,752533.9
61574,684.5627481,19.035276,0,0,0,0,0,0,1882654.9,1901181.9,1702761.8,1725045,1877161.4,1911099.6
61864,306.8947906,19.100504,0,0,0,0,0,0,100616.62,109412.12,113243.77,99180.96,102913.836,103031.02
62060,139.9879698,19.121304,0,0,0,0,0,0,786047.56,799873.9,801342.56,795701.4,788643,781256.44
62062,186.9809648,19.121304,0,0,0,0,0,0,123163.13,126502.734,126025.24,121136.72,119519.46,116340.13
62069,142.9911787,19.123045,0,0,0,0,0,0,89798.58,88086.04,88411.836,85620.44,84994.49,84050.51
62075,112.0178602,19.123188,0,0,0,0,0,0,612823,621454.3,605138.94,616975.3,609327.3,611700.25
62076,143.9590813,19.123188,0,0,0,0,0,0,594580.2,614466.1,611908.9,588963.94,597991.4,558381.94
62078,184.9855622,19.123188,0,0,0,0,0,0,339381.97,339556.3,342300.7,328445.72,329964.4,330772.8
62100,161.9695632,19.125048,0,0,0,0,0,0,138144.25,147059.81,145725.38,136547.19,143014.02,143811.88
62107,111.0201512,19.125288,0,0,0,0,0,0,1552254.4,1550531.8,1542807.2,1554728.8,1567977.8,1536688
62117,115.9640908,19.126902,0,0,0,0,0,0,1067547.9,1074258,1084628.5,1111511.8,1076706.9,1072979.2
62121,100.5098451,19.127043,0,0,0,0,0,0,1500403.2,1483269,1479658.4,1505013.8,1447666.1,1434039.2
62123,138.9801051,19.12705,0,0,0,0,0,0,148963.53,156276.12,151091.94,158592.2,148609.42,152781.42
62141,133.9746419,19.128912,0,0,0,0,0,0,115981.195,117464.22,119955.78,118977.08,112190.86,118132.7
62241,110.0198868,19.256163,0,0,0,0,0,0,332935.06,323116.1,439592.06,449618.53,315312.5,400968.7
62287,147.0309614,19.306856,0,0,0,0,0,0,3311858.5,2817227.2,2443148,2362122,2451319,2834585.5
62288,124.0149297,19.307169,0,0,0,0,0,0,1087692.9,1008599.25,1033011.9,1100681.1,870548.7,1122927.1
62323,151.0352748,19.352396,0,0,0,0,0,0,434252.16,638579.44,517103.47,625364,656135.94,494354.47
62341,110.0086827,19.366629,0,0,0,0,0,0,3105382.8,2962548.2,2915833.2,2881055.5,2334631.2,3212501.5
62353,128.0192637,19.373749,0,0,0,0,0,0,1437188.1,1007418.1,1171932.9,1270955.1,1088636.9,1072735
62374,235.9622652,19.38613,0,0,0,0,0,0,1690647.6,1443289.1,1169529.6,1702076,1238655.5,1714796
62407,150.0142027,19.402243,0,0,0,0,0,0,892211.9,1102002.8,1033097,947315.5,985254.4,945626.75
62455,132.0036208,19.432487,0,0,0,0,0,0,2638206,2560660.5,2240173.5,2157366,2396032.5,2470217.5
62510,233.9665612,19.46831,0,0,0,0,0,0,578177.75,609859.44,503215.78,684565.25,473025.66,480918.5
62519,212.9462818,19.471521,0,0,0,0,0,0,1066744.5,1078560.2,1015083.3,1018251.1,1230748.4,1051268.8
62543,125.986255,19.482336,0,0,0,0,0,0,1.10E+07,1.07E+07,1.10E+07,1.13E+07,9627243,1.15E+07
62589,122.0192432,19.50212,0,0,0,0,0,0,0,0,0,0,0,2217691
62604,104.0085991,19.51071,0,0,0,0,0,0,1437095.1,1359031.8,1492673.5,1225565.2,1435812.1,1449553.8
62610,145.0352813,19.514019,0,0,0,0,0,0,1636032.1,1697620.4,1696101.6,1428887.5,1431645.2,1347763.2
62612,143.9968444,19.514137,0,0,0,0,0,0,0,0,0,984865.7,1003410.25,0
62669,201.0082819,19.545929,0,0,0,0,0,0,922436.25,913620.44,985701.44,718574.06,784358.5,811092.94
62687,210.9505877,19.551271,0,0,0,0,0,0,756423.2,800403.06,810523.8,676224,830767.75,729856.4
62694,128.950776,19.554716,0,0,0,0,0,0,2391876.8,2525359,2528441.5,2400655.8,2423264.8,2371517.5
62755,185.9848046,19.597483,0,0,0,0,0,0,0,0,0,0,0,735853.9
62837,155.0028318,19.6507,0,0,0,0,0,0,0,0,0,0,0,1343904.4
63042,125.9829291,19.836025,0,0,0,0,0,0,0,0,0,4722.9478,9502.59,0
63084,125.9894886,19.884962,0,0,0,0,0,0,0,0,0,12442.155,9237.912,0
63115,125.9830798,19.928541,0,0,0,0,0,0,0,0,0,0,8639.452,0
