Compound Number,GroupID,GroupMembers,row ID,row m/z,row retention time,Dta-ap,Dbh-w,Dax-tl,Dgr-ap,Dfe-w,Dgem-w,Dgi-w,Dac-tl,Dyu-w,Dau-tl,Dre-tl,Dpa-tl,Dpe-w,Dat-ls,Dki-w,Dho-w,Dde-w,Dod-fr,Dod-b,Dod-l,Dod-r,Dod-s,Dje-fr,Dje-ft,Dge-fr,Dps-fr,Dps-ft,Dpo-fr,Dpo-l,Dpo-s,Wdo-w,Wla-w,Wsc-w,Wpi-w,Wli-w,Wpa-w,Win-l,Win-s,Wca-w,Wal-w,Wli-ap,Wli-r,Wst-w,Wnu-w,Wlu-w,Wmi-tl,Wde-w,Wtr,Ega-w,Eal-w,Ech-ft,Ech-b,Ech-l,Ech-s,Ech-fr,Sch-r,D Score,MD Score,type,elemental composition,identification,same composition,adduct ion,same peak,IHD,A part,B part,C part,C-12,C-18,olefinic position,M part,Sub No.,Sub Carbon,Sub_An,Acyl part,Correct Acyl part,A_id,B_id,C_id,M_id,R1_id,R2_id,R3_id,R4_id,R5_id,R6_id,R7_id,R8_id,Aglycone Type,Annotation SMILES,Annotation ID,Annotation Formula,Annotation MW,Top K,confidence score,Confidence Level
1,142,[2629],2629,680.2911,1.1,0,0,4640179.017,798955.5878,0,0,0,0,0,0,0,974616.3895,0,0,0,0,0,0,0,0,0,0,0,0,0,0,0,0,0,0,0,0,0,0,0,0,0,0,0,0,0,0,0,0,0,0,0,0,0,0,0,0,0,0,0,0,10,0,D,C33H45O14N1,possibly undescribed,none,[M+NH4]+,none,12,"1,2-en-3-one","5-ol-6,7-epoxy","9,13,14-orthoester",no C-12,no C-18,others,others,1,C13,C13*1,"benzoyl(0.20),feruloyl(0.06),benzoyl(0.18)",none,A1,B1,C1,none,none,none,none,,,,,,A1B1C1,OCC12OC1C1C3OC4OC3(C(=C)C)CC(C)C1(O4)C1C=C(C)C(=O)C1(O)C2O,PD00000001,C21H26O8,406.431,Top1,1,Low Confidence
2,653,"[9570,11819]",9570,487.2326,1.5,0,0,0,0,0,0,0,0,0,0,0,0,0,0,0,0,263346.0865,0,0,0,0,0,0,0,6521292.873,0,0,0,0,0,0,0,0,0,0,0,0,0,0,0,0,0,0,0,0,0,525713.0685,0,0,0,0,0,0,0,0,0,14,0,D,C27H34O8,possibly known,orthobenzoate 2,[M+H]+,"11819, 9570",11,"1,2-dihydro-3-ol","5-ol-6,7-epoxy","9,13,14-orthoester",no C-12,no C-18,others,others,1,C7,C7*1,"benzoyl(0.45),feruloyl(0.18),benzoyl(1.20)",benzoyl,A4,B1,C1,none,R92,none,none,,,,,,A4B1C1,OCC12OC1C1C3OC4(c6ccccc6)OC3(C(=C)C)CC(C)C1(O4)C1CC(C)C(O)C1(O)C2O,PD00007944,C27H34O8,486.561,Top1,1,High Confidence
3,670,[11817],11817,522.27,1.5,0,0,0,0,0,0,0,0,0,0,0,0,0,0,0,0,0,0,0,0,0,0,0,0,2624408.782,0,0,0,0,0,0,0,0,0,0,0,0,0,0,0,0,0,0,0,0,0,0,0,0,0,0,0,0,0,0,0,7,0,D,C27H39O9N1,possibly known,"genkwanine O, neogenkwanine A, neogenkwanine B, neogenkwanine H, genkwanine A, neogenkwanine I",[M+NH4]+,none,9,"1,2-dihydro-3-ol","5-ol-6,7-epoxy","9,13,14-orthoester",no C-12,no C-18,others,others,1,C7,C7*1,"benzoyl(0.55),feruloyl(0.11),benzoyl(0.28)",benzoyl,A4,B1,C1,none,R92,none,none,,,,,,A4B1C1,OCC12OC1C1C3OC4(c6ccccc6)OC3(C(=C)C)CC(C)C1(O4)C1CC(C)C(O)C1(O)C2O,PD00007944,C27H34O8,486.561,Top1,1,Low Confidence
4,141,[2620],2620,680.2907,1.6,0,0,4494737.898,2513391.032,0,0,0,0,0,0,0,1704455.896,0,0,0,0,0,0,0,0,0,0,0,0,0,0,0,0,0,0,0,0,0,0,0,0,0,0,0,0,0,0,0,0,0,0,0,0,0,0,0,0,0,0,0,0,15,0,D,C33H45O14N1,possibly undescribed,none,[M+NH4]+,none,12,"1,2-en-3-one","5-ol-6,7-epoxy","9,13,14-orthoester",no C-12,no C-18,others,others,1,C13,C13*1,8-9-epoxy-2-4-6-undecatrienoyl(0.03),none,A1,B1,C1,none,none,none,none,,,,,,A1B1C1,OCC12OC1C1C3OC4OC3(C(=C)C)CC(C)C1(O4)C1C=C(C)C(=O)C1(O)C2O,PD00000001,C21H26O8,406.431,Top1,1,Low Confidence
5,716,[10541],10541,404.2636,1.6,0,0,0,0,0,0,0,0,0,0,0,0,0,0,0,0,0,1226759.038,0,0,0,0,0,0,1274699.564,0,0,0,0,0,0,0,0,0,0,0,0,0,0,0,0,0,0,0,0,0,0,0,0,0,0,0,7962536.788,0,0,0,6,0,D,C20H37O7N1,possibly undescribed,none,[M+NH4]+,none,3,"1,2-dihydro-3-ol","5-ol-4,7-epoxy","9,13,14-orthoester",no C-12,no C-18,others,others,1,C0,C0*1,"nonadienoyl(0.09),4-oxo-2-nonenoyl(0.09),6-methoxy-7-hydroxy-2-4-dodecadienoyl(0.13)",none,A4,B7,C1,none,none,none,none,,,,,,A4B7C1,,,,0,Top1,1,Low Confidence
6,297,[11807],11807,451.2112,1.7,0,0,0,0,0,0,0,0,0,0,0,0,0,0,0,0,0,0,0,0,0,0,0,0,9450418.821,0,0,0,0,0,0,0,0,0,0,0,0,0,0,0,0,0,0,0,0,0,0,0,0,0,0,0,0,0,0,0,8,0,D,C27H30O6,possibly undescribed,none,[M+H]+,none,13,"1,2-en-3-one","5-ol-6,7-epoxy","9,13,14-orthoester",no C-12,no C-18,others,others,1,C7,C7*1,"benzoyl(0.14),nonanoyl(0.04),feruloyl(0.02),benzoyl(1.20)",benzoyl,A1,B1,C1,none,R92,none,none,,,,,,A1B1C1,OCC12OC1C1C3OC4(c6ccccc6)OC3(C(=C)C)CC(C)C1(O4)C1C=C(C)C(=O)C1(O)C2O,PD00007656,C27H30O8,482.529,Top2,0.979,Low Confidence
7,542,[7955],7955,314.2686,1.7,0,0,0,0,0,0,0,0,0,0,0,0,0,260795.2746,1078304.168,0,0,1760673.314,381409.6702,0,0,0,0,0,3060365.422,0,0,0,0,0,0,0,0,0,0,0,176756.4763,0,0,0,0,0,0,0,0,0,0,0,0,194158.6447,0,0,1641252.596,1003817.457,587902.3017,0,9,0,D,C18H35O3N1,possibly undescribed,none,[M+NH4]+,none,2,"1,2-dihydro-3-one","5-ol-6,7-ene","9,13,14-orthoester",no C-12,no C-18,others,others,1,C-2,C-2*1,octadecatrienoyl(0.01),none,A2,B3,C1,none,none,none,none,,,,,,A2B3C1,OCC1=CC2C3OC4OC3(C(=C)C)CC(C)C2(O4)C2CC(C)C(=O)C2(O)C1O,PD00000042,C21H28O7,392.448,Top1,1,Low Confidence
8,590,[11802],11802,522.2697,1.7,0,0,0,0,0,0,0,0,0,0,0,0,0,0,0,0,0,0,0,0,0,0,0,0,14000000,0,0,0,0,0,0,0,0,0,0,0,0,0,0,0,0,0,0,0,0,0,0,0,0,0,0,0,0,0,0,0,9,0,D,C27H39O9N1,possibly known,"genkwanine O, neogenkwanine A, neogenkwanine B, neogenkwanine H, genkwanine A, neogenkwanine I",[M+NH4]+,none,9,"1,2-en-3-ol","5-ol-6,7-epoxy","9,13,14-orthoester",with C-12,no C-18,others,others,1,C7,C7*1,"benzoyl(0.10),benzoyl(0.50)",benzoyl,A3,B1,C2,none,R92,none,none,,,,,,A3B1C2,OCC12OC1C1C3OC4(c6ccccc6)OC3(C(=C)C)C(O)C(C)C1(O4)C1C=C(C)C(O)C1(O)C2O,PD00008328,C27H32O9,500.544,Top1,1,Low Confidence
9,718,[12417],12417,404.2279,1.7,0,0,0,0,0,0,0,0,0,0,0,0,0,0,0,0,0,0,0,0,0,0,0,0,0,0,0,0,0,0,0,0,0,0,0,0,0,0,0,0,0,0,0,0,0,0,0,0,0,0,0,0,5521357.311,0,0,0,6,0,D,C19H33O8N1,possibly undescribed,none,[M+NH4]+,none,4,"1,2-dihydro-3-ol","5-ol-4,7-epoxy","9,13,14-orthoester",no C-12,no C-18,others,others,1,C-1,C-1*1,"nonadienoyl(0.09),4-oxo-2-nonenoyl(0.09),8-methoxy-9-hydroxy-2-4-6-dodecatrienoyl(0.04)",none,A4,B7,C1,none,none,none,none,,,,,,A4B7C1,,,,0,Top1,1,Low Confidence
10,535,[2423],2423,505.243,1.8,0,0,0,0,0,0,320014.3675,0,0,0,0,0,0,0,0,0,325934.7007,0,0,0,0,0,0,0,20600000,0,0,0,0,0,0,0,0,0,0,0,0,0,0,0,0,0,0,0,0,0,768844.0746,0,0,0,0,0,0,0,0,0,12,0,D,C27H36O9,possibly known,"genkwanine O, neogenkwanine A, neogenkwanine B, neogenkwanine H, genkwanine A, neogenkwanine I",[M+H]+,none,10,"1,2-dihydro-3-one","5-ol-6,7-epoxy","9,13,14-orthoester",with C-12,no C-18,others,others,1,C7,C7*1,"benzoyl(0.17),8-methoxy-9-hydroxy-2-4-6-dodecatrienoyl(0.02)",benzoyl,A2,B1,C2,none,R92,none,none,,,,,,A2B1C2,OCC12OC1C1C3OC4(c6ccccc6)OC3(C(=C)C)C(O)C(C)C1(O4)C1CC(C)C(=O)C1(O)C2O,PD00008232,C27H32O9,500.544,Top2,0.798,Low Confidence
11,621,[1513],1513,510.3061,1.8,0,693796.1452,0,0,0,0,0,1328804.23,0,0,0,0,0,0,0,887168.904,814386.2149,1043247.512,11500000,0,0,0,0,0,451578.6824,0,0,0,0,0,0,0,0,0,0,0,0,0,0,0,0,0,0,0,0,0,0,0,0,0,0,0,287070.2887,0,0,0,6,0,D,C27H43O8N1,possibly undescribed,none,[M+NH4]+,none,7,"1,2-dihydro-3-ol","5-ol-6,7-epoxy","9,13,14-orthoester",no C-12,no C-18,others,others,1,C7,C7*1,"6-7-epoxy-2-4-decadienoyl(0.08),8-methoxy-2-4-6-decatrienoyl(0.08)",benzoyl,A4,B1,C1,none,R92,none,none,,,,,,A4B1C1,OCC12OC1C1C3OC4(c6ccccc6)OC3(C(=C)C)CC(C)C1(O4)C1CC(C)C(O)C1(O)C2O,PD00007944,C27H34O8,486.561,Top1,1,Low Confidence
12,483,[8889],8889,329.1741,1.9,0,0,0,0,0,0,0,0,0,0,0,0,0,0,0,0,0,0,0,0,0,0,0,0,4356034.585,0,0,0,0,0,0,0,0,0,0,0,0,0,0,0,154138.9521,0,0,0,0,0,1403014.492,0,0,0,0,0,0,0,0,0,7,0,D,C20H24O4,possibly undescribed,none,[M+H]+,none,9,"1,2-en-3-one","5-ol-6,7-ene","9,13,14-orthoester",no C-12,no C-18,others,others,1,C0,C0*1,octenoyl(0.02),none,A1,B3,C1,none,none,none,none,,,,,,A1B3C1,OCC1=CC2C3OC4OC3(C(=C)C)CC(C)C2(O4)C2C=C(C)C(=O)C2(O)C1O,PD00000041,C21H26O7,390.432,Top1,1,Low Confidence
13,712,[1213],1213,496.2905,1.9,224415.155,2261544.254,889529.1317,0,0,0,0,2686906.357,1413946.536,0,191702.7233,0,0,0,0,1116599.785,1121739.252,8328270.054,49000000,0,0,0,0,0,2688121.285,0,0,0,0,0,0,0,0,0,0,0,0,0,0,0,0,0,0,0,0,0,0,0,0,0,0,0,0,0,0,0,6,0,D,C26H41O8N1,possibly undescribed,none,[M+NH4]+,none,7,"1,2-dihydro-3-ol","5-ol-4,7-epoxy","9,13,14-orthoester",no C-12,no C-18,others,others,1,C6,C6*1,"nonadienoyl(0.50),4-oxo-2-nonenoyl(0.50),tetradecatrienoyl(0.05)",none,A4,B7,C1,none,none,none,none,,,,,,A4B7C1,,,,0,Top1,1,Low Confidence
14,713,[3089],3089,317.2109,1.9,0,694819.8781,0,0,0,0,0,0,560079.8477,0,0,0,0,0,0,0,0,2421151.664,12000000,0,0,0,0,0,1014750.137,0,0,0,0,0,0,0,0,0,0,0,0,0,0,0,0,0,0,0,0,0,0,0,0,0,0,0,140807.6797,0,212961.0576,0,6,0,D,C20H28O3,possibly undescribed,none,[M+H]+,none,7,"1,2-dihydro-3-ol","5-ol-4,7-epoxy","9,13,14-orthoester",no C-12,no C-18,"2,4-olefinic",others,1,C0,C0*1,"6-7-epoxy-2-4-decadienoyl(0.28),8-methoxy-2-4-6-decatrienoyl(0.28)",none,A4,B7,C1,none,none,none,none,,,,,,A4B7C1,,,,0,Top1,1,Low Confidence
15,202,[4491],4491,313.1796,2,0,0,0,0,0,974724.1445,0,0,0,5068059.552,0,0,0,0,0,0,0,0,0,0,0,0,0,0,0,0,0,0,0,0,0,0,2060965.522,0,0,0,0,0,0,0,0,0,0,0,0,0,0,0,0,0,0,0,0,0,0,0,6,0,D,C20H24O3,possibly undescribed,none,[M+H]+,none,9,"1,2-en-3-one","5-ol-6,7-epoxy","9,13,14-orthoester",no C-12,no C-18,others,others,1,C0,C0*1,6-hydroxy-2-4-heptadienoyl(0.03),none,A1,B1,C1,none,none,none,none,,,,,,A1B1C1,OCC12OC1C1C3OC4OC3(C(=C)C)CC(C)C1(O4)C1C=C(C)C(=O)C1(O)C2O,PD00000001,C21H26O8,406.431,Top1,1,Low Confidence
16,703,[11981],11981,521.2385,2,0,0,0,0,0,0,0,0,0,0,0,0,0,0,0,0,0,0,0,0,0,0,0,0,344346.5499,0,0,0,0,0,0,0,0,0,0,0,0,0,0,0,0,0,0,0,0,0,0,0,0,0,0,0,0,0,0,0,9,0,D,C27H36O10,possibly undescribed,none,[M+H]+,none,10,"1,2-dihydro-3-ol","5-ol-6,7-epoxy","9,13,14-orthoester",with C-12,no C-18,others,others,1,C7,C7*1,others,benzoyl,A4,B1,C2,none,R92,none,none,,,,,,A4B1C2,OCC12OC1C1C3OC4(c6ccccc6)OC3(C(=C)C)C(O)C(C)C1(O4)C1CC(C)C(O)C1(O)C2O,PD00008424,C27H34O9,502.56,Top1,1,Low Confidence
17,719,[1307],1307,358.2581,2.1,0,484253.4614,1430492.592,438845.8932,0,0,0,457904.1409,435695.003,0,800463.2483,262471.7073,0,5399470.832,0,0,0,318298.8326,0,0,0,0,0,0,0,638975.8371,0,0,0,0,0,0,0,0,0,0,0,0,614905.1073,192599.6813,0,0,0,0,0,0,0,191100.4016,0,0,0,0,280275.4184,0,2989498.414,0,6,0,D,C19H35O5N1,possibly undescribed,none,[M+NH4]+,none,3,"1,2-dihydro-3-ol","5-ol-4,7-epoxy","9,13,14-orthoester",with C-12,no C-18,"2,4-olefinic",others,0,others,,"6-7-epoxy-2-4-nonadienoyl(0.64),8-hydroxy-2-4-6-nonatrienoyl(0.64),8-methoxy-9-hydroxy-2-4-6-dodecatrienoyl(0.09)",none,A4,B7,C2,none,none,none,none,,,,,,A4B7C2,,,,0,Top1,1,Low Confidence
18,723,[12495],12495,390.2117,2.1,0,0,0,0,0,0,0,0,0,0,0,0,0,0,0,0,0,0,0,0,0,0,0,0,0,0,0,0,0,0,0,0,0,0,0,0,0,0,0,0,0,0,0,0,0,0,0,0,0,0,0,0,1118513.565,0,0,0,6,0,D,C18H31O8N1,possibly undescribed,none,[M+NH4]+,none,4,"1,2-dihydro-3-ol","5-ol-4,7-epoxy","9,13,14-orthoester",with C-12,no C-18,others,others,0,others,,"decadienoyl(0.58),4-oxo-2-decenoyl(0.58),6-methoxy-7-hydroxy-2-4-dodecadienoyl(0.17)",none,A4,B7,C2,none,none,none,none,,,,,,A4B7C2,,,,0,Top1,1,Low Confidence
19,327,[1541],1541,619.2753,2.2,0,0,0,0,0,0,0,1113582.789,0,0,0,0,0,0,0,0,0,0,0,0,0,0,0,0,0,0,0,0,1682163.184,2583255.946,0,0,0,0,0,0,0,0,0,0,0,0,0,0,0,0,0,0,0,0,0,0,0,0,0,0,10,0,D,C32H42O12,possibly undescribed,none,[M+H]+,none,12,"1,2-en-3-one","5-ol-6,7-epoxy","9,13,14-orthoester",with C-12,no C-18,"2,4-olefinic",others,2,"C2,C10",C2*1+C10*1,"acyl(0.02),pentenoyl(0.15)","acyl,acyl",A1,B1,C2,none,R1,R1,none,,,,,,A1B1C2,OCC12OC1C1C3OC4(C)OC3(C(=C)C)C(OC(=O)C)C(C)C1(O4)C1C=C(C)C(=O)C1(O)C2O,PD00125069,C24H30O10,478.494,Top1,1,Low Confidence
20,668,[11811],11811,531.2224,2.2,0,0,0,0,0,0,0,0,0,0,0,0,0,0,0,0,0,0,0,0,0,0,0,0,7972223.7,0,0,0,0,0,0,0,0,0,0,0,0,0,0,0,0,0,0,0,0,0,0,0,0,0,0,0,0,0,0,0,12,0,D,C28H34O10,possibly undescribed,none,[M+H]+,none,12,"1,2-dihydro-3-ol","5-ol-6,7-epoxy","9,13,14-orthoester",no C-12,no C-18,others,others,1,C8,C8*1,"benzoyl(0.03),benzoyl(0.65),6-methoxy-7-hydroxy-2-4-dodecadienoyl(0.02)",none,A4,B1,C1,none,none,none,none,,,,,,A4B1C1,OCC12OC1C1C3OC4OC3(C(=C)C)CC(C)C1(O4)C1CC(C)C(O)C1(O)C2O,PD00000004,C21H30O8,410.463,Top1,1,Low Confidence
21,720,[11638],11638,505.2433,2.2,0,0,0,0,0,0,0,0,0,0,0,0,0,0,0,0,0,0,0,0,0,0,0,0,1880445.663,0,0,0,0,0,0,0,0,0,0,0,0,0,0,0,0,0,0,0,0,0,940937.0254,0,0,0,0,0,0,0,0,0,9,0,D,C27H36O9,possibly known,"genkwanine O, neogenkwanine A, neogenkwanine B, neogenkwanine H, genkwanine A, neogenkwanine I",[M+H]+,none,10,"1,2-dihydro-3-ol","5-ol-4,7-epoxy","9,13,14-orthoester",with C-12,no C-18,others,others,1,C7,C7*1,"acyl(0.02),benzoyl(0.12),benzoyl(0.16)",benzoyl,A4,B7,C2,none,R92,none,none,,,,,,A4B7C2,,,,0,Top1,1,Low Confidence
22,103,[1861],1861,561.2698,2.3,0,1635860.707,0,0,0,0,0,770385.5914,0,0,0,0,0,0,0,0,0,0,0,0,0,0,0,0,0,0,0,0,0,2837041.508,0,0,0,0,0,0,0,0,0,0,624491.5779,0,0,0,0,0,0,0,0,0,0,0,0,0,0,0,8,0,D,C30H40O10,possibly undescribed,none,[M+H]+,none,11,"1,2-en-3-one","5-ol-6,7-epoxy","9,13,14-orthoester",no C-12,no C-18,"2,4-olefinic",others,1,C10,C10*1,pentenoyl(0.07),none,A1,B1,C1,none,none,none,none,,,,,,A1B1C1,OCC12OC1C1C3OC4OC3(C(=C)C)CC(C)C1(O4)C1C=C(C)C(=O)C1(O)C2O,PD00000001,C21H26O8,406.431,Top1,1,Low Confidence
23,291,"[11064,11065]",11064,477.212,2.3,0,0,0,0,0,0,0,0,0,0,0,0,0,0,0,0,0,0,0,0,0,0,0,0,0,0,0,0,0,0,0,0,0,0,0,0,0,0,0,0,0,0,0,0,0,0,0,0,0,1881535.452,0,0,0,0,0,0,8,0,D,C25H32O9,possibly undescribed,none,[M+H]+,"11064, 11065",10,"1,2-en-3-one","5-ol-6,7-epoxy","9,13,14-orthoester",no C-12,no C-18,others,others,1,C5,C5*1,others,2-methylbutyryl,A1,B1,C1,none,R4,none,none,,,,,,A1B1C1,OCC12OC1C1C3OC4(CCCC)OC3(C(=C)C)CC(C)C1(O4)C1C=C(C)C(=O)C1(O)C2O,PD00007568,C25H34O8,462.539,Top1,1,Low Confidence
24,508,[1011],1011,485.217,2.3,0,0,0,0,0,0,2022843.768,8337530.31,0,0,1331405.183,0,0,0,0,0,0,0,2485066.19,0,0,0,2315510.252,0,0,0,0,0,0,0,0,0,0,0,0,0,0,0,0,0,0,0,0,0,0,0,188978.244,0,0,0,0,0,0,0,0,0,8,0,D,C27H32O8,possibly known,daphne factor F4,[M+H]+,none,12,"1,2-dihydro-3-one","5-ol-6,7-epoxy","9,13,14-orthoester",no C-12,no C-18,others,others,1,C7,C7*1,"benzoyl(0.22),feruloyl(0.10),benzoyl(0.55)",benzoyl,A2,B1,C1,none,R92,none,none,,,,,,A2B1C1,OCC12OC1C1C3OC4(c6ccccc6)OC3(C(=C)C)CC(C)C1(O4)C1CC(C)C(=O)C1(O)C2O,PD00007752,C27H32O8,484.545,Top2,0.986,High Confidence
25,93,[1504],1504,501.2124,2.4,0,0,0,0,0,0,0,360894.2646,0,0,0,0,0,0,0,0,0,0,0,0,0,0,0,0,0,0,0,0,0,0,0,0,0,0,0,0,0,0,0,0,0,0,0,0,0,0,0,0,0,0,0,0,0,0,0,0,7,0,D,C27H32O9,possibly known,daphnegiraldigin,[M+H]+,none,12,"1,2-en-3-one","5-ol-6,7-epoxy","9,13,14-orthoester",no C-12,no C-18,"2,4-olefinic",others,1,C7,C7*1,"benzoyl(0.03),feruloyl(0.08),benzoyl(0.72)",benzoyl,A1,B1,C1,none,R92,none,none,,,,,,A1B1C1,OCC12OC1C1C3OC4(c6ccccc6)OC3(C(=C)C)CC(C)C1(O4)C1C=C(C)C(=O)C1(O)C2O,PD00007656,C27H30O8,482.529,Top3,0.593,Low Confidence
26,717,[11196],11196,334.2372,2.4,0,0,0,0,0,0,0,0,0,0,0,0,0,0,0,0,0,0,0,0,0,0,0,0,0,0,0,0,0,0,0,0,0,0,0,0,0,0,0,0,0,0,0,0,0,0,0,0,0,0,0,0,0,0,1572899.352,0,9,0,D,C20H31O3N1,possibly undescribed,none,[M+NH4]+,none,6,"1,2-dihydro-3-ol","5-ol-4,7-epoxy","9,13,14-orthoester",no C-12,no C-18,others,others,1,C0,C0*1,decatrienoyl(0.04),none,A4,B7,C1,none,none,none,none,,,,,,A4B7C1,,,,0,Top1,1,Low Confidence
27,62,[968],968,501.2122,2.5,1767930.235,0,0,0,0,0,35100000,123000000,0,0,30300000,0,0,0,0,0,0,0,0,0,0,0,0,0,0,0,0,0,0,0,0,0,0,0,0,0,0,0,0,0,0,0,0,0,0,0,0,0,0,0,0,0,0,0,0,0,8,0,D,C27H32O9,possibly known,daphnegiraldigin,[M+H]+,none,12,"1,2-en-3-one","5-ol-6,7-epoxy","9,13,14-orthoester",no C-12,no C-18,"2,4-olefinic",others,1,C7,C7*1,"benzoyl(1.54),benzoyl(3.50)",benzoyl,A1,B1,C1,none,R92,none,none,,,,,,A1B1C1,OCC12OC1C1C3OC4(c6ccccc6)OC3(C(=C)C)CC(C)C1(O4)C1C=C(C)C(=O)C1(O)C2O,PD00007656,C27H30O8,482.529,Top5,0.676,Low Confidence
28,67,[990],990,559.2172,2.5,0,0,0,0,0,0,0,25100000,0,0,0,0,0,0,0,0,0,0,0,0,0,0,0,0,0,0,0,0,0,0,0,0,0,0,0,0,0,0,0,0,0,0,0,0,0,0,0,0,0,0,0,0,0,0,0,0,24,0,D,C29H34O11,possibly undescribed,none,[M+H]+,none,13,"1,2-en-3-one","5-ol-6,7-epoxy","9,13,14-orthoester",no C-12,no C-18,others,others,1,C9,C9*1,"acyl(0.26),benzoyl(0.42),coumaroyl(0.16),feruloyl(0.37),benzoyl(9.60)",coumaroyl,A1,B1,C1,none,R94,none,none,,,,,,A1B1C1,OCC12OC1C1C3OC4(C=Cc6ccc(O)cc6)OC3(C(=C)C)CC(C)C1(O4)C1C=C(C)C(=O)C1(O)C2O,PD00007658,C29H32O9,524.566,Top2,0.936,Low Confidence
29,269,[9475],9475,645.2532,2.5,0,0,0,0,0,0,0,0,0,0,0,0,0,0,0,0,4458664.624,0,0,0,0,0,0,0,0,0,0,0,0,0,0,0,0,0,0,0,0,0,0,0,0,0,0,0,0,0,0,0,0,0,0,0,0,0,0,0,8,0,D,C33H40O13,possibly undescribed,none,[M+H]+,none,14,"1,2-en-3-one","5-ol-6,7-epoxy","9,13,14-orthoester",no C-12,no C-18,others,others,1,C13,C13*1,"benzoyl(0.02),benzoyl(0.06)",none,A1,B1,C1,none,none,none,none,,,,,,A1B1C1,OCC12OC1C1C3OC4OC3(C(=C)C)CC(C)C1(O4)C1C=C(C)C(=O)C1(O)C2O,PD00000001,C21H26O8,406.431,Top1,1,Low Confidence
30,76,[1054],1054,543.2222,2.6,0,0,0,0,0,0,0,4230591.306,0,0,0,0,0,0,0,0,0,0,0,0,0,0,0,0,0,0,0,0,0,0,0,0,0,0,0,0,0,0,0,0,0,0,0,0,0,0,0,0,0,0,0,0,0,0,0,0,16,0,D,C29H34O10,possibly known,yuanhuapine,[M+H]+,none,13,"1,2-en-3-one","5-ol-6,7-epoxy","9,13,14-orthoester",no C-12,no C-18,others,others,1,C9,C9*1,"acyl(0.07),benzoyl(0.11),coumaroyl(0.10),feruloyl(0.10),benzoyl(1.10)",coumaroyl,A1,B1,C1,none,R94,none,none,,,,,,A1B1C1,OCC12OC1C1C3OC4(C=Cc6ccc(O)cc6)OC3(C(=C)C)CC(C)C1(O4)C1C=C(C)C(=O)C1(O)C2O,PD00007658,C29H32O9,524.566,Top4,0.853,Low Confidence
31,507,[996],996,485.2169,2.6,0,0,0,0,0,0,654122.9672,13100000,0,0,1041143.629,0,0,0,0,0,0,0,0,0,0,0,0,0,0,0,0,0,0,0,0,0,0,0,168261.9032,0,0,0,0,0,0,0,0,0,0,0,210154.5246,0,0,0,0,0,0,0,0,0,7,0,D,C27H32O8,possibly known,daphne factor F4,[M+H]+,none,12,"1,2-dihydro-3-one","5-ol-6,7-epoxy","9,13,14-orthoester",no C-12,no C-18,others,others,1,C7,C7*1,"benzoyl(0.68),feruloyl(0.36),benzoyl(1.60)",benzoyl,A2,B1,C1,none,R92,none,none,,,,,,A2B1C1,OCC12OC1C1C3OC4(c6ccccc6)OC3(C(=C)C)CC(C)C1(O4)C1CC(C)C(=O)C1(O)C2O,PD00007752,C27H32O8,484.545,Top2,0.998,High Confidence
32,540,[1432],1432,344.2432,2.6,0,2048226.49,3673959.604,0,2306294.165,851632.8828,902468.6806,1165005.636,3544192.358,0,0,1251636.31,5090442.13,3652214.472,1996544.723,1523492.843,1975099.648,0,0,0,649998.3709,1001720.619,3223155.56,0,0,1450226.332,0,380242.3506,0,450796.6876,0,0,0,319893.676,0,562825.0791,0,0,0,171455.1889,800091.2145,0,0,0,7183677.712,7852490.172,0,0,0,4831610.429,0,1049392.327,0,9091626.607,18300000,0,6,0,D,C18H33O5N1,possibly undescribed,none,[M+NH4]+,none,3,"1,2-dihydro-3-one","5-ol-6,7-ene","9,13,14-orthoester",no C-12,no C-18,"2,4-olefinic",others,1,C-2,C-2*1,"nonenoyl(0.90),tetradecatrienoyl(0.03)",none,A2,B3,C1,none,none,none,none,,,,,,A2B3C1,OCC1=CC2C3OC4OC3(C(=C)C)CC(C)C2(O4)C2CC(C)C(=O)C2(O)C1O,PD00000042,C21H28O7,392.448,Top1,1,Low Confidence
33,335,[1967],1967,499.1965,2.7,2102382.475,0,0,23500000,0,0,13800000,0,7836797.827,0,15700000,0,0,0,0,0,9147366.243,0,0,0,0,0,0,0,3829195.841,0,0,0,0,0,0,0,0,0,0,0,0,0,0,0,0,0,0,0,0,0,0,0,0,0,0,0,0,0,0,0,22,0,D,C27H30O9,possibly known,12-OH-daphnetoxin,[M+H]+,none,13,"1,2-en-3-one","5-ol-6,7-epoxy","9,13,14-orthoester",with C-12,no C-18,"2,4-olefinic",others,1,C7,C7*1,"benzoyl(0.11),feruloyl(0.04),benzoyl(2.90)",benzoyl,A1,B1,C2,none,R92,none,none,,,,,,A1B1C2,OCC12OC1C1C3OC4(c6ccccc6)OC3(C(=C)C)C(O)C(C)C1(O4)C1C=C(C)C(=O)C1(O)C2O,PD00008136,C27H30O9,498.528,Top2,0.927,High Confidence
34,86,[1223],1223,543.2232,2.8,0,0,0,0,0,0,0,1405479.231,0,0,0,0,0,0,0,0,0,0,0,0,0,0,0,0,0,0,0,0,0,0,0,0,0,0,0,0,0,0,0,0,0,0,0,0,0,0,0,0,0,0,0,0,0,0,0,0,12,0,D,C29H34O10,possibly known,yuanhuapine,[M+H]+,none,13,"1,2-en-3-one","5-ol-6,7-epoxy","9,13,14-orthoester",no C-12,no C-18,others,others,1,C9,C9*1,"acyl(0.02),benzoyl(0.03),feruloyl(0.02),benzoyl(0.30)",none,A1,B1,C1,none,none,none,none,,,,,,A1B1C1,OCC12OC1C1C3OC4OC3(C(=C)C)CC(C)C1(O4)C1C=C(C)C(=O)C1(O)C2O,PD00000001,C21H26O8,406.431,Top3,0.817,Low Confidence
35,182,[3780],3780,565.301,2.8,0,0,0,0,0,0,0,0,0,0,0,0,1519345.28,0,0,0,0,0,0,0,0,0,0,0,0,0,0,0,204554.3791,257764.4989,0,0,0,0,0,0,0,292872.2212,0,0,0,0,0,0,0,0,0,0,0,0,0,0,0,0,0,0,6,0,D,C30H44O10,possibly undescribed,none,[M+H]+,none,9,"1,2-en-3-one","5-ol-6,7-epoxy","9,13,14-orthoester",no C-12,no C-18,others,others,1,C10,C10*1,butenoyl(0.02),none,A1,B1,C1,none,none,none,none,,,,,,A1B1C1,OCC12OC1C1C3OC4OC3(C(=C)C)CC(C)C1(O4)C1C=C(C)C(=O)C1(O)C2O,PD00000001,C21H26O8,406.431,Top1,1,Low Confidence
36,373,[3416],3416,389.1961,2.8,0,0,0,0,689648.8222,0,0,0,0,0,0,0,0,0,0,0,0,0,0,0,0,0,0,0,0,0,0,0,0,7629297.851,0,0,0,0,0,0,0,0,0,0,0,0,0,0,0,0,0,0,0,0,0,0,0,0,0,0,6,0,D,C22H28O6,possibly undescribed,none,[M+H]+,none,9,"1,2-en-3-one","5-ol-6,7-epoxy","9,13,14-orthoester",with C-12,no C-18,others,others,1,C2,C2*1,"acyl(0.82),butenoyl(0.11)",acyl,A1,B1,C2,none,R1,none,none,,,,,,A1B1C2,OCC12OC1C1C3OC4(C)OC3(C(=C)C)C(O)C(C)C1(O4)C1C=C(C)C(=O)C1(O)C2O,PD00008045,C22H28O9,436.457,Top1,1,Low Confidence
37,548,[12309],12309,357.1902,2.8,0,0,0,0,0,0,0,0,0,0,0,0,0,0,0,0,0,0,0,0,0,0,0,0,0,0,0,0,0,0,0,0,0,0,0,0,0,0,0,0,0,0,0,0,0,0,0,0,0,0,0,0,7360894.773,0,0,0,6,0,D,C18H28O7,possibly undescribed,none,[M+H]+,none,5,"1,2-dihydro-3-one","5-ol-4,7-epoxy","9,13,14-orthoester",with C-12,no C-18,"2,4-olefinic",others,0,others,,"heptadienoyl(0.77),8-methoxy-9-hydroxy-2-4-6-dodecatrienoyl(0.22)",none,A2,B7,C2,none,none,none,none,,,,,,A2B7C2,,,,0,Top1,1,Low Confidence
38,325,[1153],1153,559.2185,2.9,0,0,0,0,0,0,0,2412848.585,0,0,0,0,0,0,0,0,0,0,0,0,0,0,0,0,0,0,0,0,0,0,0,0,0,0,0,0,0,0,0,0,0,0,0,0,0,0,0,0,0,0,0,0,0,0,0,0,16,0,D,C29H34O11,possibly undescribed,none,[M+H]+,none,13,"1,2-en-3-one","5-ol-6,7-epoxy","9,13,14-orthoester",with C-12,no C-18,others,others,1,C9,C9*1,"acyl(0.05),benzoyl(0.03),coumaroyl(0.05),benzoyl(0.46)",coumaroyl,A1,B1,C2,none,R94,none,none,,,,,,A1B1C2,OCC12OC1C1C3OC4(C=Cc6ccc(O)cc6)OC3(C(=C)C)C(O)C(C)C1(O4)C1C=C(C)C(=O)C1(O)C2O,PD00008138,C29H32O10,540.565,Top3,0.825,Low Confidence
39,344,[2141],2141,561.2703,2.9,501048.1072,0,0,0,1050766.261,0,378457.0023,0,0,242505.5961,0,0,0,0,0,0,0,0,0,0,343326.1562,0,0,0,0,0,0,0,0,0,0,0,0,0,0,0,0,0,0,0,0,0,0,0,0,0,0,0,0,0,0,0,0,0,0,0,8,0,D,C30H40O10,possibly undescribed,none,[M+H]+,none,11,"1,2-en-3-one","5-ol-6,7-epoxy","9,13,14-orthoester",with C-12,no C-18,others,others,1,C10,C10*1,decatrienoyl(0.99),decatrienoyl,A1,B1,C2,none,R48,none,none,,,,,,A1B1C2,OCC12OC1C1C3OC4(C=CC=CC=CCCC)OC3(C(=C)C)C(O)C(C)C1(O4)C1C=C(C)C(=O)C1(O)C2O,PD00008092,C30H38O9,542.625,Top1,1,Low Confidence
40,509,[1073],1073,501.2122,2.9,0,0,0,0,0,0,1374033.054,6807513.895,0,0,9445437.035,0,0,0,0,0,0,0,0,0,0,0,1009109.122,0,0,534449.1218,0,0,0,0,0,0,0,0,0,0,0,0,0,0,0,0,0,0,0,0,0,0,0,0,0,0,0,0,0,0,26,0,D,C27H32O9,possibly known,daphnegiraldigin,[M+H]+,none,12,"1,2-dihydro-3-one","5-ol-6,7-epoxy","9,13,14-orthoester",no C-12,no C-18,"2,4-olefinic",others,1,C7,C7*1,"benzoyl(0.09),feruloyl(0.07),benzoyl(1.80)",benzoyl,A2,B1,C1,none,R92,none,none,,,,,,A2B1C1,OCC12OC1C1C3OC4(c6ccccc6)OC3(C(=C)C)CC(C)C1(O4)C1CC(C)C(=O)C1(O)C2O,PD00007752,C27H32O8,484.545,Top1,1,Low Confidence
41,682,[11887],11887,689.3526,2.9,0,0,0,0,0,0,0,0,0,0,0,0,0,0,0,0,0,0,0,0,0,0,0,0,2847796.334,0,0,0,0,0,0,0,0,0,0,0,0,0,0,0,0,0,0,0,0,0,0,0,0,0,0,0,0,0,0,0,9,0,D,C37H52O12,possibly undescribed,none,[M+H]+,none,12,"1,2-dihydro-3-ol","5-ol-6,7-epoxy","9,13,14-orthoester",no C-12,no C-18,others,others,1,C17,C17*1,"benzoyl(0.16),feruloyl(0.09),benzoyl(0.20)",none,A4,B1,C1,none,none,none,none,,,,,,A4B1C1,OCC12OC1C1C3OC4OC3(C(=C)C)CC(C)C1(O4)C1CC(C)C(O)C1(O)C2O,PD00000004,C21H30O8,410.463,Top1,1,Low Confidence
42,448,[9563],9563,675.2435,3,0,0,0,0,0,0,0,0,0,0,0,0,0,0,0,0,367968.5103,0,0,0,0,0,0,0,0,0,0,0,0,0,0,0,0,0,0,0,0,0,0,0,0,0,0,0,0,0,0,0,0,0,0,0,0,0,0,0,7,0,D,C37H38O12,possibly known,acutilobin E,[M+H]+,none,19,"1,2-en-3-one","5-ol-6,7-epoxy","9,13,14-orthoester",with C-12,no C-18,others,others,2,"C7,C10",C10*1+C7*1,benzoyl(0.11),"benzoyl,benzoyl",A1,B1,C2,none,R92,R92,none,,,,,,A1B1C2,OCC12OC1C1C3OC4(c6ccccc6)OC3(C(=C)C)C(OC(=O)c7ccccc7)C(C)C1(O4)C1C=C(C)C(=O)C1(O)C2O,PD00129710,C34H34O10,602.636,Top1,1,Low Confidence
43,512,[1528],1528,501.2132,3,0,0,0,0,0,0,0,286243.2493,0,0,0,0,0,0,0,0,0,0,0,0,0,0,0,0,0,0,0,0,0,0,0,0,0,0,0,0,0,0,0,0,0,0,0,0,0,0,0,0,0,0,0,0,0,0,0,0,21,0,D,C2H44O27,possibly known,daphnegiraldigin,[M+H]+,none,-19,"1,2-dihydro-3-one","5-ol-6,7-epoxy","9,13,14-orthoester",no C-12,no C-18,"2,4-olefinic",others,1,C-18,C-18*1,benzoyl(0.82),none,A2,B1,C1,none,none,none,none,,,,,,A2B1C1,OCC12OC1C1C3OC4OC3(C(=C)C)CC(C)C1(O4)C1CC(C)C(=O)C1(O)C2O,PD00000002,C21H28O8,408.447,Top2,0.953,Low Confidence
44,240,[6489],6489,599.2127,3.1,0,0,0,762975.3842,0,0,0,0,0,0,0,0,0,0,0,0,245915.4429,0,0,0,0,0,0,0,0,0,0,0,0,0,0,0,0,0,0,0,0,0,0,0,0,0,0,0,0,0,0,0,0,0,0,0,0,0,0,0,11,0,D,C31H34O12,possibly undescribed,none,[M+H]+,none,15,"1,2-en-3-one","5-ol-6,7-epoxy","9,13,14-orthoester",no C-12,no C-18,others,others,1,C11,C11*1,"benzoyl(0.02),benzoyl(0.22)",none,A1,B1,C1,none,none,none,none,,,,,,A1B1C1,OCC12OC1C1C3OC4OC3(C(=C)C)CC(C)C1(O4)C1C=C(C)C(=O)C1(O)C2O,PD00000001,C21H26O8,406.431,Top2,0.737,Low Confidence
45,278,[9778],9778,563.2855,3.1,0,0,0,0,0,0,0,0,0,0,0,0,0,0,174676.8844,0,0,0,0,0,0,0,0,0,249397.6918,0,0,0,0,554211.3576,0,0,0,0,0,0,0,0,0,0,0,0,0,0,0,0,0,0,0,0,0,0,0,0,0,0,7,0,D,C30H42O10,possibly undescribed,none,[M+H]+,none,10,"1,2-en-3-one","5-ol-6,7-epoxy","9,13,14-orthoester",no C-12,no C-18,others,others,1,C10,C10*1,others,none,A1,B1,C1,none,none,none,none,,,,,,A1B1C1,OCC12OC1C1C3OC4OC3(C(=C)C)CC(C)C1(O4)C1C=C(C)C(=O)C1(O)C2O,PD00000001,C21H26O8,406.431,Top1,1,Low Confidence
46,443,[9095],9095,723.3004,3.1,0,0,0,0,0,0,0,0,0,0,0,0,0,0,0,0,0,0,2645232.342,0,0,0,0,0,0,0,0,0,0,0,0,0,0,0,0,0,0,0,0,0,0,0,0,0,0,0,0,0,0,0,0,0,0,0,0,0,6,0,D,C39H46O13,possibly undescribed,none,[M+H]+,none,17,"1,2-en-3-one","5-ol-6,7-epoxy","9,13,14-orthoester",with C-12,no C-18,others,others,2,"C9,C10",C9*1+C10*1,coumaroyl(0.28),"coumaroyl,coumaroyl",A1,B1,C2,none,R94,R94,none,,,,,,A1B1C2,OCC12OC1C1C3OC4(C=Cc6ccc(O)cc6)OC3(C(=C)C)C(OC(=O)C=Cc7ccc(O)cc7)C(C)C1(O4)C1C=C(C)C(=O)C1(O)C2O,PD00129719,C38H38O12,686.71,Top1,1,Low Confidence
47,451,[9709],9709,601.2649,3.1,0,0,0,0,0,0,0,0,0,0,0,0,0,0,0,0,0,0,0,0,0,0,0,0,0,0,0,0,0,2036036.218,0,0,0,0,0,0,0,0,0,0,0,0,0,0,0,0,0,0,0,0,0,0,0,0,0,0,6,0,D,C32H40O11,possibly undescribed,none,[M+H]+,none,13,"1,2-en-3-one","5-ol-6,7-epoxy","9,13,14-orthoester",with C-12,no C-18,others,others,2,"C2,C10",C2*1+C10*1,octatrienoyl(0.40),"acyl,acyl",A1,B1,C2,none,R1,R1,none,,,,,,A1B1C2,OCC12OC1C1C3OC4(C)OC3(C(=C)C)C(OC(=O)C)C(C)C1(O4)C1C=C(C)C(=O)C1(O)C2O,PD00125069,C24H30O10,478.494,Top1,1,Low Confidence
48,452,[9718],9718,389.196,3.1,0,0,0,0,0,0,0,0,0,0,0,0,0,0,0,0,0,0,0,0,0,0,0,0,0,0,0,0,0,4345485.524,0,0,0,0,0,0,0,0,0,0,0,0,0,0,0,0,0,0,0,0,0,0,0,0,0,0,7,0,D,C22H28O6,possibly undescribed,none,[M+H]+,none,9,"1,2-en-3-one","5-ol-6,7-epoxy","9,13,14-orthoester",with C-12,no C-18,others,others,1,C2,C2*1,"acyl(0.25),butenoyl(0.04)",acyl,A1,B1,C2,none,R1,none,none,,,,,,A1B1C2,OCC12OC1C1C3OC4(C)OC3(C(=C)C)C(O)C(C)C1(O4)C1C=C(C)C(=O)C1(O)C2O,PD00008045,C22H28O9,436.457,Top1,1,Low Confidence
49,539,[1241],1241,529.2083,3.1,0,0,0,0,0,0,0,1845312.242,0,0,0,0,0,0,0,0,0,0,0,0,0,0,0,0,0,0,0,0,0,0,0,0,0,0,0,0,0,0,0,0,0,0,0,0,0,0,0,0,0,0,0,0,0,0,0,0,15,0,D,C3H44O28,possibly undescribed,none,[M+H]+,none,-18,"1,2-dihydro-3-one","5-ol-6,7-ene","9,13,14-orthoester",no C-12,no C-18,others,others,1,C-17,C-17*1,benzoyl(0.32),none,A2,B3,C1,none,none,none,none,,,,,,A2B3C1,OCC1=CC2C3OC4OC3(C(=C)C)CC(C)C2(O4)C2CC(C)C(=O)C2(O)C1O,PD00000042,C21H28O7,392.448,Top2,0.982,Low Confidence
50,99,[1701],1701,501.2124,3.2,3128672.343,0,0,0,0,0,0,191456.6151,0,0,38200000,0,0,0,0,0,0,0,165131.7868,0,0,0,0,0,264274.4061,0,0,0,0,0,0,0,0,0,0,0,0,0,0,0,0,0,0,0,0,0,0,0,0,0,0,0,0,0,271130.1089,0,12,0,D,C27H32O9,possibly known,daphnegiraldigin,[M+H]+,none,12,"1,2-en-3-one","5-ol-6,7-epoxy","9,13,14-orthoester",no C-12,no C-18,others,others,1,C7,C7*1,benzoyl(0.32),benzoyl,A1,B1,C1,none,R92,none,none,,,,,,A1B1C1,OCC12OC1C1C3OC4(c6ccccc6)OC3(C(=C)C)CC(C)C1(O4)C1C=C(C)C(=O)C1(O)C2O,PD00007656,C27H30O8,482.529,Top3,0.546,Low Confidence
51,715,[10257],10257,317.2111,3.2,0,0,0,0,0,0,0,0,0,0,0,0,0,0,0,0,0,0,0,0,0,0,0,0,0,0,0,0,257920.3901,0,0,0,0,0,0,0,0,0,0,0,0,0,0,0,0,0,0,0,0,0,0,0,0,0,3868979.379,0,8,0,D,C20H28O3,possibly undescribed,none,[M+H]+,none,7,"1,2-dihydro-3-ol","5-ol-4,7-epoxy","9,13,14-orthoester",no C-12,no C-18,"2,4-olefinic",others,1,C0,C0*1,"8-9-epoxy-2-4-6-undecatrienoyl(0.44),octadecadienoyl(0.04)",none,A4,B7,C1,none,none,none,none,,,,,,A4B7C1,,,,0,Top1,1,Low Confidence
52,69,[1003],1003,559.2187,3.3,0,0,0,0,0,0,0,16000000,0,0,0,0,0,0,0,0,0,0,0,0,0,0,0,0,0,0,0,0,0,0,0,0,0,0,0,0,0,0,0,0,0,0,0,0,0,0,0,0,0,0,0,0,0,0,0,0,24,0,D,C4H46O29,possibly undescribed,none,[M+H]+,none,-18,"1,2-en-3-one","5-ol-6,7-epoxy","9,13,14-orthoester",no C-12,no C-18,"2,4-olefinic",others,1,C-16,C-16*1,"acyl(0.13),benzoyl(0.14),coumaroyl(0.06),feruloyl(0.11),benzoyl(3.20)",none,A1,B1,C1,none,none,none,none,,,,,,A1B1C1,OCC12OC1C1C3OC4OC3(C(=C)C)CC(C)C1(O4)C1C=C(C)C(=O)C1(O)C2O,PD00000001,C21H26O8,406.431,Top2,0.901,Low Confidence
53,537,[11870],11870,645.3268,3.3,0,0,0,0,0,0,0,0,0,0,0,0,0,0,0,0,0,0,0,0,0,0,0,0,1915051.261,0,0,0,0,0,0,0,0,0,0,0,0,0,0,0,0,0,0,0,0,0,0,0,0,0,0,0,0,0,0,0,12,0,D,C35H48O11,possibly undescribed,none,[M+H]+,none,12,"1,2-dihydro-3-one","5-ol-6,7-epoxy","9,13,14-orthoester",with C-12,no C-18,others,others,3,"C2,C11",C2*2+C11*1,"benzoyl(0.04),feruloyl(0.02)",acyl,A2,B1,C2,none,R1,none,none,,,,,,A2B1C2,OCC12OC1C1C3OC4(C)OC3(C(=C)C)C(O)C(C)C1(O4)C1CC(C)C(=O)C1(O)C2O,PD00008141,C22H30O9,438.473,Top2,0.926,Low Confidence
54,721,[12404],12404,322.2227,3.3,0,0,0,0,0,0,0,0,0,0,0,0,0,0,0,0,0,0,0,0,0,0,0,0,0,0,0,0,0,0,0,0,0,0,0,0,0,0,0,0,0,0,0,0,0,0,0,0,0,0,0,0,520552.2578,0,0,0,7,0,D,C15H31O6N1,possibly undescribed,none,[M+NH4]+,none,1,"1,2-dihydro-3-ol","5-ol-4,7-epoxy","9,13,14-orthoester",with C-12,no C-18,others,others,0,others,,"6-7-epoxy-2-4-nonadienoyl(0.06),8-hydroxy-2-4-6-nonatrienoyl(0.06),8-methoxy-9-hydroxy-2-4-6-dodecatrienoyl(0.08)",none,A4,B7,C2,none,none,none,none,,,,,,A4B7C2,,,,0,Top1,1,Low Confidence
55,522,"[4783,9957]",4783,640.3111,3.4,0,0,0,0,0,0,0,0,0,232818.4547,0,0,0,0,0,559477.9342,0,0,0,0,0,0,0,0,20600000,0,0,0,0,0,0,0,0,0,0,0,0,0,0,0,0,0,0,0,237547.9526,0,37000000,0,0,0,0,0,0,0,0,0,10,0,D,C35H45O10N1,possibly undescribed,(DA12)std_genkwanine H isomer,[M+CH3NH2+H]+,"4783, 9957",14,"1,2-dihydro-3-one","5-ol-6,7-epoxy","9,13,14-orthoester",no C-12,no C-18,others,others,1,C15,C15*1,"benzoyl(2.15),feruloyl(1.53),benzoyl(3.70)",none,A2,B1,C1,none,none,none,none,,,,,,A2B1C1,OCC12OC1C1C3OC4OC3(C(=C)C)CC(C)C1(O4)C1CC(C)C(=O)C1(O)C2O,PD00000002,C21H28O8,408.447,Top3,0.771,Low Confidence
56,541,[7625],7625,353.2308,3.4,0,0,0,0,0,0,0,0,0,0,0,0,0,0,0,0,0,591695.7335,180625.6136,605957.623,485042.6758,1425724.976,259344.0816,0,654490.1488,563194.3191,0,0,0,0,0,0,0,0,0,372194.3293,1468893.838,0,334538.1259,0,0,0,0,0,0,0,0,0,0,0,0,0,2082934.219,0,259574.2585,0,9,0,D,C20H32O5,possibly undescribed,none,[M+H]+,none,5,"1,2-dihydro-3-one","5-ol-6,7-ene","9,13,14-orthoester",no C-12,no C-18,others,others,1,C0,C0*1,octatrienoyl(0.11),none,A2,B3,C1,none,none,none,none,,,,,,A2B3C1,OCC1=CC2C3OC4OC3(C(=C)C)CC(C)C2(O4)C2CC(C)C(=O)C2(O)C1O,PD00000042,C21H28O7,392.448,Top1,1,Low Confidence
57,624,[1876],1876,487.2325,3.4,0,0,0,0,0,0,0,201805.7428,0,0,0,0,0,0,0,0,0,0,0,0,0,0,0,0,557942.5699,0,0,0,0,0,0,0,0,0,0,0,0,0,0,0,0,0,0,0,0,0,0,0,0,0,0,0,0,0,0,0,7,0,D,C27H34O8,possibly known,orthobenzoate 2,[M+H]+,none,11,"1,2-dihydro-3-ol","5-ol-6,7-epoxy","9,13,14-orthoester",no C-12,no C-18,others,others,1,C7,C7*1,others,benzoyl,A4,B1,C1,none,R92,none,none,,,,,,A4B1C1,OCC12OC1C1C3OC4(c6ccccc6)OC3(C(=C)C)CC(C)C1(O4)C1CC(C)C(O)C1(O)C2O,PD00007944,C27H34O8,486.561,Top1,1,High Confidence
58,654,[9604],9604,651.3155,3.4,0,0,0,0,0,0,0,0,0,0,0,0,0,0,0,0,562400.7131,0,0,0,0,0,0,0,206672.7439,0,0,0,0,0,0,0,0,0,0,0,0,0,0,0,0,0,0,0,0,0,828277.6688,0,0,0,0,0,0,0,0,0,6,0,D,C37H46O10,possibly undescribed,none,[M+H]+,none,15,"1,2-dihydro-3-ol","5-ol-6,7-epoxy","9,13,14-orthoester",no C-12,no C-18,others,others,2,"C7,C10",C10*1+C7*1,"benzoyl(0.05),feruloyl(0.03)","benzoyl,feruloyl",A4,B1,C1,none,R92,R95,none,,,,,,A4B1C1,OCC12OC1C1C3OC4(c6ccccc6)OC3(C(=C)C)CC(C)C1(O4)C1CC(C)C(OC(=O)C=Cc7c(OC)c(O)ccc7)C1(O)C2O,PD00022625,C37H42O11,662.732,Top1,1,Low Confidence
59,658,[11573],11573,573.2477,3.4,0,0,0,0,0,0,0,0,0,0,0,0,0,0,0,0,0,0,0,0,0,0,0,0,22500000,0,0,0,0,0,0,0,0,0,0,0,0,0,0,0,0,0,0,0,0,0,11500000,0,0,0,0,0,0,0,0,0,6,0,D,C34H36O8,possibly undescribed,none,[M+H]+,none,17,"1,2-dihydro-3-ol","5-ol-6,7-epoxy","9,13,14-orthoester",no C-12,no C-18,others,others,2,C7,C7*2,"benzoyl(0.12),feruloyl(0.05),benzoyl(0.42)","benzoyl,benzoyl",A4,B1,C1,none,R92,R92,none,,,,,,A4B1C1,OCC12OC1C1C3OC4(c6ccccc6)OC3(C(=C)C)CC(C)C1(O4)C1CC(C)C(OC(=O)c7ccccc7)C1(O)C2O,PD00022622,C34H38O9,590.669,Top1,1,Low Confidence
60,722,[12443],12443,322.223,3.4,0,0,0,0,0,0,0,0,0,0,0,0,0,0,0,0,0,0,0,0,0,0,0,0,0,0,0,0,0,0,0,0,0,0,0,0,0,0,0,0,0,0,0,0,0,0,0,0,0,0,0,0,419233.4322,0,0,0,7,0,D,C15H31O6N1,possibly undescribed,none,[M+NH4]+,none,1,"1,2-dihydro-3-ol","5-ol-4,7-epoxy","9,13,14-orthoester",with C-12,no C-18,others,others,0,others,,"6-7-epoxy-2-4-nonadienoyl(0.06),8-hydroxy-2-4-6-nonatrienoyl(0.06),8-methoxy-9-hydroxy-2-4-6-dodecatrienoyl(0.08)",none,A4,B7,C2,none,none,none,none,,,,,,A4B7C2,,,,0,Top1,1,Low Confidence
61,627,[2116],2116,505.2442,3.5,357673.7084,0,0,0,0,0,387133.232,0,0,0,0,0,0,0,0,0,0,0,0,0,157747.3752,0,0,0,10500000,0,0,0,0,0,0,0,0,0,0,0,0,0,0,0,0,0,0,0,0,0,0,0,0,0,0,0,0,0,0,0,22,0,D,C27H36O9,possibly known,"genkwanine O, neogenkwanine A, neogenkwanine B, neogenkwanine H, genkwanine A, neogenkwanine I",[M+H]+,none,10,"1,2-dihydro-3-ol","5-ol-6,7-epoxy","9,13,14-orthoester",no C-12,no C-18,others,others,1,C7,C7*1,"benzoyl(0.08),octatrienoyl(0.09)",benzoyl,A4,B1,C1,none,R92,none,none,,,,,,A4B1C1,OCC12OC1C1C3OC4(c6ccccc6)OC3(C(=C)C)CC(C)C1(O4)C1CC(C)C(O)C1(O)C2O,PD00007944,C27H34O8,486.561,Top1,1,Low Confidence
62,65,[976],976,501.2128,3.6,1325788.111,0,0,0,0,0,10400000,40500000,0,0,0,0,0,0,0,0,0,0,0,0,0,0,0,0,0,0,0,0,0,0,0,0,0,0,0,0,0,0,0,0,0,0,0,0,0,0,0,0,0,0,0,0,0,0,6383104.06,0,14,0,D,C27H32O9,possibly known,daphnegiraldigin,[M+H]+,none,12,"1,2-en-3-one","5-ol-6,7-epoxy","9,13,14-orthoester",no C-12,no C-18,"2,4-olefinic",others,1,C7,C7*1,"benzoyl(1.39),benzoyl(2.30)",benzoyl,A1,B1,C1,none,R92,none,none,,,,,,A1B1C1,OCC12OC1C1C3OC4(c6ccccc6)OC3(C(=C)C)CC(C)C1(O4)C1C=C(C)C(=O)C1(O)C2O,PD00007656,C27H30O8,482.529,Top4,0.616,Low Confidence
63,521,[4340],4340,485.2189,3.6,0,0,0,0,0,0,0,0,332067.1666,0,0,0,0,0,0,0,0,0,0,0,0,0,0,0,0,0,0,0,0,0,0,0,0,0,0,0,0,0,0,0,0,0,0,0,0,0,0,0,0,0,0,0,0,0,0,0,9,0,D,C2H44O26,possibly known,daphne factor F4,[M+H]+,none,-19,"1,2-dihydro-3-one","5-ol-6,7-epoxy","9,13,14-orthoester",no C-12,no C-18,others,others,1,C-18,C-18*1,"nonanoyl(0.03),benzoyl(0.06)",none,A2,B1,C1,none,none,none,none,,,,,,A2B1C1,OCC12OC1C1C3OC4OC3(C(=C)C)CC(C)C1(O4)C1CC(C)C(=O)C1(O)C2O,PD00000002,C21H28O8,408.447,Top1,1,Low Confidence
64,544,[12543],12543,353.2315,3.6,0,0,0,0,0,0,0,0,0,0,0,0,0,0,0,0,0,0,0,0,0,0,0,0,0,0,0,0,0,0,0,0,0,0,0,0,0,0,0,0,0,0,0,0,0,0,0,0,0,0,0,0,411869.9634,0,0,0,9,0,D,C20H32O5,possibly undescribed,none,[M+H]+,none,5,"1,2-dihydro-3-one","5-ol-6,7-ene","9,13,14-orthoester",no C-12,no C-18,others,others,1,C0,C0*1,octatrienoyl(0.11),none,A2,B3,C1,none,none,none,none,,,,,,A2B3C1,OCC1=CC2C3OC4OC3(C(=C)C)CC(C)C2(O4)C2CC(C)C(=O)C2(O)C1O,PD00000042,C21H28O7,392.448,Top1,1,Low Confidence
65,583,[11566],11566,591.258,3.6,0,0,0,0,0,0,0,0,0,0,0,0,0,0,0,0,0,0,0,0,0,0,0,0,40300000,0,0,0,0,0,0,0,0,0,0,0,0,0,0,0,0,0,0,0,3087946.817,0,20500000,0,0,0,0,0,0,0,0,0,10,0,D,C34H38O9,possibly undescribed,"(DA08)std_genkwanine M isomer, (DA07)std_genkwanine N isomer",[M+H]+,none,16,"1,2-en-3-ol","5-ol-6,7-epoxy","9,13,14-orthoester",no C-12,no C-18,"2,4-olefinic",others,2,C7,C7*2,"benzoyl(1.31),feruloyl(1.96),benzoyl(4.60)","benzoyl,benzoyl",A3,B1,C1,none,R92,R92,none,,,,,,A3B1C1,OCC12OC1C1C3OC4(c6ccccc6)OC3(C(=C)C)CC(C)C1(O4)C1C=C(C)C(OC(=O)c7ccccc7)C1(O)C2O,PD00017966,C34H36O9,588.653,Top2,0.693,Low Confidence
66,585,[11598],11598,626.2958,3.6,0,0,0,0,0,0,0,0,0,0,0,0,0,0,0,0,0,0,0,0,0,0,0,0,2265742.676,0,0,0,0,0,0,0,0,0,0,0,0,0,0,0,0,0,0,0,0,0,2148086.178,0,0,0,0,0,0,0,0,0,10,0,D,C34H43O10N1,possibly undescribed,(DA12)std_genkwanine H isomer,[M+NH4]+,none,14,"1,2-en-3-ol","5-ol-6,7-epoxy","9,13,14-orthoester",no C-12,no C-18,others,others,1,C14,C14*1,"benzoyl(0.19),feruloyl(0.04),benzoyl(0.42)",none,A3,B1,C1,none,none,none,none,,,,,,A3B1C1,OCC12OC1C1C3OC4OC3(C(=C)C)CC(C)C1(O4)C1C=C(C)C(O)C1(O)C2O,PD00000003,C21H28O8,408.447,Top1,1,Low Confidence
67,91,[1389],1389,545.2744,3.7,634617.0342,0,0,0,0,0,3824834.148,975752.0553,0,0,521585.9783,0,0,630074.7074,0,0,0,0,0,0,0,0,0,0,0,0,0,0,268275.9837,22000000,0,0,0,0,1547925.053,0,0,0,0,0,0,0,0,0,283760.0969,0,0,0,504955.9246,0,0,0,0,0,0,0,14,0,D,C30H40O9,possibly known,tianchaterpene E,[M+H]+,none,11,"1,2-en-3-one","5-ol-6,7-epoxy","9,13,14-orthoester",no C-12,no C-18,others,others,1,C10,C10*1,butenoyl(0.04),none,A1,B1,C1,none,none,none,none,,,,,,A1B1C1,OCC12OC1C1C3OC4OC3(C(=C)C)CC(C)C1(O4)C1C=C(C)C(=O)C1(O)C2O,PD00000001,C21H26O8,406.431,Top1,1,Low Confidence
68,160,[3409],3409,389.1958,3.7,0,0,0,0,984341.941,0,0,0,0,0,0,0,0,0,0,0,0,0,0,0,0,0,0,0,0,0,0,0,0,7695524.782,0,0,0,0,0,0,0,0,0,0,0,0,0,0,0,0,0,1267551.941,0,0,0,0,0,0,0,0,6,0,D,C22H28O6,possibly undescribed,none,[M+H]+,none,9,"1,2-en-3-one","5-ol-6,7-epoxy","9,13,14-orthoester",no C-12,no C-18,others,others,1,C2,C2*1,"acyl(0.28),butenoyl(0.03)",acyl,A1,B1,C1,none,R1,none,none,,,,,,A1B1C1,OCC12OC1C1C3OC4(C)OC3(C(=C)C)CC(C)C1(O4)C1C=C(C)C(=O)C1(O)C2O,PD00007565,C22H28O8,420.458,Top1,1,Low Confidence
69,470,[1083],1083,529.2077,3.7,0,0,0,0,0,0,0,4641746.736,0,0,0,0,0,0,0,0,0,0,0,0,0,0,0,0,0,0,0,0,0,0,0,0,0,0,0,0,0,0,0,0,0,0,0,0,0,0,0,0,0,0,0,0,0,0,0,0,11,0,D,C28H32O10,possibly undescribed,none,[M+H]+,none,13,"1,2-en-3-one","5-ol-6,7-ene","9,13,14-orthoester",no C-12,no C-18,others,others,1,C8,C8*1,benzoyl(1.00),none,A1,B3,C1,none,none,none,none,,,,,,A1B3C1,OCC1=CC2C3OC4OC3(C(=C)C)CC(C)C2(O4)C2C=C(C)C(=O)C2(O)C1O,PD00000041,C21H26O7,390.432,Top3,0.888,Low Confidence
70,510,[1152],1152,503.2275,3.7,0,0,0,0,0,0,0,2600046.986,0,0,0,0,0,0,0,0,0,0,0,0,0,0,0,0,0,0,0,0,0,0,0,0,0,0,0,0,0,0,0,0,0,0,0,0,0,0,0,0,0,0,0,0,0,0,0,0,17,0,D,C27H34O9,possibly known,"1,2・趣ｽｱ-dihydro-5・趣ｽｲ-hydroxy-6・趣ｽｱ,7・趣ｽｱ-epoxy-resiniferonol-14-benzoate, 1,2・趣ｽｲ-dihydro-5・趣ｽｲ-hydroxy-6・趣ｽｱ,7・趣ｽｱ-epoxy-resiniferonol-14-benzoate",[M+H]+,none,11,"1,2-dihydro-3-one","5-ol-6,7-epoxy","9,13,14-orthoester",no C-12,no C-18,"2,4-olefinic",others,1,C7,C7*1,benzoyl(0.06),benzoyl,A2,B1,C1,none,R92,none,none,,,,,,A2B1C1,OCC12OC1C1C3OC4(c6ccccc6)OC3(C(=C)C)CC(C)C1(O4)C1CC(C)C(=O)C1(O)C2O,PD00007752,C27H32O8,484.545,Top2,0.976,Low Confidence
71,782,[3920],3920,549.3068,3.7,0,0,0,0,0,0,0,0,0,0,0,0,368470.2715,0,0,0,0,0,0,0,0,0,0,0,0,0,0,0,172611.2964,0,0,0,0,0,0,0,0,1483391.042,0,0,0,0,0,0,0,0,0,0,0,0,0,0,0,0,0,0,0,9,MD,C30H44O9,possibly undescribed,"(DA34)std_daphnepedunin B isomer, (DA35)std_daphnepedunin A isomer, (DA36)std_daphnepedunin G isomer, (DA37)std_daphnepedunin H isomer",[M+H]+,none,9,1-alkyl-3-one,"5-ol-6,7-epoxy","9,13,14-orthoester",no C-12,no C-18,others,C10 ring with one substituent,0,others,,others,none,A6,B1,C1,M3,none,none,none,none,none,none,none,none,A6B1C1M3,OCC12OC1C1C3OC45C(O)CCCCCCC(C)C6C(C)C(=O)C(O)(C2O)C6C1(O4)C(C)CC3(C(=C)C)O5,PD01121461,C30H44O9,548.673,Top1,1,High Confidence
72,71,[1027],1027,527.2648,3.8,8915672.413,54800000,0,0,0,363371.4752,4112136.056,6362101.091,0,0,0,493255.892,0,1612849.188,0,0,0,0,0,0,0,0,0,0,0,0,0,0,0,26300000,0,0,0,0,2269065.804,0,0,0,0,0,0,0,0,0,0,0,0,0,0,0,0,0,0,0,0,0,7,0,D,C30H38O8,possibly known,"yuahuagine (yuanhuagin), excoecaria factor O1",[M+H]+,none,12,"1,2-en-3-one","5-ol-6,7-epoxy","9,13,14-orthoester",no C-12,no C-18,"2,4-olefinic",others,1,C10,C10*1,8-9-epoxy-2-4-6-undecatrienoyl(0.16),none,A1,B1,C1,none,none,none,none,,,,,,A1B1C1,OCC12OC1C1C3OC4OC3(C(=C)C)CC(C)C1(O4)C1C=C(C)C(=O)C1(O)C2O,PD00000001,C21H26O8,406.431,Top1,1,Low Confidence
73,140,[2576],2576,527.2637,3.8,0,0,0,0,0,308164.6047,408598.3325,0,1351817.943,0,11800000,0,0,0,0,0,0,0,0,0,0,0,0,0,1196021.274,0,0,0,267738.2394,665280.1999,0,0,0,0,0,0,0,0,0,0,6634156.38,0,0,0,3422358.883,0,0,0,0,0,0,0,0,0,0,0,7,0,D,C30H38O8,possibly known,"yuahuagine (yuanhuagin), excoecaria factor O1",[M+H]+,none,12,"1,2-en-3-one","5-ol-6,7-epoxy","9,13,14-orthoester",no C-12,no C-18,"2,4-olefinic",others,1,C10,C10*1,decatrienoyl(2.30),decatrienoyl,A1,B1,C1,none,R48,none,none,,,,,,A1B1C1,OCC12OC1C1C3OC4(C=CC=CC=CCCC)OC3(C(=C)C)CC(C)C1(O4)C1C=C(C)C(=O)C1(O)C2O,PD00007612,C30H38O8,526.626,Top1,1,High Confidence
74,148,[2969],2969,343.1539,3.8,0,3866336.507,0,0,0,0,0,0,0,0,751094.4439,0,0,0,0,0,0,0,0,0,0,0,0,0,0,0,0,0,0,1691766.402,0,0,0,0,0,0,0,0,0,0,0,0,0,0,0,0,0,0,0,0,0,0,0,0,0,0,10,0,D,C20H22O5,possibly undescribed,none,[M+H]+,none,10,"1,2-en-3-one","5-ol-6,7-epoxy","9,13,14-orthoester",no C-12,no C-18,others,others,1,C0,C0*1,others,none,A1,B1,C1,none,none,none,none,,,,,,A1B1C1,OCC12OC1C1C3OC4OC3(C(=C)C)CC(C)C1(O4)C1C=C(C)C(=O)C1(O)C2O,PD00000001,C21H26O8,406.431,Top1,1,Low Confidence
75,158,[3352],3352,311.1639,3.8,0,0,0,0,5361100.838,0,0,0,0,0,0,0,0,0,0,0,0,0,0,0,0,0,0,0,0,0,0,0,395815.1409,21600000,0,0,0,0,0,0,0,0,0,0,424633.7287,0,0,0,0,0,270853.1435,4549249.899,0,0,0,0,0,0,0,0,16,0,D,C20H22O3,possibly undescribed,none,[M+H]+,none,10,"1,2-en-3-one","5-ol-6,7-epoxy","9,13,14-orthoester",no C-12,no C-18,others,others,1,C0,C0*1,butenoyl(0.08),none,A1,B1,C1,none,none,none,none,,,,,,A1B1C1,OCC12OC1C1C3OC4OC3(C(=C)C)CC(C)C1(O4)C1C=C(C)C(=O)C1(O)C2O,PD00000001,C21H26O8,406.431,Top2,0.812,Low Confidence
76,300,"[9506,11828]",11828,621.2328,3.8,0,0,0,0,0,0,0,0,0,0,0,0,0,0,0,0,0,0,0,0,0,0,0,0,6603971.348,0,0,0,0,0,0,0,0,0,0,0,0,0,0,0,0,0,0,0,0,0,0,0,0,0,0,0,0,0,0,0,20,0,D,C34H36O11,possibly known,"yuanhuaoate B, genkwadane A",[M+H]+,"11828, 9506",17,"1,2-en-3-one","5-ol-6,7-epoxy","9,13,14-orthoester",no C-12,no C-18,others,others,2,C7,C7*2,"benzoyl(0.11),feruloyl(0.08),benzoyl(0.57)","benzoyl,benzoyl",A1,B1,C1,none,R92,R92,none,,,,,,A1B1C1,c7ccccc7C(=O)OCC12OC1C1C3OC4(c6ccccc6)OC3(C(=C)C)CC(C)C1(O4)C1C=C(C)C(=O)C1(O)C2O,PD00269390,C34H34O9,586.637,Top2,0.656,Low Confidence
77,696,[11978],11978,649.3011,3.8,0,0,0,0,0,0,0,0,0,0,0,0,0,0,0,0,0,0,0,0,0,0,0,0,798949.8244,0,0,0,0,0,0,0,0,0,0,0,0,0,0,0,0,0,0,0,0,0,0,0,0,0,0,0,0,0,0,0,6,0,D,C37H44O10,possibly undescribed,(DA18)std_yuanhuacine isomer,[M+H]+,none,16,"1,2-dihydro-3-ol","5-ol-6,7-epoxy","9,13,14-orthoester",no C-12,no C-18,others,others,2,"C7,C10",C10*1+C7*1,8-9-epoxy-2-4-6-decatrienoyl(0.09),"benzoyl,8-9-epoxy-2-4-6-decatrienoyl",A4,B1,C1,none,R92,R61,none,,,,,,A4B1C1,OCC12OC1C1C3OC4(C=CC=CC=CC6OC6C)OC3(C(=C)C)CC(C)C1(O4)C1CC(C)C(OC(=O)c7ccccc7)C1(O)C2O,PD00022002,C37H44O10,648.749,Top1,1,High Confidence
78,75,[1050],1050,545.275,3.9,6209594.651,45100000,0,0,0,0,2973549.953,4601229.265,194273.8022,0,7350501.004,365729.0226,0,1166081.9,0,0,0,0,0,0,0,0,0,0,4127781.327,0,0,0,0,741146.6632,0,0,0,0,0,0,0,0,0,0,156360.458,0,0,0,0,0,0,0,0,0,0,0,0,0,0,0,9,0,D,C30H40O9,possibly known,tianchaterpene E,[M+H]+,none,11,"1,2-en-3-one","5-ol-6,7-epoxy","9,13,14-orthoester",no C-12,no C-18,"2,4-olefinic",others,1,C10,C10*1,hexadienoyl(0.19),none,A1,B1,C1,none,none,none,none,,,,,,A1B1C1,OCC12OC1C1C3OC4OC3(C(=C)C)CC(C)C1(O4)C1C=C(C)C(=O)C1(O)C2O,PD00000001,C21H26O8,406.431,Top1,1,Low Confidence
79,239,[6455],6455,597.1981,3.9,0,0,0,2148627.538,0,0,0,0,0,0,0,0,0,0,0,0,0,0,0,0,0,0,0,0,0,0,0,0,0,0,0,0,0,0,0,0,0,0,0,0,0,0,0,0,0,0,0,0,0,0,0,0,0,0,0,0,14,0,D,C6H44O30,possibly undescribed,none,[M+H]+,none,-15,"1,2-en-3-one","5-ol-6,7-epoxy","9,13,14-orthoester",no C-12,no C-18,others,others,1,C-14,C-14*1,benzoyl(0.57),none,A1,B1,C1,none,none,none,none,,,,,,A1B1C1,OCC12OC1C1C3OC4OC3(C(=C)C)CC(C)C1(O4)C1C=C(C)C(=O)C1(O)C2O,PD00000001,C21H26O8,406.431,Top3,0.688,Low Confidence
80,295,[11574],11574,469.2214,3.9,0,0,0,0,0,0,0,0,0,0,0,0,0,0,0,0,0,0,0,0,0,0,0,0,192041.6188,0,0,0,0,0,0,0,0,0,0,0,0,0,0,0,0,0,0,0,0,0,8420805.485,0,0,0,0,0,0,0,0,0,18,0,D,C27H32O7,possibly undescribed,none,[M+H]+,none,12,"1,2-en-3-one","5-ol-6,7-epoxy","9,13,14-orthoester",no C-12,no C-18,others,others,1,C7,C7*1,"benzoyl(0.33),feruloyl(0.14),benzoyl(1.10)",benzoyl,A1,B1,C1,none,R92,none,none,,,,,,A1B1C1,OCC12OC1C1C3OC4(c6ccccc6)OC3(C(=C)C)CC(C)C1(O4)C1C=C(C)C(=O)C1(O)C2O,PD00007656,C27H30O8,482.529,Top3,0.922,Low Confidence
81,402,[6695],6695,573.2476,3.9,0,0,0,0,0,0,0,0,0,0,0,0,0,0,0,1451895.529,1281768.42,0,0,0,0,210836.136,0,0,6658473.316,0,0,0,0,0,0,0,0,0,1217436.768,0,0,0,0,0,4530474.309,0,0,0,1805449.154,0,132000000,0,0,0,0,0,0,0,0,0,10,0,D,C34H36O8,possibly undescribed,none,[M+H]+,none,17,"1,2-en-3-one","5-ol-6,7-epoxy","9,13,14-orthoester",with C-12,no C-18,others,others,2,C7,C7*2,"benzoyl(0.26),feruloyl(0.06),benzoyl(0.73)","benzoyl,benzoyl",A1,B1,C2,none,R92,R92,none,,,,,,A1B1C2,OCC12OC1C1C3OC4(c6ccccc6)OC3(C(=C)C)C(OC(=O)c7ccccc7)C(C)C1(O4)C1C=C(C)C(=O)C1(O)C2O,PD00129710,C34H34O10,602.636,Top3,0.896,Low Confidence
82,674,[11854],11854,676.3691,3.9,0,0,0,0,0,0,0,0,0,0,0,0,0,0,0,0,0,0,0,0,0,0,0,0,5707750.871,0,0,0,0,0,0,0,0,0,0,0,0,0,0,0,0,0,0,0,0,0,0,0,0,0,0,0,0,0,0,0,6,0,D,C36H53O11N1,possibly undescribed,none,[M+NH4]+,none,11,"1,2-dihydro-3-ol","5-ol-6,7-epoxy","9,13,14-orthoester",no C-12,no C-18,others,others,1,C16,C16*1,"benzoyl(0.04),feruloyl(0.03),benzoyl(0.06)",none,A4,B1,C1,none,none,none,none,,,,,,A4B1C1,OCC12OC1C1C3OC4OC3(C(=C)C)CC(C)C1(O4)C1CC(C)C(O)C1(O)C2O,PD00000004,C21H30O8,410.463,Top1,1,Low Confidence
83,356,[2439],2439,623.2128,4,0,0,0,14500000,0,0,1056449.59,0,708865.2888,0,0,0,0,0,0,0,259096.0243,0,0,0,0,0,0,0,0,0,0,0,0,0,0,0,0,0,0,0,0,0,0,0,0,0,0,0,0,0,0,0,0,0,0,0,0,0,0,0,9,0,D,C33H34O12,possibly undescribed,none,[M+H]+,none,17,"1,2-en-3-one","5-ol-6,7-epoxy","9,13,14-orthoester",with C-12,no C-18,others,others,2,"C2,C11",C2*1+C11*1,benzoyl(0.19),"acyl,acyl",A1,B1,C2,none,R1,R1,none,,,,,,A1B1C2,OCC12OC1C1C3OC4(C)OC3(C(=C)C)C(OC(=O)C)C(C)C1(O4)C1C=C(C)C(=O)C1(O)C2O,PD00125069,C24H30O10,478.494,Top1,1,Low Confidence
84,431,[8977],8977,721.2842,4,0,0,0,0,0,0,0,0,0,0,0,0,0,0,0,0,0,0,2166667.283,0,0,0,0,0,0,0,0,0,0,0,0,0,0,0,0,0,0,0,0,0,0,0,0,0,0,0,0,0,0,0,0,0,0,0,0,0,10,0,D,C39H44O13,possibly undescribed,none,[M+H]+,none,18,"1,2-en-3-one","5-ol-6,7-epoxy","9,13,14-orthoester",with C-12,no C-18,others,others,2,"C9,C10",C9*1+C10*1,"coumaroyl(0.03),coumaroyl(1.50)","coumaroyl,coumaroyl",A1,B1,C2,none,R94,R94,none,,,,,,A1B1C2,OCC12OC1C1C3OC4(C=Cc6ccc(O)cc6)OC3(C(=C)C)C(OC(=O)C=Cc7ccc(O)cc7)C(C)C1(O4)C1C=C(C)C(=O)C1(O)C2O,PD00129719,C38H38O12,686.71,Top1,1,Low Confidence
85,464,[11801],11801,659.3423,4,0,0,0,0,0,0,0,0,0,0,0,0,0,0,0,0,0,0,0,0,0,0,0,0,23800000,0,0,0,0,0,0,0,0,0,0,0,0,0,0,0,0,0,0,0,0,0,0,0,0,0,0,0,0,0,0,0,11,0,D,C36H50O11,possibly undescribed,none,[M+H]+,"11801, 11875",12,"1,2-en-3-one","5-ol-6,7-epoxy","9,13,14-triol",no C-12,no C-18,others,others,1,C16,C16*1,"benzoyl(0.09),feruloyl(0.03),benzoyl(0.13)",none,A1,B1,C3,none,none,none,none,,,,,,A1B1C3,OCC12OC1C1C(O)C(O)(C(=C)C)CC(C)C1(O)C1C=C(C)C(=O)C1(O)C2O,PD00000011,C20H28O8,396.436,Top2,0.812,Low Confidence
86,564,[2045],2045,485.2168,4,1310513.064,0,0,3037038.362,0,0,0,0,217962.441,0,0,0,0,0,0,0,1529691.533,0,0,1371628.108,0,0,0,0,913969.0681,0,0,0,0,0,0,885480.8301,1039062.277,0,422459.1684,0,0,0,0,0,0,179132.4599,0,0,0,0,6044838.268,0,0,0,0,0,0,0,0,0,16,0,D,C27H32O8,possibly known,daphne factor F4,[M+H]+,none,12,"1,2-en-3-ol","5-ol-6,7-epoxy","9,13,14-orthoester",no C-12,no C-18,others,others,1,C7,C7*1,"benzoyl(0.02),feruloyl(0.02),benzoyl(0.29)",benzoyl,A3,B1,C1,none,R92,none,none,,,,,,A3B1C1,OCC12OC1C1C3OC4(c6ccccc6)OC3(C(=C)C)CC(C)C1(O4)C1C=C(C)C(O)C1(O)C2O,PD00007848,C27H32O8,484.545,Top1,1,High Confidence
87,572,"[4976,5263]",4976,591.2581,4,0,0,0,0,0,0,0,0,0,0,0,0,0,0,0,235448.0728,2187434.6,0,0,0,0,0,0,0,0,0,0,0,0,0,0,222141.3103,1199485.021,0,445380.0965,0,0,0,0,0,7234421.067,11400000,0,0,491733.0282,0,204000000,0,0,0,0,0,0,0,0,0,12,0,D,C34H38O9,possibly undescribed,"(DA08)std_genkwanine M isomer, (DA07)std_genkwanine N isomer",[M+H-H2O]+,"4976, 5263",16,"1,2-en-3-ol","5-ol-6,7-epoxy","9,13,14-orthoester",no C-12,no C-18,others,others,2,C7,C7*2,"benzoyl(0.70),feruloyl(0.37),benzoyl(1.80)","benzoyl,benzoyl",A3,B1,C1,none,R92,R92,none,,,,,,A3B1C1,OCC12OC1C1C3OC4(c6ccccc6)OC3(C(=C)C)CC(C)C1(O4)C1C=C(C)C(OC(=O)c7ccccc7)C1(O)C2O,PD00017966,C34H36O9,588.653,Top2,0.85,Low Confidence
88,101,[1795],1795,681.2907,4.1,0,225373.4941,0,0,0,0,1572623.877,182810.5661,0,0,0,0,0,0,0,0,0,0,1609847.036,0,11400000,0,0,0,0,0,0,0,0,0,0,0,0,0,0,0,0,0,0,0,0,0,0,0,0,0,0,0,0,0,0,0,0,0,0,0,14,0,D,C37H44O12,possibly known,tanguticanine D,[M+H]+,none,16,"1,2-en-3-one","5-ol-6,7-epoxy","9,13,14-orthoester",no C-12,no C-18,"2,4-olefinic",others,2,"C7,C10",C10*1+C7*1,"benzoyl(0.02),pentenoyl(0.30)","benzoyl,benzoyl",A1,B1,C1,none,R92,R92,none,,,,,,A1B1C1,c7ccccc7C(=O)OCC12OC1C1C3OC4(c6ccccc6)OC3(C(=C)C)CC(C)C1(O4)C1C=C(C)C(=O)C1(O)C2O,PD00269390,C34H34O9,586.637,Top2,0.636,Low Confidence
89,238,[6315],6315,626.2956,4.1,0,0,0,0,0,0,0,0,0,0,0,0,0,0,0,0,171114.5905,0,0,0,0,0,0,0,533313.3658,0,0,0,0,0,0,0,0,0,578368.6097,0,0,0,0,0,280599.319,524645.9026,0,0,754971.5697,0,888355.4424,0,0,0,0,0,0,0,0,0,7,0,D,C34H43O10N1,possibly undescribed,(DA12)std_genkwanine H isomer,[M+NH4]+,none,14,"1,2-en-3-one","5-ol-6,7-epoxy","9,13,14-orthoester",no C-12,no C-18,others,others,1,C14,C14*1,"benzoyl(0.27),feruloyl(0.07),benzoyl(0.32)",none,A1,B1,C1,none,none,none,none,,,,,,A1B1C1,OCC12OC1C1C3OC4OC3(C(=C)C)CC(C)C1(O4)C1C=C(C)C(=O)C1(O)C2O,PD00000001,C21H26O8,406.431,Top2,0.933,Low Confidence
90,294,[11571],11571,487.2328,4.1,0,0,0,0,0,0,0,0,0,0,0,0,0,0,0,0,0,0,0,0,0,0,0,0,493743.3298,0,0,0,0,0,0,0,0,0,0,0,0,0,0,0,0,0,0,0,0,0,12600000,0,0,0,0,0,0,0,0,0,17,0,D,C27H34O8,possibly known,orthobenzoate 2,[M+H-H2O]+,"11571, 709",11,"1,2-en-3-one","5-ol-6,7-epoxy","9,13,14-orthoester",no C-12,no C-18,others,others,1,C7,C7*1,"benzoyl(0.41),feruloyl(0.21),benzoyl(0.82)",benzoyl,A1,B1,C1,none,R92,none,none,,,,,,A1B1C1,OCC12OC1C1C3OC4(c6ccccc6)OC3(C(=C)C)CC(C)C1(O4)C1C=C(C)C(=O)C1(O)C2O,PD00007656,C27H30O8,482.529,Top4,0.837,Low Confidence
91,469,[6261],6261,573.2481,4.1,0,0,0,0,0,0,0,0,0,0,0,0,0,0,0,755484.675,344235.0299,0,0,0,0,207297.9945,0,0,36400000,0,0,0,0,0,0,0,0,0,198294.3268,0,0,0,0,0,0,6971644.343,0,0,1232471.806,0,0,0,0,0,0,0,0,0,0,0,10,0,D,C34H36O8,possibly undescribed,none,[M+H-H2O]+,"6261, 6291",17,"1,2-en-3-one","5-ol-6,7-diol","9,13,14-orthoester",with C-12,no C-18,others,others,2,C7,C7*2,"benzoyl(0.31),feruloyl(0.04),benzoyl(0.98)","benzoyl,benzoyl",A1,B2,C2,none,R92,R92,none,,,,,,A1B2C2,OCC1(O)C(O)C2C3OC4(c6ccccc6)OC3(C(=C)C)C(OC(=O)c7ccccc7)C(C)C2(O4)C2C=C(C)C(=O)C2(O)C1O,PD00222830,C34H36O11,620.651,Top1,1,Low Confidence
92,588,[709],709,505.2434,4.1,1339888.411,0,0,0,361239.9837,0,4608460.354,995196.0705,0,0,0,0,0,1322852.75,0,0,1801540.963,0,188620.6299,0,3915020.875,0,0,0,59900000,0,5601675.829,0,0,0,0,0,0,0,0,0,0,0,0,0,5783235.437,2513340.597,0,0,0,0,1615172.807,0,0,0,0,0,0,0,0,0,15,0,D,C27H36O9,possibly known,"genkwanine O, neogenkwanine A, neogenkwanine B, neogenkwanine H, genkwanine A, neogenkwanine I",[M+H]+,"11571, 709",10,"1,2-en-3-ol","5-ol-6,7-epoxy","9,13,14-orthoester",with C-12,no C-18,others,others,1,C7,C7*1,"benzoyl(0.13),benzoyl(0.25)",benzoyl,A3,B1,C2,none,R92,none,none,,,,,,A3B1C2,OCC12OC1C1C3OC4(c6ccccc6)OC3(C(=C)C)C(O)C(C)C1(O4)C1C=C(C)C(O)C1(O)C2O,PD00008328,C27H32O9,500.544,Top2,0.37,Low Confidence
93,743,[3582],3582,685.3208,4.1,0,0,0,0,0,0,0,0,0,0,0,0,8700948.276,0,0,0,0,0,0,0,0,0,0,0,0,0,0,0,0,0,0,0,0,0,0,0,0,0,0,0,0,0,0,0,0,0,0,0,0,0,0,0,0,0,0,0,13,18,MD,C37H48O12,possibly undescribed,none,[M+H]+,none,14,1-alkyl-3-one,"5-ol-6,7-epoxy","9,13,14-orthoester",no C-12,no C-18,others,C9 ring with no substituent,4,C2,C2*4,"benzoyl(0.06),benzoyl(0.12)","acyl,acyl,acyl,acyl",A6,B1,C1,M1,R1,R1,R1,R1,none,none,none,none,A6B1C1M1,,,,0,Top1,1,Low Confidence
94,293,[11569],11569,451.2111,4.2,0,0,0,0,0,0,0,0,0,0,0,0,0,0,0,0,0,0,0,0,0,0,0,0,11700000,0,0,0,0,0,0,0,0,0,0,0,0,0,0,0,0,0,0,0,509179.8208,0,21600000,0,0,0,0,0,0,0,0,0,15,0,D,C27H30O6,possibly undescribed,none,[M+H]+,none,13,"1,2-en-3-one","5-ol-6,7-epoxy","9,13,14-orthoester",no C-12,no C-18,others,others,1,C7,C7*1,"benzoyl(0.14),feruloyl(0.05),benzoyl(0.61)",benzoyl,A1,B1,C1,none,R92,none,none,,,,,,A1B1C1,OCC12OC1C1C3OC4(c6ccccc6)OC3(C(=C)C)CC(C)C1(O4)C1C=C(C)C(=O)C1(O)C2O,PD00007656,C27H30O8,482.529,Top2,0.954,Low Confidence
95,429,[8964],8964,751.2956,4.2,0,0,0,0,0,0,0,0,0,0,0,0,0,0,0,0,0,0,2970523.131,0,0,0,0,0,0,0,0,0,0,0,0,0,0,0,0,0,0,0,0,0,0,0,0,0,0,0,0,0,0,0,0,0,0,0,0,0,8,0,D,C40H46O14,possibly undescribed,none,[M+H]+,none,18,"1,2-en-3-one","5-ol-6,7-epoxy","9,13,14-orthoester",with C-12,no C-18,others,others,2,C10,C10*2,butanoyl/isobutyryl(0.02),none,A1,B1,C2,none,none,none,none,,,,,,A1B1C2,OCC12OC1C1C3OC4OC3(C(=C)C)CC(C)C1(O4)C1C=C(C)C(=O)C1(O)C2O,PD00000006,C21H26O8,406.431,Top1,1,Low Confidence
96,454,[9759],9759,599.2482,4.2,0,0,0,0,0,0,0,0,0,0,0,0,0,0,0,0,0,0,0,0,0,0,0,0,0,0,0,0,0,864008.4442,0,0,0,0,0,0,0,0,0,0,0,0,0,0,0,0,0,0,0,0,0,0,0,0,0,0,6,0,D,C32H38O11,possibly undescribed,none,[M+H]+,none,14,"1,2-en-3-one","5-ol-6,7-epoxy","9,13,14-orthoester",with C-12,no C-18,others,others,2,"C2,C10",C2*1+C10*1,8-9-epoxy-2-4-6-decatrienoyl(0.44),"acyl,8-9-epoxy-2-4-6-decatrienoyl",A1,B1,C2,none,R1,R61,none,,,,,,A1B1C2,OCC12OC1C1C3OC4(C)OC3(C(=C)C)C(OC(=O)C=CC=CC=CC7OC7C)C(C)C1(O4)C1C=C(C)C(=O)C1(O)C2O,PD00125129,C32H38O11,598.645,Top1,1,High Confidence
97,578,[6352],6352,626.2955,4.2,0,0,0,0,0,0,0,0,0,0,0,0,0,0,0,0,297419.9639,0,0,0,0,0,0,0,21800000,0,0,0,0,0,0,0,0,0,0,0,0,0,0,0,270148.798,253378.0356,0,0,218568.711,0,48500000,0,0,0,0,0,0,0,0,0,6,0,D,C34H43O10N1,possibly undescribed,(DA12)std_genkwanine H isomer,[M+NH4]+,none,14,"1,2-en-3-ol","5-ol-6,7-epoxy","9,13,14-orthoester",no C-12,no C-18,others,others,1,C14,C14*1,"benzoyl(0.42),feruloyl(0.21),benzoyl(1.80)",none,A3,B1,C1,none,none,none,none,,,,,,A3B1C1,OCC12OC1C1C3OC4OC3(C(=C)C)CC(C)C1(O4)C1C=C(C)C(O)C1(O)C2O,PD00000003,C21H28O8,408.447,Top2,0.897,Low Confidence
98,655,[11568],11568,658.3212,4.2,0,0,0,0,0,0,0,0,0,0,0,0,0,0,0,0,0,0,0,0,0,0,0,0,642268.1106,0,0,0,0,0,0,0,0,0,0,0,0,0,0,0,0,0,0,0,585223.4506,0,9307589.658,0,0,0,0,0,0,0,0,0,7,0,D,C35H47O11N1,possibly known,genkwanine K,[M+NH4]+,none,13,"1,2-dihydro-3-ol","5-ol-6,7-epoxy","9,13,14-orthoester",no C-12,no C-18,others,others,1,C15,C15*1,"benzoyl(0.16),feruloyl(0.07),benzoyl(0.21)",none,A4,B1,C1,none,none,none,none,,,,,,A4B1C1,OCC12OC1C1C3OC4OC3(C(=C)C)CC(C)C1(O4)C1CC(C)C(O)C1(O)C2O,PD00000004,C21H30O8,410.463,Top1,1,Low Confidence
99,63,[971],971,541.207,4.3,0,0,393000000,0,0,0,0,52900000,0,0,7800636.794,0,0,0,0,0,0,0,0,0,0,0,0,0,0,0,0,0,0,0,0,0,0,0,0,0,0,0,0,0,0,0,0,0,0,0,0,0,0,0,0,0,0,0,0,0,17,0,D,C29H32O10,possibly known,"yuanhuakine E, yuanhuafine, yuanhuaoate F",[M+H]+,"2611, 971",14,"1,2-en-3-one","5-ol-6,7-epoxy","9,13,14-orthoester",no C-12,no C-18,"2,4-olefinic",others,1,C9,C9*1,"acyl(0.19),benzoyl(0.18),coumaroyl(0.17),feruloyl(0.06),benzoyl(2.30)",coumaroyl,A1,B1,C1,none,R94,none,none,,,,,,A1B1C1,OCC12OC1C1C3OC4(C=Cc6ccc(O)cc6)OC3(C(=C)C)CC(C)C1(O4)C1C=C(C)C(=O)C1(O)C2O,PD00007658,C29H32O9,524.566,Top3,0.631,Low Confidence
100,111,[1970],1970,623.2125,4.3,4640179.88,0,0,7253406.846,0,0,13600000,0,4203780.048,0,0,2773325.953,0,0,0,0,4036628.804,0,0,0,0,0,0,0,1488767.023,0,0,0,0,0,0,0,0,0,0,0,0,0,0,0,0,0,0,0,0,0,0,0,0,0,0,0,0,0,0,0,18,0,D,C33H34O12,possibly undescribed,none,[M+H]+,none,17,"1,2-en-3-one","5-ol-6,7-epoxy","9,13,14-orthoester",no C-12,no C-18,others,others,2,"C2,C11",C2*1+C11*1,"benzoyl(0.15),feruloyl(0.14),benzoyl(1.50)","acyl,acyl",A1,B1,C1,none,R1,R1,none,,,,,,A1B1C1,CC(=O)OCC12OC1C1C3OC4(C)OC3(C(=C)C)CC(C)C1(O4)C1C=C(C)C(=O)C1(O)C2O,PD00264749,C24H30O9,462.495,Top2,0.597,Low Confidence
101,114,[2005],2005,578.3321,4.3,2381327.459,0,0,0,0,0,0,0,0,7714910.535,0,0,0,0,0,0,0,0,0,0,0,0,0,0,1558633.716,0,0,0,0,4046192.505,0,0,0,0,0,0,0,0,0,0,0,0,0,0,3994217.434,0,0,0,0,2373304.792,0,0,0,0,0,0,10,0,D,C31H47O9N1,possibly known,"vesiculosin, isovesiculosin",[M+CH3NH2+H]+,"2005, 2032",9,"1,2-en-3-one","5-ol-6,7-epoxy","9,13,14-orthoester",no C-12,no C-18,"2,4-olefinic",others,1,C11,C11*1,decadienoyl(0.47),none,A1,B1,C1,none,none,none,none,,,,,,A1B1C1,OCC12OC1C1C3OC4OC3(C(=C)C)CC(C)C1(O4)C1C=C(C)C(=O)C1(O)C2O,PD00000001,C21H26O8,406.431,Top1,1,Low Confidence
102,118,"[2032,4559]",2032,547.2904,4.3,2137645.689,0,0,0,0,0,3226900.404,0,0,0,853930.9121,0,183125.148,0,0,0,0,0,0,0,0,0,0,0,27200000,0,0,0,242533.8939,28100000,0,0,0,0,36200000,0,0,0,0,0,0,0,0,0,2364754.781,0,0,0,0,4610866.292,0,0,0,0,0,0,18,0,D,C30H42O9,possibly known,"vesiculosin, isovesiculosin",[M+H]+,"2005, 2032, 4559",10,"1,2-en-3-one","5-ol-6,7-epoxy","9,13,14-orthoester",no C-12,no C-18,others,others,1,C10,C10*1,"heptadienoyl(0.25),4-oxo-2-heptenoyl(0.25)",none,A1,B1,C1,none,none,none,none,,,,,,A1B1C1,OCC12OC1C1C3OC4OC3(C(=C)C)CC(C)C1(O4)C1C=C(C)C(=O)C1(O)C2O,PD00000001,C21H26O8,406.431,Top1,1,Low Confidence
103,237,[6270],6270,609.2691,4.3,0,0,0,0,0,0,0,0,0,0,0,0,0,0,0,1251639.685,655627.9195,0,0,0,0,0,0,0,0,0,0,0,0,0,0,0,842020.922,0,2422253.257,0,0,0,0,0,2367038.876,6189126.834,0,0,2705190.186,0,0,0,0,0,0,0,0,0,0,0,14,0,D,C34H40O10,possibly undescribed,(DA12)std_genkwanine H isomer,[M+H]+,"6270, 6328",15,"1,2-en-3-one","5-ol-6,7-epoxy","9,13,14-orthoester",no C-12,no C-18,others,others,2,C7,C7*2,"benzoyl(0.54),feruloyl(0.21),benzoyl(0.89)","benzoyl,benzoyl",A1,B1,C1,none,R92,R92,none,,,,,,A1B1C1,c7ccccc7C(=O)OCC12OC1C1C3OC4(c6ccccc6)OC3(C(=C)C)CC(C)C1(O4)C1C=C(C)C(=O)C1(O)C2O,PD00269390,C34H34O9,586.637,Top2,0.859,Low Confidence
104,249,[8179],8179,603.2801,4.3,0,0,0,0,0,0,0,0,0,0,0,0,0,0,0,0,0,0,0,0,0,0,0,0,0,0,0,0,21700000,34600000,0,0,0,0,0,0,0,0,0,0,0,0,0,0,0,0,0,0,0,0,0,0,0,0,0,1417220.112,16,0,D,C32H42O11,possibly undescribed,none,[M+H]+,none,12,"1,2-en-3-one","5-ol-6,7-epoxy","9,13,14-orthoester",no C-12,no C-18,others,others,1,C12,C12*1,"acyl(0.47),6-methoxy-2-4-decadienoyl(3.20)",none,A1,B1,C1,none,none,none,none,,,,,,A1B1C1,OCC12OC1C1C3OC4OC3(C(=C)C)CC(C)C1(O4)C1C=C(C)C(=O)C1(O)C2O,PD00000001,C21H26O8,406.431,Top3,0.531,Low Confidence
105,465,"[2611,2614]",2611,523.1958,4.3,0,0,13700000,0,0,0,0,0,0,0,0,0,0,0,0,0,0,0,0,0,0,0,0,0,0,0,0,0,0,0,0,0,0,0,0,0,0,0,0,0,0,0,0,0,0,0,0,0,0,0,0,0,0,0,0,0,13,0,D,C29H30O9,possibly undescribed,none,[M+H-H2O]+,"2611, 2614, 971",15,"1,2-en-3-one","5-ol-6,7-epoxy","9,13,14-triol",with C-12,no C-18,others,others,1,C9,C9*1,"acyl(0.12),benzoyl(0.13),coumaroyl(0.13),feruloyl(0.05),benzoyl(1.20)",coumaroyl,A1,B1,C4,none,R94,none,none,,,,,,A1B1C4,OCC12OC1C1C(OC(=O)C=Cc6ccc(O)cc6)C(O)(C(=C)C)C(O)C(C)C1(O)C1C=C(C)C(=O)C1(O)C2O,PD00001994,C29H34O11,558.58,Top1,1,Low Confidence
106,475,[5535],5535,313.1797,4.3,0,0,0,0,0,7989077.487,0,0,0,0,0,0,0,0,0,0,0,0,0,0,0,0,0,0,0,0,0,0,0,0,0,0,0,0,0,0,0,0,0,0,0,0,0,0,0,0,0,0,0,0,0,0,0,0,0,0,6,0,D,C20H24O3,possibly undescribed,none,[M+H]+,none,9,"1,2-en-3-one","5-ol-6,7-ene","9,13,14-orthoester",no C-12,no C-18,others,others,1,C0,C0*1,decatrienoyl(0.02),none,A1,B3,C1,none,none,none,none,,,,,,A1B3C1,OCC1=CC2C3OC4OC3(C(=C)C)CC(C)C2(O4)C2C=C(C)C(=O)C2(O)C1O,PD00000041,C21H26O7,390.432,Top2,0.805,Low Confidence
107,502,"[11911,11968]",11911,653.3324,4.3,0,0,0,0,0,0,0,0,0,0,0,0,0,0,0,0,0,0,0,0,0,0,0,0,2389977.447,0,0,0,0,0,0,0,0,0,0,0,0,0,0,0,0,0,0,0,0,0,0,0,0,0,0,0,0,0,0,0,6,0,D,C37H48O10,possibly undescribed,(DA19)std_daphneodorin H isomer,[M+H-H2O]+,"11911, 11925, 11968",14,"1,2-en-3-one","5-ol-6,7-ene","9,13,14-triol",no C-12,no C-18,others,others,1,C17,C17*1,"benzoyl(0.14),benzoyl(0.09)",none,A1,B3,C3,none,none,none,none,,,,,,A1B3C3,OCC1=CC2C(O)C(O)(C(=C)C)CC(C)C2(O)C2C=C(C)C(=O)C2(O)C1O,PD00000051,C20H28O7,380.437,Top1,1,Low Confidence
108,511,[1377],1377,503.2286,4.3,0,0,0,0,0,0,0,1052428.381,0,0,0,0,0,0,0,0,0,0,0,0,0,0,0,0,0,0,0,0,0,0,0,0,0,0,0,0,0,0,0,0,0,0,0,0,0,0,0,0,0,0,0,0,0,0,0,0,11,0,D,C27H34O9,possibly known,"1,2・趣ｽｱ-dihydro-5・趣ｽｲ-hydroxy-6・趣ｽｱ,7・趣ｽｱ-epoxy-resiniferonol-14-benzoate, 1,2・趣ｽｲ-dihydro-5・趣ｽｲ-hydroxy-6・趣ｽｱ,7・趣ｽｱ-epoxy-resiniferonol-14-benzoate",[M+H]+,none,11,"1,2-dihydro-3-one","5-ol-6,7-epoxy","9,13,14-orthoester",no C-12,no C-18,others,others,1,C7,C7*1,benzoyl(0.02),benzoyl,A2,B1,C1,none,R92,none,none,,,,,,A2B1C1,OCC12OC1C1C3OC4(c6ccccc6)OC3(C(=C)C)CC(C)C1(O4)C1CC(C)C(=O)C1(O)C2O,PD00007752,C27H32O8,484.545,Top1,1,Low Confidence
109,615,[994],994,487.2327,4.3,25100000,0,0,18800000,0,0,0,20000000,0,0,7280819.036,0,0,5856994.771,0,0,2127551.057,0,4433883.029,666286.0127,7814682.211,589357.4821,0,0,14300000,0,0,0,0,0,0,5687198.687,17700000,0,0,268396.8531,0,0,0,0,0,0,0,0,2925418.141,0,240894.6309,0,569993.3794,0,0,0,0,0,1511605.555,0,14,0,D,C27H34O8,possibly known,orthobenzoate 2,[M+H]+,none,11,"1,2-dihydro-3-ol","5-ol-6,7-epoxy","9,13,14-orthoester",no C-12,no C-18,others,others,1,C7,C7*1,"benzoyl(0.46),feruloyl(0.03),benzoyl(0.49)",benzoyl,A4,B1,C1,none,R92,none,none,,,,,,A4B1C1,OCC12OC1C1C3OC4(c6ccccc6)OC3(C(=C)C)CC(C)C1(O4)C1CC(C)C(O)C1(O)C2O,PD00007944,C27H34O8,486.561,Top1,1,High Confidence
110,702,[11925],11925,671.3432,4.3,0,0,0,0,0,0,0,0,0,0,0,0,0,0,0,0,0,0,0,0,0,0,0,0,3290047.251,0,0,0,0,0,0,0,0,0,0,0,0,0,0,0,0,0,0,0,0,0,0,0,0,0,0,0,0,0,0,0,10,0,D,C37H50O11,possibly known,stelleramacrin,[M+H]+,"11911, 11925",13,"1,2-dihydro-3-ol","5-ol-6,7-epoxy","9,13,14-orthoester",with C-12,no C-18,"2,4-olefinic",others,2,"C7,C10",C10*1+C7*1,"benzoyl(0.06),feruloyl(0.07),decadienoyl(0.41)","benzoyl,decadienoyl",A4,B1,C2,none,R92,R37,none,,,,,,A4B1C2,OCC12OC1C1C3OC4(C=CC=CCCCCC)OC3(C(=C)C)C(O)C(C)C1(O4)C1CC(C)C(OC(=O)c7ccccc7)C1(O)C2O,PD00030174,C37H48O10,652.781,Top1,1,Low Confidence
111,73,[1039],1039,621.2334,4.4,0,0,0,0,0,0,762837.0891,8811442.377,0,0,2312542.015,0,0,0,0,0,0,0,0,0,0,0,0,0,0,0,0,0,0,0,0,0,0,0,0,0,0,0,0,0,0,0,0,0,0,0,0,0,0,0,0,0,0,0,0,0,23,0,D,C34H36O11,possibly known,"yuanhuaoate B, genkwadane A",[M+H]+,none,17,"1,2-en-3-one","5-ol-6,7-epoxy","9,13,14-orthoester",no C-12,no C-18,others,others,2,C7,C7*2,"benzoyl(0.09),feruloyl(0.08),benzoyl(2.70)","benzoyl,benzoyl",A1,B1,C1,none,R92,R92,none,,,,,,A1B1C1,c7ccccc7C(=O)OCC12OC1C1C3OC4(c6ccccc6)OC3(C(=C)C)CC(C)C1(O4)C1C=C(C)C(=O)C1(O)C2O,PD00269390,C34H34O9,586.637,Top2,0.934,Low Confidence
112,83,[1183],1183,529.2793,4.4,39000000,0,0,0,0,0,0,2316979.643,0,0,54900000,0,0,1359099.735,0,0,0,0,0,0,0,0,0,0,31900000,0,0,0,0,389136.6483,0,4865783.591,0,0,0,0,0,0,0,0,0,0,0,0,0,0,0,0,0,8200085.87,0,0,0,0,0,0,10,0,D,C30H40O8,possibly undescribed,(DA03)std_excoecariatoxin isomer,[M+H]+,"1183, 2002",11,"1,2-en-3-one","5-ol-6,7-epoxy","9,13,14-orthoester",no C-12,no C-18,"2,4-olefinic",others,1,C10,C10*1,hexadienoyl(0.73),none,A1,B1,C1,none,none,none,none,,,,,,A1B1C1,OCC12OC1C1C3OC4OC3(C(=C)C)CC(C)C1(O4)C1C=C(C)C(=O)C1(O)C2O,PD00000001,C21H26O8,406.431,Top1,1,Low Confidence
113,113,"[2002,2178]",2002,511.2689,4.4,2404351.662,985703.6866,0,0,0,0,0,0,0,0,3957984.129,0,0,0,0,0,0,0,0,0,0,0,0,0,1514641.81,0,0,0,0,3289232.225,0,270635.5055,796906.6967,0,5131918.388,0,0,0,0,0,0,0,0,0,0,0,0,0,0,0,0,0,0,0,0,0,11,0,D,C30H38O7,possibly undescribed,none,[M+H-H2O]+,"1183, 2002, 2178",12,"1,2-en-3-one","5-ol-6,7-epoxy","9,13,14-orthoester",no C-12,no C-18,"2,4-olefinic",others,1,C10,C10*1,decadienoyl(1.10),decadienoyl,A1,B1,C1,none,R37,none,none,,,,,,A1B1C1,OCC12OC1C1C3OC4(C=CC=CCCCCC)OC3(C(=C)C)CC(C)C1(O4)C1C=C(C)C(=O)C1(O)C2O,PD00007601,C30H40O8,528.642,Top1,1,Low Confidence
114,305,[11954],11954,483.3316,4.4,0,0,0,0,0,0,0,0,0,0,0,0,0,0,0,0,0,0,0,0,0,0,0,0,840727.3938,0,0,0,0,0,0,0,0,0,0,0,0,0,0,0,0,0,0,0,0,0,0,0,0,0,0,0,0,0,0,0,12,0,D,C27H46O7,possibly undescribed,none,[M+H]+,none,5,"1,2-en-3-one","5-ol-6,7-epoxy","9,13,14-orthoester",no C-12,no C-18,others,others,1,C7,C7*1,"benzoyl(0.38),benzoyl(2.00)",benzoyl,A1,B1,C1,none,R92,none,none,,,,,,A1B1C1,OCC12OC1C1C3OC4(c6ccccc6)OC3(C(=C)C)CC(C)C1(O4)C1C=C(C)C(=O)C1(O)C2O,PD00007656,C27H30O8,482.529,Top1,1,High Confidence
115,486,[9783],9783,389.196,4.4,0,0,0,0,0,0,0,0,0,0,0,0,0,0,0,0,0,0,0,0,0,0,0,0,0,0,0,0,775398.8724,281652.9942,0,0,0,0,0,0,0,0,0,0,0,0,0,0,0,0,0,0,0,0,0,0,0,0,0,0,6,0,D,C22H28O6,possibly undescribed,none,[M+H]+,none,9,"1,2-en-3-one","5-ol-6,7-ene","9,13,14-orthoester",no C-12,no C-18,others,others,1,C2,C2*1,"acyl(0.05),pentenoyl(0.02)",acyl,A1,B3,C1,none,R1,none,none,,,,,,A1B3C1,OCC1=CC2C3OC4(C)OC3(C(=C)C)CC(C)C2(O4)C2C=C(C)C(=O)C2(O)C1O,PD00009485,C22H28O7,404.459,Top1,1,Low Confidence
116,503,[177],177,487.2333,4.4,0,1763859.111,520582.0003,0,2669912.889,0,11000000,521507.5503,5046160.412,0,0,13600000,0,0,0,0,0,0,0,0,0,0,0,2273767.606,257569.9725,0,30900000,0,0,0,280982.4258,0,172435.2802,0,27000000,0,0,0,0,0,31000000,14700000,0,0,0,0,833364.9289,0,0,0,0,0,0,0,0,0,17,0,D,C27H34O8,possibly known,orthobenzoate 2,[M+H]+,"177, 6323",11,"1,2-dihydro-3-one","5-ol-6,7-epoxy","9,13,14-orthoester",no C-12,no C-18,"2,4-olefinic",others,1,C7,C7*1,"benzoyl(0.62),feruloyl(0.06),benzoyl(0.70),pentadecatrienoyl(0.04)",benzoyl,A2,B1,C1,none,R92,none,none,,,,,,A2B1C1,OCC12OC1C1C3OC4(c6ccccc6)OC3(C(=C)C)CC(C)C1(O4)C1CC(C)C(=O)C1(O)C2O,PD00007752,C27H32O8,484.545,Top3,0.5,Low Confidence
117,628,[2200],2200,635.2849,4.4,222536.7534,0,0,0,0,0,0,0,0,0,209984.1,0,0,0,0,380256.9021,0,0,0,0,270242.3438,0,0,0,387797.2645,0,0,0,0,0,0,0,0,0,0,0,0,0,0,0,0,0,0,0,1652844.246,0,0,0,0,0,0,0,0,0,0,0,6,0,D,C36H42O10,possibly undescribed,none,[M+H]+,none,16,"1,2-dihydro-3-ol","5-ol-6,7-epoxy","9,13,14-orthoester",no C-12,no C-18,others,others,2,"C7,C9",C9*1+C7*1,"benzoyl(0.07),cinnamoyl(0.19),feruloyl(0.03),cinnamoyl(1.80)","benzoyl,cinnamoyl",A4,B1,C1,none,R92,R93,none,,,,,,A4B1C1,OCC12OC1C1C3OC4(c6ccccc6)OC3(C(=C)C)CC(C)C1(O4)C1CC(C)C(OC(=O)C=Cc7ccccc7)C1(O)C2O,PD00022623,C36H40O9,616.707,Top1,1,Low Confidence
118,645,[6288],6288,573.2487,4.4,0,0,0,0,0,0,0,0,0,0,0,0,0,0,0,0,0,0,0,0,0,0,0,0,0,0,0,0,0,0,0,0,0,0,407426.7599,0,0,0,0,0,1767531.883,2457018.794,0,0,0,0,1312177.903,0,0,0,0,0,0,0,0,0,8,0,D,C34H36O8,possibly undescribed,none,[M+H]+,none,17,"1,2-dihydro-3-ol","5-ol-6,7-epoxy","9,13,14-orthoester",no C-12,no C-18,others,others,2,C7,C7*2,"benzoyl(0.07),feruloyl(0.04),benzoyl(0.16)","benzoyl,benzoyl",A4,B1,C1,none,R92,R92,none,,,,,,A4B1C1,OCC12OC1C1C3OC4(c6ccccc6)OC3(C(=C)C)CC(C)C1(O4)C1CC(C)C(OC(=O)c7ccccc7)C1(O)C2O,PD00022622,C34H38O9,590.669,Top1,1,Low Confidence
119,60,[841],841,485.2172,4.5,3157950.155,0,0,0,0,0,5821500.326,32700000,0,0,8845067.321,0,0,176902.8835,0,0,0,0,0,438802.4534,0,0,0,0,0,0,309075.8358,0,0,0,0,0,218139.6643,0,691953.4759,0,0,0,0,0,0,0,0,0,0,0,0,0,0,0,0,0,0,0,0,0,9,0,D,C27H32O8,possibly known,daphne factor F4,[M+H]+,none,12,"1,2-en-3-one","5-ol-6,7-epoxy","9,13,14-orthoester",no C-12,no C-18,others,others,1,C7,C7*1,"benzoyl(1.37),benzoyl(2.30)",benzoyl,A1,B1,C1,none,R92,none,none,,,,,,A1B1C1,OCC12OC1C1C3OC4(c6ccccc6)OC3(C(=C)C)CC(C)C1(O4)C1C=C(C)C(=O)C1(O)C2O,PD00007656,C27H30O8,482.529,Top3,0.402,Low Confidence
120,61,[963],963,543.2221,4.5,0,0,0,0,0,0,0,413000000,0,0,0,0,0,0,0,0,0,0,0,0,0,0,0,0,0,0,0,0,0,0,0,0,0,0,0,0,0,0,0,0,0,0,0,0,0,0,0,0,0,0,0,0,0,0,0,0,21,0,D,C29H34O10,possibly known,yuanhuapine,[M+H]+,none,13,"1,2-en-3-one","5-ol-6,7-epoxy","9,13,14-orthoester",no C-12,no C-18,"2,4-olefinic",others,1,C9,C9*1,"acyl(2.57),benzoyl(2.97),coumaroyl(1.98),feruloyl(2.04),benzoyl(56.00)",coumaroyl,A1,B1,C1,none,R94,none,none,,,,,,A1B1C1,OCC12OC1C1C3OC4(C=Cc6ccc(O)cc6)OC3(C(=C)C)CC(C)C1(O4)C1C=C(C)C(=O)C1(O)C2O,PD00007658,C29H32O9,524.566,Top5,0.843,Low Confidence
121,108,[1950],1950,547.2894,4.5,19200000,0,0,0,0,0,2629409.923,0,0,0,27400000,0,330741.4533,0,654762.8583,0,0,0,0,0,0,0,923212.201,0,0,679485.2504,0,0,0,0,0,1894089.319,0,0,0,0,0,0,0,0,0,0,0,0,8142256.014,0,0,0,0,1772745.692,0,0,0,0,0,0,15,0,D,C30H42O9,possibly known,"vesiculosin, isovesiculosin",[M+H]+,none,10,"1,2-en-3-one","5-ol-6,7-epoxy","9,13,14-orthoester",no C-12,no C-18,"2,4-olefinic",others,1,C10,C10*1,hexadienoyl(1.20),none,A1,B1,C1,none,none,none,none,,,,,,A1B1C1,OCC12OC1C1C3OC4OC3(C(=C)C)CC(C)C1(O4)C1C=C(C)C(=O)C1(O)C2O,PD00000001,C21H26O8,406.431,Top1,1,Low Confidence
122,186,[3844],3844,545.2749,4.5,0,0,0,0,0,0,0,0,0,0,527314.508,0,1470047.379,0,0,0,0,0,257148.4562,0,0,0,0,0,850856.3565,0,0,0,1138536.088,6293489.379,0,0,0,0,1243221.873,0,0,338378.1931,0,0,758141.5007,0,0,0,0,0,0,0,0,0,0,0,0,0,0,0,9,0,D,C30H40O9,possibly known,tianchaterpene E,[M+H]+,none,11,"1,2-en-3-one","5-ol-6,7-epoxy","9,13,14-orthoester",no C-12,no C-18,others,others,1,C10,C10*1,decatrienoyl(0.07),decatrienoyl,A1,B1,C1,none,R48,none,none,,,,,,A1B1C1,OCC12OC1C1C3OC4(C=CC=CC=CCCC)OC3(C(=C)C)CC(C)C1(O4)C1C=C(C)C(=O)C1(O)C2O,PD00007612,C30H38O8,526.626,Top1,1,Low Confidence
123,243,[6888],6888,608.401,4.5,0,0,0,0,0,0,0,0,0,0,0,0,0,0,0,0,0,0,0,0,0,0,0,0,0,0,0,0,0,0,0,0,0,0,0,0,0,0,0,343284.5044,0,0,0,0,0,0,2513142.637,0,0,0,0,0,0,0,0,0,16,0,D,C30H57O11N1,possibly undescribed,none,[M+NH4]+,none,3,"1,2-en-3-one","5-ol-6,7-epoxy","9,13,14-orthoester",no C-12,no C-18,others,others,1,C10,C10*1,"benzoyl(0.51),feruloyl(0.20),benzoyl(0.64)",feruloyl,A1,B1,C1,none,R95,none,none,,,,,,A1B1C1,OCC12OC1C1C3OC4(C=Cc6c(OC)c(O)ccc6)OC3(C(=C)C)CC(C)C1(O4)C1C=C(C)C(=O)C1(O)C2O,PD00007659,C30H34O10,554.592,Top2,0.854,Low Confidence
124,271,[9654],9654,371.1861,4.5,0,0,0,0,0,0,0,0,0,0,0,0,0,0,0,0,0,0,0,0,0,0,0,0,0,0,0,0,0,11300000,0,0,0,0,0,0,0,0,0,0,0,0,0,0,0,0,0,0,0,0,0,0,0,0,0,0,6,0,D,C22H26O5,possibly undescribed,none,[M+H]+,none,10,"1,2-en-3-one","5-ol-6,7-epoxy","9,13,14-orthoester",no C-12,no C-18,others,others,1,C2,C2*1,"acyl(0.55),butenoyl(0.08)",acyl,A1,B1,C1,none,R1,none,none,,,,,,A1B1C1,OCC12OC1C1C3OC4(C)OC3(C(=C)C)CC(C)C1(O4)C1C=C(C)C(=O)C1(O)C2O,PD00007565,C22H28O8,420.458,Top2,0.855,Low Confidence
125,410,[8050],8050,679.2752,4.5,0,0,0,0,0,0,0,0,0,0,0,0,0,0,0,0,0,0,520890.5842,0,2281835.902,0,0,0,0,0,0,0,0,0,0,0,0,0,0,0,0,0,0,0,0,0,0,0,0,0,0,0,0,0,0,0,0,0,0,0,12,0,D,C37H42O12,possibly undescribed,none,[M+H]+,none,17,"1,2-en-3-one","5-ol-6,7-epoxy","9,13,14-orthoester",with C-12,no C-18,others,others,2,"C7,C10",C10*1+C7*1,benzoyl(0.22),"benzoyl,benzoyl",A1,B1,C2,none,R92,R92,none,,,,,,A1B1C2,OCC12OC1C1C3OC4(c6ccccc6)OC3(C(=C)C)C(OC(=O)c7ccccc7)C(C)C1(O4)C1C=C(C)C(=O)C1(O)C2O,PD00129710,C34H34O10,602.636,Top1,1,Low Confidence
126,467,[3466],3466,311.1642,4.5,0,0,0,0,212363.205,0,0,0,0,583759.9172,0,0,0,0,0,0,0,0,0,0,0,0,0,0,0,0,0,0,445560.4641,48000000,0,591545.2021,2939494.18,0,0,0,0,0,0,0,0,0,0,0,0,0,0,0,0,0,0,0,0,0,0,0,14,0,D,C20H22O3,possibly undescribed,none,[M+H]+,none,10,"1,2-en-3-one","5-ol-6,7-diol","9,13,14-orthoester",no C-12,no C-18,others,others,1,C0,C0*1,butanoyl/isobutyryl(0.12),none,A1,B2,C1,none,none,none,none,,,,,,A1B2C1,OCC1(O)C(O)C2C3OC4OC3(C(=C)C)CC(C)C2(O4)C2C=C(C)C(=O)C2(O)C1O,PD00000081,C21H28O9,424.446,Top1,1,Low Confidence
127,473,[4727],4727,473.29,4.5,0,0,0,0,0,0,0,0,0,495299.7377,0,0,0,0,0,0,0,0,0,0,0,0,0,0,0,0,0,0,0,0,0,488776.7973,3369472.223,0,0,0,0,0,0,0,0,0,0,0,0,0,0,0,0,0,0,0,0,0,0,0,6,0,D,C28H40O6,possibly undescribed,none,[M+H]+,none,9,"1,2-en-3-one","5-ol-6,7-ene","9,13,14-orthoester",no C-12,no C-18,others,others,1,C8,C8*1,octanoyl(0.11),octanoyl,A1,B3,C1,none,R7,none,none,,,,,,A1B3C1,OCC1=CC2C3OC4(CCCCCCC)OC3(C(=C)C)CC(C)C2(O4)C2C=C(C)C(=O)C2(O)C1O,PD00009491,C28H40O7,488.621,Top1,1,Low Confidence
128,589,[2464],2464,625.2311,4.5,0,0,0,0,0,0,592074.6951,0,0,0,0,0,0,0,0,0,0,0,0,0,0,0,0,0,0,0,0,0,0,0,0,0,0,0,0,0,0,0,0,0,0,0,0,0,0,0,0,0,0,0,0,0,0,0,0,0,9,0,D,C8H48O30,possibly undescribed,none,[M+H]+,none,-15,"1,2-en-3-ol","5-ol-6,7-epoxy","9,13,14-orthoester",with C-12,no C-18,others,others,0,others,,benzoyl(0.14),none,A3,B1,C2,none,none,none,none,,,,,,A3B1C2,OCC12OC1C1C3OC4OC3(C(=C)C)CC(C)C1(O4)C1C=C(C)C(O)C1(O)C2O,PD00000008,C21H28O8,408.447,Top1,1,Low Confidence
129,686,[11895],11895,603.2443,4.5,0,0,0,0,0,0,0,0,0,0,0,0,0,0,0,0,0,0,0,0,0,0,0,0,1480040.494,0,0,0,0,0,0,0,0,0,0,0,0,0,0,0,0,0,0,0,0,0,0,0,0,0,0,0,0,0,0,0,13,0,D,C31H38O12,possibly undescribed,none,[M+H]+,none,13,"1,2-dihydro-3-ol","5-ol-6,7-epoxy","9,13,14-orthoester",no C-12,no C-18,others,others,1,C11,C11*1,benzoyl(0.07),none,A4,B1,C1,none,none,none,none,,,,,,A4B1C1,OCC12OC1C1C3OC4OC3(C(=C)C)CC(C)C1(O4)C1CC(C)C(O)C1(O)C2O,PD00000004,C21H30O8,410.463,Top1,1,Low Confidence
130,78,[1080],1080,483.2018,4.6,343000000,0,36700000,58500000,0,9872199.974,209000000,5244105.065,8367403.419,2903505.897,289000000,0,0,0,0,0,0,0,0,0,0,0,0,0,23600000,0,0,0,0,0,0,23200000,30000000,0,138000000,0,0,0,0,0,0,0,0,0,5818420.362,0,18300000,0,0,0,0,0,0,0,0,0,14,0,D,C27H30O8,possibly known,(DA01)std_daphnetoxin,[M+H]+,none,13,"1,2-en-3-one","5-ol-6,7-epoxy","9,13,14-orthoester",no C-12,no C-18,others,others,1,C7,C7*1,"benzoyl(2.78),feruloyl(4.18),benzoyl(13.00)",benzoyl,A1,B1,C1,none,R92,none,none,,,,,,A1B1C1,OCC12OC1C1C3OC4(c6ccccc6)OC3(C(=C)C)CC(C)C1(O4)C1C=C(C)C(=O)C1(O)C2O,PD00007656,C27H30O8,482.529,Top1,1,High Confidence
131,139,[2567],2567,499.1961,4.6,0,0,0,0,0,0,175385.7282,0,0,0,3603092.657,0,0,0,0,0,0,0,0,0,0,0,0,0,0,0,0,0,0,0,0,0,0,0,0,0,0,0,0,0,0,0,0,0,0,0,0,0,0,0,0,0,0,0,0,0,11,0,D,C27H30O9,possibly known,12-OH-daphnetoxin,[M+H]+,none,13,"1,2-en-3-one","5-ol-6,7-epoxy","9,13,14-orthoester",no C-12,no C-18,others,others,1,C7,C7*1,decatrienoyl(0.03),benzoyl,A1,B1,C1,none,R92,none,none,,,,,,A1B1C1,OCC12OC1C1C3OC4(c6ccccc6)OC3(C(=C)C)CC(C)C1(O4)C1C=C(C)C(=O)C1(O)C2O,PD00007656,C27H30O8,482.529,Top1,1,Low Confidence
132,161,[3501],3501,389.1958,4.6,0,0,0,0,159062.3834,0,0,0,0,0,0,0,0,0,0,0,0,0,0,0,0,0,0,0,0,0,0,0,0,54900000,0,0,0,0,0,0,0,0,0,0,0,0,0,0,0,0,0,0,0,0,0,0,0,0,0,0,7,0,D,C22H28O6,possibly undescribed,none,[M+H]+,none,9,"1,2-en-3-one","5-ol-6,7-epoxy","9,13,14-orthoester",no C-12,no C-18,"2,4-olefinic",others,1,C2,C2*1,"acyl(0.94),pentenoyl(0.12)",acyl,A1,B1,C1,none,R1,none,none,,,,,,A1B1C1,OCC12OC1C1C3OC4(C)OC3(C(=C)C)CC(C)C1(O4)C1C=C(C)C(=O)C1(O)C2O,PD00007565,C22H28O8,420.458,Top2,0.957,Low Confidence
133,369,[3233],3233,705.2912,4.6,0,232174.0801,0,0,0,0,0,0,0,0,0,0,0,0,0,0,0,0,1997105.962,0,0,0,0,0,0,0,0,0,0,0,0,0,0,0,0,0,0,0,0,0,0,0,0,0,0,0,0,0,0,0,0,0,0,0,0,0,6,0,D,C39H44O12,possibly undescribed,none,[M+H]+,none,18,"1,2-en-3-one","5-ol-6,7-epoxy","9,13,14-orthoester",with C-12,no C-18,"2,4-olefinic",others,2,"C9,C10",C9*1+C10*1,coumaroyl(0.34),"coumaroyl,coumaroyl",A1,B1,C2,none,R94,R94,none,,,,,,A1B1C2,OCC12OC1C1C3OC4(C=Cc6ccc(O)cc6)OC3(C(=C)C)C(OC(=O)C=Cc7ccc(O)cc7)C(C)C1(O4)C1C=C(C)C(=O)C1(O)C2O,PD00129719,C38H38O12,686.71,Top1,1,Low Confidence
134,442,[9084],9084,617.2567,4.6,0,0,0,0,0,0,0,0,0,0,0,0,0,0,0,0,0,0,769466.4207,0,0,0,0,0,0,0,0,0,0,0,0,0,0,0,0,0,0,0,0,0,0,0,0,0,0,0,330625.4425,0,0,0,0,0,0,0,0,0,6,0,D,C14H48O25,possibly undescribed,none,[M+H]+,none,-9,"1,2-en-3-one","5-ol-6,7-epoxy","9,13,14-orthoester",with C-12,no C-18,"2,4-olefinic",others,0,others,,decadienoyl(0.15),none,A1,B1,C2,none,none,none,none,,,,,,A1B1C2,OCC12OC1C1C3OC4OC3(C(=C)C)CC(C)C1(O4)C1C=C(C)C(=O)C1(O)C2O,PD00000006,C21H26O8,406.431,Top2,0.436,Low Confidence
135,453,[9727],9727,603.2794,4.6,0,0,0,0,0,0,0,0,0,0,0,0,0,0,0,0,0,0,0,0,0,0,0,0,0,0,0,0,0,1090238.474,0,0,0,0,0,0,0,0,0,0,0,0,0,0,0,0,0,0,0,0,0,0,0,0,0,0,12,0,D,C32H42O11,possibly undescribed,none,[M+H]+,none,12,"1,2-en-3-one","5-ol-6,7-epoxy","9,13,14-orthoester",with C-12,no C-18,others,others,2,"C2,C10",C2*1+C10*1,decatrienoyl(0.83),"acyl,decatrienoyl",A1,B1,C2,none,R1,R48,none,,,,,,A1B1C2,OCC12OC1C1C3OC4(C)OC3(C(=C)C)C(OC(=O)C=CC=CC=CCCC)C(C)C1(O4)C1C=C(C)C(=O)C1(O)C2O,PD00125116,C32H40O10,584.662,Top1,1,Low Confidence
136,90,"[1316,2127]",1316,681.291,4.7,3602446.202,2078425.823,1497185.452,0,714606.9839,0,24700000,1548289.543,4133314.472,0,4918563.441,2384451.101,0,242992.2369,0,0,11300000,0,0,0,1201156.417,676387.9913,0,0,742332.7938,0,0,0,0,0,0,0,0,0,0,0,0,0,0,0,0,0,0,0,0,0,0,0,0,0,0,0,0,0,0,0,17,0,D,C37H44O12,possibly known,tanguticanine D,[M+H]+,"1316, 2127",16,"1,2-en-3-one","5-ol-6,7-epoxy","9,13,14-orthoester",no C-12,no C-18,"2,4-olefinic",others,2,"C7,C10",C10*1+C7*1,"benzoyl(0.09),feruloyl(0.08),benzoyl(0.54)","feruloyl,benzoyl",A1,B1,C1,none,R95,R92,none,,,,,,A1B1C1,c7cc(O)c(OC)cc7C=CC(=O)OCC12OC1C1C3OC4(c6ccccc6)OC3(C(=C)C)CC(C)C1(O4)C1C=C(C)C(=O)C1(O)C2O,PD00269393,C37H38O11,658.7,Top2,0.564,Low Confidence
137,279,[9787],9787,601.3372,4.7,0,0,0,0,0,0,0,0,0,0,0,0,0,0,0,0,0,0,0,0,0,0,0,0,0,0,0,0,1138606.624,715965.7606,0,0,0,0,0,0,0,0,0,0,0,0,0,0,0,0,0,0,0,0,0,0,0,0,0,0,6,0,D,C34H48O9,possibly undescribed,none,[M+H]+,none,11,"1,2-en-3-one","5-ol-6,7-epoxy","9,13,14-orthoester",no C-12,no C-18,others,others,1,C14,C14*1,others,none,A1,B1,C1,none,none,none,none,,,,,,A1B1C1,OCC12OC1C1C3OC4OC3(C(=C)C)CC(C)C1(O4)C1C=C(C)C(=O)C1(O)C2O,PD00000001,C21H26O8,406.431,Top1,1,Low Confidence
138,215,[5054],5054,463.2321,4.8,0,0,0,0,0,0,0,0,0,0,3252177.869,0,0,0,0,0,0,0,0,0,0,0,0,0,0,0,0,0,0,0,0,0,0,0,0,0,0,0,0,0,0,0,0,0,0,0,0,0,0,0,0,0,0,0,0,0,12,0,D,C25H34O8,possibly undescribed,none,[M+H]+,none,9,"1,2-en-3-one","5-ol-6,7-epoxy","9,13,14-orthoester",no C-12,no C-18,others,others,1,C5,C5*1,6-hydroxy-2-4-heptadienoyl(0.03),2-methylbutyryl,A1,B1,C1,none,R4,none,none,,,,,,A1B1C1,OCC12OC1C1C3OC4(CCCC)OC3(C(=C)C)CC(C)C1(O4)C1C=C(C)C(=O)C1(O)C2O,PD00007568,C25H34O8,462.539,Top2,0.117,High Confidence
139,392,[5124],5124,629.2375,4.8,0,0,0,1276793.326,0,0,0,0,0,0,312198.7789,0,0,0,0,0,275311.6616,0,0,0,0,0,0,0,0,0,0,0,0,0,0,0,0,0,0,0,0,0,0,0,0,0,0,0,0,0,0,0,0,0,0,0,0,0,0,0,10,0,D,C36H36O10,possibly known,gnidicin,[M+H]+,none,19,"1,2-en-3-one","5-ol-6,7-epoxy","9,13,14-orthoester",with C-12,no C-18,others,others,2,"C7,C9",C9*1+C7*1,cinnamoyl(0.54),"benzoyl,cinnamoyl",A1,B1,C2,none,R92,R93,none,,,,,,A1B1C2,OCC12OC1C1C3OC4(c6ccccc6)OC3(C(=C)C)C(OC(=O)C=Cc7ccccc7)C(C)C1(O4)C1C=C(C)C(=O)C1(O)C2O,PD00129711,C36H36O10,628.674,Top1,1,High Confidence
140,441,[9071],9071,594.2895,4.8,0,0,0,0,0,0,0,0,0,0,0,0,0,0,0,0,0,0,492279.8506,0,0,0,0,0,0,0,0,0,0,0,0,0,0,0,0,0,0,0,0,0,0,0,0,0,0,0,0,0,0,0,0,0,0,0,0,0,11,0,D,C30H43O11N1,possibly undescribed,none,[M+NH4]+,none,10,"1,2-en-3-one","5-ol-6,7-epoxy","9,13,14-orthoester",with C-12,no C-18,others,others,1,C10,C10*1,others,none,A1,B1,C2,none,none,none,none,,,,,,A1B1C2,OCC12OC1C1C3OC4OC3(C(=C)C)CC(C)C1(O4)C1C=C(C)C(=O)C1(O)C2O,PD00000006,C21H26O8,406.431,Top1,1,Low Confidence
141,576,[6293],6293,591.2597,4.8,0,0,0,0,0,0,0,0,0,0,0,0,0,0,0,0,0,0,0,0,0,0,0,0,2756310.141,0,0,0,0,0,0,0,0,0,4913937.87,0,0,0,0,0,259329.7665,927147.0554,0,0,0,0,0,0,0,0,0,0,0,0,0,0,16,0,D,C34H38O9,possibly undescribed,"(DA08)std_genkwanine M isomer, (DA07)std_genkwanine N isomer",[M+H]+,none,16,"1,2-en-3-ol","5-ol-6,7-epoxy","9,13,14-orthoester",no C-12,no C-18,others,others,2,C7,C7*2,"benzoyl(0.26),feruloyl(0.10),benzoyl(0.57)","benzoyl,benzoyl",A3,B1,C1,none,R92,R92,none,,,,,,A3B1C1,OCC12OC1C1C3OC4(c6ccccc6)OC3(C(=C)C)CC(C)C1(O4)C1C=C(C)C(OC(=O)c7ccccc7)C1(O)C2O,PD00017966,C34H36O9,588.653,Top2,0.9,Low Confidence
142,647,[6375],6375,469.2225,4.8,0,0,0,0,0,0,0,0,0,0,0,0,0,0,0,0,0,0,0,0,0,0,0,0,1914046.587,0,0,0,0,0,0,0,0,0,0,0,0,0,0,0,0,210474.8695,0,0,0,0,1700237.807,0,0,0,0,0,0,0,0,0,9,0,D,C27H32O7,possibly undescribed,none,[M+H]+,none,12,"1,2-dihydro-3-ol","5-ol-6,7-epoxy","9,13,14-orthoester",no C-12,no C-18,others,others,1,C7,C7*1,"benzoyl(0.04),feruloyl(0.04),benzoyl(0.09)",benzoyl,A4,B1,C1,none,R92,none,none,,,,,,A4B1C1,OCC12OC1C1C3OC4(c6ccccc6)OC3(C(=C)C)CC(C)C1(O4)C1CC(C)C(O)C1(O)C2O,PD00007944,C27H34O8,486.561,Top1,1,Low Confidence
143,188,[3863],3863,683.3064,4.9,0,0,0,0,0,0,0,0,0,0,0,0,567901.0382,0,0,0,0,0,0,0,5134694.933,1006559.534,0,0,2691817.771,0,0,0,0,0,0,0,0,0,0,0,0,0,0,0,0,0,0,0,0,0,0,0,0,0,0,0,0,0,0,0,14,0,D,C37H46O12,possibly undescribed,none,[M+H]+,none,15,"1,2-en-3-one","5-ol-6,7-epoxy","9,13,14-orthoester",no C-12,no C-18,"2,4-olefinic",others,2,"C7,C10",C10*1+C7*1,"benzoyl(0.08),feruloyl(0.03),benzoyl(0.33)","feruloyl,benzoyl",A1,B1,C1,none,R95,R92,none,,,,,,A1B1C1,c7cc(O)c(OC)cc7C=CC(=O)OCC12OC1C1C3OC4(c6ccccc6)OC3(C(=C)C)CC(C)C1(O4)C1C=C(C)C(=O)C1(O)C2O,PD00269393,C37H38O11,658.7,Top2,0.554,Low Confidence
144,329,"[1711,2417]",1711,681.2912,4.9,2381237.638,1177675.962,1204876.676,17700000,0,0,1128369.177,202270.6132,3069791.988,0,4130386.642,2027253.143,0,0,0,0,0,0,0,0,655418.696,1622138.175,0,0,408312.8831,0,0,0,0,0,0,0,0,0,0,0,0,0,0,0,0,0,0,0,0,0,0,0,0,0,0,0,0,0,0,0,14,0,D,C37H44O12,possibly known,tanguticanine D,[M+H]+,"1711, 2417",16,"1,2-en-3-one","5-ol-6,7-epoxy","9,13,14-orthoester",with C-12,no C-18,others,others,2,"C7,C10",C10*1+C7*1,"benzoyl(0.05),feruloyl(0.04),benzoyl(0.29)","feruloyl,benzoyl",A1,B1,C2,none,R95,R92,none,,,,,,A1B1C2,OCC12OC1C1C3OC4(c6ccccc6)OC3(C(=C)C)C(OC(=O)C=Cc7c(OC)c(O)ccc7)C(C)C1(O4)C1C=C(C)C(=O)C1(O)C2O,PD00129713,C37H38O12,674.699,Top1,1,Low Confidence
145,479,[6505],6505,481.1858,4.9,0,0,0,998626.3011,0,0,0,0,0,0,0,0,0,0,0,0,0,0,0,0,0,0,0,0,0,0,0,0,0,0,0,0,0,0,0,0,0,0,0,0,0,0,0,0,0,0,0,0,0,0,0,0,0,0,0,0,7,0,D,C27H28O8,possibly undescribed,none,[M+H]+,none,14,"1,2-en-3-one","5-ol-6,7-ene","9,13,14-orthoester",no C-12,no C-18,others,others,1,C7,C7*1,"benzoyl(0.04),benzoyl(0.16)",benzoyl,A1,B3,C1,none,R92,none,none,,,,,,A1B3C1,OCC1=CC2C3OC4(c6ccccc6)OC3(C(=C)C)CC(C)C2(O4)C2C=C(C)C(=O)C2(O)C1O,PD00009576,C27H30O7,466.53,Top2,0.777,Low Confidence
146,506,[962],962,485.2177,4.9,150000000,0,0,2878901.599,0,3208524.501,294000000,1200000000,8603032.67,0,358000000,0,0,8099640.041,0,0,0,0,0,0,0,0,0,0,0,0,0,0,0,0,0,2644398.384,14500000,0,44900000,0,0,0,0,1650710.591,0,1527120.892,0,2169304.515,2015660.014,0,1138803.783,0,0,0,0,0,0,0,0,0,6,0,D,C27H32O8,possibly known,daphne factor F4,[M+H]+,none,12,"1,2-dihydro-3-one","5-ol-6,7-epoxy","9,13,14-orthoester",no C-12,no C-18,others,others,1,C7,C7*1,benzoyl(0.75),benzoyl,A2,B1,C1,none,R92,none,none,,,,,,A2B1C1,OCC12OC1C1C3OC4(c6ccccc6)OC3(C(=C)C)CC(C)C1(O4)C1CC(C)C(=O)C1(O)C2O,PD00007752,C27H32O8,484.545,Top1,1,High Confidence
147,575,[6259],6259,609.2694,4.9,0,0,0,0,0,0,0,0,0,0,0,0,0,0,0,0,0,0,0,0,0,0,0,0,6172576.631,0,0,0,0,0,0,0,2521249.33,0,582884.8831,0,0,0,0,0,899627.0144,17000000,0,0,1002131.316,0,35100000,0,0,0,0,0,0,0,0,0,14,0,D,C34H40O10,possibly undescribed,(DA12)std_genkwanine H isomer,[M+H]+,none,15,"1,2-en-3-ol","5-ol-6,7-epoxy","9,13,14-orthoester",no C-12,no C-18,"2,4-olefinic",others,2,C7,C7*2,"benzoyl(0.86),feruloyl(0.24),benzoyl(2.70)","benzoyl,benzoyl",A3,B1,C1,none,R92,R92,none,,,,,,A3B1C1,OCC12OC1C1C3OC4(c6ccccc6)OC3(C(=C)C)CC(C)C1(O4)C1C=C(C)C(OC(=O)c7ccccc7)C1(O)C2O,PD00017966,C34H36O9,588.653,Top2,0.997,Low Confidence
148,634,[4049],4049,669.3283,4.9,0,0,0,0,0,0,0,0,0,0,0,0,231715.0808,0,0,0,0,0,0,0,0,0,0,0,1333611.424,0,0,0,0,0,0,0,0,0,0,0,0,558986.7079,0,0,0,0,0,0,0,0,0,0,0,0,0,0,0,0,0,0,6,0,D,C12H60O29,possibly known,stellejasmin B,[M+H]+,none,-17,"1,2-dihydro-3-ol","5-ol-6,7-epoxy","9,13,14-orthoester",no C-12,no C-18,others,others,1,C-8,C-8*1,"benzoyl(0.09),feruloyl(0.04),benzoyl(0.32),tetradecenoyl(0.01)",none,A4,B1,C1,none,none,none,none,,,,,,A4B1C1,OCC12OC1C1C3OC4OC3(C(=C)C)CC(C)C1(O4)C1CC(C)C(O)C1(O)C2O,PD00000004,C21H30O8,410.463,Top1,1,Low Confidence
149,659,[11576],11576,573.2477,4.9,0,0,0,0,0,0,0,0,0,0,0,0,0,0,0,0,0,0,0,0,0,0,0,0,0,0,0,0,0,0,0,0,0,0,0,0,0,0,0,0,0,0,0,0,484987.9525,0,5558105.935,0,0,0,0,0,0,0,0,0,7,0,D,C34H36O8,possibly undescribed,none,[M+H]+,none,17,"1,2-dihydro-3-ol","5-ol-6,7-epoxy","9,13,14-orthoester",no C-12,no C-18,others,others,2,C7,C7*2,"acyl(0.05),benzoyl(0.13),feruloyl(0.03),benzoyl(1.00)","benzoyl,benzoyl",A4,B1,C1,none,R92,R92,none,,,,,,A4B1C1,OCC12OC1C1C3OC4(c6ccccc6)OC3(C(=C)C)CC(C)C1(O4)C1CC(C)C(OC(=O)c7ccccc7)C1(O)C2O,PD00022622,C34H38O9,590.669,Top1,1,Low Confidence
150,688,[11900],11900,559.2905,4.9,0,0,0,0,0,0,0,0,0,0,0,0,0,0,0,0,0,0,0,0,0,0,0,0,1280594.746,0,0,0,0,0,0,0,0,0,0,0,0,0,0,0,0,0,0,0,0,0,0,0,0,0,0,0,0,0,0,0,15,0,D,C31H42O9,possibly undescribed,none,[M+H]+,none,11,"1,2-dihydro-3-ol","5-ol-6,7-epoxy","9,13,14-orthoester",no C-12,no C-18,others,others,1,C11,C11*1,"benzoyl(0.05),feruloyl(0.03),benzoyl(0.03)",none,A4,B1,C1,none,none,none,none,,,,,,A4B1C1,OCC12OC1C1C3OC4OC3(C(=C)C)CC(C)C1(O4)C1CC(C)C(O)C1(O)C2O,PD00000004,C21H30O8,410.463,Top1,1,Low Confidence
151,100,[1750],1750,501.2125,5,0,0,0,0,0,0,0,234240.4622,0,0,2393119.325,0,0,0,0,0,0,0,0,0,0,0,0,0,0,0,0,0,0,0,0,0,0,0,0,0,0,0,0,0,0,0,0,0,0,0,0,0,0,0,0,0,0,0,0,0,8,0,D,C27H32O9,possibly known,daphnegiraldigin,[M+H]+,none,12,"1,2-en-3-one","5-ol-6,7-epoxy","9,13,14-orthoester",no C-12,no C-18,others,others,1,C7,C7*1,decatrienoyl(0.02),benzoyl,A1,B1,C1,none,R92,none,none,,,,,,A1B1C1,OCC12OC1C1C3OC4(c6ccccc6)OC3(C(=C)C)CC(C)C1(O4)C1C=C(C)C(=O)C1(O)C2O,PD00007656,C27H30O8,482.529,Top3,0.1,Low Confidence
152,190,[3935],3935,549.3066,5,0,0,0,0,0,0,0,0,0,0,0,0,314788.4371,0,0,0,0,0,0,0,0,0,0,0,0,0,0,0,0,470267.8495,0,0,0,0,0,0,0,3974105.415,0,0,0,0,0,0,0,0,0,0,0,0,0,0,0,0,0,0,12,0,D,C30H44O9,possibly undescribed,none,[M+H]+,none,9,"1,2-en-3-one","5-ol-6,7-epoxy","9,13,14-orthoester",no C-12,no C-18,others,others,1,C10,C10*1,decenoyl(0.02),decenoyl,A1,B1,C1,none,R24,none,none,,,,,,A1B1C1,OCC12OC1C1C3OC4(C=CCCCCCCC)OC3(C(=C)C)CC(C)C1(O4)C1C=C(C)C(=O)C1(O)C2O,PD00007588,C30H42O8,530.658,Top1,1,Low Confidence
153,268,[8990],8990,594.2897,5,0,0,0,0,0,0,0,0,0,0,0,0,0,0,0,0,0,0,2357457.388,0,0,0,0,0,0,0,0,0,0,0,0,0,0,0,0,0,0,0,0,0,0,0,0,0,0,0,0,0,0,0,0,0,0,0,0,0,18,0,D,C30H43O11N1,possibly undescribed,none,[M+NH4]+,none,10,"1,2-en-3-one","5-ol-6,7-epoxy","9,13,14-orthoester",no C-12,no C-18,others,others,1,C10,C10*1,others,none,A1,B1,C1,none,none,none,none,,,,,,A1B1C1,OCC12OC1C1C3OC4OC3(C(=C)C)CC(C)C1(O4)C1C=C(C)C(=O)C1(O)C2O,PD00000001,C21H26O8,406.431,Top2,0.176,Low Confidence
154,478,[6294],6294,311.1637,5,0,0,0,0,0,0,0,0,0,0,0,0,0,0,0,0,0,0,0,0,0,0,0,0,0,0,0,0,0,6467397.994,0,0,0,0,0,0,0,0,0,0,2811849.984,1171306.436,0,0,0,0,302896.9965,0,0,0,0,0,0,0,0,0,17,0,D,C20H22O3,possibly undescribed,none,[M+H]+,none,10,"1,2-en-3-one","5-ol-6,7-ene","9,13,14-orthoester",no C-12,no C-18,others,others,1,C0,C0*1,6-7-epoxy-2-4-octadienoyl(0.05),none,A1,B3,C1,none,none,none,none,,,,,,A1B3C1,OCC1=CC2C3OC4OC3(C(=C)C)CC(C)C2(O4)C2C=C(C)C(=O)C2(O)C1O,PD00000041,C21H26O7,390.432,Top1,1,Low Confidence
155,557,[767],767,485.2179,5,0,0,0,0,0,0,0,455155.3104,0,0,0,0,0,0,0,0,0,0,0,0,0,0,0,0,0,0,1581988.516,0,0,0,0,0,0,0,0,0,0,0,0,0,0,0,0,0,0,0,0,0,0,0,0,0,0,0,0,0,7,0,D,C27H32O8,possibly known,daphne factor F4,[M+H]+,none,12,"1,2-en-3-ol","5-ol-6,7-epoxy","9,13,14-orthoester",no C-12,no C-18,others,others,1,C7,C7*1,benzoyl(0.13),benzoyl,A3,B1,C1,none,R92,none,none,,,,,,A3B1C1,OCC12OC1C1C3OC4(c6ccccc6)OC3(C(=C)C)CC(C)C1(O4)C1C=C(C)C(O)C1(O)C2O,PD00007848,C27H32O8,484.545,Top1,1,High Confidence
156,574,[5318],5318,609.27,5,0,0,0,214501.7021,0,0,0,0,0,0,0,181423.2122,0,0,0,0,0,0,0,0,0,0,0,0,4931289.578,0,0,0,0,0,0,0,0,0,5594156.473,0,0,0,0,0,16800000,2303354.249,0,0,219266.7539,0,0,0,0,0,0,0,0,0,0,0,14,0,D,C34H40O10,possibly undescribed,(DA12)std_genkwanine H isomer,[M+H]+,none,15,"1,2-en-3-ol","5-ol-6,7-epoxy","9,13,14-orthoester",no C-12,no C-18,"2,4-olefinic",others,2,C7,C7*2,"benzoyl(2.06),feruloyl(0.57),benzoyl(6.10)","benzoyl,benzoyl",A3,B1,C1,none,R92,R92,none,,,,,,A3B1C1,OCC12OC1C1C3OC4(c6ccccc6)OC3(C(=C)C)CC(C)C1(O4)C1C=C(C)C(OC(=O)c7ccccc7)C1(O)C2O,PD00017966,C34H36O9,588.653,Top1,1,Low Confidence
157,630,[2486],2486,573.2476,5,0,0,0,0,0,0,294166.1587,0,0,0,273193.6753,0,0,0,0,0,0,0,0,0,0,0,0,0,390156.3116,0,0,0,0,0,0,0,0,0,3980857.777,0,0,0,0,0,10000000,11100000,0,0,0,0,2319819.467,0,0,0,0,0,0,0,0,0,7,0,D,C34H36O8,possibly undescribed,none,[M+H]+,none,17,"1,2-dihydro-3-ol","5-ol-6,7-epoxy","9,13,14-orthoester",no C-12,no C-18,others,others,2,C7,C7*2,"benzoyl(0.10),feruloyl(0.02),benzoyl(0.67)","benzoyl,benzoyl",A4,B1,C1,none,R92,R92,none,,,,,,A4B1C1,OCC12OC1C1C3OC4(c6ccccc6)OC3(C(=C)C)CC(C)C1(O4)C1CC(C)C(OC(=O)c7ccccc7)C1(O)C2O,PD00022622,C34H38O9,590.669,Top1,1,Low Confidence
158,642,[6268],6268,451.2112,5,0,0,0,0,0,0,0,0,0,0,0,0,0,0,0,0,0,0,0,430853.6493,0,0,0,0,266473.241,0,0,0,0,0,0,0,0,0,1728314.556,0,0,0,0,0,5587349.102,4816401.982,0,0,0,0,5046303.991,0,0,0,0,0,0,0,0,0,17,0,D,C27H30O6,possibly undescribed,none,[M+H]+,none,13,"1,2-dihydro-3-ol","5-ol-6,7-epoxy","9,13,14-orthoester",no C-12,no C-18,others,others,1,C7,C7*1,"benzoyl(0.35),feruloyl(0.08),benzoyl(0.61)",benzoyl,A4,B1,C1,none,R92,none,none,,,,,,A4B1C1,OCC12OC1C1C3OC4(c6ccccc6)OC3(C(=C)C)CC(C)C1(O4)C1CC(C)C(O)C1(O)C2O,PD00007944,C27H34O8,486.561,Top1,1,Low Confidence
159,650,[7781],7781,591.2964,5,0,0,0,0,0,0,0,0,0,0,0,0,0,0,0,0,0,0,0,0,0,0,0,0,0,0,0,0,0,0,0,0,242772.1737,0,0,0,0,0,0,0,0,0,0,0,0,0,0,0,0,0,0,0,0,0,0,0,10,0,D,C35H42O8,possibly undescribed,none,[M+H]+,none,15,"1,2-dihydro-3-ol","5-ol-6,7-epoxy","9,13,14-orthoester",no C-12,no C-18,others,others,3,"C2,C11",C2*2+C11*1,"benzoyl(0.15),feruloyl(0.05),benzoyl(0.37)",acyl,A4,B1,C1,none,R1,none,none,,,,,,A4B1C1,OCC12OC1C1C3OC4(C)OC3(C(=C)C)CC(C)C1(O4)C1CC(C)C(O)C1(O)C2O,PD00007853,C22H32O8,424.49,Top2,0.959,Low Confidence
160,751,[6067],6067,686.3555,5,0,0,0,0,0,0,0,0,0,0,0,0,0,0,0,0,0,0,0,0,0,0,0,0,0,0,0,0,0,0,0,0,0,0,0,0,0,1972824.442,0,0,0,0,0,0,0,0,0,0,0,0,0,0,0,0,0,0,0,9,MD,C12H63O29N1,possibly undescribed,(DA45)std_daphnepedunin D isomer,[M+NH4]+,none,-18,1-alkyl-3-one,"5-ol-6,7-epoxy","9,13,14-orthoester",no C-12,no C-18,others,C9 ring with no substituent,0,others,,"benzoyl(0.07),benzoyl(0.12)",none,A6,B1,C1,M1,none,none,none,none,none,none,none,none,A6B1C1M1,OCC12OC1C1C3OC45CCCCCCCCC6C(C)C(=O)C(O)(C2O)C6C1(O4)C(C)CC3(C(=C)C)O5,PD01121453,C29H42O8,518.647,Top1,1,Low Confidence
161,274,"[9696,9697,9743]",9696,620.3068,5.1,0,0,0,0,0,0,0,0,0,0,0,0,0,0,0,0,0,0,0,0,0,0,0,0,0,0,0,0,2172590.007,3252011.66,0,0,0,0,0,0,0,0,0,0,0,0,0,0,0,0,0,0,0,0,0,0,0,0,0,0,14,0,D,C32H45O11N1,possibly undescribed,none,[M+NH4]+,"9696, 9743",11,"1,2-en-3-one","5-ol-6,7-epoxy","9,13,14-orthoester",no C-12,no C-18,others,others,1,C12,C12*1,"acyl(0.09),decatrienoyl(0.38)",none,A1,B1,C1,none,none,none,none,,,,,,A1B1C1,OCC12OC1C1C3OC4OC3(C(=C)C)CC(C)C1(O4)C1C=C(C)C(=O)C1(O)C2O,PD00000001,C21H26O8,406.431,Top3,0.601,Low Confidence
162,428,[8959],8959,721.2841,5.1,0,0,0,0,0,0,0,0,0,0,0,0,0,0,0,0,0,0,8513944.397,0,0,0,0,0,0,0,0,0,0,0,0,0,0,0,0,0,0,0,0,0,0,0,0,0,0,0,0,0,0,0,0,0,0,0,0,0,10,0,D,C39H44O13,possibly undescribed,none,[M+H]+,none,18,"1,2-en-3-one","5-ol-6,7-epoxy","9,13,14-orthoester",with C-12,no C-18,others,others,2,"C9,C10",C9*1+C10*1,coumaroyl(0.55),"coumaroyl,coumaroyl",A1,B1,C2,none,R94,R94,none,,,,,,A1B1C2,OCC12OC1C1C3OC4(C=Cc6ccc(O)cc6)OC3(C(=C)C)C(OC(=O)C=Cc7ccc(O)cc7)C(C)C1(O4)C1C=C(C)C(=O)C1(O)C2O,PD00129719,C38H38O12,686.71,Top1,1,Low Confidence
163,477,[6272],6272,433.2004,5.1,0,0,0,0,0,0,0,0,0,0,0,0,0,0,0,0,0,0,0,0,0,0,0,0,0,0,0,0,0,0,0,0,349155.6009,0,0,0,0,0,0,0,4505150.322,4422253.807,0,0,0,0,4045613.995,0,0,0,0,0,0,0,0,0,10,0,D,C27H28O5,possibly undescribed,none,[M+H]+,none,14,"1,2-en-3-one","5-ol-6,7-ene","9,13,14-orthoester",no C-12,no C-18,others,others,1,C7,C7*1,"benzoyl(0.13),benzoyl(0.75),octadecatrienoyl(0.01)",benzoyl,A1,B3,C1,none,R92,none,none,,,,,,A1B3C1,OCC1=CC2C3OC4(c6ccccc6)OC3(C(=C)C)CC(C)C2(O4)C2C=C(C)C(=O)C2(O)C1O,PD00009576,C27H30O7,466.53,Top1,1,Low Confidence
164,480,[6574],6574,481.1858,5.1,0,0,0,507595.2051,0,0,0,0,0,0,0,0,0,0,0,0,0,0,0,0,0,0,0,0,0,0,0,0,0,0,0,0,0,0,0,0,0,0,0,0,0,0,0,0,0,0,0,0,0,0,0,0,0,0,0,0,7,0,D,C27H28O8,possibly undescribed,none,[M+H]+,none,14,"1,2-en-3-one","5-ol-6,7-ene","9,13,14-orthoester",no C-12,no C-18,others,others,1,C7,C7*1,"benzoyl(0.04),benzoyl(0.16)",benzoyl,A1,B3,C1,none,R92,none,none,,,,,,A1B3C1,OCC1=CC2C3OC4(c6ccccc6)OC3(C(=C)C)CC(C)C2(O4)C2C=C(C)C(=O)C2(O)C1O,PD00009576,C27H30O7,466.53,Top2,0.777,Low Confidence
165,635,[4782],4782,640.3109,5.1,0,0,0,0,0,0,0,0,0,490362.2072,0,0,0,0,0,239794.5543,198233.3238,0,0,0,0,0,0,0,2670221.551,0,0,0,0,0,0,0,3247200.881,0,4869731.408,0,0,0,0,0,13400000,18600000,0,0,2632595.588,0,0,0,0,0,0,0,0,0,0,0,17,0,D,C35H45O10N1,possibly undescribed,(DA12)std_genkwanine H isomer,[M+NH4]+,none,14,"1,2-dihydro-3-ol","5-ol-6,7-epoxy","9,13,14-orthoester",no C-12,no C-18,"2,4-olefinic",others,1,C15,C15*1,"benzoyl(0.77),feruloyl(0.23),benzoyl(2.30)",none,A4,B1,C1,none,none,none,none,,,,,,A4B1C1,OCC12OC1C1C3OC4OC3(C(=C)C)CC(C)C1(O4)C1CC(C)C(O)C1(O)C2O,PD00000004,C21H30O8,410.463,Top1,1,Low Confidence
166,639,[5322],5322,591.2583,5.1,0,0,0,233224.3976,0,0,0,0,0,0,0,181468.0621,0,0,0,0,0,0,0,0,0,0,0,0,3366347.814,0,0,0,0,0,0,0,2596694.685,0,0,0,0,0,0,0,15600000,16300000,0,0,728698.2916,0,25100000,0,0,0,0,0,0,0,0,0,20,0,D,C34H38O9,possibly undescribed,"(DA08)std_genkwanine M isomer, (DA07)std_genkwanine N isomer",[M+H]+,none,16,"1,2-dihydro-3-ol","5-ol-6,7-epoxy","9,13,14-orthoester",no C-12,no C-18,others,others,2,C7,C7*2,"benzoyl(0.71),feruloyl(0.22),benzoyl(2.30)","benzoyl,benzoyl",A4,B1,C1,none,R92,R92,none,,,,,,A4B1C1,OCC12OC1C1C3OC4(c6ccccc6)OC3(C(=C)C)CC(C)C1(O4)C1CC(C)C(OC(=O)c7ccccc7)C1(O)C2O,PD00022622,C34H38O9,590.669,Top1,1,High Confidence
167,652,[8888],8888,640.3094,5.1,0,0,0,0,0,0,0,0,0,0,0,0,0,0,0,445042.4729,0,0,0,0,0,0,0,0,0,0,0,0,0,0,0,0,0,0,0,0,0,0,0,0,208893.6026,0,0,0,0,0,0,0,0,0,0,0,0,0,0,0,17,0,D,C17H53O23N1,possibly undescribed,(DA12)std_genkwanine H isomer,[M+NH4]+,none,-8,"1,2-dihydro-3-ol","5-ol-6,7-epoxy","9,13,14-orthoester",no C-12,no C-18,"2,4-olefinic",others,1,C-3,C-3*1,"benzoyl(0.77),feruloyl(0.23),benzoyl(2.30)",none,A4,B1,C1,none,none,none,none,,,,,,A4B1C1,OCC12OC1C1C3OC4OC3(C(=C)C)CC(C)C1(O4)C1CC(C)C(O)C1(O)C2O,PD00000004,C21H30O8,410.463,Top1,1,Low Confidence
168,667,[11806],11806,513.2122,5.1,0,0,0,0,0,0,0,0,0,0,0,0,0,0,0,0,0,0,0,0,0,0,0,0,19000000,0,0,0,0,0,0,0,0,0,0,0,0,0,0,0,0,0,0,0,0,0,0,0,0,0,0,0,0,0,0,0,6,0,D,C28H32O9,possibly undescribed,none,[M+H]+,none,13,"1,2-dihydro-3-ol","5-ol-6,7-epoxy","9,13,14-orthoester",no C-12,no C-18,others,others,1,C8,C8*1,benzoyl(0.81),none,A4,B1,C1,none,none,none,none,,,,,,A4B1C1,OCC12OC1C1C3OC4OC3(C(=C)C)CC(C)C1(O4)C1CC(C)C(O)C1(O)C2O,PD00000004,C21H30O8,410.463,Top1,1,Low Confidence
169,708,[6264],6264,626.2953,5.1,0,0,0,0,0,0,0,0,0,0,0,0,0,0,0,0,0,0,0,0,0,0,0,0,945217.8914,0,0,0,0,0,0,0,742078.2929,0,3266264.726,0,0,0,0,0,4958924.124,9156119.35,0,0,0,0,18000000,0,0,0,0,0,0,0,0,0,20,0,D,C34H43O10N1,possibly undescribed,(DA12)std_genkwanine H isomer,[M+NH4]+,none,14,"1,2-dihydro-3-ol","5-ol-6,7-diol","9,13,14-orthoester",no C-12,no C-18,others,others,1,C14,C14*1,"benzoyl(0.76),feruloyl(0.21),benzoyl(2.80)",none,A4,B2,C1,none,none,none,none,,,,,,A4B2C1,OCC1(O)C(O)C2C3OC4OC3(C(=C)C)CC(C)C2(O4)C2CC(C)C(O)C2(O)C1O,PD00000084,C21H32O9,428.478,Top1,1,Low Confidence
170,675,[11855],11855,627.3168,5.2,0,0,0,0,0,0,0,0,0,0,0,0,0,0,0,0,0,0,0,0,0,0,0,0,3312767.37,0,0,0,0,0,0,0,0,0,0,0,0,0,0,0,0,0,0,0,0,0,0,0,0,0,0,0,0,0,0,0,7,0,D,C35H46O10,possibly known,yuanhuakine G,[M+H]+,none,13,"1,2-dihydro-3-ol","5-ol-6,7-epoxy","9,13,14-orthoester",no C-12,no C-18,others,others,1,C15,C15*1,"benzoyl(0.05),feruloyl(0.05),octadienoyl(0.86),4-oxo-2-octenoyl(0.86)",none,A4,B1,C1,none,none,none,none,,,,,,A4B1C1,OCC12OC1C1C3OC4OC3(C(=C)C)CC(C)C1(O4)C1CC(C)C(O)C1(O)C2O,PD00000004,C21H30O8,410.463,Top1,1,Low Confidence
171,21,[9707],9707,607.3112,5.3,0,0,0,0,0,0,0,0,0,0,0,0,0,0,0,0,0,0,0,0,0,0,0,0,0,0,0,0,3375487.973,1645022.709,0,0,0,0,0,0,0,0,0,0,0,0,0,0,0,0,0,0,0,0,0,0,0,0,0,0,0,10,MD,C32H46O11,possibly undescribed,none,[M+H]+,none,10,bicyclo [2.2.1] heptane ring,"5-ol-6,7-epoxy","9,13,14-orthoester",no C-12,no C-18,others,C10 ring with no substituent,1,C2,C2*1,acyl(0.04),acyl,A11,B1,C1,M2,R1,none,none,none,none,none,none,none,A11B1C1M2,CC(=O)OCC12OC1C1C3OC45CCCCCCCC(C)C6C(C7(OC6(C)OC7=O)C2O)C1(O4)C(C)CC3(C(=C)C)O5,PD01137011,C32H44O10,588.694,Top1,1,Low Confidence
172,129,[2275],2275,679.2754,5.3,700219.672,1826496.813,585737.3365,2151820.861,0,0,742542.4073,0,825192.2328,0,2392196.11,3440486.148,0,0,0,0,564405.8041,0,2380927.669,0,249933.7744,0,0,0,0,0,0,0,0,0,0,0,0,0,0,0,0,0,0,0,0,0,0,0,0,0,0,0,0,0,0,0,0,0,0,0,11,0,D,C37H42O12,possibly undescribed,none,[M+H]+,none,17,"1,2-en-3-one","5-ol-6,7-epoxy","9,13,14-orthoester",no C-12,no C-18,others,others,2,"C7,C10",C10*1+C7*1,benzoyl(0.22),"benzoyl,benzoyl",A1,B1,C1,none,R92,R92,none,,,,,,A1B1C1,c7ccccc7C(=O)OCC12OC1C1C3OC4(c6ccccc6)OC3(C(=C)C)CC(C)C1(O4)C1C=C(C)C(=O)C1(O)C2O,PD00269390,C34H34O9,586.637,Top2,0.478,Low Confidence
173,152,[3014],3014,343.1539,5.3,0,1833102.364,0,0,0,0,0,0,0,0,266029.5397,0,0,0,0,0,0,0,0,0,0,0,0,0,0,0,0,0,0,585171.662,0,0,0,0,0,0,0,0,0,0,0,0,0,0,0,0,0,0,0,0,0,0,0,0,0,0,14,0,D,C20H22O5,possibly undescribed,none,[M+H]+,none,10,"1,2-en-3-one","5-ol-6,7-epoxy","9,13,14-orthoester",no C-12,no C-18,others,others,1,C0,C0*1,8-9-epoxy-2-4-6-undecatrienoyl(0.04),none,A1,B1,C1,none,none,none,none,,,,,,A1B1C1,OCC12OC1C1C3OC4OC3(C(=C)C)CC(C)C1(O4)C1C=C(C)C(=O)C1(O)C2O,PD00000001,C21H26O8,406.431,Top1,1,Low Confidence
174,424,[8939],8939,751.2947,5.3,0,0,0,0,0,0,0,0,0,0,0,0,0,0,0,0,0,0,10800000,0,0,0,0,0,0,0,0,0,0,0,0,0,0,0,0,0,0,0,0,0,0,0,0,0,0,0,0,0,0,0,0,0,0,0,0,0,7,0,D,C40H46O14,possibly undescribed,none,[M+H]+,none,18,"1,2-en-3-one","5-ol-6,7-epoxy","9,13,14-orthoester",with C-12,no C-18,"2,4-olefinic",others,2,C10,C10*2,hexadienoyl(0.03),none,A1,B1,C2,none,none,none,none,,,,,,A1B1C2,OCC12OC1C1C3OC4OC3(C(=C)C)CC(C)C1(O4)C1C=C(C)C(=O)C1(O)C2O,PD00000006,C21H26O8,406.431,Top1,1,Low Confidence
175,476,[5590],5590,313.18,5.3,0,0,0,0,0,1649987.159,0,0,0,0,0,0,0,0,0,0,0,0,0,0,0,0,0,0,0,0,0,0,0,0,0,0,0,0,0,0,0,0,0,0,0,0,0,0,0,0,0,0,0,0,0,0,0,0,0,0,8,0,D,C20H24O3,possibly undescribed,none,[M+H]+,none,9,"1,2-en-3-one","5-ol-6,7-ene","9,13,14-orthoester",no C-12,no C-18,others,others,1,C0,C0*1,8-9-epoxy-2-4-6-decatrienoyl(0.01),none,A1,B3,C1,none,none,none,none,,,,,,A1B3C1,OCC1=CC2C3OC4OC3(C(=C)C)CC(C)C2(O4)C2C=C(C)C(=O)C2(O)C1O,PD00000041,C21H26O7,390.432,Top1,1,Low Confidence
176,695,[11975],11975,629.2591,5.3,0,0,0,0,0,0,0,0,0,0,0,0,0,0,0,0,0,0,0,0,0,0,0,0,1217875.303,0,0,0,0,0,0,0,0,0,0,0,0,0,0,0,0,0,0,0,0,0,0,0,0,0,0,0,0,0,0,0,8,0,D,C33H40O12,possibly undescribed,none,[M+H]+,none,14,"1,2-dihydro-3-ol","5-ol-6,7-epoxy","9,13,14-orthoester",no C-12,no C-18,others,others,1,C13,C13*1,others,none,A4,B1,C1,none,none,none,none,,,,,,A4B1C1,OCC12OC1C1C3OC4OC3(C(=C)C)CC(C)C1(O4)C1CC(C)C(O)C1(O)C2O,PD00000004,C21H30O8,410.463,Top1,1,Low Confidence
177,433,[8991],8991,703.2742,5.4,0,0,0,0,0,0,0,0,0,0,0,0,0,0,0,0,0,0,2709485.569,0,0,0,0,0,0,0,0,0,0,0,0,0,0,0,0,0,0,0,0,0,0,0,0,0,0,0,0,0,0,0,0,0,0,0,0,0,11,0,D,C39H42O12,possibly undescribed,none,[M+H]+,none,19,"1,2-en-3-one","5-ol-6,7-epoxy","9,13,14-orthoester",with C-12,no C-18,others,others,2,"C9,C10",C9*1+C10*1,coumaroyl(0.90),"coumaroyl,coumaroyl",A1,B1,C2,none,R94,R94,none,,,,,,A1B1C2,OCC12OC1C1C3OC4(C=Cc6ccc(O)cc6)OC3(C(=C)C)C(OC(=O)C=Cc7ccc(O)cc7)C(C)C1(O4)C1C=C(C)C(=O)C1(O)C2O,PD00129719,C38H38O12,686.71,Top1,1,Low Confidence
178,444,[9113],9113,617.2953,5.4,0,0,0,0,0,0,0,0,0,0,0,0,0,0,0,0,0,0,559694.2008,0,0,0,0,0,0,0,0,0,0,0,0,0,0,0,0,0,0,0,0,0,0,0,0,0,0,0,0,0,0,0,0,0,0,0,0,0,14,0,D,C33H44O11,possibly undescribed,none,[M+H]+,none,12,"1,2-en-3-one","5-ol-6,7-epoxy","9,13,14-orthoester",with C-12,no C-18,"2,4-olefinic",others,2,"C2,C11",C2*1+C11*1,"acyl(0.06),butenoyl(0.07)","acyl,acyl",A1,B1,C2,none,R1,R1,none,,,,,,A1B1C2,OCC12OC1C1C3OC4(C)OC3(C(=C)C)C(OC(=O)C)C(C)C1(O4)C1C=C(C)C(=O)C1(O)C2O,PD00125069,C24H30O10,478.494,Top1,1,Low Confidence
179,690,[11904],11904,611.2481,5.4,0,0,0,0,0,0,0,0,0,0,0,0,0,0,0,0,0,0,0,0,0,0,0,0,1406175.774,0,0,0,0,0,0,0,0,0,0,0,0,0,0,0,0,0,0,0,0,0,0,0,0,0,0,0,0,0,0,0,7,0,D,C33H38O11,possibly undescribed,none,[M+H]+,none,15,"1,2-dihydro-3-ol","5-ol-6,7-epoxy","9,13,14-orthoester",no C-12,no C-18,others,others,2,"C2,C11",C2*1+C11*1,benzoyl(0.11),"acyl,acyl",A4,B1,C1,none,R1,R1,none,,,,,,A4B1C1,OCC12OC1C1C3OC4(C)OC3(C(=C)C)CC(C)C1(O4)C1CC(C)C(OC(=O)C)C1(O)C2O,PD00017981,C24H34O9,466.527,Top1,1,Low Confidence
180,185,[3825],3825,533.3102,5.5,0,0,0,0,0,0,0,0,0,0,0,0,640485.7424,0,0,0,0,0,0,0,0,0,0,0,0,0,0,0,0,1099909.199,0,0,0,0,0,0,0,911925.3022,0,0,0,0,0,0,0,0,0,0,0,0,0,0,0,0,0,0,14,0,D,C30H44O8,possibly undescribed,(DA04)std_simplexin isomer,[M+H]+,none,9,"1,2-en-3-one","5-ol-6,7-epoxy","9,13,14-orthoester",no C-12,no C-18,others,others,1,C10,C10*1,"decanoyl(0.04),decanoyl(0.02)",decanoyl,A1,B1,C1,none,R9,none,none,,,,,,A1B1C1,OCC12OC1C1C3OC4(CCCCCCCCC)OC3(C(=C)C)CC(C)C1(O4)C1C=C(C)C(=O)C1(O)C2O,PD00007573,C30H44O8,532.674,Top1,1,High Confidence
181,322,[1095],1095,621.2333,5.5,0,0,0,0,0,0,799995.6342,6708074.638,0,0,8543243.948,0,0,0,0,0,0,0,0,0,0,0,0,0,4421554.227,0,0,0,0,0,0,0,0,0,0,0,0,0,0,0,0,0,0,0,0,0,0,0,0,0,0,0,0,0,0,0,20,0,D,C34H36O11,possibly known,"yuanhuaoate B, genkwadane A",[M+H]+,none,17,"1,2-en-3-one","5-ol-6,7-epoxy","9,13,14-orthoester",with C-12,no C-18,"2,4-olefinic",others,2,C7,C7*2,"benzoyl(0.09),feruloyl(0.06),benzoyl(2.10)","benzoyl,benzoyl",A1,B1,C2,none,R92,R92,none,,,,,,A1B1C2,OCC12OC1C1C3OC4(c6ccccc6)OC3(C(=C)C)C(OC(=O)c7ccccc7)C(C)C1(O4)C1C=C(C)C(=O)C1(O)C2O,PD00129710,C34H34O10,602.636,Top2,0.962,Low Confidence
182,365,[3051],3051,733.2855,5.5,0,1100267.343,0,0,0,0,0,0,0,0,0,0,0,0,0,0,0,0,151612.0918,0,0,418751.8972,0,0,0,0,0,0,0,0,0,0,0,0,0,0,0,0,0,0,0,0,0,0,0,0,0,0,0,0,0,0,0,0,0,0,6,0,D,C40H44O13,possibly undescribed,none,[M+H]+,none,19,"1,2-en-3-one","5-ol-6,7-epoxy","9,13,14-orthoester",with C-12,no C-18,others,others,2,C10,C10*2,8-9-epoxy-2-4-6-decatrienoyl(0.21),"8-9-epoxy-2-4-6-decatrienoyl,8-9-epoxy-2-4-6-decatrienoyl",A1,B1,C2,none,R61,R61,none,,,,,,A1B1C2,OCC12OC1C1C3OC4(C=CC=CC=CC6OC6C)OC3(C(=C)C)C(OC(=O)C=CC=CC=CC7OC7C)C(C)C1(O4)C1C=C(C)C(=O)C1(O)C2O,PD00129059,C40H46O12,718.796,Top1,1,Low Confidence
183,426,[8950],8950,617.2577,5.5,0,0,0,0,0,0,0,0,0,0,0,0,0,0,0,0,0,0,3094821.664,0,0,0,0,0,0,0,0,0,1736841.346,0,0,0,0,0,0,0,0,0,0,0,0,0,0,0,0,0,11000000,0,0,0,0,0,0,0,0,0,14,0,D,C32H40O12,possibly undescribed,none,[M+H]+,none,13,"1,2-en-3-one","5-ol-6,7-epoxy","9,13,14-orthoester",with C-12,no C-18,"2,4-olefinic",others,2,"C2,C10",C2*1+C10*1,"acyl(0.06),butenoyl(0.07)","acyl,acyl",A1,B1,C2,none,R1,R1,none,,,,,,A1B1C2,OCC12OC1C1C3OC4(C)OC3(C(=C)C)C(OC(=O)C)C(C)C1(O4)C1C=C(C)C(=O)C1(O)C2O,PD00125069,C24H30O10,478.494,Top1,1,Low Confidence
184,180,[3719],3719,563.2846,5.6,0,0,0,0,0,0,0,0,0,0,0,0,6296880.84,0,0,0,0,0,0,0,0,0,0,0,0,0,0,0,0,0,0,0,0,0,0,0,0,0,0,0,0,0,0,0,0,0,0,0,0,0,0,0,0,0,0,0,10,0,D,C30H42O10,possibly undescribed,none,[M+H]+,none,10,"1,2-en-3-one","5-ol-6,7-epoxy","9,13,14-orthoester",no C-12,no C-18,others,others,1,C10,C10*1,"decanoyl(0.02),decadienoyl(0.03),4-oxo-2-decenoyl(0.03)",decadienoyl,A1,B1,C1,none,R37,none,none,,,,,,A1B1C1,OCC12OC1C1C3OC4(C=CC=CCCCCC)OC3(C(=C)C)CC(C)C1(O4)C1C=C(C)C(=O)C1(O)C2O,PD00007601,C30H40O8,528.642,Top1,1,Low Confidence
185,390,[5074],5074,645.2338,5.6,0,0,0,0,0,0,0,0,0,0,1259916.014,0,0,0,0,0,0,0,0,0,0,0,0,0,0,0,0,0,0,0,0,0,0,0,0,0,0,0,0,0,0,0,0,0,0,0,0,0,0,0,0,0,0,0,0,0,10,0,D,C36H36O11,possibly undescribed,none,[M+H]+,none,19,"1,2-en-3-one","5-ol-6,7-epoxy","9,13,14-orthoester",with C-12,no C-18,others,others,2,"C7,C9",C9*1+C7*1,coumaroyl(0.87),"benzoyl,coumaroyl",A1,B1,C2,none,R92,R94,none,,,,,,A1B1C2,OCC12OC1C1C3OC4(c6ccccc6)OC3(C(=C)C)C(OC(=O)C=Cc7ccc(O)cc7)C(C)C1(O4)C1C=C(C)C(=O)C1(O)C2O,PD00129712,C36H36O11,644.673,Top1,1,High Confidence
186,430,[8967],8967,733.2854,5.6,0,0,0,0,0,0,0,0,0,0,0,0,0,0,0,0,0,0,2653818.276,0,0,0,0,0,0,0,0,0,0,0,0,0,0,0,0,0,0,0,0,0,0,0,0,0,0,0,0,0,0,0,0,0,0,0,0,0,10,0,D,C40H44O13,possibly undescribed,none,[M+H]+,none,19,"1,2-en-3-one","5-ol-6,7-epoxy","9,13,14-orthoester",with C-12,no C-18,others,others,2,C10,C10*2,"feruloyl(0.03),8-9-epoxy-2-4-6-decatrienoyl(0.65)","feruloyl,8-9-epoxy-2-4-6-decatrienoyl",A1,B1,C2,none,R95,R61,none,,,,,,A1B1C2,OCC12OC1C1C3OC4(C=CC=CC=CC6OC6C)OC3(C(=C)C)C(OC(=O)C=Cc7c(OC)c(O)ccc7)C(C)C1(O4)C1C=C(C)C(=O)C1(O)C2O,PD00129093,C40H44O13,732.779,Top1,1,High Confidence
187,432,[8982],8982,719.2676,5.6,0,0,0,0,0,0,0,0,0,0,0,0,0,0,0,0,0,0,978132.5899,0,0,0,0,0,0,0,0,0,0,0,0,0,0,0,0,0,0,0,0,0,0,0,0,0,0,0,0,0,0,0,0,0,0,0,0,0,10,0,D,C21H50O26,possibly undescribed,none,[M+H]+,none,-3,"1,2-en-3-one","5-ol-6,7-epoxy","9,13,14-orthoester",with C-12,no C-18,others,others,0,others,,coumaroyl(1.50),none,A1,B1,C2,none,none,none,none,,,,,,A1B1C2,OCC12OC1C1C3OC4OC3(C(=C)C)CC(C)C1(O4)C1C=C(C)C(=O)C1(O)C2O,PD00000006,C21H26O8,406.431,Top1,1,Low Confidence
188,662,[11610],11610,616.2593,5.6,0,0,0,0,0,0,0,0,0,0,0,0,0,0,0,0,0,0,0,0,0,0,0,0,0,0,0,0,0,0,0,0,0,0,0,0,0,0,0,0,0,0,0,0,0,0,2383042.427,0,0,0,0,0,0,0,0,0,6,0,D,C28H41O14N1,possibly undescribed,none,[M+NH4]+,none,9,"1,2-dihydro-3-ol","5-ol-6,7-epoxy","9,13,14-orthoester",no C-12,no C-18,others,others,1,C8,C8*1,"benzoyl(0.03),benzoyl(0.64)",none,A4,B1,C1,none,none,none,none,,,,,,A4B1C1,OCC12OC1C1C3OC4OC3(C(=C)C)CC(C)C1(O4)C1CC(C)C(O)C1(O)C2O,PD00000004,C21H30O8,410.463,Top1,1,Low Confidence
189,684,[11892],11892,687.3376,5.6,0,0,0,0,0,0,0,0,0,0,0,0,0,0,0,0,0,0,0,0,0,0,0,0,2370327.526,0,0,0,0,0,0,0,0,0,0,0,0,0,0,0,0,0,0,0,0,0,0,0,0,0,0,0,0,0,0,0,14,0,D,C37H50O12,possibly undescribed,none,[M+H]+,none,13,"1,2-dihydro-3-ol","5-ol-6,7-epoxy","9,13,14-orthoester",no C-12,no C-18,others,others,1,C17,C17*1,"nonadienoyl(0.02),4-oxo-2-nonenoyl(0.02)",none,A4,B1,C1,none,none,none,none,,,,,,A4B1C1,OCC12OC1C1C3OC4OC3(C(=C)C)CC(C)C1(O4)C1CC(C)C(O)C1(O)C2O,PD00000004,C21H30O8,410.463,Top1,1,Low Confidence
190,768,[3945],3945,580.3081,5.6,0,0,0,0,0,0,0,0,0,0,0,0,248374.6601,0,0,0,0,0,0,0,0,0,0,0,0,0,0,0,0,0,0,0,0,0,0,0,0,0,0,0,0,0,0,0,0,0,0,0,0,0,0,0,0,0,0,0,0,6,MD,C12H53O23N1,possibly undescribed,none,[M+NH4]+,none,-13,1-alkyl-3-one,"5-ol-6,7-epoxy","9,13,14-orthoester",no C-12,no C-18,others,C10 ring with no substituent,0,others,,others,none,A6,B1,C1,M2,none,none,none,none,none,none,none,none,A6B1C1M2,OCC12OC1C1C3OC45CCCCCCCC(C)C6C(C)C(=O)C(O)(C2O)C6C1(O4)C(C)CC3(C(=C)C)O5,PD01121457,C30H44O8,532.674,Top1,1,Low Confidence
191,196,[4158],4158,563.3222,5.7,0,0,0,0,0,0,0,0,0,0,0,0,164974.472,0,0,0,0,0,0,0,0,0,0,0,0,0,0,0,0,0,0,0,0,0,0,0,0,0,0,0,0,0,0,0,0,0,0,0,0,0,0,0,0,0,0,0,10,0,D,C31H46O9,possibly undescribed,none,[M+H]+,none,9,"1,2-en-3-one","5-ol-6,7-epoxy","9,13,14-orthoester",no C-12,no C-18,others,others,1,C11,C11*1,"decanoyl(0.02),decadienoyl(0.03),4-oxo-2-decenoyl(0.03)",none,A1,B1,C1,none,none,none,none,,,,,,A1B1C1,OCC12OC1C1C3OC4OC3(C(=C)C)CC(C)C1(O4)C1C=C(C)C(=O)C1(O)C2O,PD00000001,C21H26O8,406.431,Top1,1,Low Confidence
192,348,"[2230,2510]",2230,719.3065,5.7,219658.7184,10400000,0,0,1404357.19,0,0,0,0,0,367348.0703,2657736.769,0,2092990.09,6459280.204,0,6433371.703,0,0,0,1463418.896,651283.1332,0,0,0,0,0,0,0,0,0,0,0,0,0,0,0,0,0,0,0,0,0,0,0,0,0,0,0,0,0,0,0,0,0,0,8,0,D,C40H46O12,possibly undescribed,(DA26)std_acutilobin C isomer,[M+H-H2O]+,"2230, 2510",18,"1,2-en-3-one","5-ol-6,7-epoxy","9,13,14-orthoester",with C-12,no C-18,"2,4-olefinic",others,2,C10,C10*2,"feruloyl(0.03),decatrienoyl(4.20)","feruloyl,decatrienoyl",A1,B1,C2,none,R95,R48,none,,,,,,A1B1C2,OCC12OC1C1C3OC4(C=CC=CC=CCCC)OC3(C(=C)C)C(OC(=O)C=Cc7c(OC)c(O)ccc7)C(C)C1(O4)C1C=C(C)C(=O)C1(O)C2O,PD00128547,C40H46O12,718.796,Top1,1,High Confidence
193,694,[11948],11948,687.3372,5.7,0,0,0,0,0,0,0,0,0,0,0,0,0,0,0,0,0,0,0,0,0,0,0,0,1512132.775,0,0,0,0,0,0,0,0,0,0,0,0,0,0,0,0,0,0,0,0,0,0,0,0,0,0,0,0,0,0,0,13,0,D,C37H50O12,possibly undescribed,none,[M+H]+,none,13,"1,2-dihydro-3-ol","5-ol-6,7-epoxy","9,13,14-orthoester",no C-12,no C-18,others,others,1,C17,C17*1,"benzoyl(0.08),feruloyl(0.03),6-7-epoxy-2-4-decadienoyl(0.07),8-methoxy-2-4-6-decatrienoyl(0.07)",none,A4,B1,C1,none,none,none,none,,,,,,A4B1C1,OCC12OC1C1C3OC4OC3(C(=C)C)CC(C)C1(O4)C1CC(C)C(O)C1(O)C2O,PD00000004,C21H30O8,410.463,Top1,1,Low Confidence
194,740,[1304],1304,669.3276,5.7,2007743.966,0,0,1289880.008,0,0,1030593.857,4221562.482,0,0,563577.1656,3233933.612,41400000,0,0,0,0,0,0,0,0,0,0,0,1442171.415,0,0,0,0,0,0,0,0,0,0,0,0,0,0,0,956315.4669,0,0,0,0,0,0,0,0,0,0,0,0,0,0,0,20,22,MD,C37H48O11,possibly known,(DA45)std_daphnepedunin D,[M+H]+,none,14,1-alkyl-3-one,"5-ol-6,7-epoxy","9,13,14-orthoester",no C-12,no C-18,others,C9 ring with no substituent,3,"C2,C4",C2*2+C4*1,"acyl(0.17),benzoyl(0.33),benzoyl(0.38)","acyl,acyl,isobutyryl",A6,B1,C1,M1,R1,R1,R3,none,none,none,none,none,A6B1C1M1,,,,0,Top2,0.992,Low Confidence
195,776,[9713],9713,607.3114,5.7,0,0,0,0,0,0,0,0,0,0,0,0,0,0,0,0,0,0,0,0,0,0,0,0,0,0,0,0,0,1562638.154,0,0,0,0,0,0,0,0,0,0,0,0,0,0,0,0,0,0,0,0,0,0,0,0,0,0,0,8,MD,C32H46O11,possibly undescribed,none,[M+H]+,none,10,1-alkyl-3-one,"5-ol-6,7-epoxy","9,13,14-orthoester",no C-12,no C-18,others,C10 ring with no substituent,1,C2,C2*1,acyl(0.02),acyl,A6,B1,C1,M2,R1,none,none,none,none,none,none,none,A6B1C1M2,CC(=O)OCC12OC1C1C3OC45CCCCCCCC(C)C6C(C)C(=O)C(O)(C2O)C6C1(O4)C(C)CC3(C(=C)C)O5,PD01130549,C32H46O9,574.711,Top1,1,Low Confidence
196,109,[1954],1954,675.2437,5.8,9854586.472,0,0,0,0,0,4564334.301,0,0,0,40800000,58300000,0,0,0,0,18500000,0,0,0,0,0,0,0,0,0,0,0,0,0,0,0,0,0,0,0,0,0,0,0,0,0,0,0,0,0,0,0,0,0,0,0,0,0,0,0,15,0,D,C37H38O12,possibly known,acutilobin E,[M+H]+,none,19,"1,2-en-3-one","5-ol-6,7-epoxy","9,13,14-orthoester",no C-12,no C-18,"2,4-olefinic",others,2,"C7,C10",C10*1+C7*1,"benzoyl(0.46),feruloyl(0.64),benzoyl(3.30)","feruloyl,benzoyl",A1,B1,C1,none,R95,R92,none,,,,,,A1B1C1,c7cc(O)c(OC)cc7C=CC(=O)OCC12OC1C1C3OC4(c6ccccc6)OC3(C(=C)C)CC(C)C1(O4)C1C=C(C)C(=O)C1(O)C2O,PD00269393,C37H38O11,658.7,Top2,0.426,Low Confidence
197,125,[2118],2118,543.259,5.8,698729.8292,0,0,0,0,0,365706.6818,0,0,0,200386.5015,0,0,0,0,0,0,0,0,0,0,0,0,0,861466.8441,0,0,0,0,314122.3354,0,0,0,0,0,0,0,0,0,0,0,0,0,0,0,0,0,0,0,0,0,0,0,0,0,0,10,0,D,C30H38O9,possibly undescribed,none,[M+H]+,none,12,"1,2-en-3-one","5-ol-6,7-epoxy","9,13,14-orthoester",no C-12,no C-18,others,others,1,C10,C10*1,decatrienoyl(0.02),decatrienoyl,A1,B1,C1,none,R48,none,none,,,,,,A1B1C1,OCC12OC1C1C3OC4(C=CC=CC=CCCC)OC3(C(=C)C)CC(C)C1(O4)C1C=C(C)C(=O)C1(O)C2O,PD00007612,C30H38O8,526.626,Top1,1,Low Confidence
198,197,[4168],4168,567.3171,5.8,0,0,0,0,0,0,0,0,0,0,0,0,159599.9116,0,0,0,0,0,0,0,0,0,0,0,0,0,0,0,0,0,0,0,0,0,0,0,0,4061592.743,0,0,0,0,0,0,0,0,0,0,0,0,0,0,0,0,0,0,12,0,D,C30H46O10,possibly undescribed,none,[M+H]+,none,8,"1,2-en-3-one","5-ol-6,7-epoxy","9,13,14-orthoester",no C-12,no C-18,others,others,1,C10,C10*1,others,none,A1,B1,C1,none,none,none,none,,,,,,A1B1C1,OCC12OC1C1C3OC4OC3(C(=C)C)CC(C)C1(O4)C1C=C(C)C(=O)C1(O)C2O,PD00000001,C21H26O8,406.431,Top2,0.539,Low Confidence
199,411,[8062],8062,698.3169,5.8,0,0,0,0,0,0,0,0,0,0,0,0,0,0,0,0,0,0,0,0,1124281.414,0,0,0,0,0,0,0,0,0,0,0,0,0,0,0,0,0,0,0,0,0,0,0,0,0,0,0,0,0,0,0,0,0,0,0,8,0,D,C37H47O12N1,possibly known,tanguticanine D,[M+NH4]+,none,15,"1,2-en-3-one","5-ol-6,7-epoxy","9,13,14-orthoester",with C-12,no C-18,others,others,2,"C7,C10",C10*1+C7*1,benzoyl(0.17),"benzoyl,benzoyl",A1,B1,C2,none,R92,R92,none,,,,,,A1B1C2,OCC12OC1C1C3OC4(c6ccccc6)OC3(C(=C)C)C(OC(=O)c7ccccc7)C(C)C1(O4)C1C=C(C)C(=O)C1(O)C2O,PD00129710,C34H34O10,602.636,Top1,1,Low Confidence
200,434,[9012],9012,749.2793,5.8,0,0,0,0,0,0,0,0,0,0,0,0,0,0,0,0,0,0,2101898.714,0,0,0,0,0,0,0,0,0,0,0,0,0,0,0,0,0,0,0,0,0,0,0,0,0,0,0,0,0,0,0,0,0,0,0,0,0,7,0,D,C40H44O14,possibly undescribed,none,[M+H]+,none,19,"1,2-en-3-one","5-ol-6,7-epoxy","9,13,14-orthoester",with C-12,no C-18,others,others,2,C10,C10*2,cinnamoyl(0.02),none,A1,B1,C2,none,none,none,none,,,,,,A1B1C2,OCC12OC1C1C3OC4OC3(C(=C)C)CC(C)C1(O4)C1C=C(C)C(=O)C1(O)C2O,PD00000006,C21H26O8,406.431,Top1,1,Low Confidence
201,760,[3660],3660,583.3113,5.8,0,0,0,0,0,0,0,0,0,0,0,0,2885670.833,0,0,0,0,0,0,0,0,0,0,0,0,0,0,0,0,0,0,0,0,0,0,0,0,0,0,0,0,0,0,0,0,0,0,0,0,0,0,0,0,0,0,0,0,12,MD,C30H46O11,possibly undescribed,none,[M+H]+,none,8,1-alkyl-3-one,"5-ol-6,7-epoxy","9,13,14-orthoester",no C-12,no C-18,others,C10 ring with no substituent,0,others,,others,none,A6,B1,C1,M2,none,none,none,none,none,none,none,none,A6B1C1M2,OCC12OC1C1C3OC45CCCCCCCC(C)C6C(C)C(=O)C(O)(C2O)C6C1(O4)C(C)CC3(C(=C)C)O5,PD01121457,C30H44O8,532.674,Top1,1,Low Confidence
202,150,[2980],2980,559.2547,5.9,0,4155069.485,0,0,0,0,0,0,0,0,1252606.714,0,0,0,0,0,0,0,0,0,0,0,0,0,0,0,0,0,0,6336074.13,0,0,0,0,0,0,0,0,0,0,0,0,0,0,0,0,0,0,0,0,0,0,0,0,0,0,11,0,D,C30H38O10,possibly undescribed,none,[M+H]+,none,12,"1,2-en-3-one","5-ol-6,7-epoxy","9,13,14-orthoester",no C-12,no C-18,others,others,1,C10,C10*1,"acyl(0.34),octadienoyl(0.09),4-oxo-2-octenoyl(0.09)",none,A1,B1,C1,none,none,none,none,,,,,,A1B1C1,OCC12OC1C1C3OC4OC3(C(=C)C)CC(C)C1(O4)C1C=C(C)C(=O)C1(O)C2O,PD00000001,C21H26O8,406.431,Top1,1,Low Confidence
203,162,[3512],3512,389.1961,5.9,0,0,0,0,203928.0245,0,0,0,0,0,0,0,0,0,0,0,0,0,0,0,0,0,0,0,0,0,0,0,0,6603178.376,0,0,0,0,0,0,0,0,0,0,0,0,0,0,0,0,0,0,0,0,0,0,0,0,0,0,7,0,D,C22H28O6,possibly undescribed,none,[M+H]+,none,9,"1,2-en-3-one","5-ol-6,7-epoxy","9,13,14-orthoester",no C-12,no C-18,others,others,1,C2,C2*1,"acyl(0.48),butenoyl(0.05)",acyl,A1,B1,C1,none,R1,none,none,,,,,,A1B1C1,OCC12OC1C1C3OC4(C)OC3(C(=C)C)CC(C)C1(O4)C1C=C(C)C(=O)C1(O)C2O,PD00007565,C22H28O8,420.458,Top2,0.911,Low Confidence
204,267,[8963],8963,723.3002,5.9,0,0,0,0,0,0,0,0,0,0,0,0,0,0,0,0,0,0,8659531.789,0,0,0,0,0,0,0,0,0,0,0,0,0,0,0,0,0,0,0,0,0,0,0,0,0,0,0,0,0,0,0,0,0,0,0,0,0,11,0,D,C39H46O13,possibly undescribed,none,[M+H]+,none,17,"1,2-en-3-one","5-ol-6,7-epoxy","9,13,14-orthoester",no C-12,no C-18,others,others,2,"C9,C10",C9*1+C10*1,"coumaroyl(0.03),coumaroyl(1.30)","coumaroyl,coumaroyl",A1,B1,C1,none,R94,R94,none,,,,,,A1B1C1,c7cc(O)ccc7C=CC(=O)OCC12OC1C1C3OC4(C=Cc6ccc(O)cc6)OC3(C(=C)C)CC(C)C1(O4)C1C=C(C)C(=O)C1(O)C2O,PD00269399,C38H38O11,670.711,Top2,0.797,Low Confidence
205,276,[9712],9712,379.1746,5.9,0,0,0,0,0,0,0,0,0,0,0,0,0,0,0,0,0,0,0,0,0,0,0,0,818213.8809,0,0,0,0,1476331.514,0,0,0,0,0,0,0,0,0,0,0,0,0,0,0,0,0,0,0,179393.5598,0,0,0,0,0,0,13,0,D,C20H26O7,possibly undescribed,none,[M+H]+,none,8,"1,2-en-3-one","5-ol-6,7-epoxy","9,13,14-orthoester",no C-12,no C-18,others,others,1,C0,C0*1,butanoyl/isobutyryl(0.01),none,A1,B1,C1,none,none,none,none,,,,,,A1B1C1,OCC12OC1C1C3OC4OC3(C(=C)C)CC(C)C1(O4)C1C=C(C)C(=O)C1(O)C2O,PD00000001,C21H26O8,406.431,Top5,0.49,Low Confidence
206,388,[5052],5052,653.2585,5.9,0,0,0,0,0,0,0,0,0,0,2191516.209,570177.3079,0,0,0,0,0,0,0,0,0,0,0,0,0,0,0,0,0,0,0,0,0,0,0,0,0,0,0,0,0,0,0,0,0,0,0,0,0,0,0,0,0,0,0,0,11,0,D,C35H40O12,possibly known,tanguticanine C,[M+H]+,none,16,"1,2-en-3-one","5-ol-6,7-epoxy","9,13,14-orthoester",with C-12,no C-18,others,others,3,"C2,C11",C2*2+C11*1,others,acyl,A1,B1,C2,none,R1,none,none,,,,,,A1B1C2,OCC12OC1C1C3OC4(C)OC3(C(=C)C)C(O)C(C)C1(O4)C1C=C(C)C(=O)C1(O)C2O,PD00008045,C22H28O9,436.457,Top1,1,Low Confidence
207,389,[5066],5066,677.2588,5.9,0,0,0,0,0,0,0,0,0,0,1434639.866,0,0,0,0,0,0,0,4928837.073,0,0,0,0,0,0,0,0,0,0,0,0,0,0,0,0,0,0,0,0,0,0,0,0,0,0,0,0,0,0,0,0,0,0,0,0,0,13,0,D,C37H40O12,possibly undescribed,none,[M+H]+,none,18,"1,2-en-3-one","5-ol-6,7-epoxy","9,13,14-orthoester",with C-12,no C-18,others,others,2,"C7,C10",C10*1+C7*1,"benzoyl(0.02),feruloyl(0.02),benzoyl(0.39)","feruloyl,benzoyl",A1,B1,C2,none,R95,R92,none,,,,,,A1B1C2,OCC12OC1C1C3OC4(c6ccccc6)OC3(C(=C)C)C(OC(=O)C=Cc7c(OC)c(O)ccc7)C(C)C1(O4)C1C=C(C)C(=O)C1(O)C2O,PD00129713,C37H38O12,674.699,Top1,1,Low Confidence
208,536,[11867],11867,573.3055,5.9,0,0,0,0,0,0,0,0,0,0,0,0,0,0,0,0,0,0,0,0,0,0,0,0,1893527.298,0,0,0,0,0,0,0,0,0,0,0,0,0,0,0,0,0,0,0,0,0,0,0,0,0,0,0,0,0,0,0,18,0,D,C32H44O9,possibly undescribed,none,[M+H]+,none,11,"1,2-dihydro-3-one","5-ol-6,7-epoxy","9,13,14-orthoester",with C-12,no C-18,others,others,2,"C2,C10",C2*1+C10*1,"benzoyl(0.06),feruloyl(0.05),benzoyl(0.10)","acyl,feruloyl",A2,B1,C2,none,R1,R95,none,,,,,,A2B1C2,OCC12OC1C1C3OC4(C)OC3(C(=C)C)C(OC(=O)C=Cc7c(OC)c(O)ccc7)C(C)C1(O4)C1CC(C)C(=O)C1(O)C2O,PD00129819,C32H38O12,614.644,Top2,0.947,Low Confidence
209,10,[3539],3539,549.3063,6,0,0,0,0,0,0,0,0,0,0,0,0,31500000,0,0,0,0,0,0,0,0,0,0,0,0,0,0,0,5624117.672,39200000,0,0,0,0,0,0,489441.755,5859016.459,0,0,0,0,0,0,0,0,0,0,0,0,0,0,0,0,0,176320.2335,0,6,MD,C30H44O9,possibly known,(DA34)std_daphnepedunin B,[M+H]+,none,9,bicyclo [2.2.1] heptane ring,"5-ol-6,7-epoxy","9,13,14-orthoester",no C-12,no C-18,others,C9 ring with no substituent,0,others,,others,none,A11,B1,C1,M1,none,none,none,none,none,none,none,none,A11B1C1M1,OCC12OC1C1C3OC45CCCCCCCCC6C(C7(OC6(C)OC7=O)C2O)C1(O4)C(C)CC3(C(=C)C)O5,PD01122533,C29H40O9,532.63,Top1,1,Low Confidence
210,145,[2731],2731,481.1861,6,0,189064.68,312849.881,8799767.664,0,0,0,0,0,0,529654.2552,361903.9898,0,0,0,0,382693.6567,0,0,0,0,0,0,0,0,0,0,0,0,0,0,0,0,0,0,0,0,0,0,0,0,0,0,0,0,0,0,0,0,0,0,0,0,0,0,0,17,0,D,C27H28O8,possibly undescribed,none,[M+H]+,none,14,"1,2-en-3-one","5-ol-6,7-epoxy","9,13,14-orthoester",no C-12,no C-18,"2,4-olefinic",others,1,C7,C7*1,"benzoyl(0.29),benzoyl(1.10)",benzoyl,A1,B1,C1,none,R92,none,none,,,,,,A1B1C1,OCC12OC1C1C3OC4(c6ccccc6)OC3(C(=C)C)CC(C)C1(O4)C1C=C(C)C(=O)C1(O)C2O,PD00007656,C27H30O8,482.529,Top2,0.52,Low Confidence
211,156,"[3190,5056]",3190,343.1538,6,0,315353.6363,0,0,0,0,0,0,0,0,2056037.464,0,0,0,0,0,0,0,0,0,0,0,0,0,941234.6026,0,0,0,0,1876853.474,0,0,0,0,1996566.498,0,0,0,0,0,0,0,0,0,641059.0677,0,0,0,0,206193.277,0,0,0,0,0,0,10,0,D,C20H22O5,possibly undescribed,none,[M+H-H2O]+,"3190, 5056",10,"1,2-en-3-one","5-ol-6,7-epoxy","9,13,14-orthoester",no C-12,no C-18,"2,4-olefinic",others,1,C0,C0*1,octatrienoyl(0.04),none,A1,B1,C1,none,none,none,none,,,,,,A1B1C1,OCC12OC1C1C3OC4OC3(C(=C)C)CC(C)C1(O4)C1C=C(C)C(=O)C1(O)C2O,PD00000001,C21H26O8,406.431,Top1,1,Low Confidence
212,440,[9060],9060,691.3109,6,0,0,0,0,0,0,0,0,0,0,0,0,0,0,0,0,384079.9053,1843375.157,820568.5934,0,0,0,0,0,0,0,0,0,0,0,0,0,0,0,0,0,0,0,0,0,0,0,0,0,0,0,0,0,0,0,0,0,0,0,0,0,8,0,D,C39H46O11,possibly undescribed,(DA24)std_daphneodorin D isomer,[M+H]+,none,17,"1,2-en-3-one","5-ol-6,7-epoxy","9,13,14-orthoester",with C-12,no C-18,"2,4-olefinic",others,2,"C9,C10",C9*1+C10*1,coumaroyl(0.51),"coumaroyl,coumaroyl",A1,B1,C2,none,R94,R94,none,,,,,,A1B1C2,OCC12OC1C1C3OC4(C=Cc6ccc(O)cc6)OC3(C(=C)C)C(OC(=O)C=Cc7ccc(O)cc7)C(C)C1(O4)C1C=C(C)C(=O)C1(O)C2O,PD00129719,C38H38O12,686.71,Top1,1,Low Confidence
213,666,[11649],11649,627.3161,6,0,0,0,0,0,0,0,0,0,0,0,0,0,0,0,0,0,0,0,0,0,0,0,0,3135707.183,0,0,0,0,0,0,0,0,0,0,0,0,0,0,0,0,0,0,0,0,0,615086.162,0,0,0,0,0,0,0,0,0,11,0,D,C35H46O10,possibly known,yuanhuakine G,[M+H]+,none,13,"1,2-dihydro-3-ol","5-ol-6,7-epoxy","9,13,14-orthoester",no C-12,no C-18,others,others,1,C15,C15*1,"benzoyl(0.04),feruloyl(0.02),octadienoyl(0.68),4-oxo-2-octenoyl(0.68)",none,A4,B1,C1,none,none,none,none,,,,,,A4B1C1,OCC12OC1C1C3OC4OC3(C(=C)C)CC(C)C1(O4)C1CC(C)C(O)C1(O)C2O,PD00000004,C21H30O8,410.463,Top1,1,Low Confidence
214,146,[2752],2752,663.2809,6.1,0,206941.4882,273169.4905,7153213.268,0,0,0,0,9091912.389,0,0,359878.5146,0,0,0,0,0,0,0,0,0,0,0,0,956780.4955,0,0,0,0,0,0,0,0,0,0,0,0,0,0,0,0,0,0,0,0,0,0,0,0,0,0,0,0,0,0,0,14,0,D,C37H42O11,possibly known,"acutilobin B, acutilobin A, daphnexyane A",[M+H]+,none,17,"1,2-en-3-one","5-ol-6,7-epoxy","9,13,14-orthoester",no C-12,no C-18,"2,4-olefinic",others,2,"C7,C10",C10*1+C7*1,"benzoyl(0.09),feruloyl(0.11),benzoyl(0.84)","feruloyl,benzoyl",A1,B1,C1,none,R95,R92,none,,,,,,A1B1C1,c7cc(O)c(OC)cc7C=CC(=O)OCC12OC1C1C3OC4(c6ccccc6)OC3(C(=C)C)CC(C)C1(O4)C1C=C(C)C(=O)C1(O)C2O,PD00269393,C37H38O11,658.7,Top2,0.544,Low Confidence
215,255,[8842],8842,311.1637,6.1,0,0,0,0,0,0,0,0,0,0,0,0,0,0,0,0,0,0,0,0,0,0,0,0,0,0,0,0,0,0,0,0,0,0,0,0,0,0,0,0,2034667.322,0,0,0,0,0,0,0,0,0,0,0,0,0,0,0,9,0,D,C20H22O3,possibly undescribed,none,[M+H]+,none,10,"1,2-en-3-one","5-ol-6,7-epoxy","9,13,14-orthoester",no C-12,no C-18,others,others,1,C0,C0*1,8-9-epoxy-2-4-6-decatrienoyl(0.01),none,A1,B1,C1,none,none,none,none,,,,,,A1B1C1,OCC12OC1C1C3OC4OC3(C(=C)C)CC(C)C1(O4)C1C=C(C)C(=O)C1(O)C2O,PD00000001,C21H26O8,406.431,Top1,1,Low Confidence
216,656,[11570],11570,487.2329,6.1,0,0,0,0,0,0,0,0,0,0,0,0,0,0,0,0,0,0,0,0,0,0,0,0,682777.7196,0,0,0,0,0,0,0,0,0,0,0,0,0,0,0,0,0,0,0,0,0,16400000,0,0,0,0,0,0,0,0,0,12,0,D,C27H34O8,possibly known,orthobenzoate 2,[M+H]+,none,11,"1,2-dihydro-3-ol","5-ol-6,7-epoxy","9,13,14-orthoester",no C-12,no C-18,others,others,1,C7,C7*1,"acyl(0.05),benzoyl(0.19),feruloyl(0.05),benzoyl(0.38)",benzoyl,A4,B1,C1,none,R92,none,none,,,,,,A4B1C1,OCC12OC1C1C3OC4(c6ccccc6)OC3(C(=C)C)CC(C)C1(O4)C1CC(C)C(O)C1(O)C2O,PD00007944,C27H34O8,486.561,Top2,0.986,High Confidence
217,749,[4374],4374,513.2847,6.1,0,0,0,0,0,0,0,0,698681.4684,0,0,0,0,0,0,0,0,0,0,0,0,0,0,0,0,0,0,0,0,461768.918,0,0,1831550.687,0,0,0,0,0,0,0,167000000,19600000,0,0,0,0,262665.0454,0,1200702.348,0,0,0,0,0,0,0,0,7,MD,C30H40O7,possibly undescribed,none,[M+H]+,none,11,1-alkyl-3-one,"5-ol-6,7-epoxy","9,13,14-orthoester",no C-12,no C-18,others,C9 ring with no substituent,0,others,,others,none,A6,B1,C1,M1,none,none,none,none,none,none,none,none,A6B1C1M1,OCC12OC1C1C3OC45CCCCCCCCC6C(C)C(=O)C(O)(C2O)C6C1(O4)C(C)CC3(C(=C)C)O5,PD01121453,C29H42O8,518.647,Top1,1,Low Confidence
218,761,"[3663,3690]",3663,547.291,6.1,0,0,0,0,0,0,0,0,0,0,0,0,3528116.997,0,0,0,0,0,0,0,0,0,0,0,0,0,0,0,0,1666355,0,0,0,0,0,0,0,220850.7018,0,0,0,0,0,0,0,0,0,0,0,0,0,0,0,0,0,0,0,9,MD,C30H42O9,possibly undescribed,"(DA32)std_pimelotide A isomer, (DA33)std_pimelotide C isomer",[M+H-H2O]+,"3663, 3690",10,1-alkyl-3-one,"5-ol-6,7-epoxy","9,13,14-orthoester",no C-12,no C-18,others,C10 ring with no substituent,0,others,,others,none,A6,B1,C1,M2,none,none,none,none,none,none,none,none,A6B1C1M2,OCC12OC1C1C3OC45CCCCCCCC(C)C6C(C)C(=O)C(O)(C2O)C6C1(O4)C(C)CC3(C(=C)C)O5,PD01121457,C30H44O8,532.674,Top1,1,Low Confidence
219,95,[1521],1521,543.2591,6.2,30500000,4662457.052,0,0,8471152.718,0,7133589.198,344056.0348,417747.2305,0,4259050.171,0,0,5313371.342,0,0,0,0,396607.1589,0,702713.8477,0,0,0,0,0,0,0,0,448583.2047,0,0,0,0,0,0,0,0,0,0,0,0,0,0,0,0,0,0,0,0,0,0,0,0,0,0,9,0,D,C30H38O9,possibly undescribed,none,[M+H]+,none,12,"1,2-en-3-one","5-ol-6,7-epoxy","9,13,14-orthoester",no C-12,no C-18,others,others,1,C10,C10*1,decatrienoyl(8.00),decatrienoyl,A1,B1,C1,none,R48,none,none,,,,,,A1B1C1,OCC12OC1C1C3OC4(C=CC=CC=CCCC)OC3(C(=C)C)CC(C)C1(O4)C1C=C(C)C(=O)C1(O)C2O,PD00007612,C30H38O8,526.626,Top3,0.333,Low Confidence
220,241,[6500],6500,645.2304,6.2,0,0,0,598377.956,0,0,0,0,0,0,0,0,0,0,0,0,0,0,0,0,0,0,0,0,0,0,0,0,0,0,0,0,0,0,0,0,0,0,0,0,0,0,0,0,0,0,0,0,0,0,0,0,0,0,0,0,6,0,D,C18H44O24,possibly undescribed,none,[M+H]+,none,-3,"1,2-en-3-one","5-ol-6,7-epoxy","9,13,14-orthoester",no C-12,no C-18,others,others,1,C-2,C-2*1,cinnamoyl(0.37),none,A1,B1,C1,none,none,none,none,,,,,,A1B1C1,OCC12OC1C1C3OC4OC3(C(=C)C)CC(C)C1(O4)C1C=C(C)C(=O)C1(O)C2O,PD00000001,C21H26O8,406.431,Top2,0.972,Low Confidence
221,403,[6794],6794,739.3326,6.2,0,0,0,0,0,0,0,0,0,0,0,0,0,0,0,0,2989735.969,6018528.379,0,0,0,0,0,0,0,0,0,0,0,0,0,0,0,674558.6518,0,0,0,0,0,0,0,0,0,0,0,0,0,0,0,0,0,0,0,0,0,0,15,0,D,C40H50O13,possibly undescribed,none,[M+H]+,none,16,"1,2-en-3-one","5-ol-6,7-epoxy","9,13,14-orthoester",with C-12,no C-18,"2,4-olefinic",others,2,C10,C10*2,"feruloyl(0.02),decadienoyl(0.78)","feruloyl,decadienoyl",A1,B1,C2,none,R95,R37,none,,,,,,A1B1C2,OCC12OC1C1C3OC4(C=CC=CCCCCC)OC3(C(=C)C)C(OC(=O)C=Cc7c(OC)c(O)ccc7)C(C)C1(O4)C1C=C(C)C(=O)C1(O)C2O,PD00127953,C40H48O12,720.812,Top1,1,Low Confidence
222,772,[9672],9672,607.3116,6.2,0,0,0,0,0,0,0,0,0,0,0,0,0,0,0,0,0,0,0,0,0,0,0,0,0,0,0,0,1237539.984,4909550.25,0,0,0,0,0,0,0,0,0,0,0,0,0,0,0,0,0,0,0,0,0,0,0,0,0,0,0,9,MD,C32H46O11,possibly undescribed,none,[M+H]+,none,10,1-alkyl-3-one,"5-ol-6,7-epoxy","9,13,14-orthoester",no C-12,no C-18,others,C10 ring with no substituent,1,C2,C2*1,others,acyl,A6,B1,C1,M2,R1,none,none,none,none,none,none,none,A6B1C1M2,CC(=O)OCC12OC1C1C3OC45CCCCCCCC(C)C6C(C)C(=O)C(O)(C2O)C6C1(O4)C(C)CC3(C(=C)C)O5,PD01130549,C32H46O9,574.711,Top1,1,Low Confidence
223,97,"[1556,2139]",1556,663.2803,6.3,12800000,18600000,3617498.432,10100000,1754742.488,0,26900000,7031112.848,0,0,28100000,25000000,0,982827.4556,0,0,10700000,0,1422944.564,0,0,721911.8001,0,0,0,0,0,0,0,0,0,0,0,0,0,0,0,0,0,0,0,0,0,0,0,0,0,0,0,0,0,0,0,0,0,0,14,0,D,C37H42O11,possibly known,"acutilobin B, acutilobin A, daphnexyane A",[M+H]+,"1556, 2139",17,"1,2-en-3-one","5-ol-6,7-epoxy","9,13,14-orthoester",no C-12,no C-18,"2,4-olefinic",others,2,"C7,C10",C10*1+C7*1,"benzoyl(0.13),feruloyl(0.19),heptadienoyl(1.30)","feruloyl,heptadienoyl",A1,B1,C1,none,R95,R34,none,,,,,,A1B1C1,c7cc(O)c(OC)cc7C=CC(=O)OCC12OC1C1C3OC4(C=CC=CCC)OC3(C(=C)C)CC(C)C1(O4)C1C=C(C)C(=O)C1(O)C2O,PD00267450,C37H42O11,662.732,Top2,0.491,High Confidence
224,128,[2229],2229,481.1859,6.3,1085510.747,1737162.877,280800.9044,8799496.171,0,0,1489317.791,0,0,0,2067302.043,2466461.352,0,0,0,0,3766338.346,0,0,0,0,0,0,0,0,0,0,0,0,0,0,0,0,0,0,0,0,0,0,0,0,0,0,0,0,0,0,0,0,0,0,0,0,0,0,0,17,0,D,C27H28O8,possibly undescribed,none,[M+H]+,none,14,"1,2-en-3-one","5-ol-6,7-epoxy","9,13,14-orthoester",no C-12,no C-18,others,others,1,C7,C7*1,"benzoyl(0.12),benzoyl(0.60)",benzoyl,A1,B1,C1,none,R92,none,none,,,,,,A1B1C1,OCC12OC1C1C3OC4(c6ccccc6)OC3(C(=C)C)CC(C)C1(O4)C1C=C(C)C(=O)C1(O)C2O,PD00007656,C27H30O8,482.529,Top2,0.564,Low Confidence
225,425,[8948],8948,753.311,6.3,0,0,0,0,0,0,0,0,0,0,0,0,0,0,0,0,0,0,9300780.934,0,0,0,0,0,0,0,0,0,0,0,0,0,0,0,0,0,0,0,0,0,0,0,0,0,0,0,0,0,0,0,0,0,0,0,0,0,12,0,D,C40H48O14,possibly undescribed,none,[M+H]+,none,17,"1,2-en-3-one","5-ol-6,7-epoxy","9,13,14-orthoester",with C-12,no C-18,others,others,2,C10,C10*2,coumaroyl(0.05),none,A1,B1,C2,none,none,none,none,,,,,,A1B1C2,OCC12OC1C1C3OC4OC3(C(=C)C)CC(C)C1(O4)C1C=C(C)C(=O)C1(O)C2O,PD00000006,C21H26O8,406.431,Top1,1,Low Confidence
226,525,"[6302,11579]",6302,609.2695,6.3,0,0,0,0,0,0,0,0,0,0,0,0,0,0,0,716234.8363,432989.5368,0,0,0,0,0,0,0,2383169.2,0,0,0,0,0,0,0,179556.3566,0,1451044.472,0,0,0,0,0,347317.6629,1122703.989,0,0,1348449.094,0,48400000,0,0,0,0,0,0,0,0,0,12,0,D,C34H40O10,possibly undescribed,(DA12)std_genkwanine H isomer,[M+H]+,"11579, 6302",15,"1,2-dihydro-3-one","5-ol-6,7-epoxy","9,13,14-orthoester",no C-12,no C-18,others,others,2,C7,C7*2,"acyl(0.09),benzoyl(0.27),feruloyl(0.06),benzoyl(0.59)","benzoyl,benzoyl",A2,B1,C1,none,R92,R92,none,,,,,,A2B1C1,c7ccccc7C(=O)OCC12OC1C1C3OC4(c6ccccc6)OC3(C(=C)C)CC(C)C1(O4)C1CC(C)C(=O)C1(O)C2O,PD00274046,C34H36O9,588.653,Top3,0.894,Low Confidence
227,698,[12007],12007,675.3375,6.3,0,0,0,0,0,0,0,0,0,0,0,0,0,0,0,0,0,0,0,0,0,0,0,0,266481.7295,0,0,0,0,0,0,0,0,0,0,0,0,0,0,0,0,0,0,0,0,0,0,0,0,0,0,0,0,0,0,0,8,0,D,C36H50O12,possibly undescribed,none,[M+H]+,none,12,"1,2-dihydro-3-ol","5-ol-6,7-epoxy","9,13,14-orthoester",no C-12,no C-18,others,others,1,C16,C16*1,others,none,A4,B1,C1,none,none,none,none,,,,,,A4B1C1,OCC12OC1C1C3OC4OC3(C(=C)C)CC(C)C1(O4)C1CC(C)C(O)C1(O)C2O,PD00000004,C21H30O8,410.463,Top1,1,Low Confidence
228,341,[2103],2103,721.3221,6.4,687260.4011,305919.9205,0,0,0,0,317092.7083,0,0,0,508320.7182,3520560.381,0,228985.8536,1579468.936,0,17300000,2099222.167,0,0,1545855.122,1622107.198,0,0,0,0,0,0,0,0,0,0,0,0,0,0,0,0,0,0,0,0,0,0,0,0,0,0,0,0,0,0,0,0,0,0,9,0,D,C40H48O12,possibly undescribed,(DA27)std_acutilobin D isomer,[M+H]+,none,17,"1,2-en-3-one","5-ol-6,7-epoxy","9,13,14-orthoester",with C-12,no C-18,"2,4-olefinic",others,2,C10,C10*2,decadienoyl(0.98),"decadienoyl,decadienoyl",A1,B1,C2,none,R37,R37,none,,,,,,A1B1C2,OCC12OC1C1C3OC4(C=CC=CCCCCC)OC3(C(=C)C)C(OC(=O)C=CC=CCCCCC)C(C)C1(O4)C1C=C(C)C(=O)C1(O)C2O,PD00127895,C40H54O10,694.862,Top1,1,Low Confidence
229,400,[6251],6251,601.3372,6.4,0,0,0,0,0,0,0,0,0,0,0,0,0,0,0,0,0,0,0,0,0,0,0,0,0,0,0,0,0,0,0,0,0,0,0,0,0,201168.8773,0,0,0,0,0,0,0,0,0,0,0,1046526.462,0,0,0,0,0,0,7,0,D,C34H48O9,possibly undescribed,none,[M+H]+,none,11,"1,2-en-3-one","5-ol-6,7-epoxy","9,13,14-orthoester",with C-12,no C-18,others,others,2,C7,C7*2,others,"benzoyl,benzoyl",A1,B1,C2,none,R92,R92,none,,,,,,A1B1C2,OCC12OC1C1C3OC4(c6ccccc6)OC3(C(=C)C)C(OC(=O)c7ccccc7)C(C)C1(O4)C1C=C(C)C(=O)C1(O)C2O,PD00129710,C34H34O10,602.636,Top1,1,Low Confidence
230,401,[6515],6515,673.3571,6.4,0,0,0,1492588.734,0,0,0,0,0,0,0,0,0,0,0,0,0,0,0,0,0,0,0,0,5097108.369,0,0,0,0,0,0,0,0,0,0,0,0,0,0,0,0,0,0,0,0,0,0,0,0,0,0,0,0,0,0,0,17,6,D,C37H52O11,possibly known,"genkwanine J, wikstroelide R",[M+H]+,none,12,"1,2-en-3-one","5-ol-6,7-epoxy","9,13,14-orthoester",with C-12,no C-18,others,others,2,"C7,C10",C10*1+C7*1,"benzoyl(0.09),nonanoyl(0.03),feruloyl(0.05),benzoyl(0.11)","feruloyl,benzoyl",A1,B1,C2,none,R95,R92,none,,,,,,A1B1C2,OCC12OC1C1C3OC4(c6ccccc6)OC3(C(=C)C)C(OC(=O)C=Cc7c(OC)c(O)ccc7)C(C)C1(O4)C1C=C(C)C(=O)C1(O)C2O,PD00129713,C37H38O12,674.699,Top2,0.837,Low Confidence
231,526,[6307],6307,591.2591,6.4,0,0,0,0,0,0,0,0,0,0,0,0,0,0,0,189110.6018,0,0,0,0,0,0,0,0,1226508.666,0,0,0,0,0,0,0,0,0,1271027.051,0,0,0,0,0,207349.8729,948881.2545,0,0,644704.8904,0,32000000,0,0,0,0,0,0,0,0,0,10,0,D,C34H38O9,possibly undescribed,"(DA08)std_genkwanine M isomer, (DA07)std_genkwanine N isomer",[M+H]+,none,16,"1,2-dihydro-3-one","5-ol-6,7-epoxy","9,13,14-orthoester",no C-12,no C-18,others,others,2,C7,C7*2,"acyl(0.04),benzoyl(0.09),feruloyl(0.03),benzoyl(0.28)","benzoyl,benzoyl",A2,B1,C1,none,R92,R92,none,,,,,,A2B1C1,c7ccccc7C(=O)OCC12OC1C1C3OC4(c6ccccc6)OC3(C(=C)C)CC(C)C1(O4)C1CC(C)C(=O)C1(O)C2O,PD00274046,C34H36O9,588.653,Top4,0.873,Low Confidence
232,759,[3635],3635,565.3008,6.4,0,0,0,0,0,0,0,0,0,0,0,0,4003529.728,0,0,0,0,0,0,0,0,0,0,0,0,0,0,0,3899415.6,0,0,0,0,0,0,0,0,0,0,0,0,0,0,0,0,0,0,0,0,0,0,0,0,0,0,0,0,15,MD,C30H44O10,possibly undescribed,none,[M+H]+,none,9,1-alkyl-3-one,"5-ol-6,7-epoxy","9,13,14-orthoester",no C-12,no C-18,others,C10 ring with no substituent,0,others,,others,none,A6,B1,C1,M2,none,none,none,none,none,none,none,none,A6B1C1M2,OCC12OC1C1C3OC45CCCCCCCC(C)C6C(C)C(=O)C(O)(C2O)C6C1(O4)C(C)CC3(C(=C)C)O5,PD01121457,C30H44O8,532.674,Top1,1,Low Confidence
233,96,[1555],1555,665.2955,6.5,0,0,0,0,0,0,1580970.27,971612.6134,0,0,2226792.066,0,0,0,0,0,0,0,0,0,1510718.797,657221.2692,0,0,1294771.002,0,0,0,0,0,0,0,0,0,0,0,0,0,0,0,0,0,0,0,0,0,0,0,0,0,0,0,0,0,0,0,9,0,D,C37H44O11,possibly known,tanguticanine B,[M+H]+,none,16,"1,2-en-3-one","5-ol-6,7-epoxy","9,13,14-orthoester",no C-12,no C-18,others,others,2,"C7,C10",C10*1+C7*1,benzoyl(0.16),"benzoyl,benzoyl",A1,B1,C1,none,R92,R92,none,,,,,,A1B1C1,c7ccccc7C(=O)OCC12OC1C1C3OC4(c6ccccc6)OC3(C(=C)C)CC(C)C1(O4)C1C=C(C)C(=O)C1(O)C2O,PD00269390,C34H34O9,586.637,Top1,1,Low Confidence
234,242,[6644],6644,663.2797,6.5,0,0,0,210528.3875,0,0,0,0,0,0,0,0,0,0,0,0,0,0,555063.5745,0,712417.8391,0,0,0,3603927.998,0,0,0,0,0,0,0,0,0,0,0,0,0,0,0,0,0,0,0,0,0,0,0,0,0,0,0,0,0,0,0,10,0,D,C37H42O11,possibly known,"acutilobin B, acutilobin A, daphnexyane A",[M+H]+,none,17,"1,2-en-3-one","5-ol-6,7-epoxy","9,13,14-orthoester",no C-12,no C-18,others,others,2,"C7,C10",C10*1+C7*1,benzoyl(0.13),"benzoyl,benzoyl",A1,B1,C1,none,R92,R92,none,,,,,,A1B1C1,c7ccccc7C(=O)OCC12OC1C1C3OC4(c6ccccc6)OC3(C(=C)C)CC(C)C1(O4)C1C=C(C)C(=O)C1(O)C2O,PD00269390,C34H34O9,586.637,Top2,0.709,Low Confidence
235,244,[7414],7414,721.2831,6.5,0,0,0,0,0,0,0,0,0,0,0,0,0,0,0,0,0,0,6634238.314,960459.4064,0,0,0,0,0,0,0,0,0,0,0,0,0,0,0,0,0,0,0,0,0,0,0,0,0,0,0,0,0,0,0,0,0,0,0,0,12,0,D,C21H52O26,possibly undescribed,none,[M+H]+,none,-4,"1,2-en-3-one","5-ol-6,7-epoxy","9,13,14-orthoester",no C-12,no C-18,"2,4-olefinic",others,1,C1,C1*1,"coumaroyl(0.09),coumaroyl(4.00)",none,A1,B1,C1,none,none,none,none,,,,,,A1B1C1,OCC12OC1C1C3OC4OC3(C(=C)C)CC(C)C1(O4)C1C=C(C)C(=O)C1(O)C2O,PD00000001,C21H26O8,406.431,Top2,0.807,Low Confidence
236,360,[2599],2599,661.2639,6.5,0,333111.3688,0,0,0,0,155393.4607,0,0,0,0,0,0,0,0,0,973809.2647,0,594767.6244,0,3136032.986,210500.4804,0,0,0,0,0,0,0,0,0,0,0,0,0,0,0,0,0,0,0,0,0,0,0,0,0,0,0,0,0,0,0,0,0,0,12,0,D,C37H40O11,possibly undescribed,none,[M+H]+,none,18,"1,2-en-3-one","5-ol-6,7-epoxy","9,13,14-orthoester",with C-12,no C-18,others,others,2,"C7,C10",C10*1+C7*1,8-9-epoxy-2-4-6-decatrienoyl(0.89),"benzoyl,8-9-epoxy-2-4-6-decatrienoyl",A1,B1,C2,none,R92,R61,none,,,,,,A1B1C2,OCC12OC1C1C3OC4(C=CC=CC=CC6OC6C)OC3(C(=C)C)C(OC(=O)c7ccccc7)C(C)C1(O4)C1C=C(C)C(=O)C1(O)C2O,PD00129090,C37H40O11,660.716,Top1,1,High Confidence
237,625,[2070],2070,633.27,6.5,958236.9609,0,0,0,0,0,0,0,0,0,568940.1301,0,0,0,0,0,0,0,0,0,0,0,0,0,0,0,0,0,0,0,0,0,0,0,0,0,0,0,0,0,0,0,0,0,0,0,0,0,0,0,0,0,0,0,0,0,7,0,D,C36H40O10,possibly undescribed,none,[M+H]+,none,17,"1,2-dihydro-3-ol","5-ol-6,7-epoxy","9,13,14-orthoester",no C-12,no C-18,others,others,2,"C7,C9",C9*1+C7*1,coumaroyl(0.96),"benzoyl,coumaroyl",A4,B1,C1,none,R92,R94,none,,,,,,A4B1C1,OCC12OC1C1C3OC4(c6ccccc6)OC3(C(=C)C)CC(C)C1(O4)C1CC(C)C(OC(=O)C=Cc7ccc(O)cc7)C1(O)C2O,PD00022624,C36H40O10,632.706,Top1,1,High Confidence
238,687,[11896],11896,635.321,6.5,0,0,0,0,0,0,0,0,0,0,0,0,0,0,0,0,0,0,0,0,0,0,0,0,4734960.878,0,0,0,0,0,0,0,0,0,0,0,0,0,0,0,0,0,0,0,0,0,0,0,0,0,0,0,0,0,0,0,7,0,D,C37H46O9,possibly known,acutilonine F,[M+H]+,none,15,"1,2-dihydro-3-ol","5-ol-6,7-epoxy","9,13,14-orthoester",no C-12,no C-18,others,others,2,"C7,C10",C10*1+C7*1,"benzoyl(0.04),feruloyl(0.02),decatrienoyl(0.92)","benzoyl,decatrienoyl",A4,B1,C1,none,R92,R48,none,,,,,,A4B1C1,OCC12OC1C1C3OC4(C=CC=CC=CCCC)OC3(C(=C)C)CC(C)C1(O4)C1CC(C)C(OC(=O)c7ccccc7)C1(O)C2O,PD00021456,C37H46O9,634.766,Top1,1,High Confidence
239,692,[11909],11909,618.3628,6.5,0,0,0,0,0,0,0,0,0,0,0,0,0,0,0,0,0,0,0,0,0,0,0,0,722338.3124,0,0,0,0,0,0,0,0,0,0,0,0,0,0,0,0,0,0,0,0,0,0,0,0,0,0,0,0,0,0,0,8,0,D,C34H51O9N1,possibly undescribed,none,[M+NH4]+,none,10,"1,2-dihydro-3-ol","5-ol-6,7-epoxy","9,13,14-orthoester",no C-12,no C-18,others,others,1,C14,C14*1,"benzoyl(0.08),feruloyl(0.03),benzoyl(0.11)",none,A4,B1,C1,none,none,none,none,,,,,,A4B1C1,OCC12OC1C1C3OC4OC3(C(=C)C)CC(C)C1(O4)C1CC(C)C(O)C1(O)C2O,PD00000004,C21H30O8,410.463,Top1,1,Low Confidence
240,693,[11917],11917,569.3102,6.5,0,0,0,0,0,0,0,0,0,0,0,0,0,0,0,0,0,0,0,0,0,0,0,0,1191210.151,0,0,0,0,0,0,0,0,0,0,0,0,0,0,0,0,0,0,0,0,0,0,0,0,0,0,0,0,0,0,0,7,0,D,C33H44O8,possibly undescribed,none,[M+H]+,none,12,"1,2-dihydro-3-ol","5-ol-6,7-epoxy","9,13,14-orthoester",no C-12,no C-18,others,others,1,C13,C13*1,benzoyl(0.09),none,A4,B1,C1,none,none,none,none,,,,,,A4B1C1,OCC12OC1C1C3OC4OC3(C(=C)C)CC(C)C1(O4)C1CC(C)C(O)C1(O)C2O,PD00000004,C21H30O8,410.463,Top1,1,Low Confidence
241,765,[3728],3728,547.2904,6.5,0,0,0,0,0,0,0,0,0,0,0,0,1882525.381,0,0,0,0,0,0,0,0,0,0,0,0,0,0,0,506643.2355,2579754.247,0,0,0,0,0,0,0,0,0,0,0,0,0,0,0,0,0,0,0,0,0,0,0,0,0,0,0,9,MD,C30H42O9,possibly undescribed,"(DA32)std_pimelotide A isomer, (DA33)std_pimelotide C isomer",[M+H]+,none,10,1-alkyl-3-one,"5-ol-6,7-epoxy","9,13,14-orthoester",no C-12,no C-18,others,C10 ring with no substituent,0,others,,others,none,A6,B1,C1,M2,none,none,none,none,none,none,none,none,A6B1C1M2,OCC12OC1C1C3OC45CCCCCCCC(C)C6C(C)C(=O)C(O)(C2O)C6C1(O4)C(C)CC3(C(=C)C)O5,PD01121457,C30H44O8,532.674,Top1,1,Low Confidence
242,5,[3563],3563,565.3004,6.6,0,0,0,0,0,0,0,0,0,0,0,0,13200000,0,0,0,0,0,0,0,0,0,0,0,0,0,0,0,20300000,0,0,0,0,0,0,0,0,0,0,0,0,0,0,0,0,0,0,0,0,0,0,0,0,0,0,3199956.96,9,18,MD,C30H44O10,possibly undescribed,none,[M+H]+,none,9,"3,4-seco","5-ol-6,7-epoxy","9,13,14-orthoester",no C-12,no C-18,others,C10 ring with no substituent,0,others,,others,none,A10,B1,C1,M2,none,none,none,none,none,none,none,none,A10B1C1M2,OCC12OC1C1C3OC45CCCCCCCC(C)C(C(C)C(=O)O)C(C(=O)C2O)C1(O4)C(C)CC3(C(=C)C)O5,PD01122318,C30H44O9,548.673,Top2,0.897,Low Confidence
243,39,[44],44,593.2377,6.6,0,0,0,0,0,0,0,0,0,0,0,0,0,0,0,0,0,0,0,0,0,0,0,12300000,0,0,0,0,0,0,0,0,0,0,0,0,0,0,0,0,0,0,0,0,0,0,728023.426,0,0,0,0,0,0,0,0,0,13,0,D,C33H36O10,possibly undescribed,none,[M+H]+,none,16,"1,2-en-3-one","5-ol-6,7-epoxy","9,13,14-orthoester",no C-12,no C-18,others,others,2,"C2,C11",C2*1+C11*1,"acyl(0.18),5-pheny-2-4-pentadienoyl(7.30)","acyl,5-pheny-2-4-pentadienoyl",A1,B1,C1,none,R1,R96,none,,,,,,A1B1C1,c7ccccc7C=CC=CC(=O)OCC12OC1C1C3OC4(C)OC3(C(=C)C)CC(C)C1(O4)C1C=C(C)C(=O)C1(O)C2O,PD00264844,C33H36O9,576.642,Top3,0.652,Low Confidence
244,133,[2383],2383,621.2336,6.6,0,0,0,0,0,0,1391332.942,0,0,0,0,0,0,0,0,0,0,0,0,0,0,0,0,0,10600000,0,0,0,0,0,0,0,0,0,0,0,0,0,0,0,0,0,0,0,0,0,0,0,0,0,0,0,0,0,0,0,20,0,D,C34H36O11,possibly known,"yuanhuaoate B, genkwadane A",[M+H]+,none,17,"1,2-en-3-one","5-ol-6,7-epoxy","9,13,14-orthoester",no C-12,no C-18,others,others,2,C7,C7*2,"benzoyl(0.16),feruloyl(0.12),benzoyl(0.77)","benzoyl,benzoyl",A1,B1,C1,none,R92,R92,none,,,,,,A1B1C1,c7ccccc7C(=O)OCC12OC1C1C3OC4(c6ccccc6)OC3(C(=C)C)CC(C)C1(O4)C1C=C(C)C(=O)C1(O)C2O,PD00269390,C34H34O9,586.637,Top2,0.668,Low Confidence
245,206,[4604],4604,313.1797,6.6,0,0,0,0,0,0,0,0,0,1537873.499,0,0,0,0,0,0,0,0,0,0,0,0,0,0,0,0,0,0,0,0,0,0,0,0,0,0,0,0,0,0,0,0,0,0,0,0,0,0,0,0,0,0,0,0,0,0,6,0,D,C20H24O3,possibly undescribed,none,[M+H]+,none,9,"1,2-en-3-one","5-ol-6,7-epoxy","9,13,14-orthoester",no C-12,no C-18,others,others,1,C0,C0*1,nonatrienoyl(0.01),none,A1,B1,C1,none,none,none,none,,,,,,A1B1C1,OCC12OC1C1C3OC4OC3(C(=C)C)CC(C)C1(O4)C1C=C(C)C(=O)C1(O)C2O,PD00000001,C21H26O8,406.431,Top2,0.8,Low Confidence
246,228,[6085],6085,636.3747,6.6,0,0,0,0,0,0,0,0,0,0,0,0,0,0,0,0,0,0,0,0,0,0,0,0,0,0,0,0,0,0,0,0,0,0,0,0,546812.0957,3551859.242,0,0,0,0,0,0,0,0,0,0,0,0,0,0,0,0,0,0,15,0,D,C34H53O10N1,possibly undescribed,none,[M+NH4]+,none,9,"1,2-en-3-one","5-ol-6,7-epoxy","9,13,14-orthoester",no C-12,no C-18,others,others,1,C14,C14*1,"decatrienoyl(0.02),tetradecatrienoyl(0.03)",tetradecatrienoyl,A1,B1,C1,none,R52,none,none,,,,,,A1B1C1,OCC12OC1C1C3OC4(C=CC=CC=CCCCCCCC)OC3(C(=C)C)CC(C)C1(O4)C1C=C(C)C(=O)C1(O)C2O,PD00007616,C34H46O8,582.734,Top1,1,Low Confidence
247,523,[5118],5118,607.2544,6.6,0,0,0,0,0,0,0,0,0,0,319817.8517,0,0,0,0,0,0,0,0,0,0,0,0,0,0,0,0,0,0,0,0,0,0,0,0,0,0,0,0,0,449093.5036,0,0,0,0,0,299476.1817,0,0,0,0,0,0,0,0,0,12,0,D,C34H38O10,possibly undescribed,none,[M+H]+,none,16,"1,2-dihydro-3-one","5-ol-6,7-epoxy","9,13,14-orthoester",no C-12,no C-18,others,others,2,C7,C7*2,benzoyl(0.21),"benzoyl,benzoyl",A2,B1,C1,none,R92,R92,none,,,,,,A2B1C1,c7ccccc7C(=O)OCC12OC1C1C3OC4(c6ccccc6)OC3(C(=C)C)CC(C)C1(O4)C1CC(C)C(=O)C1(O)C2O,PD00274046,C34H36O9,588.653,Top2,0.989,Low Confidence
248,587,[11813],11813,780.3939,6.6,0,0,0,0,0,0,0,0,0,0,0,0,0,0,0,0,0,0,0,0,0,0,0,0,9078280.372,0,0,0,0,0,0,0,0,0,0,0,0,0,0,0,0,0,0,0,0,0,0,0,0,0,0,0,0,0,0,0,6,0,D,C43H57O12N1,possibly undescribed,none,[M+NH4]+,none,16,"1,2-en-3-ol","5-ol-6,7-epoxy","9,13,14-orthoester",no C-12,no C-18,others,others,3,"C7,C9",C9*1+C7*2,"benzoyl(0.59),feruloyl(0.11),benzoyl(1.80)",benzoyl,A3,B1,C1,none,R92,none,none,,,,,,A3B1C1,OCC12OC1C1C3OC4(c6ccccc6)OC3(C(=C)C)CC(C)C1(O4)C1C=C(C)C(O)C1(O)C2O,PD00007848,C27H32O8,484.545,Top1,1,Low Confidence
249,4,"[3523,3561]",3523,565.301,6.7,0,0,0,0,0,0,0,0,0,0,0,0,71200000,0,0,0,0,0,0,0,0,0,0,0,0,0,0,0,766207.2072,76600000,0,0,0,0,0,0,555805.413,2571302.123,0,0,0,0,0,0,0,0,0,0,0,0,0,0,0,0,0,0,10,19,MD,C30H44O10,possibly undescribed,none,[M+H]+,"3523, 3561",9,"3,4-seco","5-ol-6,7-epoxy","9,13,14-orthoester",no C-12,no C-18,others,C10 ring with no substituent,0,others,,others,none,A10,B1,C1,M2,none,none,none,none,none,none,none,none,A10B1C1M2,OCC12OC1C1C3OC45CCCCCCCC(C)C(C(C)C(=O)O)C(C(=O)C2O)C1(O4)C(C)CC3(C(=C)C)O5,PD01122318,C30H44O9,548.673,Top1,1,Low Confidence
250,256,"[8901,8980]",8901,721.2844,6.7,0,0,0,0,0,0,0,0,0,0,0,0,0,0,0,0,0,0,68500000,0,0,0,0,0,0,0,0,0,0,0,0,0,0,0,0,0,0,0,0,0,0,0,0,0,0,0,0,0,0,0,0,0,0,0,0,0,15,0,D,C39H44O13,possibly undescribed,none,[M+H]+,"8901, 8980",18,"1,2-en-3-one","5-ol-6,7-epoxy","9,13,14-orthoester",no C-12,no C-18,"2,4-olefinic",others,2,"C9,C10",C9*1+C10*1,"coumaroyl(0.47),coumaroyl(16.00)","coumaroyl,coumaroyl",A1,B1,C1,none,R94,R94,none,,,,,,A1B1C1,c7cc(O)ccc7C=CC(=O)OCC12OC1C1C3OC4(C=Cc6ccc(O)cc6)OC3(C(=C)C)CC(C)C1(O4)C1C=C(C)C(=O)C1(O)C2O,PD00269399,C38H38O11,670.711,Top2,0.765,Low Confidence
251,313,[259],259,585.211,6.7,0,0,0,12700000,0,0,0,2396153.301,0,0,0,4224600.137,0,0,0,0,1224727.645,0,0,0,0,0,0,2003356.433,7982883.543,0,0,0,0,0,0,0,0,0,0,0,0,0,0,0,0,0,0,0,0,0,0,0,0,0,0,0,0,0,0,0,10,0,D,C34H32O9,possibly undescribed,none,[M+H]+,none,19,"1,2-en-3-one","5-ol-6,7-epoxy","9,13,14-orthoester",with C-12,no C-18,others,others,2,C7,C7*2,"benzoyl(0.18),feruloyl(0.11),benzoyl(1.60)","benzoyl,benzoyl",A1,B1,C2,none,R92,R92,none,,,,,,A1B1C2,OCC12OC1C1C3OC4(c6ccccc6)OC3(C(=C)C)C(OC(=O)c7ccccc7)C(C)C1(O4)C1C=C(C)C(=O)C1(O)C2O,PD00129710,C34H34O10,602.636,Top1,1,Low Confidence
252,359,[2552],2552,665.2948,6.7,0,0,0,0,0,0,188045.9369,0,0,0,0,0,0,0,0,0,1936994.453,0,0,0,15700000,649150.213,0,0,1748096.306,0,0,0,0,0,0,0,0,0,0,0,0,0,0,0,0,0,0,0,0,0,0,0,0,0,0,0,0,0,0,0,15,0,D,C37H44O11,possibly known,tanguticanine B,[M+H]+,none,16,"1,2-en-3-one","5-ol-6,7-epoxy","9,13,14-orthoester",with C-12,no C-18,others,others,2,"C7,C10",C10*1+C7*1,benzoyl(0.15),"benzoyl,benzoyl",A1,B1,C2,none,R92,R92,none,,,,,,A1B1C2,OCC12OC1C1C3OC4(c6ccccc6)OC3(C(=C)C)C(OC(=O)c7ccccc7)C(C)C1(O4)C1C=C(C)C(=O)C1(O)C2O,PD00129710,C34H34O10,602.636,Top1,1,Low Confidence
253,385,[4972],4972,489.285,6.7,0,0,0,0,0,0,0,0,0,0,0,0,0,0,0,0,0,0,0,0,0,0,0,0,0,0,0,0,0,0,0,232312.8588,2323068.744,0,0,0,0,0,0,0,0,0,0,0,0,0,0,0,0,0,0,0,0,0,0,0,8,0,D,C28H40O7,possibly undescribed,none,[M+H]+,none,9,"1,2-en-3-one","5-ol-6,7-epoxy","9,13,14-orthoester",with C-12,no C-18,others,others,0,others,,octenoyl(0.07),none,A1,B1,C2,none,none,none,none,,,,,,A1B1C2,OCC12OC1C1C3OC4OC3(C(=C)C)CC(C)C1(O4)C1C=C(C)C(=O)C1(O)C2O,PD00000006,C21H26O8,406.431,Top1,1,Low Confidence
254,394,[5255],5255,679.2754,6.7,0,0,0,0,0,0,0,0,0,0,0,717824.879,0,0,0,0,0,0,0,0,0,0,0,0,0,0,0,0,0,0,0,0,0,0,0,0,0,0,0,0,0,0,0,0,0,0,0,0,0,0,0,0,0,0,0,0,7,0,D,C37H42O12,possibly undescribed,none,[M+H]+,none,17,"1,2-en-3-one","5-ol-6,7-epoxy","9,13,14-orthoester",with C-12,no C-18,others,others,2,"C7,C10",C10*1+C7*1,benzoyl(0.09),"benzoyl,benzoyl",A1,B1,C2,none,R92,R92,none,,,,,,A1B1C2,OCC12OC1C1C3OC4(c6ccccc6)OC3(C(=C)C)C(OC(=O)c7ccccc7)C(C)C1(O4)C1C=C(C)C(=O)C1(O)C2O,PD00129710,C34H34O10,602.636,Top1,1,Low Confidence
255,499,[9758],9758,405.1909,6.7,0,0,0,0,0,0,0,0,0,0,0,0,0,0,0,0,0,0,0,0,0,0,0,0,0,0,0,0,0,1074698.933,0,0,0,0,0,0,0,0,0,0,0,0,0,0,0,0,0,0,0,0,0,0,0,0,0,0,8,0,D,C22H28O7,possibly undescribed,none,[M+H]+,none,9,"1,2-en-3-one","5-ol-6,7-ene","9,13,14-orthoester",with C-12,no C-18,others,others,1,C2,C2*1,"acyl(0.05),butenoyl(0.04),octadecadienoyl(0.20),4-oxo-2-octadecenoyl(0.20)",acyl,A1,B3,C2,none,R1,none,none,,,,,,A1B3C2,OCC1=CC2C3OC4(C)OC3(C(=C)C)C(O)C(C)C2(O4)C2C=C(C)C(=O)C2(O)C1O,PD00009965,C22H28O8,420.458,Top1,1,Low Confidence
256,745,[3657],3657,684.3387,6.7,0,0,0,0,0,0,0,0,0,0,0,0,3214517.746,0,0,0,0,0,0,0,0,0,0,0,0,0,0,0,0,0,0,0,0,0,0,0,0,0,0,0,0,0,0,0,0,0,0,0,0,0,0,0,0,0,0,0,0,13,MD,C37H49O11N1,possibly undescribed,"(DA43)std_stelleralide C isomer, (DA44)std_daphnepedunin E isomer",[M+NH4]+,none,14,1-alkyl-3-one,"5-ol-6,7-epoxy","9,13,14-orthoester",no C-12,no C-18,others,C9 ring with no substituent,3,"C2,C4",C2*2+C4*1,"acyl(0.04),benzoyl(0.17),benzoyl(0.04)","acyl,acyl,isobutyryl",A6,B1,C1,M1,R1,R1,R3,none,none,none,none,none,A6B1C1M1,,,,0,Top1,1,Low Confidence
257,767,[3848],3848,669.3272,6.7,0,0,0,0,0,0,0,0,0,0,0,0,875253.1445,0,0,0,0,0,0,0,0,0,0,0,348927.8148,0,0,0,5102555.854,0,0,0,0,0,0,0,0,0,0,0,0,0,0,0,0,0,0,0,0,0,0,0,0,0,0,0,0,9,MD,C37H48O11,possibly undescribed,(DA45)std_daphnepedunin D isomer,[M+H]+,none,14,1-alkyl-3-one,"5-ol-6,7-epoxy","9,13,14-orthoester",no C-12,no C-18,others,C10 ring with no substituent,2,"C2,C5",C2*1+C5*1,benzoyl(0.11),"acyl,2-methylbutyryl",A6,B1,C1,M2,R1,R4,none,none,none,none,none,none,A6B1C1M2,,,,0,Top1,1,Low Confidence
258,35,[9],9,603.2223,6.8,2380546.575,4175096.598,0,283000000,2622250.33,0,70200000,60500000,0,0,68400000,101000000,0,1959628.333,0,0,50400000,0,0,0,0,4851742.828,0,44100000,254000000,0,0,0,0,0,0,0,0,0,0,0,0,0,0,0,0,0,0,0,0,0,0,0,745728.087,0,0,0,0,0,0,0,17,0,D,C34H34O10,possibly known,(DA10)std_genkwadaphnin,[M+H]+,none,18,"1,2-en-3-one","5-ol-6,7-epoxy","9,13,14-orthoester",no C-12,no C-18,others,others,2,C7,C7*2,"benzoyl(0.75),feruloyl(0.77),benzoyl(11.00)","benzoyl,benzoyl",A1,B1,C1,none,R92,R92,none,,,,,,A1B1C1,c7ccccc7C(=O)OCC12OC1C1C3OC4(c6ccccc6)OC3(C(=C)C)CC(C)C1(O4)C1C=C(C)C(=O)C1(O)C2O,PD00269390,C34H34O9,586.637,Top2,0.635,Low Confidence
259,151,[2987],2987,751.2956,6.8,0,4690891.965,0,0,0,0,0,0,0,0,0,0,0,0,5497305.699,0,0,0,2981711.521,2243828.491,0,0,0,0,0,0,0,0,0,0,0,0,0,0,0,0,0,0,0,0,0,0,0,0,0,0,0,0,0,0,0,0,0,0,0,0,13,0,D,C40H46O14,possibly undescribed,none,[M+H]+,none,18,"1,2-en-3-one","5-ol-6,7-epoxy","9,13,14-orthoester",no C-12,no C-18,"2,4-olefinic",others,2,C10,C10*2,"feruloyl(0.07),8-9-epoxy-2-4-6-decatrienoyl(0.05)","feruloyl,8-9-epoxy-2-4-6-decatrienoyl",A1,B1,C1,none,R95,R61,none,,,,,,A1B1C1,c7cc(O)c(OC)cc7C=CC(=O)OCC12OC1C1C3OC4(C=CC=CC=CC6OC6C)OC3(C(=C)C)CC(C)C1(O4)C1C=C(C)C(=O)C1(O)C2O,PD00268773,C40H44O12,716.78,Top3,0.29,Low Confidence
260,203,[4522],4522,313.1797,6.8,0,0,0,0,0,2036986.896,0,0,0,5083344.623,0,0,0,0,0,0,0,0,0,0,0,0,0,0,0,0,0,0,0,0,0,376999.5668,0,0,0,0,0,0,0,0,0,0,0,0,0,0,0,0,0,0,0,0,0,0,0,0,6,0,D,C20H24O3,possibly undescribed,none,[M+H]+,none,9,"1,2-en-3-one","5-ol-6,7-epoxy","9,13,14-orthoester",no C-12,no C-18,"2,4-olefinic",others,1,C0,C0*1,decatrienoyl(0.04),none,A1,B1,C1,none,none,none,none,,,,,,A1B1C1,OCC12OC1C1C3OC4OC3(C(=C)C)CC(C)C1(O4)C1C=C(C)C(=O)C1(O)C2O,PD00000001,C21H26O8,406.431,Top1,1,Low Confidence
261,314,[453],453,481.1852,6.8,216156.6952,0,0,5647012.198,0,0,1218137.805,0,0,0,1371961.622,1890805.786,0,0,0,0,651174.7164,0,0,0,0,0,0,425801.6353,3631653.308,0,0,0,0,0,0,0,0,0,0,0,0,0,0,0,0,0,0,0,0,0,0,0,0,0,0,0,0,0,0,0,9,0,D,C27H28O8,possibly undescribed,none,[M+H]+,none,14,"1,2-en-3-one","5-ol-6,7-epoxy","9,13,14-orthoester",with C-12,no C-18,others,others,1,C7,C7*1,"benzoyl(0.03),benzoyl(0.19)",benzoyl,A1,B1,C2,none,R92,none,none,,,,,,A1B1C2,OCC12OC1C1C3OC4(c6ccccc6)OC3(C(=C)C)C(O)C(C)C1(O4)C1C=C(C)C(=O)C1(O)C2O,PD00008136,C27H30O9,498.528,Top1,1,Low Confidence
262,354,[2421],2421,647.285,6.8,0,2558897.571,0,0,0,0,474210.8304,0,0,0,0,231751.4349,0,0,0,0,1394822.806,0,0,0,4304343.728,455243.6082,0,0,0,0,0,0,0,0,0,0,0,0,0,0,0,0,0,0,0,0,0,0,0,0,0,0,0,0,0,0,0,0,0,0,7,0,D,C37H42O10,possibly undescribed,"(DA16)std_yuanhuajine isomer, (DA17)std_gniditrin isomer",[M+H]+,none,17,"1,2-en-3-one","5-ol-6,7-epoxy","9,13,14-orthoester",with C-12,no C-18,others,others,2,"C7,C10",C10*1+C7*1,benzoyl(0.09),"benzoyl,benzoyl",A1,B1,C2,none,R92,R92,none,,,,,,A1B1C2,OCC12OC1C1C3OC4(c6ccccc6)OC3(C(=C)C)C(OC(=O)c7ccccc7)C(C)C1(O4)C1C=C(C)C(=O)C1(O)C2O,PD00129710,C34H34O10,602.636,Top1,1,Low Confidence
263,357,[2457],2457,677.2591,6.8,0,364947.8826,0,4808859.506,0,0,709746.8928,0,0,0,478784.8199,798624.3304,0,0,0,0,3488938.668,0,816217.1042,0,0,0,0,0,0,0,0,0,0,0,0,0,0,0,0,0,0,0,0,0,0,0,0,0,0,0,0,0,0,0,0,0,0,0,0,0,11,0,D,C37H40O12,possibly undescribed,none,[M+H]+,none,18,"1,2-en-3-one","5-ol-6,7-epoxy","9,13,14-orthoester",with C-12,no C-18,others,others,2,"C7,C10",C10*1+C7*1,benzoyl(0.17),"benzoyl,benzoyl",A1,B1,C2,none,R92,R92,none,,,,,,A1B1C2,OCC12OC1C1C3OC4(c6ccccc6)OC3(C(=C)C)C(OC(=O)c7ccccc7)C(C)C1(O4)C1C=C(C)C(=O)C1(O)C2O,PD00129710,C34H34O10,602.636,Top1,1,Low Confidence
264,500,"[9698,9710]",9710,371.1854,6.8,0,0,0,0,0,0,0,0,0,0,0,0,0,0,0,0,0,0,0,0,0,0,0,0,0,0,0,0,0,1569156.89,0,0,0,0,0,0,0,0,0,0,0,0,0,0,0,0,0,0,0,0,0,0,0,0,0,0,6,0,D,C22H26O5,possibly undescribed,none,[M+H-H2O]+,"9698, 9710",10,"1,2-en-3-one","5-ol-6,7-ene","9,13,14-triol",no C-12,no C-18,others,others,1,C2,C2*1,"acyl(0.29),butenoyl(0.04)",acyl,A1,B3,C3,none,R1,none,none,,,,,,A1B3C3,OCC1=CC2C(OC(=O)C)C(O)(C(=C)C)CC(C)C2(O)C2C=C(C)C(=O)C2(O)C1O,PD00003341,C22H30O8,422.474,Top2,0.913,Low Confidence
265,226,"[6062,8420]",6062,619.3483,6.9,0,0,0,0,0,0,0,0,0,0,0,0,0,0,0,0,0,0,0,0,0,0,0,0,0,0,0,0,0,598176.0846,0,0,0,0,0,0,0,3791443.438,0,0,0,0,0,0,0,0,0,0,0,0,197588.5727,0,0,0,0,0,12,0,D,C34H50O10,possibly undescribed,none,[M+H]+,"6062, 8420",10,"1,2-en-3-one","5-ol-6,7-epoxy","9,13,14-orthoester",no C-12,no C-18,others,others,1,C14,C14*1,8-9-epoxy-2-4-6-undecatrienoyl(0.02),none,A1,B1,C1,none,none,none,none,,,,,,A1B1C1,OCC12OC1C1C3OC4OC3(C(=C)C)CC(C)C1(O4)C1C=C(C)C(=O)C1(O)C2O,PD00000001,C21H26O8,406.431,Top1,1,Low Confidence
266,257,"[8902,8966]",8902,751.2948,6.9,0,0,0,0,0,0,0,0,0,0,0,0,0,0,0,0,2769120.225,0,76600000,0,0,0,0,0,0,0,0,0,0,0,0,0,0,0,0,0,0,0,0,0,0,0,0,0,0,0,0,0,0,0,0,0,0,0,0,0,15,0,D,C40H46O14,possibly undescribed,none,[M+H]+,"8902, 8966",18,"1,2-en-3-one","5-ol-6,7-epoxy","9,13,14-orthoester",no C-12,no C-18,"2,4-olefinic",others,2,C10,C10*2,"nonanoyl(0.11),feruloyl(0.13),butenoyl(0.12)","feruloyl,feruloyl",A1,B1,C1,none,R95,R95,none,,,,,,A1B1C1,c7cc(O)c(OC)cc7C=CC(=O)OCC12OC1C1C3OC4(C=Cc6c(OC)c(O)ccc6)OC3(C(=C)C)CC(C)C1(O4)C1C=C(C)C(=O)C1(O)C2O,PD00269402,C40H42O13,730.763,Top2,0.333,Low Confidence
267,270,[9648],9648,311.1639,6.9,0,0,0,0,0,0,0,0,0,0,0,0,0,0,0,0,0,0,0,0,0,0,0,0,0,0,0,0,692800.7477,37300000,0,0,0,0,0,0,0,0,0,0,0,0,0,0,0,0,0,830347.1864,0,0,0,0,0,0,0,0,14,0,D,C20H22O3,possibly undescribed,none,[M+H]+,none,10,"1,2-en-3-one","5-ol-6,7-epoxy","9,13,14-orthoester",no C-12,no C-18,others,others,1,C0,C0*1,pentenoyl(0.05),none,A1,B1,C1,none,none,none,none,,,,,,A1B1C1,OCC12OC1C1C3OC4OC3(C(=C)C)CC(C)C1(O4)C1C=C(C)C(=O)C1(O)C2O,PD00000001,C21H26O8,406.431,Top2,0.833,Low Confidence
268,409,[8042],8042,683.3057,6.9,0,0,0,0,0,0,0,0,0,0,0,0,0,0,0,0,0,260414.3144,0,0,1949449.646,0,0,0,0,0,0,0,0,0,0,0,0,0,0,0,0,0,0,0,0,0,0,0,0,0,0,0,0,0,0,0,0,0,0,0,7,0,D,C37H46O12,possibly undescribed,none,[M+H]+,none,15,"1,2-en-3-one","5-ol-6,7-epoxy","9,13,14-orthoester",with C-12,no C-18,others,others,2,"C7,C10",C10*1+C7*1,"benzoyl(0.03),decatrienoyl(0.61)","benzoyl,decatrienoyl",A1,B1,C2,none,R92,R48,none,,,,,,A1B1C2,OCC12OC1C1C3OC4(C=CC=CC=CCCC)OC3(C(=C)C)C(OC(=O)c7ccccc7)C(C)C1(O4)C1C=C(C)C(=O)C1(O)C2O,PD00128544,C37H42O10,646.733,Top1,1,Low Confidence
269,490,[181],181,577.2425,6.9,0,0,0,0,0,0,0,0,0,0,0,0,0,0,0,0,0,0,0,0,0,0,0,3445715.056,0,0,0,0,0,0,0,0,0,0,0,0,0,0,0,0,0,0,0,0,0,0,0,0,0,0,0,0,0,0,0,0,7,0,D,C33H36O9,possibly undescribed,none,[M+H]+,none,16,"1,2-en-3-one","5-ol-6,7-ene","9,13,14-orthoester",with C-12,no C-18,others,others,2,"C2,C11",C2*1+C11*1,"acyl(0.05),5-pheny-2-4-pentadienoyl(0.82)","acyl,5-pheny-2-4-pentadienoyl",A1,B3,C2,none,R1,R96,none,,,,,,A1B3C2,OCC1=CC2C3OC4(C)OC3(C(=C)C)C(OC(=O)C=CC=Cc7ccccc7)C(C)C2(O4)C2C=C(C)C(=O)C2(O)C1O,PD00171724,C33H36O9,576.642,Top1,1,High Confidence
270,797,[10988],10988,617.3308,6.9,0,0,0,0,0,0,0,0,0,0,0,0,0,0,0,0,0,0,0,0,0,0,0,0,0,0,0,0,0,0,0,0,0,0,0,0,0,0,0,0,0,0,0,0,0,0,0,0,0,3859305.535,0,0,0,0,0,0,0,7,MD,C34H48O10,possibly undescribed,none,[M+H]+,none,11,1-alkyl-3-one,"5-ol-6,7-epoxy","9,13,14-orthoester",no C-12,no C-18,others,C14 ring with an olenfinic,0,others,,others,none,A6,B1,C1,M7,none,none,none,none,none,none,none,none,A6B1C1M7,OCC12OC1C1C3OC45CCCC=CCCCCC(CCC)C6C(C)C(=O)C(O)(C2O)C6C1(O4)C(C)CC3(C(=C)C)O5,PD01121477,C34H50O8,586.766,Top1,1,Low Confidence
271,2,[3550],3550,669.3264,7,0,0,0,0,0,0,0,0,0,0,0,246602.587,17600000,0,0,0,0,0,0,0,0,0,0,0,1977555.175,0,0,0,0,0,0,0,0,0,0,0,0,0,0,0,0,0,0,0,0,0,0,0,0,0,0,0,0,0,0,648905.2546,16,28,MD,C37H48O11,possibly undescribed,(DA45)std_daphnepedunin D isomer,[M+H]+,none,14,"3,4-seco","5-ol-6,7-epoxy","9,13,14-orthoester",no C-12,no C-18,others,C9 ring with no substituent,3,"C2,C4",C2*2+C4*1,"benzoyl(0.05),benzoyl(0.38)","acyl,acyl,isobutyryl",A10,B1,C1,M1,R1,R1,R3,none,none,none,none,none,A10B1C1M1,,,,0,Top3,0.83,Low Confidence
272,37,[31],31,605.2381,7,0,0,0,0,0,0,13300000,87300000,0,0,59800000,0,0,1261447.72,0,0,0,0,0,0,0,0,0,12700000,0,0,0,0,0,0,0,0,0,0,0,0,0,0,0,0,0,0,0,0,0,0,0,0,0,0,0,0,0,0,0,0,22,0,D,C34H36O10,possibly known,"3-hydrogenkwadaphin, yuanhuatine (yuanhuatin)",[M+H]+,none,17,"1,2-en-3-one","5-ol-6,7-epoxy","9,13,14-orthoester",no C-12,no C-18,others,others,2,C7,C7*2,"benzoyl(0.89),feruloyl(0.61),benzoyl(17.00)","benzoyl,benzoyl",A1,B1,C1,none,R92,R92,none,,,,,,A1B1C1,c7ccccc7C(=O)OCC12OC1C1C3OC4(c6ccccc6)OC3(C(=C)C)CC(C)C1(O4)C1C=C(C)C(=O)C1(O)C2O,PD00269390,C34H34O9,586.637,Top5,0.876,Low Confidence
273,106,[1947],1947,545.2749,7,57700000,928113.0625,0,0,6772471.254,0,5887437.075,0,449592.8116,0,7708441.186,2514446.094,0,1739196.52,627601.2894,0,0,0,0,0,3639556.391,0,0,0,1814546.032,0,0,0,0,2010375.186,0,0,0,0,0,0,0,0,0,0,0,0,0,0,0,0,0,0,0,1733457.536,1122600.21,0,0,0,0,0,15,0,D,C30H40O9,possibly known,tianchaterpene E,[M+H]+,none,11,"1,2-en-3-one","5-ol-6,7-epoxy","9,13,14-orthoester",no C-12,no C-18,others,others,1,C10,C10*1,"decadienoyl(8.90),4-oxo-2-decenoyl(8.90)",decadienoyl,A1,B1,C1,none,R37,none,none,,,,,,A1B1C1,OCC12OC1C1C3OC4(C=CC=CCCCCC)OC3(C(=C)C)CC(C)C1(O4)C1C=C(C)C(=O)C1(O)C2O,PD00007601,C30H40O8,528.642,Top2,0.431,Low Confidence
274,117,[2026],2026,661.2642,7,2523942.079,4898806.324,0,1793589.461,0,0,8353465.526,0,4016166.799,0,4626373.206,6045982.513,0,209360.3547,0,0,3108446.38,0,138654.8355,0,555600.512,1122735.403,0,0,0,0,0,0,0,0,0,0,0,0,0,0,0,0,0,0,0,0,0,0,0,0,0,0,0,0,0,0,0,0,0,0,16,0,D,C37H40O11,possibly undescribed,none,[M+H]+,none,18,"1,2-en-3-one","5-ol-6,7-epoxy","9,13,14-orthoester",no C-12,no C-18,others,others,2,"C7,C10",C10*1+C7*1,"benzoyl(0.14),feruloyl(0.11),8-9-epoxy-2-4-6-decatrienoyl(1.30)","benzoyl,8-9-epoxy-2-4-6-decatrienoyl",A1,B1,C1,none,R92,R61,none,,,,,,A1B1C1,c7ccccc7C(=O)OCC12OC1C1C3OC4(C=CC=CC=CC6OC6C)OC3(C(=C)C)CC(C)C1(O4)C1C=C(C)C(=O)C1(O)C2O,PD00268770,C37H40O10,644.717,Top2,0.648,Low Confidence
275,155,[3170],3170,661.2642,7,0,212775.1063,0,14200000,0,0,0,0,0,0,0,707151.8092,0,0,0,0,0,0,817454.6804,0,0,0,0,0,0,0,0,0,0,0,0,0,0,0,0,0,0,0,0,0,0,0,0,0,0,0,0,0,0,0,0,0,0,0,0,0,12,0,D,C37H40O11,possibly undescribed,none,[M+H]+,none,18,"1,2-en-3-one","5-ol-6,7-epoxy","9,13,14-orthoester",no C-12,no C-18,others,others,2,"C7,C10",C10*1+C7*1,"benzoyl(0.14),feruloyl(0.06),8-9-epoxy-2-4-6-decatrienoyl(0.92)","benzoyl,8-9-epoxy-2-4-6-decatrienoyl",A1,B1,C1,none,R92,R61,none,,,,,,A1B1C1,c7ccccc7C(=O)OCC12OC1C1C3OC4(C=CC=CC=CC6OC6C)OC3(C(=C)C)CC(C)C1(O4)C1C=C(C)C(=O)C1(O)C2O,PD00268770,C37H40O10,644.717,Top2,0.702,Low Confidence
276,316,[486],486,665.2959,7,466991.1504,2883016.278,0,186068.835,0,0,1246717.322,396001.9269,0,0,0,264080.897,0,0,0,0,637842.1083,841027.3731,0,0,0,0,0,253080.869,255639.46,0,907827.7544,0,0,0,0,0,0,0,0,0,0,0,0,0,0,0,0,0,0,0,0,0,0,0,0,0,0,0,0,0,15,0,D,C37H44O11,possibly known,tanguticanine B,[M+H]+,none,16,"1,2-en-3-one","5-ol-6,7-epoxy","9,13,14-orthoester",with C-12,no C-18,others,others,2,"C7,C10",C10*1+C7*1,"benzoyl(0.03),feruloyl(0.02),decatrienoyl(1.90)","benzoyl,decatrienoyl",A1,B1,C2,none,R92,R48,none,,,,,,A1B1C2,OCC12OC1C1C3OC4(C=CC=CC=CCCC)OC3(C(=C)C)C(OC(=O)c7ccccc7)C(C)C1(O4)C1C=C(C)C(=O)C1(O)C2O,PD00128544,C37H42O10,646.733,Top1,1,Low Confidence
277,351,[2377],2377,665.2953,7,0,0,0,1028147.979,0,0,3565697.671,0,0,0,366321.0417,0,0,0,0,0,1524235.61,879286.2107,1508113.332,0,4036631.691,0,0,0,571965.1645,0,0,0,0,0,0,0,0,0,0,0,0,0,0,0,0,0,0,0,0,0,0,0,0,0,0,0,0,0,0,0,15,0,D,C37H44O11,possibly known,tanguticanine B,[M+H]+,none,16,"1,2-en-3-one","5-ol-6,7-epoxy","9,13,14-orthoester",with C-12,no C-18,others,others,2,"C7,C10",C10*1+C7*1,"benzoyl(0.02),decatrienoyl(2.90)","benzoyl,decatrienoyl",A1,B1,C2,none,R92,R48,none,,,,,,A1B1C2,OCC12OC1C1C3OC4(C=CC=CC=CCCC)OC3(C(=C)C)C(OC(=O)c7ccccc7)C(C)C1(O4)C1C=C(C)C(=O)C1(O)C2O,PD00128544,C37H42O10,646.733,Top1,1,Low Confidence
278,352,[2391],2391,481.1857,7,0,788324.9667,0,671962.3678,0,0,1273604.668,0,362168.7982,0,711212.6534,1003034.574,0,0,0,0,188167.1284,0,0,0,0,0,0,0,0,0,0,0,0,0,0,0,0,0,0,0,0,0,0,0,0,0,0,0,0,0,0,0,0,0,0,0,0,0,0,0,9,0,D,C27H28O8,possibly undescribed,none,[M+H]+,none,14,"1,2-en-3-one","5-ol-6,7-epoxy","9,13,14-orthoester",with C-12,no C-18,others,others,1,C7,C7*1,benzoyl(0.15),benzoyl,A1,B1,C2,none,R92,none,none,,,,,,A1B1C2,OCC12OC1C1C3OC4(c6ccccc6)OC3(C(=C)C)C(O)C(C)C1(O4)C1C=C(C)C(=O)C1(O)C2O,PD00008136,C27H30O9,498.528,Top1,1,Low Confidence
279,459,[11805],11805,587.3209,7,0,0,0,0,0,0,0,0,0,0,0,0,0,0,0,0,0,0,0,0,0,0,0,0,21400000,0,0,0,0,0,0,0,0,0,0,0,0,0,0,0,0,0,0,0,0,0,0,0,0,0,0,0,0,0,0,0,19,0,D,C33H46O9,possibly undescribed,none,[M+H]+,none,11,"1,2-en-3-one","5-ol-6,7-epoxy","9,13,14-orthoester",with C-12,no C-18,others,others,2,"C2,C11",C2*1+C11*1,"benzoyl(0.06),feruloyl(0.04),benzoyl(0.15)","acyl,acyl",A1,B1,C2,none,R1,R1,none,,,,,,A1B1C2,OCC12OC1C1C3OC4(C)OC3(C(=C)C)C(OC(=O)C)C(C)C1(O4)C1C=C(C)C(=O)C1(O)C2O,PD00125069,C24H30O10,478.494,Top2,0.625,Low Confidence
280,485,[9683],9683,371.1854,7,0,0,0,0,0,0,0,0,0,0,0,0,0,0,0,0,0,0,0,0,0,0,0,0,0,0,0,0,0,2336994.872,0,0,0,0,0,0,0,0,0,0,0,0,0,0,0,0,0,0,0,0,0,0,0,0,0,0,6,0,D,C22H26O5,possibly undescribed,none,[M+H]+,none,10,"1,2-en-3-one","5-ol-6,7-ene","9,13,14-orthoester",no C-12,no C-18,others,others,1,C2,C2*1,"acyl(0.40),butenoyl(0.06)",acyl,A1,B3,C1,none,R1,none,none,,,,,,A1B3C1,OCC1=CC2C3OC4(C)OC3(C(=C)C)CC(C)C2(O4)C2C=C(C)C(=O)C2(O)C1O,PD00009485,C22H28O7,404.459,Top2,0.9,Low Confidence
281,546,[11918],11918,447.2736,7,0,0,0,0,0,0,0,0,0,0,0,0,0,0,0,0,0,0,0,0,0,0,0,0,1624513.428,0,0,0,0,0,0,0,0,0,0,0,0,0,0,0,0,0,0,0,0,0,0,0,0,0,0,0,0,0,0,0,14,0,D,C26H38O6,possibly undescribed,none,[M+H]+,none,8,"1,2-dihydro-3-one","5-ol-6,7-ene","9,13,14-orthoester",with C-12,no C-18,others,others,3,C2,C2*3,others,acyl,A2,B3,C2,none,R1,none,none,,,,,,A2B3C2,OCC1=CC2C3OC4(C)OC3(C(=C)C)C(O)C(C)C2(O4)C2CC(C)C(=O)C2(O)C1O,PD00010061,C22H30O8,422.474,Top1,1,Low Confidence
282,617,[1096],1096,653.3324,7,3204239.89,0,0,868706.5069,0,0,1369320.736,4926978.934,372483.6776,0,1833455.32,1386076.882,0,200923.5714,0,0,37200000,0,0,0,1373679.473,3029255.494,0,0,0,0,0,0,0,0,0,0,0,0,0,0,0,281577.1054,0,0,484277.9485,749085.626,0,0,0,0,12400000,0,0,0,0,0,0,0,0,0,6,0,D,C37H48O10,possibly undescribed,(DA19)std_daphneodorin H isomer,[M+H]+,none,14,"1,2-dihydro-3-ol","5-ol-6,7-epoxy","9,13,14-orthoester",no C-12,no C-18,others,others,1,C17,C17*1,"benzoyl(0.21),feruloyl(0.08),decatrienoyl(5.00)",none,A4,B1,C1,none,none,none,none,,,,,,A4B1C1,OCC12OC1C1C3OC4OC3(C(=C)C)CC(C)C1(O4)C1CC(C)C(O)C1(O)C2O,PD00000004,C21H30O8,410.463,Top1,1,Low Confidence
283,7,[3682],3682,686.3532,7.1,0,0,0,0,0,0,0,0,0,0,0,0,2761095.05,0,0,0,0,0,0,0,0,0,0,0,0,0,0,0,1154143.571,0,0,0,0,0,0,0,0,0,0,0,0,0,0,0,0,0,0,0,0,0,0,0,0,0,0,0,0,19,MD,C37H51O11N1,possibly undescribed,(DA45)std_daphnepedunin D isomer,[M+NH4]+,none,13,"3,4-seco","5-ol-6,7-epoxy","9,13,14-orthoester",no C-12,no C-18,others,C10 ring with no substituent,1,C7,C7*1,"benzoyl(0.06),benzoyl(0.11)",benzoyl,A10,B1,C1,M2,R92,none,none,none,none,none,none,none,A10B1C1M2,c8ccccc8C(=O)OCC12OC1C1C3OC45CCCCCCCC(C)C(C(C)C(=O)O)C(C(=O)C2O)C1(O4)C(C)CC3(C(=C)C)O5,PD01135719,C37H48O10,652.781,Top2,0.789,Low Confidence
284,208,[4741],4741,313.1797,7.1,0,0,0,0,0,3030742.049,0,0,0,387186.125,0,0,0,0,0,0,0,0,0,0,0,0,0,0,0,0,0,0,0,0,0,0,0,0,0,0,0,0,0,0,0,0,0,0,0,0,0,0,0,0,0,0,0,0,0,0,6,0,D,C20H24O3,possibly undescribed,none,[M+H]+,none,9,"1,2-en-3-one","5-ol-6,7-epoxy","9,13,14-orthoester",no C-12,no C-18,"2,4-olefinic",others,1,C0,C0*1,hexadienoyl(0.02),none,A1,B1,C1,none,none,none,none,,,,,,A1B1C1,OCC12OC1C1C3OC4OC3(C(=C)C)CC(C)C1(O4)C1C=C(C)C(=O)C1(O)C2O,PD00000001,C21H26O8,406.431,Top1,1,Low Confidence
285,505,[902],902,633.2698,7.1,0,0,0,0,0,0,0,0,0,0,2433775.066,0,0,0,0,0,0,0,0,0,0,0,0,0,0,0,256148.8988,0,0,0,0,0,0,0,0,0,0,0,0,0,0,0,0,0,0,0,0,0,0,0,0,0,0,0,0,0,15,0,D,C36H40O10,possibly undescribed,none,[M+H]+,none,17,"1,2-dihydro-3-one","5-ol-6,7-epoxy","9,13,14-orthoester",no C-12,no C-18,others,others,2,"C7,C9",C9*1+C7*1,cinnamoyl(0.82),"benzoyl,cinnamoyl",A2,B1,C1,none,R92,R93,none,,,,,,A2B1C1,c7ccccc7C=CC(=O)OCC12OC1C1C3OC4(c6ccccc6)OC3(C(=C)C)CC(C)C1(O4)C1CC(C)C(=O)C1(O)C2O,PD00274047,C36H38O9,614.691,Top2,0.999,Low Confidence
286,533,[1437],1437,663.2795,7.1,0,0,0,351253.6901,0,0,0,856063.4086,0,0,208456.2497,240852.153,0,0,0,0,0,0,892721.6069,0,1388880.71,916798.5415,0,0,370518.5459,0,0,0,0,0,0,0,0,0,0,0,0,0,0,0,0,0,0,0,0,0,0,0,0,0,0,0,0,0,0,0,8,0,D,C37H42O11,possibly known,"acutilobin B, acutilobin A, daphnexyane A",[M+H]+,none,17,"1,2-dihydro-3-one","5-ol-6,7-epoxy","9,13,14-orthoester",with C-12,no C-18,others,others,2,"C7,C10",C10*1+C7*1,benzoyl(0.18),"benzoyl,benzoyl",A2,B1,C2,none,R92,R92,none,,,,,,A2B1C2,OCC12OC1C1C3OC4(c6ccccc6)OC3(C(=C)C)C(OC(=O)c7ccccc7)C(C)C1(O4)C1CC(C)C(=O)C1(O)C2O,PD00134366,C34H36O10,604.652,Top1,1,Low Confidence
287,788,[4430],4430,498.322,7.1,0,0,0,0,0,0,0,0,182462.422,8277950.092,0,0,0,0,0,361392.2307,0,0,0,0,1444346.186,0,0,0,0,0,0,0,0,0,0,0,0,0,0,0,0,0,0,0,0,0,192827.8615,0,500516.7974,0,0,0,0,0,0,0,0,0,0,0,0,7,MD,C30H43O5N1,possibly undescribed,none,[M+NH4]+,none,10,1-alkyl-3-one,"5-ol-6,7-epoxy","9,13,14-orthoester",no C-12,no C-18,others,C14 ring with an olenfinic,0,others,,others,none,A6,B1,C1,M7,none,none,none,none,none,none,none,none,A6B1C1M7,OCC12OC1C1C3OC45CCCC=CCCCCC(CCC)C6C(C)C(=O)C(O)(C2O)C6C1(O4)C(C)CC3(C(=C)C)O5,PD01121477,C34H50O8,586.766,Top1,1,Low Confidence
288,94,[1505],1505,647.2855,7.2,446355.1503,301262.5074,0,1190586.128,0,0,305634.302,342991.4347,964409.8056,0,1314505.75,1754845.329,0,0,0,0,5616246.111,0,190448.5304,0,0,0,0,0,0,0,0,0,0,0,0,0,0,0,0,0,0,0,0,0,0,0,0,0,0,0,0,0,0,0,0,0,0,0,0,0,10,0,D,C37H42O10,possibly undescribed,"(DA16)std_yuanhuajine isomer, (DA17)std_gniditrin isomer",[M+H]+,none,17,"1,2-en-3-one","5-ol-6,7-epoxy","9,13,14-orthoester",no C-12,no C-18,others,others,2,"C7,C10",C10*1+C7*1,"benzoyl(0.03),feruloyl(0.02),decatrienoyl(0.83)","benzoyl,decatrienoyl",A1,B1,C1,none,R92,R48,none,,,,,,A1B1C1,c7ccccc7C(=O)OCC12OC1C1C3OC4(C=CC=CC=CCCC)OC3(C(=C)C)CC(C)C1(O4)C1C=C(C)C(=O)C1(O)C2O,PD00268224,C37H42O9,630.734,Top2,0.691,Low Confidence
289,131,"[2366,8945,9030]",2366,703.2743,7.2,0,7094429.055,0,0,0,0,2745221.966,0,0,0,2616095.24,0,2060198.284,0,0,0,0,0,3498536.347,0,0,0,0,0,0,0,0,0,0,0,0,0,0,0,0,0,0,0,0,0,0,0,0,0,0,0,0,0,0,0,0,0,0,0,0,0,9,0,D,C39H42O12,possibly undescribed,none,[M+H-H2O]+,"2366, 9030",19,"1,2-en-3-one","5-ol-6,7-epoxy","9,13,14-orthoester",no C-12,no C-18,others,others,2,"C9,C10",C9*1+C10*1,decatrienoyl(0.05),"decatrienoyl,decatrienoyl",A1,B1,C1,none,R48,R48,none,,,,,,A1B1C1,CCCC=CC=CC=CC(=O)OCC12OC1C1C3OC4(C=CC=CC=CCCC)OC3(C(=C)C)CC(C)C1(O4)C1C=C(C)C(=O)C1(O)C2O,PD00268180,C40H50O9,674.831,Top1,1,Low Confidence
290,382,[4750],4750,511.2695,7.2,0,0,0,0,0,233852.2461,0,0,0,1663546.71,0,0,0,0,0,0,0,0,0,0,0,0,0,0,0,0,0,0,0,0,0,0,0,0,0,0,0,0,0,0,25800000,1896013.382,0,0,0,0,888579.2185,0,0,0,0,0,0,0,0,0,7,6,D,C30H38O7,possibly undescribed,none,[M+H]+,none,12,"1,2-en-3-one","5-ol-6,7-epoxy","9,13,14-orthoester",with C-12,no C-18,"2,4-olefinic",others,1,C10,C10*1,"6-7-epoxy-2-4-decadienoyl(8.40),8-methoxy-2-4-6-decatrienoyl(8.40)",6-7-epoxy-2-4-decadienoyl,A1,B1,C2,none,R59,none,none,,,,,,A1B1C2,OCC12OC1C1C3OC4(C=CC=CC6OC6CCC)OC3(C(=C)C)C(O)C(C)C1(O4)C1C=C(C)C(=O)C1(O)C2O,PD00008103,C30H38O10,558.624,Top1,1,Low Confidence
291,446,[9507],9507,696.3368,7.2,0,0,0,0,0,0,0,0,0,0,0,0,0,0,0,0,1785837.789,0,0,0,0,0,0,0,0,0,0,0,0,0,0,0,0,0,0,0,0,0,0,0,0,0,0,0,0,0,0,0,0,0,0,0,0,0,0,0,11,0,D,C38H49O11N1,possibly known,tanguticanine B,[M+NH4]+,none,15,"1,2-en-3-one","5-ol-6,7-epoxy","9,13,14-orthoester",with C-12,no C-18,others,others,2,"C7,C11",C7*1+C11*1,benzoyl(0.08),"benzoyl,benzoyl",A1,B1,C2,none,R92,R92,none,,,,,,A1B1C2,OCC12OC1C1C3OC4(c6ccccc6)OC3(C(=C)C)C(OC(=O)c7ccccc7)C(C)C1(O4)C1C=C(C)C(=O)C1(O)C2O,PD00129710,C34H34O10,602.636,Top1,1,Low Confidence
292,529,"[11666,11687]",11687,619.3257,7.2,0,0,0,0,0,0,0,0,0,0,0,0,0,0,0,0,0,0,0,0,0,0,0,0,19100000,0,0,0,0,0,0,0,0,0,0,0,0,0,0,0,0,0,0,0,0,0,591531.808,0,0,0,0,0,0,0,0,0,8,0,D,C37H46O8,possibly undescribed,none,[M+H-H2O]+,"11666, 11687",15,"1,2-dihydro-3-one","5-ol-6,7-epoxy","9,13,14-orthoester",no C-12,no C-18,others,others,2,"C7,C10",C10*1+C7*1,"benzoyl(0.09),feruloyl(0.06),decadienoyl(1.50),4-oxo-2-decenoyl(1.50)","benzoyl,decadienoyl",A2,B1,C1,none,R92,R37,none,,,,,,A2B1C1,c7ccccc7C(=O)OCC12OC1C1C3OC4(C=CC=CCCCCC)OC3(C(=C)C)CC(C)C1(O4)C1CC(C)C(=O)C1(O)C2O,PD00272286,C37H46O9,634.766,Top2,0.966,Low Confidence
293,534,[1680],1680,663.2803,7.2,0,0,0,0,0,0,586607.2481,520463.2868,0,0,724723.6761,0,0,0,0,0,0,0,632891.8233,0,348633.5478,0,0,0,0,0,0,0,0,0,0,0,0,0,0,0,0,0,0,0,0,0,0,0,0,0,0,0,0,0,0,0,0,0,0,0,8,0,D,C37H42O11,possibly known,"acutilobin B, acutilobin A, daphnexyane A",[M+H]+,none,17,"1,2-dihydro-3-one","5-ol-6,7-epoxy","9,13,14-orthoester",with C-12,no C-18,others,others,2,"C7,C10",C10*1+C7*1,benzoyl(0.18),"benzoyl,benzoyl",A2,B1,C2,none,R92,R92,none,,,,,,A2B1C2,OCC12OC1C1C3OC4(c6ccccc6)OC3(C(=C)C)C(OC(=O)c7ccccc7)C(C)C1(O4)C1CC(C)C(=O)C1(O)C2O,PD00134366,C34H36O10,604.652,Top1,1,Low Confidence
294,676,[11868],11868,659.3417,7.2,0,0,0,0,0,0,0,0,0,0,0,0,0,0,0,0,0,0,0,0,0,0,0,0,2903402.821,0,0,0,0,0,0,0,0,0,0,0,0,0,0,0,0,0,0,0,0,0,0,0,0,0,0,0,0,0,0,0,12,0,D,C36H50O11,possibly undescribed,none,[M+H]+,none,12,"1,2-dihydro-3-ol","5-ol-6,7-epoxy","9,13,14-orthoester",no C-12,no C-18,others,others,1,C16,C16*1,"decadienoyl(0.03),4-oxo-2-decenoyl(0.03)",none,A4,B1,C1,none,none,none,none,,,,,,A4B1C1,OCC12OC1C1C3OC4OC3(C(=C)C)CC(C)C1(O4)C1CC(C)C(O)C1(O)C2O,PD00000004,C21H30O8,410.463,Top1,1,Low Confidence
295,739,[796],796,730.3792,7.2,0,0,0,0,0,0,0,0,0,0,0,0,0,0,0,0,0,0,0,0,0,0,0,0,0,0,1200392.601,0,0,0,0,0,0,0,0,0,0,0,0,0,0,0,0,0,0,0,0,0,0,0,0,0,0,0,0,5344557.997,0,19,MD,C39H55O12N1,possibly undescribed,none,[M+NH4]+,none,13,1-alkyl-3-one,"5-ol-6,7-epoxy","9,13,14-orthoester",no C-12,no C-18,others,C9 ring with no substituent,3,"C2,C4",C2*1+C4*2,"acyl(0.06),benzoyl(0.07),benzoyl(0.16)","acyl,isobutyryl,isobutyryl",A6,B1,C1,M1,R1,R3,R3,none,none,none,none,none,A6B1C1M1,,,,0,Top3,0.876,Low Confidence
296,6,[3570],3570,686.3539,7.3,0,0,0,0,0,0,0,0,0,0,0,0,10600000,0,0,0,0,0,0,0,0,0,0,0,0,0,0,0,0,0,0,0,0,0,0,0,0,0,0,0,0,0,0,0,0,0,0,0,0,0,0,0,0,0,0,0,0,22,MD,C37H51O11N1,possibly undescribed,(DA45)std_daphnepedunin D isomer,[M+NH4]+,none,13,"3,4-seco","5-ol-6,7-epoxy","9,13,14-orthoester",no C-12,no C-18,others,C10 ring with no substituent,1,C7,C7*1,"benzoyl(0.28),benzoyl(0.20)",benzoyl,A10,B1,C1,M2,R92,none,none,none,none,none,none,none,A10B1C1M2,c8ccccc8C(=O)OCC12OC1C1C3OC45CCCCCCCC(C)C(C(C)C(=O)O)C(C(=O)C2O)C1(O4)C(C)CC3(C(=C)C)O5,PD01135719,C37H48O10,652.781,Top2,0.862,Low Confidence
297,126,[2221],2221,629.2388,7.3,206979.4505,0,0,5952744.133,0,0,273868.1142,0,0,0,2809527.082,0,0,0,0,0,0,0,0,0,0,0,0,0,0,0,0,0,0,0,0,0,0,0,0,0,0,0,0,0,0,0,0,0,0,0,0,0,0,0,0,0,0,0,0,0,13,0,D,C36H36O10,possibly known,gnidicin,[M+H]+,none,19,"1,2-en-3-one","5-ol-6,7-epoxy","9,13,14-orthoester",no C-12,no C-18,others,others,2,"C7,C9",C9*1+C7*1,"benzoyl(0.09),feruloyl(0.08),cinnamoyl(1.50)","benzoyl,cinnamoyl",A1,B1,C1,none,R92,R93,none,,,,,,A1B1C1,c7ccccc7C=CC(=O)OCC12OC1C1C3OC4(c6ccccc6)OC3(C(=C)C)CC(C)C1(O4)C1C=C(C)C(=O)C1(O)C2O,PD00269391,C36H36O9,612.675,Top2,0.697,Low Confidence
298,138,[2550],2550,681.2902,7.3,0,0,0,0,0,0,1130485.151,0,0,0,3065881.377,0,0,0,0,0,0,0,5875790.473,0,2805852.763,0,0,0,0,0,0,0,0,0,0,0,0,0,0,0,0,0,0,0,0,0,0,0,0,0,0,0,0,0,0,0,0,0,0,0,12,0,D,C37H44O12,possibly known,tanguticanine D,[M+H]+,none,16,"1,2-en-3-one","5-ol-6,7-epoxy","9,13,14-orthoester",no C-12,no C-18,others,others,2,"C7,C10",C10*1+C7*1,benzoyl(0.14),"benzoyl,benzoyl",A1,B1,C1,none,R92,R92,none,,,,,,A1B1C1,c7ccccc7C(=O)OCC12OC1C1C3OC4(c6ccccc6)OC3(C(=C)C)CC(C)C1(O4)C1C=C(C)C(=O)C1(O)C2O,PD00269390,C34H34O9,586.637,Top2,0.463,Low Confidence
299,187,[3854],3854,591.3172,7.3,0,0,0,0,0,0,0,0,0,0,0,0,951612.2986,0,0,0,0,0,0,0,0,0,0,0,0,0,0,0,364875.3425,0,0,0,0,0,0,0,0,0,0,0,0,0,0,0,0,0,0,0,0,0,0,0,0,0,0,0,9,0,D,C32H46O10,possibly undescribed,none,[M+H]+,none,10,"1,2-en-3-one","5-ol-6,7-epoxy","9,13,14-orthoester",no C-12,no C-18,others,others,1,C12,C12*1,others,none,A1,B1,C1,none,none,none,none,,,,,,A1B1C1,OCC12OC1C1C3OC4OC3(C(=C)C)CC(C)C1(O4)C1C=C(C)C(=O)C1(O)C2O,PD00000001,C21H26O8,406.431,Top1,1,Low Confidence
300,371,"[3334,3365]",3334,389.196,7.3,0,0,0,0,44800000,0,0,0,0,0,0,0,0,0,0,0,0,0,0,0,0,0,0,0,0,0,0,0,238427.6331,31500000,0,0,0,0,0,0,0,0,0,0,0,0,0,0,0,0,0,0,0,0,0,0,0,0,0,0,7,0,D,C22H28O6,possibly undescribed,none,[M+H]+,"3334, 3365",9,"1,2-en-3-one","5-ol-6,7-epoxy","9,13,14-orthoester",with C-12,no C-18,others,others,1,C2,C2*1,"acyl(1.21),butenoyl(0.12)",acyl,A1,B1,C2,none,R1,none,none,,,,,,A1B1C2,OCC12OC1C1C3OC4(C)OC3(C(=C)C)C(O)C(C)C1(O4)C1C=C(C)C(=O)C1(O)C2O,PD00008045,C22H28O9,436.457,Top1,1,Low Confidence
301,439,[9055],9055,751.295,7.3,0,0,0,0,0,0,0,0,0,0,0,0,0,0,0,0,0,0,2366818.682,0,0,0,0,0,0,0,0,0,0,0,0,0,0,0,0,0,0,0,0,0,0,0,0,0,0,0,0,0,0,0,0,0,0,0,0,0,7,0,D,C40H46O14,possibly undescribed,none,[M+H]+,none,18,"1,2-en-3-one","5-ol-6,7-epoxy","9,13,14-orthoester",with C-12,no C-18,others,others,2,C10,C10*2,others,none,A1,B1,C2,none,none,none,none,,,,,,A1B1C2,OCC12OC1C1C3OC4OC3(C(=C)C)CC(C)C1(O4)C1C=C(C)C(=O)C1(O)C2O,PD00000006,C21H26O8,406.431,Top1,1,Low Confidence
302,807,[309],309,713.3534,7.3,0,0,0,0,0,0,0,0,0,0,0,0,493963.4265,0,0,0,0,0,0,0,0,0,0,1253664.532,0,0,6058683.77,0,0,0,0,0,0,0,0,0,0,653382.8076,0,0,0,0,0,0,1109780.484,0,0,0,0,0,0,0,0,0,0,15200000,0,15,MD,C39H52O12,possibly undescribed,none,[M+H]+,none,14,1-alkyl-3-ol,"5-ol-6,7-epoxy","9,13,14-orthoester",no C-12,no C-18,others,C9 ring with no substituent,3,"C2,C4",C2*1+C4*2,benzoyl(0.12),"acyl,isobutyryl,isobutyryl",A8,B1,C1,M1,R1,R3,R3,none,none,none,none,none,A8B1C1M1,,,,0,Top1,1,Low Confidence
303,811,[749],749,850.4007,7.3,0,0,0,0,0,0,0,0,0,0,0,0,0,0,0,0,0,0,0,0,0,0,0,0,0,0,2750084.393,0,0,0,0,0,0,0,0,0,0,0,0,0,0,0,0,0,0,0,0,0,0,0,0,0,0,0,0,181248.4525,0,8,MD,C46H59O14N1,possibly undescribed,(DA54)std_stelleralide F isomer,[M+NH4]+,none,18,1-alkyl-3-ol,"5-ol-6,7-epoxy","9,13,14-orthoester",no C-12,no C-18,others,C9 ring with no substituent,4,"C2,C4,C7",C2*1+C7*1+C4*2,"acyl(0.03),benzoyl(0.06),benzoyl(0.09)","acyl,benzoyl,isobutyryl,isobutyryl",A8,B1,C1,M1,R1,R92,R3,R3,none,none,none,none,A8B1C1M1,,,,0,Top1,1,Low Confidence
304,192,[4002],4002,545.2747,7.4,0,0,0,0,0,0,0,0,0,0,0,0,492452.2607,0,0,0,0,0,4599688.886,0,0,0,0,0,0,0,0,0,518145.0463,421929.6712,0,0,0,0,0,0,0,0,0,0,0,0,0,0,0,0,0,0,0,0,0,0,0,0,0,0,14,0,D,C30H40O9,possibly known,tianchaterpene E,[M+H]+,none,11,"1,2-en-3-one","5-ol-6,7-epoxy","9,13,14-orthoester",no C-12,no C-18,"2,4-olefinic",others,1,C10,C10*1,hexadienoyl(0.12),none,A1,B1,C1,none,none,none,none,,,,,,A1B1C1,OCC12OC1C1C3OC4OC3(C(=C)C)CC(C)C1(O4)C1C=C(C)C(=O)C1(O)C2O,PD00000001,C21H26O8,406.431,Top3,0.635,Low Confidence
305,427,[8958],8958,768.3221,7.4,0,0,0,0,0,0,0,0,0,0,0,0,0,0,142594.2384,0,0,0,6674999.323,0,0,0,0,0,0,0,0,0,0,0,0,0,0,0,0,0,0,0,0,0,0,0,0,0,0,0,0,0,0,0,0,0,0,0,0,0,14,0,D,C40H49O14N1,possibly undescribed,none,[M+NH4]+,none,17,"1,2-en-3-one","5-ol-6,7-epoxy","9,13,14-orthoester",with C-12,no C-18,others,others,2,C10,C10*2,"feruloyl(0.04),butenoyl(0.10)","feruloyl,feruloyl",A1,B1,C2,none,R95,R95,none,,,,,,A1B1C2,OCC12OC1C1C3OC4(C=Cc6c(OC)c(O)ccc6)OC3(C(=C)C)C(OC(=O)C=Cc7c(OC)c(O)ccc7)C(C)C1(O4)C1C=C(C)C(=O)C1(O)C2O,PD00129722,C40H42O14,746.762,Top1,1,Low Confidence
306,629,[2455],2455,651.3163,7.4,0,0,0,0,0,0,809722.5644,0,306678.6505,0,0,14000000,184396.5231,231441.1376,0,0,0,0,0,0,295398.0022,0,0,0,230363.894,0,0,0,0,0,0,0,1184300.354,0,0,0,0,0,0,0,4561191.699,0,0,0,0,0,0,0,0,0,0,0,0,0,0,0,9,0,D,C37H46O10,possibly undescribed,none,[M+H]+,none,15,"1,2-dihydro-3-ol","5-ol-6,7-epoxy","9,13,14-orthoester",no C-12,no C-18,others,others,2,"C7,C10",C10*1+C7*1,"benzoyl(0.03),heptadienoyl(0.63),4-oxo-2-heptenoyl(0.63)","heptadienoyl,heptadienoyl",A4,B1,C1,none,R34,R34,none,,,,,,A4B1C1,OCC12OC1C1C3OC4(C=CC=CCC)OC3(C(=C)C)CC(C)C1(O4)C1CC(C)C(OC(=O)C=CC=CCC)C1(O)C2O,PD00020621,C34H46O9,598.733,Top1,1,Low Confidence
307,136,"[2432,5266]",2432,667.3109,7.5,0,0,0,197810.3687,0,0,729373.3627,0,0,0,0,410894.4078,0,0,205736.801,0,3411191.468,1537419.212,0,0,5959352.69,861042.0354,0,0,30800000,0,0,0,0,0,0,0,0,0,0,0,0,0,0,0,0,0,0,0,0,0,0,0,0,0,0,0,0,0,0,0,19,0,D,C37H46O11,possibly known,"genkwadane H, tianchaterpene B, yuanhuaoate E, yuanhuakine A, daphgenkin A, daphnane-type diterpene ester-7 (daphgenkin B)",[M+H]+,"2402, 2432, 5266",15,"1,2-en-3-one","5-ol-6,7-epoxy","9,13,14-orthoester",no C-12,no C-18,"2,4-olefinic",others,2,"C7,C10",C10*1+C7*1,"benzoyl(0.09),feruloyl(0.08),decadienoyl(1.90)","benzoyl,decadienoyl",A1,B1,C1,none,R92,R37,none,,,,,,A1B1C1,c7ccccc7C(=O)OCC12OC1C1C3OC4(C=CC=CCCCCC)OC3(C(=C)C)CC(C)C1(O4)C1C=C(C)C(=O)C1(O)C2O,PD00267630,C37H44O9,632.75,Top3,0.884,Low Confidence
308,353,[2402],2402,649.3003,7.5,0,0,0,596835.2872,0,0,1007046.024,0,0,0,166918.6695,925076.2169,0,0,0,0,5074952.478,1251850.995,0,0,9656574.874,1250581.857,0,0,26900000,0,0,0,0,0,0,0,0,0,0,0,0,0,0,0,0,0,0,0,0,0,0,0,0,0,0,0,0,0,0,0,13,0,D,C37H44O10,possibly undescribed,(DA18)std_yuanhuacine isomer,[M+H-H2O]+,"2402, 2432",16,"1,2-en-3-one","5-ol-6,7-epoxy","9,13,14-orthoester",with C-12,no C-18,"2,4-olefinic",others,2,"C7,C10",C10*1+C7*1,"benzoyl(0.02),decadienoyl(2.50)","benzoyl,decadienoyl",A1,B1,C2,none,R92,R37,none,,,,,,A1B1C2,OCC12OC1C1C3OC4(C=CC=CCCCCC)OC3(C(=C)C)C(OC(=O)c7ccccc7)C(C)C1(O4)C1C=C(C)C(=O)C1(O)C2O,PD00127950,C37H44O10,648.749,Top2,0.976,High Confidence
309,396,[5320],5320,684.3735,7.5,0,0,0,0,0,0,0,0,0,0,0,182386.3385,0,0,0,0,5804025.493,0,0,0,0,0,0,0,14100000,0,0,0,0,0,0,0,0,0,0,0,0,0,0,0,0,0,0,0,0,0,1626859.172,0,0,0,0,0,0,0,0,0,10,0,D,C38H53O10N1,possibly undescribed,(DA19)std_daphneodorin H isomer,[M+NH4]+,none,13,"1,2-en-3-one","5-ol-6,7-epoxy","9,13,14-orthoester",with C-12,no C-18,others,others,2,"C7,C11",C7*1+C11*1,"benzoyl(0.26),feruloyl(0.06),decatrienoyl(0.73)","benzoyl,benzoyl",A1,B1,C2,none,R92,R92,none,,,,,,A1B1C2,OCC12OC1C1C3OC4(c6ccccc6)OC3(C(=C)C)C(OC(=O)c7ccccc7)C(C)C1(O4)C1C=C(C)C(=O)C1(O)C2O,PD00129710,C34H34O10,602.636,Top1,1,Low Confidence
310,504,[901],901,609.2689,7.5,0,0,0,0,0,0,0,0,0,0,0,0,0,0,0,0,0,0,0,0,0,0,0,0,3837176.939,0,191031.9125,0,0,0,0,0,0,0,0,0,0,0,0,0,0,0,0,0,0,0,980861.0666,0,0,0,0,0,0,0,0,0,18,0,D,C34H40O10,possibly undescribed,(DA12)std_genkwanine H isomer,[M+H]+,none,15,"1,2-dihydro-3-one","5-ol-6,7-epoxy","9,13,14-orthoester",no C-12,no C-18,others,others,2,C7,C7*2,"benzoyl(0.16),feruloyl(0.08),benzoyl(0.36)","benzoyl,benzoyl",A2,B1,C1,none,R92,R92,none,,,,,,A2B1C1,c7ccccc7C(=O)OCC12OC1C1C3OC4(c6ccccc6)OC3(C(=C)C)CC(C)C1(O4)C1CC(C)C(=O)C1(O)C2O,PD00274046,C34H36O9,588.653,Top2,0.968,Low Confidence
311,619,[1182],1182,651.3165,7.5,8467862.786,0,0,5052422.042,0,0,494016.6926,4366315.435,219345.9891,0,7553249.249,0,0,218079.0743,0,0,0,0,0,0,354371.6745,0,0,0,1170122.164,0,0,0,0,0,0,0,1302208.062,0,0,0,0,0,0,0,0,0,0,0,0,0,0,0,0,0,0,0,0,0,0,0,9,0,D,C37H46O10,possibly undescribed,none,[M+H]+,none,15,"1,2-dihydro-3-ol","5-ol-6,7-epoxy","9,13,14-orthoester",no C-12,no C-18,others,others,2,"C7,C10",C10*1+C7*1,"benzoyl(0.06),heptadienoyl(1.40),4-oxo-2-heptenoyl(1.40)","heptadienoyl,heptadienoyl",A4,B1,C1,none,R34,R34,none,,,,,,A4B1C1,OCC12OC1C1C3OC4(C=CC=CCC)OC3(C(=C)C)CC(C)C1(O4)C1CC(C)C(OC(=O)C=CC=CCC)C1(O)C2O,PD00020621,C34H46O9,598.733,Top1,1,Low Confidence
312,623,[1810],1810,655.3462,7.5,1211137.308,0,1692273.141,2960703.078,567802.1788,0,0,193203.9466,248607.9993,0,0,1471841.272,0,0,0,835891.8283,5894917.707,0,0,0,0,0,0,0,0,0,0,0,0,247983.6595,0,0,979727.5861,0,286875.4299,0,0,0,0,0,1807448.427,1084897.728,0,0,699619.8035,0,121000000,0,0,0,0,0,0,0,0,0,10,0,D,C37H50O10,possibly known,"genkwanine F, yuanhuakine B, neogenkwanine C, neogenkwanine D, neogenkwanine E, neogenkwanine F, genkwanine B, kraussianin, linimacrin c, wikstroelide X",[M+H]+,none,13,"1,2-dihydro-3-ol","5-ol-6,7-epoxy","9,13,14-orthoester",no C-12,no C-18,others,others,1,C17,C17*1,"benzoyl(0.09),8-methoxy-9-hydroxy-2-4-6-dodecatrienoyl(0.02)",none,A4,B1,C1,none,none,none,none,,,,,,A4B1C1,OCC12OC1C1C3OC4OC3(C(=C)C)CC(C)C1(O4)C1CC(C)C(O)C1(O)C2O,PD00000004,C21H30O8,410.463,Top1,1,Low Confidence
313,790,[7209],7209,636.3733,7.5,0,0,0,0,0,0,0,0,0,0,0,0,0,0,0,0,0,0,0,0,0,0,0,0,0,0,0,213695.4296,0,0,0,0,0,0,0,0,0,0,0,0,0,0,0,0,0,0,0,0,0,3048833.154,0,0,0,0,0,0,0,6,MD,C34H53O10N1,possibly undescribed,none,[M+NH4]+,none,9,1-alkyl-3-one,"5-ol-6,7-epoxy","9,13,14-orthoester",no C-12,no C-18,others,C14 ring with an olenfinic,0,others,,others,none,A6,B1,C1,M7,none,none,none,none,none,none,none,none,A6B1C1M7,OCC12OC1C1C3OC45CCCC=CCCCCC(CCC)C6C(C)C(=O)C(O)(C2O)C6C1(O4)C(C)CC3(C(=C)C)O5,PD01121477,C34H50O8,586.766,Top2,0.855,Low Confidence
314,204,[4570],4570,313.1797,7.6,0,0,0,0,0,455157.4293,0,0,0,3037381.804,0,0,0,0,0,0,0,0,0,0,0,0,0,0,0,0,0,0,0,0,0,0,0,0,0,0,0,0,0,0,0,0,0,0,0,0,0,0,0,0,0,0,0,0,0,0,6,0,D,C20H24O3,possibly undescribed,none,[M+H]+,none,9,"1,2-en-3-one","5-ol-6,7-epoxy","9,13,14-orthoester",no C-12,no C-18,others,others,1,C0,C0*1,8-9-epoxy-2-4-6-undecatrienoyl(0.01),none,A1,B1,C1,none,none,none,none,,,,,,A1B1C1,OCC12OC1C1C3OC4OC3(C(=C)C)CC(C)C1(O4)C1C=C(C)C(=O)C1(O)C2O,PD00000001,C21H26O8,406.431,Top2,0.862,Low Confidence
315,372,[3393],3393,389.1962,7.6,0,0,0,0,1775019.585,0,0,0,0,0,0,0,0,0,0,0,0,0,0,0,0,0,0,0,0,0,0,0,0,633073.9269,0,0,0,0,0,0,0,0,0,0,0,0,0,0,0,0,0,0,0,0,0,0,0,0,0,0,7,0,D,C22H28O6,possibly undescribed,none,[M+H]+,none,9,"1,2-en-3-one","5-ol-6,7-epoxy","9,13,14-orthoester",with C-12,no C-18,others,others,1,C2,C2*1,acyl(0.13),acyl,A1,B1,C2,none,R1,none,none,,,,,,A1B1C2,OCC12OC1C1C3OC4(C)OC3(C(=C)C)C(O)C(C)C1(O4)C1C=C(C)C(=O)C1(O)C2O,PD00008045,C22H28O9,436.457,Top1,1,Low Confidence
316,18,[3643],3643,685.3214,7.7,0,0,0,0,0,0,0,0,0,0,0,0,4787010.03,0,0,0,0,2681141.204,0,0,0,0,0,0,3325703.368,0,0,0,2186483.192,0,0,0,0,0,0,0,0,0,0,0,0,0,0,0,0,0,0,0,0,0,0,0,0,0,0,4426545.323,9,22,MD,C37H48O12,possibly undescribed,none,[M+H]+,none,14,bicyclo [2.2.1] heptane ring,"5-ol-6,7-epoxy","9,13,14-orthoester",no C-12,no C-18,others,C10 ring with no substituent,1,C7,C7*1,"benzoyl(0.06),benzoyl(0.07)",benzoyl,A11,B1,C1,M2,R92,none,none,none,none,none,none,none,A11B1C1M2,c8ccccc8C(=O)OCC12OC1C1C3OC45CCCCCCCC(C)C6C(C7(OC6(C)OC7=O)C2O)C1(O4)C(C)CC3(C(=C)C)O5,PD01137015,C37H46O10,650.765,Top1,1,Low Confidence
317,33,[6],6,629.2382,7.7,119000000,4538744.28,6504684.69,504000000,4795255.861,3428236.662,70300000,0,0,0,459000000,55200000,0,10900000,0,0,19200000,0,0,0,4278957.322,5021816.458,0,58400000,7110379.747,0,0,0,0,0,0,0,0,0,0,0,0,0,0,0,0,0,0,0,0,0,0,0,0,0,0,0,0,0,0,0,18,0,D,C36H36O10,possibly known,gnidicin,[M+H]+,"1975, 6",19,"1,2-en-3-one","5-ol-6,7-epoxy","9,13,14-orthoester",no C-12,no C-18,others,others,2,"C7,C9",C9*1+C7*1,"benzoyl(0.95),cinnamoyl(0.77),feruloyl(1.19),cinnamoyl(16.00)","benzoyl,cinnamoyl",A1,B1,C1,none,R92,R93,none,,,,,,A1B1C1,c7ccccc7C=CC(=O)OCC12OC1C1C3OC4(c6ccccc6)OC3(C(=C)C)CC(C)C1(O4)C1C=C(C)C(=O)C1(O)C2O,PD00269391,C36H36O9,612.675,Top2,0.626,Low Confidence
318,52,[455],455,481.1849,7.7,1241348.657,0,0,6169440.217,0,0,835931.9214,0,0,0,5109234.605,370494.2037,0,0,0,0,0,0,0,0,0,0,0,353886.6806,631370.2972,0,0,0,0,0,0,0,0,0,0,0,0,0,0,0,0,0,0,0,0,0,0,0,0,0,0,0,0,0,0,0,17,0,D,C27H28O8,possibly undescribed,none,[M+H]+,none,14,"1,2-en-3-one","5-ol-6,7-epoxy","9,13,14-orthoester",no C-12,no C-18,others,others,1,C7,C7*1,"benzoyl(0.08),feruloyl(0.04),benzoyl(0.22)",benzoyl,A1,B1,C1,none,R92,none,none,,,,,,A1B1C1,OCC12OC1C1C3OC4(c6ccccc6)OC3(C(=C)C)CC(C)C1(O4)C1C=C(C)C(=O)C1(O)C2O,PD00007656,C27H30O8,482.529,Top2,0.73,Low Confidence
319,87,[1228],1228,665.2958,7.7,481694.582,0,0,1928980.206,234451.6341,0,169139.2045,1603546.956,0,0,3570187.096,0,0,0,0,0,0,617372.2685,0,0,6113991.552,603190.4714,0,0,236366.8513,0,0,0,0,0,0,0,0,0,0,0,0,0,0,0,0,0,0,0,0,0,0,0,0,0,0,0,0,0,0,0,22,0,D,C37H44O11,possibly known,tanguticanine B,[M+H]+,none,16,"1,2-en-3-one","5-ol-6,7-epoxy","9,13,14-orthoester",no C-12,no C-18,"2,4-olefinic",others,2,"C7,C10",C10*1+C7*1,"benzoyl(0.04),feruloyl(0.04),decatrienoyl(1.40)","benzoyl,decatrienoyl",A1,B1,C1,none,R92,R48,none,,,,,,A1B1C1,c7ccccc7C(=O)OCC12OC1C1C3OC4(C=CC=CC=CCCC)OC3(C(=C)C)CC(C)C1(O4)C1C=C(C)C(=O)C1(O)C2O,PD00268224,C37H42O9,630.734,Top3,0.942,Low Confidence
320,112,"[1975,5038]",1975,611.2263,7.7,3916210.384,0,0,19700000,0,0,0,0,0,0,18600000,0,0,0,0,0,0,0,0,0,0,0,0,0,0,0,0,0,0,0,0,0,0,0,0,0,0,0,0,0,0,0,0,0,0,0,0,0,0,0,0,0,0,0,0,0,15,0,D,C36H34O9,possibly undescribed,none,[M+H-H2O]+,"1975, 5038, 6",20,"1,2-en-3-one","5-ol-6,7-epoxy","9,13,14-orthoester",no C-12,no C-18,"2,4-olefinic",others,2,"C7,C9",C9*1+C7*1,"benzoyl(0.30),cinnamoyl(0.21),feruloyl(0.09),cinnamoyl(3.00)","benzoyl,cinnamoyl",A1,B1,C1,none,R92,R93,none,,,,,,A1B1C1,c7ccccc7C=CC(=O)OCC12OC1C1C3OC4(c6ccccc6)OC3(C(=C)C)CC(C)C1(O4)C1C=C(C)C(=O)C1(O)C2O,PD00269391,C36H36O9,612.675,Top2,0.942,Low Confidence
321,292,[11125],11125,641.331,7.7,0,0,0,0,0,0,0,0,0,0,0,0,0,0,0,0,0,0,0,0,0,0,0,0,3685944.719,0,0,0,0,0,0,0,0,0,0,0,0,0,0,0,0,0,0,0,0,0,0,0,0,170534.8141,0,0,0,0,0,0,14,0,D,C36H48O10,possibly undescribed,none,[M+H]+,none,13,"1,2-en-3-one","5-ol-6,7-epoxy","9,13,14-orthoester",no C-12,no C-18,others,others,1,C16,C16*1,"benzoyl(0.04),feruloyl(0.02),benzoyl(0.10)",none,A1,B1,C1,none,none,none,none,,,,,,A1B1C1,OCC12OC1C1C3OC4OC3(C(=C)C)CC(C)C1(O4)C1C=C(C)C(=O)C1(O)C2O,PD00000001,C21H26O8,406.431,Top2,0.826,Low Confidence
322,573,[4988],4988,589.2434,7.7,0,0,0,1172594.078,0,0,0,0,0,0,0,248815.7277,0,0,0,0,0,0,0,0,0,0,0,0,0,0,0,0,0,0,0,220242.0412,182529.0863,0,220369.1422,0,0,0,0,0,170317.8167,0,0,0,0,0,450056.2234,0,0,0,0,0,0,0,0,0,10,0,D,C34H36O9,possibly undescribed,none,[M+H]+,none,17,"1,2-en-3-ol","5-ol-6,7-epoxy","9,13,14-orthoester",no C-12,no C-18,others,others,2,C7,C7*2,benzoyl(0.26),"benzoyl,benzoyl",A3,B1,C1,none,R92,R92,none,,,,,,A3B1C1,OCC12OC1C1C3OC4(c6ccccc6)OC3(C(=C)C)CC(C)C1(O4)C1C=C(C)C(OC(=O)c7ccccc7)C1(O)C2O,PD00017966,C34H36O9,588.653,Top1,1,High Confidence
323,769,[4132],4132,669.324,7.7,0,0,0,0,0,0,0,0,0,0,0,0,205499.5653,0,0,0,0,0,0,0,0,0,0,0,511874.7695,0,0,0,0,0,0,0,0,0,0,0,0,0,0,0,0,0,0,0,0,0,0,0,0,0,0,0,0,0,0,0,10,19,MD,C19H56O24,possibly undescribed,(DA45)std_daphnepedunin D isomer,[M+H]+,none,-8,1-alkyl-3-one,"5-ol-6,7-epoxy","9,13,14-orthoester",no C-12,no C-18,others,C10 ring with no substituent,0,others,,benzoyl(0.06),none,A6,B1,C1,M2,none,none,none,none,none,none,none,none,A6B1C1M2,OCC12OC1C1C3OC45CCCCCCCC(C)C6C(C)C(=O)C(O)(C2O)C6C1(O4)C(C)CC3(C(=C)C)O5,PD01121457,C30H44O8,532.674,Top1,1,Low Confidence
324,59,[822],822,631.2166,7.8,0,0,0,0,0,0,0,0,0,0,0,0,0,0,0,0,0,0,0,0,0,0,0,0,0,0,515422.9571,0,0,0,0,0,0,0,0,0,0,0,0,0,0,0,0,0,0,0,0,0,0,0,0,0,0,0,0,0,14,0,D,C35H34O11,possibly undescribed,none,[M+H]+,none,19,"1,2-en-3-one","5-ol-6,7-epoxy","9,13,14-orthoester",no C-12,no C-18,others,others,3,"C2,C11",C2*2+C11*1,"benzoyl(0.04),feruloyl(0.02),cinnamoyl(0.73)",acyl,A1,B1,C1,none,R1,none,none,,,,,,A1B1C1,OCC12OC1C1C3OC4(C)OC3(C(=C)C)CC(C)C1(O4)C1C=C(C)C(=O)C1(O)C2O,PD00007565,C22H28O8,420.458,Top5,0.867,Low Confidence
325,135,[2430],2430,507.2007,7.8,0,0,0,6159039.215,0,0,450512.3207,0,0,0,5382501.277,0,0,0,0,0,0,528655.668,0,0,0,0,0,0,0,0,0,0,0,0,0,0,0,0,0,0,0,0,0,0,0,0,0,0,0,0,0,0,0,0,0,0,0,0,0,0,14,0,D,C29H30O8,possibly undescribed,none,[M+H]+,none,15,"1,2-en-3-one","5-ol-6,7-epoxy","9,13,14-orthoester",no C-12,no C-18,others,others,1,C9,C9*1,"cinnamoyl(0.09),cinnamoyl(0.87)",cinnamoyl,A1,B1,C1,none,R93,none,none,,,,,,A1B1C1,OCC12OC1C1C3OC4(C=Cc6ccccc6)OC3(C(=C)C)CC(C)C1(O4)C1C=C(C)C(=O)C1(O)C2O,PD00007657,C29H32O8,508.567,Top4,0.867,Low Confidence
326,332,[1923],1923,585.2699,7.8,0,0,0,0,0,0,0,248463.8624,0,0,0,0,0,0,0,0,0,0,0,0,0,0,0,0,0,0,0,0,9821303.269,0,0,0,0,0,0,0,0,0,0,0,0,0,0,0,0,0,0,0,0,0,0,0,0,0,0,0,11,0,D,C32H40O10,possibly known,kirkinine D,[M+H]+,none,13,"1,2-en-3-one","5-ol-6,7-epoxy","9,13,14-orthoester",with C-12,no C-18,"2,4-olefinic",others,2,"C2,C10",C2*1+C10*1,decatrienoyl(1.10),"acyl,decatrienoyl",A1,B1,C2,none,R1,R48,none,,,,,,A1B1C2,OCC12OC1C1C3OC4(C)OC3(C(=C)C)C(OC(=O)C=CC=CC=CCCC)C(C)C1(O4)C1C=C(C)C(=O)C1(O)C2O,PD00125116,C32H40O10,584.662,Top1,1,High Confidence
327,368,[3176],3176,703.2745,7.8,0,475331.5855,0,0,0,0,0,0,0,0,0,0,0,0,0,0,0,0,687303.6857,0,0,0,0,0,0,0,0,0,0,0,0,0,0,0,0,0,0,0,0,0,0,0,0,0,0,0,0,0,0,0,0,0,0,0,0,0,8,0,D,C39H42O12,possibly undescribed,none,[M+H]+,none,19,"1,2-en-3-one","5-ol-6,7-epoxy","9,13,14-orthoester",with C-12,no C-18,others,others,2,"C9,C10",C9*1+C10*1,cinnamoyl(0.36),"cinnamoyl,cinnamoyl",A1,B1,C2,none,R93,R93,none,,,,,,A1B1C2,OCC12OC1C1C3OC4(C=Cc6ccccc6)OC3(C(=C)C)C(OC(=O)C=Cc7ccccc7)C(C)C1(O4)C1C=C(C)C(=O)C1(O)C2O,PD00129715,C38H38O10,654.712,Top1,1,Low Confidence
328,387,[5045],5045,645.2314,7.8,0,0,0,0,0,0,0,0,0,0,3009251.939,0,0,0,0,0,0,0,0,0,0,0,0,0,0,0,0,0,0,0,0,0,0,0,0,0,0,0,0,0,0,0,0,0,0,0,0,0,0,0,0,0,0,0,0,0,10,0,D,C36H36O11,possibly undescribed,none,[M+H]+,none,19,"1,2-en-3-one","5-ol-6,7-epoxy","9,13,14-orthoester",with C-12,no C-18,others,others,2,"C7,C9",C9*1+C7*1,"cinnamoyl(0.04),cinnamoyl(0.45)","benzoyl,cinnamoyl",A1,B1,C2,none,R92,R93,none,,,,,,A1B1C2,OCC12OC1C1C3OC4(c6ccccc6)OC3(C(=C)C)C(OC(=O)C=Cc7ccccc7)C(C)C1(O4)C1C=C(C)C(=O)C1(O)C2O,PD00129711,C36H36O10,628.674,Top1,1,Low Confidence
329,405,[7421],7421,865.3059,7.8,0,0,0,0,0,0,0,0,0,0,0,0,0,0,0,0,0,1151125.863,6177374.951,1057280.416,0,0,0,0,0,0,0,0,0,0,0,0,0,0,0,0,0,0,0,0,0,0,0,0,0,0,0,0,0,0,0,0,0,0,0,0,11,0,D,C48H48O15,possibly undescribed,none,[M+H]+,none,25,"1,2-en-3-one","5-ol-6,7-epoxy","9,13,14-orthoester",with C-12,no C-18,others,others,3,"C7,C10,C11",C10*1+C7*1+C11*1,"coumaroyl(0.07),coumaroyl(2.50)",benzoyl,A1,B1,C2,none,R92,none,none,,,,,,A1B1C2,OCC12OC1C1C3OC4(c6ccccc6)OC3(C(=C)C)C(O)C(C)C1(O4)C1C=C(C)C(=O)C1(O)C2O,PD00008136,C27H30O9,498.528,Top1,1,Low Confidence
330,406,[7512],7512,740.3268,7.8,0,0,0,0,0,0,0,0,0,0,0,0,0,0,0,0,0,0,1720353.414,347128.3521,0,0,0,0,0,0,0,0,0,0,0,0,0,0,0,0,0,0,0,0,0,0,0,0,0,0,0,0,0,0,0,0,0,0,0,0,8,0,D,C39H49O13N1,possibly undescribed,none,[M+NH4]+,none,16,"1,2-en-3-one","5-ol-6,7-epoxy","9,13,14-orthoester",with C-12,no C-18,others,others,2,"C9,C10",C9*1+C10*1,coumaroyl(0.69),"coumaroyl,coumaroyl",A1,B1,C2,none,R94,R94,none,,,,,,A1B1C2,OCC12OC1C1C3OC4(C=Cc6ccc(O)cc6)OC3(C(=C)C)C(OC(=O)C=Cc7ccc(O)cc7)C(C)C1(O4)C1C=C(C)C(=O)C1(O)C2O,PD00129719,C38H38O12,686.71,Top1,1,Low Confidence
331,492,[3435],3435,389.1957,7.8,0,0,0,0,750193.4431,0,0,0,0,0,0,0,0,0,0,0,0,0,0,0,0,0,0,0,0,0,0,0,0,7367781.662,0,0,0,0,0,0,0,0,0,0,0,0,0,0,560655.6781,0,0,0,0,0,0,0,0,0,0,0,6,0,D,C22H28O6,possibly undescribed,none,[M+H]+,none,9,"1,2-en-3-one","5-ol-6,7-ene","9,13,14-orthoester",with C-12,no C-18,others,others,1,C2,C2*1,"acyl(0.14),8-9-epoxy-2-4-6-decatrienoyl(0.02),octadecadienoyl(0.02),4-oxo-2-octadecenoyl(0.02)",acyl,A1,B3,C2,none,R1,none,none,,,,,,A1B3C2,OCC1=CC2C3OC4(C)OC3(C(=C)C)C(O)C(C)C2(O4)C2C=C(C)C(=O)C2(O)C1O,PD00009965,C22H28O8,420.458,Top1,1,Low Confidence
332,527,[8248],8248,638.3886,7.8,0,0,0,0,0,0,0,0,0,0,0,0,0,0,0,0,0,0,0,0,0,0,0,0,0,0,0,0,0,0,0,0,0,0,0,0,0,0,0,0,0,0,0,0,0,0,0,0,0,2568532.241,0,0,0,0,0,447420.3491,9,0,D,C34H55O10N1,possibly known,stelleralide J,[M+NH4]+,none,8,"1,2-dihydro-3-one","5-ol-6,7-epoxy","9,13,14-orthoester",no C-12,no C-18,others,others,1,C14,C14*1,octenoyl(0.02),none,A2,B1,C1,none,none,none,none,,,,,,A2B1C1,OCC12OC1C1C3OC4OC3(C(=C)C)CC(C)C1(O4)C1CC(C)C(=O)C1(O)C2O,PD00000002,C21H28O8,408.447,Top1,1,Low Confidence
333,593,[13],13,591.2589,7.8,416424.8541,0,0,271241.4859,175436.0071,0,0,0,0,0,0,346826.3437,0,182268.4344,0,0,0,0,0,0,245751.7878,0,0,29200000,0,0,168000000,0,0,0,0,947334.055,12300000,0,13700000,0,0,0,0,0,19300000,11800000,246616.7961,0,849753.7922,0,11100000,0,0,0,0,0,0,0,0,0,13,0,D,C34H38O9,possibly undescribed,"(DA08)std_genkwanine M isomer, (DA07)std_genkwanine N isomer",[M+H]+,none,16,"1,2-dihydro-3-ol","5-ol-6,7-epoxy","9,13,14-orthoester",no C-12,no C-18,others,others,2,C7,C7*2,"benzoyl(0.52),feruloyl(1.44),benzoyl(4.20)","benzoyl,benzoyl",A4,B1,C1,none,R92,R92,none,,,,,,A4B1C1,OCC12OC1C1C3OC4(c6ccccc6)OC3(C(=C)C)CC(C)C1(O4)C1CC(C)C(OC(=O)c7ccccc7)C1(O)C2O,PD00022622,C34H38O9,590.669,Top1,1,High Confidence
334,622,[1647],1647,655.3477,7.8,440821.6323,0,0,0,0,0,281900.8463,270841.4548,0,0,267742.6307,981761.2447,2302491.111,0,0,337327.0868,11700000,0,0,0,311634.197,0,0,0,0,0,0,0,0,588793.4141,0,0,0,0,201976.2658,0,0,16800000,0,0,3297876.817,1783167.252,0,0,610351.6039,0,0,0,0,0,0,0,0,0,0,0,10,0,D,C37H50O10,possibly known,"genkwanine F, yuanhuakine B, neogenkwanine C, neogenkwanine D, neogenkwanine E, neogenkwanine F, genkwanine B, kraussianin, linimacrin c, wikstroelide X",[M+H]+,none,13,"1,2-dihydro-3-ol","5-ol-6,7-epoxy","9,13,14-orthoester",no C-12,no C-18,others,others,1,C17,C17*1,"benzoyl(0.22),feruloyl(0.06),decadienoyl(2.00),4-oxo-2-decenoyl(2.00)",none,A4,B1,C1,none,none,none,none,,,,,,A4B1C1,OCC12OC1C1C3OC4OC3(C(=C)C)CC(C)C1(O4)C1CC(C)C(O)C1(O)C2O,PD00000004,C21H30O8,410.463,Top1,1,Low Confidence
335,793,[9367],9367,661.3576,7.8,0,0,0,0,0,0,0,0,0,0,0,0,0,0,0,0,0,0,0,0,0,0,0,0,0,0,0,0,0,0,0,0,0,0,0,0,0,0,0,0,0,0,0,0,0,0,0,0,151134.6458,0,58300000,0,0,950678.6841,201937.0724,0,12,19,MD,C36H52O11,possibly undescribed,none,[M+H]+,"10793, 10801, 9367",11,1-alkyl-3-one,"5-ol-6,7-epoxy","9,13,14-orthoester",no C-12,no C-18,others,C14 ring with an olenfinic,1,C2,C2*1,acyl(0.06),acyl,A6,B1,C1,M7,R1,none,none,none,none,none,none,none,A6B1C1M7,CC(=O)OCC12OC1C1C3OC45CCCC=CCCCCC(CCC)C6C(C)C(=O)C(O)(C2O)C6C1(O4)C(C)CC3(C(=C)C)O5,PD01130669,C36H52O9,628.803,Top2,0.79,Low Confidence
336,3,[3628],3628,669.3268,7.9,0,0,0,0,0,0,0,0,0,0,0,993517.508,5082627.906,0,0,0,0,0,0,0,0,0,0,0,0,0,0,0,0,0,0,0,0,0,0,0,0,521331.2285,0,0,300584.3458,0,0,0,0,0,0,0,0,0,0,0,0,0,0,19300000,14,30,MD,C37H48O11,possibly undescribed,(DA45)std_daphnepedunin D isomer,[M+H]+,none,14,"3,4-seco","5-ol-6,7-epoxy","9,13,14-orthoester",no C-12,no C-18,others,C9 ring with no substituent,4,C2,C2*4,"benzoyl(0.05),benzoyl(0.19)","acyl,acyl,acyl,acyl",A10,B1,C1,M1,R1,R1,R1,R1,none,none,none,none,A10B1C1M1,,,,0,Top3,0.884,Low Confidence
337,29,[10966],10966,637.3571,7.9,0,0,0,0,0,0,0,0,0,0,0,0,0,0,0,0,0,0,0,0,0,0,0,0,0,0,0,0,0,0,0,0,0,0,0,0,0,0,0,0,0,0,0,0,0,0,0,0,0,3781767.384,0,0,0,0,0,0,0,11,MD,C34H52O11,possibly undescribed,none,[M+H]+,none,9,bicyclo [2.2.1] heptane ring,"5-ol-6,7-epoxy","9,13,14-orthoester",with C-12,no C-18,others,C14 ring with an olenfinic,0,others,,others,none,A11,B1,C2,M7,none,none,none,none,none,none,none,none,A11B1C2M7,OCC12OC1C1C3OC45CCCC=CCCCCC(CCC)C6C(C7(OC6(C)OC7=O)C2O)C1(O4)C(C)C(O)C3(C(=C)C)O5,PD01122548,C34H48O10,616.748,Top2,0.969,Low Confidence
338,43,[140],140,631.2528,7.9,0,0,0,4279908.502,0,0,0,0,0,0,48500000,0,0,1423720.438,0,0,0,0,0,0,0,0,0,3500868.258,0,0,1270549.104,0,0,0,0,0,0,0,0,0,0,0,0,0,215932.642,0,0,0,0,0,0,0,0,0,0,0,0,0,0,0,15,0,D,C36H38O10,possibly known,altadaphnan A,[M+H]+,none,18,"1,2-en-3-one","5-ol-6,7-epoxy","9,13,14-orthoester",no C-12,no C-18,others,others,2,"C7,C9",C9*1+C7*1,"benzoyl(0.04),feruloyl(0.03),cinnamoyl(0.78)","benzoyl,cinnamoyl",A1,B1,C1,none,R92,R93,none,,,,,,A1B1C1,c7ccccc7C=CC(=O)OCC12OC1C1C3OC4(c6ccccc6)OC3(C(=C)C)CC(C)C1(O4)C1C=C(C)C(=O)C1(O)C2O,PD00269391,C36H36O9,612.675,Top5,0.888,Low Confidence
339,79,[1085],1085,665.2952,7.9,863338.1594,0,0,0,0,0,3421395.431,5769952.915,0,0,1756010.13,461339.8855,0,0,0,0,0,0,0,0,0,0,0,0,0,0,0,0,0,0,0,0,0,0,0,0,0,0,0,0,0,0,0,0,0,0,0,0,0,0,0,0,0,0,0,0,17,0,D,C37H44O11,possibly known,tanguticanine B,[M+H]+,none,16,"1,2-en-3-one","5-ol-6,7-epoxy","9,13,14-orthoester",no C-12,no C-18,others,others,2,"C7,C10",C10*1+C7*1,"benzoyl(0.06),feruloyl(0.05),decatrienoyl(2.10)","benzoyl,decatrienoyl",A1,B1,C1,none,R92,R48,none,,,,,,A1B1C1,c7ccccc7C(=O)OCC12OC1C1C3OC4(C=CC=CC=CCCC)OC3(C(=C)C)CC(C)C1(O4)C1C=C(C)C(=O)C1(O)C2O,PD00268224,C37H42O9,630.734,Top2,0.921,Low Confidence
340,124,[2117],2117,607.2535,7.9,701526.8963,0,0,1279482.908,0,0,0,0,0,0,8139244.238,0,0,0,0,0,0,0,0,0,0,0,0,0,0,0,0,0,0,0,0,0,0,0,0,0,0,0,0,0,0,0,0,0,0,0,1798838.952,0,0,0,0,0,0,0,0,0,14,0,D,C34H38O10,possibly undescribed,none,[M+H]+,none,16,"1,2-en-3-one","5-ol-6,7-epoxy","9,13,14-orthoester",no C-12,no C-18,others,others,2,C7,C7*2,"cinnamoyl(0.03),cinnamoyl(1.50)","benzoyl,benzoyl",A1,B1,C1,none,R92,R92,none,,,,,,A1B1C1,c7ccccc7C(=O)OCC12OC1C1C3OC4(c6ccccc6)OC3(C(=C)C)CC(C)C1(O4)C1C=C(C)C(=O)C1(O)C2O,PD00269390,C34H34O9,586.637,Top2,0.657,Low Confidence
341,420,[8931],8931,710.3158,7.9,0,0,0,0,0,0,0,0,0,0,0,0,0,0,0,0,666188.7375,0,6959656.492,0,0,0,0,0,0,0,0,0,0,0,0,0,0,0,0,0,0,0,0,0,0,0,0,0,0,0,0,0,0,0,0,0,0,0,0,0,6,0,D,C38H47O12N1,possibly undescribed,none,[M+NH4]+,none,16,"1,2-en-3-one","5-ol-6,7-epoxy","9,13,14-orthoester",with C-12,no C-18,others,others,2,"C7,C11",C7*1+C11*1,benzoyl(0.03),"benzoyl,benzoyl",A1,B1,C2,none,R92,R92,none,,,,,,A1B1C2,OCC12OC1C1C3OC4(c6ccccc6)OC3(C(=C)C)C(OC(=O)c7ccccc7)C(C)C1(O4)C1C=C(C)C(=O)C1(O)C2O,PD00129710,C34H34O10,602.636,Top1,1,Low Confidence
342,422,[8936],8936,723.2996,7.9,0,0,0,0,0,0,0,0,0,0,0,0,0,0,0,0,0,0,10700000,0,0,0,0,0,0,0,0,0,0,0,0,0,0,0,0,0,0,0,0,0,0,0,0,0,0,0,0,0,0,0,0,0,0,0,0,0,12,0,D,C39H46O13,possibly undescribed,none,[M+H]+,none,17,"1,2-en-3-one","5-ol-6,7-epoxy","9,13,14-orthoester",with C-12,no C-18,others,others,2,"C9,C10",C9*1+C10*1,"coumaroyl(0.04),coumaroyl(2.10)","coumaroyl,coumaroyl",A1,B1,C2,none,R94,R94,none,,,,,,A1B1C2,OCC12OC1C1C3OC4(C=Cc6ccc(O)cc6)OC3(C(=C)C)C(OC(=O)C=Cc7ccc(O)cc7)C(C)C1(O4)C1C=C(C)C(=O)C1(O)C2O,PD00129719,C38H38O12,686.71,Top1,1,Low Confidence
343,598,[328],328,609.2701,7.9,0,0,0,0,0,821875.0373,0,0,0,0,0,0,0,1131611.191,0,0,0,0,0,0,0,0,0,1052604.721,4193634.138,0,5737562.337,0,1502989.794,0,357202.2955,0,330505.0049,0,769111.7039,0,616974.206,0,0,0,7246767.509,2555312.601,0,0,249879.6203,0,3478302.481,0,0,0,0,0,0,0,257098.2138,0,17,0,D,C34H40O10,possibly undescribed,(DA12)std_genkwanine H isomer,[M+H]+,none,15,"1,2-dihydro-3-ol","5-ol-6,7-epoxy","9,13,14-orthoester",no C-12,no C-18,others,others,2,C7,C7*2,"benzoyl(0.29),feruloyl(0.33),benzoyl(0.30)","benzoyl,benzoyl",A4,B1,C1,none,R92,R92,none,,,,,,A4B1C1,OCC12OC1C1C3OC4(c6ccccc6)OC3(C(=C)C)CC(C)C1(O4)C1CC(C)C(OC(=O)c7ccccc7)C1(O)C2O,PD00022622,C34H38O9,590.669,Top1,1,Low Confidence
344,816,[6017],6017,672.3738,7.9,0,0,0,0,0,0,0,0,0,0,0,0,0,0,0,0,1206738.14,0,0,0,0,0,0,0,793751.1942,0,0,0,0,0,0,0,0,0,0,0,0,6104462.342,0,0,0,0,0,0,0,0,6846143.288,0,0,0,0,0,0,0,0,0,0,12,MD,C37H53O10N1,possibly undescribed,none,[M+NH4]+,none,12,1-alkyl-3-ol,"5-ol-6,7-epoxy","9,13,14-orthoester",no C-12,no C-18,others,C9 ring with no substituent,4,C2,C2*4,"benzoyl(0.19),benzoyl(0.23)","acyl,acyl,acyl,acyl",A8,B1,C1,M1,R1,R1,R1,R1,none,none,none,none,A8B1C1M1,,,,0,Top1,1,Low Confidence
345,127,[2223],2223,663.28,8,1750971.067,1172715.484,0,0,0,0,678234.445,0,0,0,1839030.112,1669403.394,0,0,0,0,888381.7742,0,0,0,3879436.925,0,0,0,752142.9115,0,0,0,0,0,0,0,0,0,0,0,0,0,0,0,0,0,0,0,0,0,0,0,0,0,0,0,0,0,0,0,14,0,D,C37H42O11,possibly known,"acutilobin B, acutilobin A, daphnexyane A",[M+H]+,none,17,"1,2-en-3-one","5-ol-6,7-epoxy","9,13,14-orthoester",no C-12,no C-18,others,others,2,"C7,C10",C10*1+C7*1,"benzoyl(0.03),feruloyl(0.05),6-7-epoxy-2-4-decadienoyl(0.37),8-methoxy-2-4-6-decatrienoyl(0.37)","benzoyl,6-7-epoxy-2-4-decadienoyl",A1,B1,C1,none,R92,R59,none,,,,,,A1B1C1,c7ccccc7C(=O)OCC12OC1C1C3OC4(C=CC=CC6OC6CCC)OC3(C(=C)C)CC(C)C1(O4)C1C=C(C)C(=O)C1(O)C2O,PD00268697,C37H42O10,646.733,Top2,0.543,Low Confidence
346,200,"[4455,4524]",4455,313.1797,8,0,0,0,0,0,629629.3648,0,0,0,134000000,0,0,0,0,0,0,0,0,0,0,0,0,0,0,0,0,0,0,0,0,0,14100000,15700000,0,0,0,0,0,0,0,0,0,0,0,0,0,0,0,0,0,0,0,0,0,0,0,6,0,D,C20H24O3,possibly undescribed,none,[M+H-H2O]+,"4455, 4524",9,"1,2-en-3-one","5-ol-6,7-epoxy","9,13,14-orthoester",no C-12,no C-18,"2,4-olefinic",others,1,C0,C0*1,8-9-epoxy-2-4-6-undecatrienoyl(0.02),none,A1,B1,C1,none,none,none,none,,,,,,A1B1C1,OCC12OC1C1C3OC4OC3(C(=C)C)CC(C)C1(O4)C1C=C(C)C(=O)C1(O)C2O,PD00000001,C21H26O8,406.431,Top2,0.705,Low Confidence
347,261,[8909],8909,740.3268,8,0,0,0,0,0,0,0,0,0,0,0,0,0,0,0,0,0,728392.8156,28600000,0,0,0,0,0,0,0,0,0,0,0,0,0,0,0,0,0,0,0,0,0,0,0,0,0,0,0,0,0,0,0,0,0,0,0,0,0,14,0,D,C39H49O13N1,possibly undescribed,none,[M+NH4]+,none,16,"1,2-en-3-one","5-ol-6,7-epoxy","9,13,14-orthoester",no C-12,no C-18,"2,4-olefinic",others,2,"C9,C10",C9*1+C10*1,"coumaroyl(0.22),coumaroyl(4.80)","coumaroyl,coumaroyl",A1,B1,C1,none,R94,R94,none,,,,,,A1B1C1,c7cc(O)ccc7C=CC(=O)OCC12OC1C1C3OC4(C=Cc6ccc(O)cc6)OC3(C(=C)C)CC(C)C1(O4)C1C=C(C)C(=O)C1(O)C2O,PD00269399,C38H38O11,670.711,Top3,0.606,Low Confidence
348,301,[11832],11832,672.3753,8,0,0,0,0,0,0,0,0,0,0,0,0,0,0,0,0,0,0,0,0,0,0,0,0,6294672.006,0,0,0,0,0,0,0,0,0,0,0,0,0,0,0,0,0,0,0,0,0,0,0,0,0,0,0,0,0,0,0,11,0,D,C37H53O10N1,possibly known,"genkwanine F, yuanhuakine B, neogenkwanine C, neogenkwanine D, neogenkwanine E, neogenkwanine F, genkwanine B, kraussianin, linimacrin c, wikstroelide X",[M+NH4]+,none,12,"1,2-en-3-one","5-ol-6,7-epoxy","9,13,14-orthoester",no C-12,no C-18,others,others,1,C17,C17*1,"benzoyl(0.10),feruloyl(0.04),decadienoyl(1.30),4-oxo-2-decenoyl(1.30),8-methoxy-9-hydroxy-2-4-6-dodecatrienoyl(0.03)",none,A1,B1,C1,none,none,none,none,,,,,,A1B1C1,OCC12OC1C1C3OC4OC3(C(=C)C)CC(C)C1(O4)C1C=C(C)C(=O)C1(O)C2O,PD00000001,C21H26O8,406.431,Top4,0.876,Low Confidence
349,363,[3015],3015,679.2744,8,0,1770740.957,0,0,0,0,0,0,0,0,0,147093.1569,0,0,0,0,1989261.919,0,0,0,0,0,0,0,0,0,0,0,0,0,0,0,0,0,0,0,0,0,0,0,0,0,0,0,0,0,0,0,0,0,0,0,0,0,0,0,10,0,D,C37H42O12,possibly undescribed,none,[M+H]+,none,17,"1,2-en-3-one","5-ol-6,7-epoxy","9,13,14-orthoester",with C-12,no C-18,others,others,2,"C7,C10",C10*1+C7*1,"benzoyl(0.02),benzoyl(0.16)","benzoyl,benzoyl",A1,B1,C2,none,R92,R92,none,,,,,,A1B1C2,OCC12OC1C1C3OC4(c6ccccc6)OC3(C(=C)C)C(OC(=O)c7ccccc7)C(C)C1(O4)C1C=C(C)C(=O)C1(O)C2O,PD00129710,C34H34O10,602.636,Top1,1,Low Confidence
350,436,[9034],9034,754.3417,8,0,0,0,0,0,0,0,0,0,0,0,0,0,0,0,0,0,0,1190024.132,0,0,0,0,0,0,0,0,0,0,0,0,0,0,0,0,0,0,0,0,0,0,0,0,0,0,0,0,0,0,0,0,0,0,0,0,0,10,0,D,C40H51O13N1,possibly undescribed,(DA28)std_daphneodorin F isomer,[M+NH4]+,none,16,"1,2-en-3-one","5-ol-6,7-epoxy","9,13,14-orthoester",with C-12,no C-18,others,others,2,C10,C10*2,coumaroyl(0.42),none,A1,B1,C2,none,none,none,none,,,,,,A1B1C2,OCC12OC1C1C3OC4OC3(C(=C)C)CC(C)C1(O4)C1C=C(C)C(=O)C1(O)C2O,PD00000006,C21H26O8,406.431,Top1,1,Low Confidence
351,608,[780],780,651.3164,8,1622000.175,0,0,1035102.999,0,0,0,0,0,0,2303145.96,6506344.594,0,0,0,0,0,0,0,0,0,0,0,0,825426.6368,0,1316713.081,0,0,0,0,0,2557926.138,0,0,0,0,0,0,0,3622269.113,0,0,0,0,0,0,0,0,0,0,0,0,0,0,224962.3454,11,0,D,C37H46O10,possibly undescribed,none,[M+H]+,none,15,"1,2-dihydro-3-ol","5-ol-6,7-epoxy","9,13,14-orthoester",no C-12,no C-18,others,others,2,"C7,C10",C10*1+C7*1,"6-7-epoxy-2-4-decadienoyl(0.10),8-methoxy-2-4-6-decatrienoyl(0.10)","benzoyl,6-7-epoxy-2-4-decadienoyl",A4,B1,C1,none,R92,R59,none,,,,,,A4B1C1,OCC12OC1C1C3OC4(C=CC=CC6OC6CCC)OC3(C(=C)C)CC(C)C1(O4)C1CC(C)C(OC(=O)c7ccccc7)C1(O)C2O,PD00021929,C37H46O10,650.765,Top1,1,High Confidence
352,732,[669],669,833.3733,8,0,0,0,0,0,0,0,0,0,0,0,0,0,0,0,0,0,0,0,0,0,0,0,0,0,0,24100000,0,0,0,0,0,0,0,0,0,0,1159111.66,0,0,0,0,0,0,0,0,0,0,0,0,0,0,0,0,0,667933.4346,18,26,MD,C46H56O14,possibly known,(DA54)std_stelleralide F,[M+H]+,none,19,1-alkyl-3-one,"5-ol-6,7-epoxy","9,13,14-orthoester",no C-12,no C-18,others,C9 ring with no substituent,4,"C2,C4,C7",C2*1+C7*1+C4*2,"acyl(0.10),benzoyl(0.12),benzoyl(0.50)","acyl,benzoyl,isobutyryl,isobutyryl",A6,B1,C1,M1,R1,R92,R3,R3,none,none,none,none,A6B1C1M1,,,,0,Top2,0.93,Low Confidence
353,23,[3621],3621,685.3216,8.1,0,0,0,0,0,0,0,0,0,0,0,0,5852191.128,0,0,0,0,0,0,0,0,0,0,0,0,0,0,0,692871.5436,0,0,0,0,0,0,0,0,0,0,0,0,0,0,0,0,0,0,0,0,0,0,0,0,0,0,0,7,17,MD,C37H48O12,possibly undescribed,none,[M+H]+,none,14,bicyclo [2.2.1] heptane ring,"5-ol-6,7-epoxy","9,13,14-orthoester",no C-12,no C-18,others,C10 ring with one substituent,2,"C2,C5",C2*1+C5*1,benzoyl(0.05),"acyl,2-methylbutyryl",A11,B1,C1,M3,R1,R4,none,none,none,none,none,none,A11B1C1M3,,,,0,Top1,1,Low Confidence
354,102,[1853],1853,527.2643,8.1,0,0,0,0,0,0,460043.4925,289323.7892,0,150382.102,0,0,0,0,0,0,0,0,0,0,0,0,0,0,1599443.747,0,0,0,4380050.502,19800000,0,0,0,0,0,0,0,0,0,0,0,0,0,0,0,0,0,0,0,0,0,0,0,0,0,0,12,0,D,C30H38O8,possibly known,"yuahuagine (yuanhuagin), excoecaria factor O1",[M+H]+,none,12,"1,2-en-3-one","5-ol-6,7-epoxy","9,13,14-orthoester",no C-12,no C-18,others,others,1,C10,C10*1,butenoyl(0.04),none,A1,B1,C1,none,none,none,none,,,,,,A1B1C1,OCC12OC1C1C3OC4OC3(C(=C)C)CC(C)C1(O4)C1C=C(C)C(=O)C1(O)C2O,PD00000001,C21H26O8,406.431,Top1,1,Low Confidence
355,263,"[7481,8925]",8925,753.3102,8.1,0,0,0,0,0,0,0,0,0,0,0,0,0,0,0,0,893360.1103,0,10500000,0,0,0,0,0,0,0,0,0,0,0,0,0,0,0,0,0,0,0,0,0,0,0,0,0,0,0,0,0,0,0,0,0,0,0,0,0,11,0,D,C40H48O14,possibly undescribed,none,[M+H]+,"7481, 8925",17,"1,2-en-3-one","5-ol-6,7-epoxy","9,13,14-orthoester",no C-12,no C-18,others,others,2,C10,C10*2,"feruloyl(0.03),butenoyl(0.09)","feruloyl,feruloyl",A1,B1,C1,none,R95,R95,none,,,,,,A1B1C1,c7cc(O)c(OC)cc7C=CC(=O)OCC12OC1C1C3OC4(C=Cc6c(OC)c(O)ccc6)OC3(C(=C)C)CC(C)C1(O4)C1C=C(C)C(=O)C1(O)C2O,PD00269402,C40H42O13,730.763,Top3,0.125,Low Confidence
356,302,[11842],11842,601.3149,8.1,0,0,0,0,0,0,0,0,0,0,0,0,0,0,0,0,0,0,0,0,0,0,0,0,4660107.883,0,0,0,0,0,0,0,0,0,0,0,0,0,0,0,0,0,0,0,0,0,0,0,0,0,0,0,0,0,0,0,7,0,D,C37H44O7,possibly undescribed,none,[M+H]+,none,16,"1,2-en-3-one","5-ol-6,7-epoxy","9,13,14-orthoester",no C-12,no C-18,"2,4-olefinic",others,2,"C7,C10",C10*1+C7*1,"benzoyl(0.06),feruloyl(0.02),decadienoyl(0.58),8-methoxy-9-hydroxy-2-4-6-dodecatrienoyl(0.05)","benzoyl,decadienoyl",A1,B1,C1,none,R92,R37,none,,,,,,A1B1C1,c7ccccc7C(=O)OCC12OC1C1C3OC4(C=CC=CCCCCC)OC3(C(=C)C)CC(C)C1(O4)C1C=C(C)C(=O)C1(O)C2O,PD00267630,C37H44O9,632.75,Top2,0.96,Low Confidence
357,350,[2351],2351,895.3174,8.1,0,5346920.142,0,0,0,0,4555085.409,0,382804.0102,0,0,329408.9631,0,1606462.918,0,0,0,1415087.73,0,0,1662660.219,4542677.659,0,0,0,0,0,0,0,0,0,0,0,0,0,0,0,0,0,0,0,0,0,0,0,0,0,0,0,0,0,0,0,0,0,0,11,0,D,C49H50O16,possibly undescribed,none,[M+H]+,none,25,"1,2-en-3-one","5-ol-6,7-epoxy","9,13,14-orthoester",with C-12,no C-18,others,others,3,"C7,C11",C7*1+C11*2,"feruloyl(0.05),decatrienoyl(0.09)",benzoyl,A1,B1,C2,none,R92,none,none,,,,,,A1B1C2,OCC12OC1C1C3OC4(c6ccccc6)OC3(C(=C)C)C(O)C(C)C1(O4)C1C=C(C)C(=O)C1(O)C2O,PD00008136,C27H30O9,498.528,Top1,1,Low Confidence
358,472,[3851],3851,533.3106,8.1,0,0,0,0,0,0,0,0,0,0,0,0,1406865.171,0,0,0,0,0,0,0,0,0,0,0,7352208.693,0,0,0,0,0,0,0,0,0,0,0,0,0,0,0,927697.639,0,0,0,0,0,3308430.672,0,0,0,0,0,0,0,0,0,8,0,D,C30H44O8,possibly undescribed,(DA04)std_simplexin isomer,[M+H]+,none,9,"1,2-en-3-one","5-ol-6,7-ene","9,13,14-orthoester",no C-12,no C-18,others,others,1,C10,C10*1,6-7-epoxy-2-4-undecadienoyl(0.03),none,A1,B3,C1,none,none,none,none,,,,,,A1B3C1,OCC1=CC2C3OC4OC3(C(=C)C)CC(C)C2(O4)C2C=C(C)C(=O)C2(O)C1O,PD00000041,C21H26O7,390.432,Top2,0.39,Low Confidence
359,554,[667],667,711.3365,8.1,0,0,0,0,0,0,0,0,0,0,0,2261079.033,0,0,0,0,0,0,0,0,0,0,0,0,0,0,32800000,0,0,0,0,0,0,0,0,0,0,0,0,0,0,0,0,0,0,0,0,0,0,0,0,0,0,0,0,689412.6342,25,25,D,C39H50O12,possibly undescribed,none,[M+H]+,none,15,"1,2-en-3-ol","5-ol-6,7-epoxy","9,13,14-orthoester",no C-12,no C-18,others,others,2,"C9,C10",C9*1+C10*1,"acyl(0.08),benzoyl(0.08),nonanoyl(0.08),feruloyl(0.08),benzoyl(0.78)","nonanoyl,feruloyl",A3,B1,C1,none,R8,R95,none,,,,,,A3B1C1,OCC12OC1C1C3OC4(CCCCCCCC)OC3(C(=C)C)CC(C)C1(O4)C1C=C(C)C(OC(=O)C=Cc7c(OC)c(O)ccc7)C1(O)C2O,PD00014063,C39H52O11,696.834,Top1,1,Low Confidence
360,632,[2600],2600,655.347,8.1,0,0,0,0,0,0,153371.0726,0,0,0,0,205001.8891,0,0,0,166626.7042,6460397.582,0,0,0,0,0,0,0,0,0,0,0,0,0,0,0,1169858.326,0,0,0,0,620249.7168,0,0,2026745.128,2168754.549,0,0,540121.0172,0,0,0,0,0,0,0,0,0,0,0,10,0,D,C37H50O10,possibly known,"genkwanine F, yuanhuakine B, neogenkwanine C, neogenkwanine D, neogenkwanine E, neogenkwanine F, genkwanine B, kraussianin, linimacrin c, wikstroelide X",[M+H]+,none,13,"1,2-dihydro-3-ol","5-ol-6,7-epoxy","9,13,14-orthoester",no C-12,no C-18,"2,4-olefinic",others,1,C17,C17*1,"benzoyl(0.03),decadienoyl(0.41)",none,A4,B1,C1,none,none,none,none,,,,,,A4B1C1,OCC12OC1C1C3OC4OC3(C(=C)C)CC(C)C1(O4)C1CC(C)C(O)C1(O)C2O,PD00000004,C21H30O8,410.463,Top1,1,Low Confidence
361,637,[4845],4845,497.2888,8.1,0,0,0,0,0,0,0,0,0,208613.6518,0,0,0,0,0,0,0,0,0,0,0,0,0,0,9998541.478,0,0,0,0,0,0,0,0,0,0,0,0,0,0,0,0,0,0,0,0,0,3039377.872,0,0,0,0,0,0,0,0,0,12,0,D,C30H40O6,possibly undescribed,none,[M+H]+,none,11,"1,2-dihydro-3-ol","5-ol-6,7-epoxy","9,13,14-orthoester",no C-12,no C-18,others,others,1,C10,C10*1,"octadienoyl(0.02),4-oxo-2-octenoyl(0.02)",none,A4,B1,C1,none,none,none,none,,,,,,A4B1C1,OCC12OC1C1C3OC4OC3(C(=C)C)CC(C)C1(O4)C1CC(C)C(O)C1(O)C2O,PD00000004,C21H30O8,410.463,Top1,1,Low Confidence
362,726,[62],62,850.4003,8.1,0,0,0,0,0,0,0,0,0,0,0,0,9784699.718,0,0,0,0,0,0,0,0,0,0,8969766.806,0,0,167000000,0,0,0,0,0,0,0,0,0,996461.1821,10200000,0,0,0,0,0,0,0,0,0,0,0,0,0,0,0,0,0,6256313.642,8,19,MD,C46H59O14N1,possibly known,(DA54)std_stelleralide F,[M+NH4]+,none,18,1-alkyl-3-one,"5-ol-6,7-epoxy","9,13,14-orthoester",no C-12,no C-18,others,C9 ring with no substituent,4,"C2,C5",C2*1+C5*3,"acyl(0.09),benzoyl(0.14),benzoyl(0.29)","acyl,2-methylbutyryl,2-methylbutyryl,2-methylbutyryl",A6,B1,C1,M1,R1,R4,R4,R4,none,none,none,none,A6B1C1M1,,,,0,Top2,0.963,Low Confidence
363,733,[672],672,864.4141,8.1,0,0,0,0,0,0,0,0,0,0,0,0,0,0,0,0,0,0,0,0,0,0,0,0,0,0,18600000,0,0,0,0,0,0,0,0,0,0,0,0,0,0,0,0,0,0,0,0,0,0,0,0,0,0,0,0,0,6,18,MD,C29H69O27N1,possibly known,(DA54)std_stelleralide F,[M+NH4]+,none,-4,1-alkyl-3-one,"5-ol-6,7-epoxy","9,13,14-orthoester",no C-12,no C-18,others,C9 ring with no substituent,0,others,,"acyl(0.18),benzoyl(0.33),benzoyl(0.44)",none,A6,B1,C1,M1,none,none,none,none,none,none,none,none,A6B1C1M1,OCC12OC1C1C3OC45CCCCCCCCC6C(C)C(=O)C(O)(C2O)C6C1(O4)C(C)CC3(C(=C)C)O5,PD01121453,C29H42O8,518.647,Top1,1,Low Confidence
364,734,[680],680,876.4144,8.1,0,0,0,0,0,0,0,0,0,0,0,0,0,0,0,0,0,0,0,0,0,0,0,0,0,0,10400000,0,0,0,0,0,0,0,0,0,0,0,0,0,0,0,0,0,0,0,0,0,0,0,0,0,0,0,0,0,0,14,MD,C30H69O27N1,possibly undescribed,none,[M+NH4]+,none,-3,1-alkyl-3-one,"5-ol-6,7-epoxy","9,13,14-orthoester",no C-12,no C-18,others,C9 ring with no substituent,0,others,,"acyl(0.11),cinnamoyl(1.20)",none,A6,B1,C1,M1,none,none,none,none,none,none,none,none,A6B1C1M1,OCC12OC1C1C3OC45CCCCCCCCC6C(C)C(=O)C(O)(C2O)C6C1(O4)C(C)CC3(C(=C)C)O5,PD01121453,C29H42O8,518.647,Top1,1,Low Confidence
365,737,[723],723,890.4297,8.1,0,0,0,0,0,0,0,0,0,0,0,0,0,0,0,0,0,0,0,0,0,0,0,0,0,0,3580922.289,0,0,0,0,0,0,0,0,0,0,0,0,0,0,0,0,0,0,0,0,0,0,0,0,0,0,0,0,0,0,7,MD,C31H71O27N1,possibly undescribed,none,[M+NH4]+,none,-3,1-alkyl-3-one,"5-ol-6,7-epoxy","9,13,14-orthoester",no C-12,no C-18,others,C9 ring with no substituent,1,C2,C2*1,cinnamoyl(0.33),acyl,A6,B1,C1,M1,R1,none,none,none,none,none,none,none,A6B1C1M1,CC(=O)OCC12OC1C1C3OC45CCCCCCCCC6C(C)C(=O)C(O)(C2O)C6C1(O4)C(C)CC3(C(=C)C)O5,PD01130525,C31H44O9,560.684,Top1,1,Low Confidence
366,752,[6105],6105,603.3525,8.1,0,0,0,0,0,0,0,0,0,0,0,0,0,0,0,0,0,0,0,0,0,0,0,0,0,0,0,0,261626.8101,818194.0547,0,0,0,0,0,0,422907.6383,1512758.966,0,0,0,0,0,0,0,0,0,0,2805913.76,12800000,317000000,0,0,0,5165725.581,6287041.631,0,7,MD,C34H50O9,possibly undescribed,none,[M+H]+,none,10,1-alkyl-3-one,"5-ol-6,7-epoxy","9,13,14-orthoester",no C-12,no C-18,others,C9 ring with no substituent,1,C5,C5*1,others,2-methylbutyryl,A6,B1,C1,M1,R4,none,none,none,none,none,none,none,A6B1C1M1,,,,0,Top5,0.419,Low Confidence
367,779,[3543],3543,519.2954,8.1,0,0,0,0,0,0,0,0,0,0,0,0,27600000,0,0,0,0,0,0,0,0,0,0,0,0,0,0,0,9009714.288,32300000,0,0,0,0,0,0,0,1148414.433,0,0,0,0,0,0,0,0,0,0,0,0,0,0,0,0,0,0,6,13,MD,C29H42O8,possibly known,(DA29)std_daphnepedunin C,[M+H]+,none,9,1-alkyl-3-one,"5-ol-6,7-epoxy","9,13,14-orthoester",no C-12,no C-18,others,C10 ring with one substituent,0,others,,others,none,A6,B1,C1,M3,none,none,none,none,none,none,none,none,A6B1C1M3,OCC12OC1C1C3OC45C(O)CCCCCCC(C)C6C(C)C(=O)C(O)(C2O)C6C1(O4)C(C)CC3(C(=C)C)O5,PD01121461,C30H44O9,548.673,Top1,1,Low Confidence
368,781,[3710],3710,533.2742,8.1,0,0,0,0,0,0,0,0,0,0,0,0,2072344.944,0,0,0,0,0,0,0,0,0,0,0,0,0,0,0,0,0,0,0,0,0,0,0,0,0,0,0,0,0,0,0,0,0,0,0,0,0,0,0,0,0,0,0,10,12,MD,C29H40O9,possibly undescribed,none,[M+H]+,none,10,1-alkyl-3-one,"5-ol-6,7-epoxy","9,13,14-orthoester",no C-12,no C-18,others,C10 ring with one substituent,0,others,,others,none,A6,B1,C1,M3,none,none,none,none,none,none,none,none,A6B1C1M3,OCC12OC1C1C3OC45C(O)CCCCCCC(C)C6C(C)C(=O)C(O)(C2O)C6C1(O4)C(C)CC3(C(=C)C)O5,PD01121461,C30H44O9,548.673,Top1,1,Low Confidence
369,27,"[8712,10776]",8712,764.4223,8.2,0,0,0,0,0,0,0,0,0,0,0,0,0,0,0,0,0,0,0,0,0,0,0,0,0,0,0,0,0,0,0,0,0,0,0,0,0,0,0,0,0,0,0,0,0,0,0,0,0,0,14000000,400839.5257,0,1852124.017,0,0,0,13,MD,C40H61O13N1,possibly undescribed,none,[M+NH4]+,"10776, 8712",11,bicyclo [2.2.1] heptane ring,"5-ol-6,7-epoxy","9,13,14-orthoester",with C-12,no C-18,others,C10 ring with one substituent,4,"C2,C4",C2*3+C4*1,acyl(0.11),"acyl,acyl,acyl,isobutyryl",A11,B1,C2,M3,R1,R1,R1,R3,none,none,none,none,A11B1C2M3,,,,0,Top2,0.625,Low Confidence
370,54,[592],592,635.2657,8.2,0,0,0,0,0,0,0,0,0,0,0,0,0,0,0,0,0,0,0,0,0,0,0,1195591.926,3532423.539,0,21300000,0,0,0,0,0,0,0,0,0,0,0,0,0,2210545.126,987258.0264,0,0,336663.0093,0,5104628.581,0,0,0,0,0,0,0,0,0,7,0,D,C14H50O26,possibly undescribed,none,[M+H]+,none,-10,"1,2-en-3-one","5-ol-6,7-epoxy","9,13,14-orthoester",no C-12,no C-18,others,others,1,C-6,C-6*1,"benzoyl(0.05),feruloyl(0.04),benzoyl(0.95)",none,A1,B1,C1,none,none,none,none,,,,,,A1B1C1,OCC12OC1C1C3OC4OC3(C(=C)C)CC(C)C1(O4)C1C=C(C)C(=O)C1(O)C2O,PD00000001,C21H26O8,406.431,Top2,0.979,Low Confidence
371,122,[2083],2083,679.2743,8.2,1342343.361,978077.997,0,0,0,0,0,0,0,0,5149367.347,2539147.603,0,0,0,0,5693067.78,0,68700000,0,0,0,0,0,0,0,0,0,0,0,0,0,0,0,0,0,0,0,0,0,0,0,0,0,0,0,0,0,0,0,0,0,0,0,0,0,17,0,D,C37H42O12,possibly undescribed,none,[M+H]+,none,17,"1,2-en-3-one","5-ol-6,7-epoxy","9,13,14-orthoester",no C-12,no C-18,"2,4-olefinic",others,2,"C7,C10",C10*1+C7*1,"benzoyl(0.29),feruloyl(0.32),benzoyl(1.60)","feruloyl,benzoyl",A1,B1,C1,none,R95,R92,none,,,,,,A1B1C1,c7cc(O)c(OC)cc7C=CC(=O)OCC12OC1C1C3OC4(c6ccccc6)OC3(C(=C)C)CC(C)C1(O4)C1C=C(C)C(=O)C1(O)C2O,PD00269393,C37H38O11,658.7,Top2,0.458,Low Confidence
372,159,[3355],3355,389.1955,8.2,0,0,0,0,5930510.008,0,0,0,0,0,0,0,0,0,0,0,0,0,0,0,0,0,0,0,0,0,0,0,151238.5131,17300000,0,0,0,0,0,0,0,0,0,0,0,0,0,0,1630086.615,0,0,0,0,0,0,0,0,0,0,0,7,0,D,C22H28O6,possibly undescribed,none,[M+H]+,none,9,"1,2-en-3-one","5-ol-6,7-epoxy","9,13,14-orthoester",no C-12,no C-18,others,others,1,C2,C2*1,"acyl(0.98),butenoyl(0.11),pentadecenoyl(0.07)",acyl,A1,B1,C1,none,R1,none,none,,,,,,A1B1C1,OCC12OC1C1C3OC4(C)OC3(C(=C)C)CC(C)C1(O4)C1C=C(C)C(=O)C1(O)C2O,PD00007565,C22H28O8,420.458,Top2,0.849,Low Confidence
373,217,[5168],5168,637.3358,8.2,0,0,0,0,0,0,0,0,0,0,154672.7075,281139.3231,0,0,0,0,3736751.836,0,0,0,0,0,0,0,127000000,0,0,0,0,0,0,0,0,0,0,0,0,0,0,0,212066.8104,0,0,0,0,0,13700000,0,0,0,0,0,0,0,0,0,7,0,D,C37H48O9,possibly known,wikstroemia factor M1/M2,[M+H]+,none,14,"1,2-en-3-one","5-ol-6,7-epoxy","9,13,14-orthoester",no C-12,no C-18,"2,4-olefinic",others,1,C17,C17*1,"benzoyl(0.12),feruloyl(0.07),decadienoyl(0.93)",none,A1,B1,C1,none,none,none,none,,,,,,A1B1C1,OCC12OC1C1C3OC4OC3(C(=C)C)CC(C)C1(O4)C1C=C(C)C(=O)C1(O)C2O,PD00000001,C21H26O8,406.431,Top2,0.914,Low Confidence
374,223,"[6040,6103]",6040,634.3589,8.2,0,0,0,0,0,0,0,0,0,0,0,0,0,0,0,0,0,0,0,0,0,0,0,0,0,0,0,0,0,0,0,0,0,0,0,0,1219900.416,3374351.714,0,0,0,0,0,0,0,0,0,0,0,0,0,0,0,0,0,0,18,0,D,C34H51O10N1,possibly undescribed,none,[M+NH4]+,"6040, 6103",10,"1,2-en-3-one","5-ol-6,7-epoxy","9,13,14-orthoester",no C-12,no C-18,others,others,1,C14,C14*1,decatrienoyl(0.07),none,A1,B1,C1,none,none,none,none,,,,,,A1B1C1,OCC12OC1C1C3OC4OC3(C(=C)C)CC(C)C1(O4)C1C=C(C)C(=O)C1(O)C2O,PD00000001,C21H26O8,406.431,Top1,1,Low Confidence
375,260,[8907],8907,770.3368,8.2,0,0,0,0,0,0,0,0,0,0,0,0,0,0,225679.6141,0,4543564.684,1087088.297,28700000,0,0,0,0,0,0,0,0,0,0,0,0,0,0,0,0,0,0,0,0,0,0,0,0,0,0,0,0,0,0,0,0,0,0,0,0,0,15,0,D,C40H51O14N1,possibly undescribed,none,[M+NH4]+,none,16,"1,2-en-3-one","5-ol-6,7-epoxy","9,13,14-orthoester",no C-12,no C-18,others,others,2,C10,C10*2,"feruloyl(0.12),butenoyl(0.09)","feruloyl,feruloyl",A1,B1,C1,none,R95,R95,none,,,,,,A1B1C1,c7cc(O)c(OC)cc7C=CC(=O)OCC12OC1C1C3OC4(C=Cc6c(OC)c(O)ccc6)OC3(C(=C)C)CC(C)C1(O4)C1C=C(C)C(=O)C1(O)C2O,PD00269402,C40H42O13,730.763,Top3,0.15,Low Confidence
376,312,[121],121,585.2693,8.2,4793473.509,24800000,1363026.636,0,1112790.929,0,5455394.207,59700000,0,0,1807320.183,23600000,0,26000000,0,0,0,0,0,0,1083240.421,0,0,5215697.459,0,0,0,0,123000000,380000000,0,0,0,0,0,0,0,0,0,0,0,0,0,0,0,0,0,0,0,0,0,0,0,0,284204.4972,0,16,0,D,C32H40O10,possibly known,kirkinine D,[M+H]+,none,13,"1,2-en-3-one","5-ol-6,7-epoxy","9,13,14-orthoester",with C-12,no C-18,"2,4-olefinic",others,2,"C2,C10",C2*1+C10*1,"acyl(0.12),decatrienoyl(36.00)","acyl,decatrienoyl",A1,B1,C2,none,R1,R48,none,,,,,,A1B1C2,OCC12OC1C1C3OC4(C)OC3(C(=C)C)C(OC(=O)C=CC=CC=CCCC)C(C)C1(O4)C1C=C(C)C(=O)C1(O)C2O,PD00125116,C32H40O10,584.662,Top1,1,High Confidence
377,435,[9027],9027,707.3046,8.2,0,0,0,0,0,0,0,0,0,0,0,0,0,0,0,0,0,0,4576810.476,0,0,0,0,0,0,0,0,0,0,0,0,0,0,0,0,0,0,0,0,0,0,0,0,0,0,0,0,0,0,0,0,0,0,0,0,0,9,0,D,C39H46O12,possibly undescribed,none,[M+H]+,none,17,"1,2-en-3-one","5-ol-6,7-epoxy","9,13,14-orthoester",with C-12,no C-18,others,others,2,"C9,C10",C9*1+C10*1,cinnamoyl(0.27),"cinnamoyl,cinnamoyl",A1,B1,C2,none,R93,R93,none,,,,,,A1B1C2,OCC12OC1C1C3OC4(C=Cc6ccccc6)OC3(C(=C)C)C(OC(=O)C=Cc7ccccc7)C(C)C1(O4)C1C=C(C)C(=O)C1(O)C2O,PD00129715,C38H38O10,654.712,Top1,1,Low Confidence
378,447,[9531],9531,784.3531,8.2,0,0,0,0,0,0,0,0,0,0,0,0,0,0,176068.0414,0,1163155.274,0,0,0,0,0,0,0,0,0,0,0,0,0,0,0,0,0,0,0,0,0,0,0,0,0,0,0,0,0,0,0,0,0,0,0,0,0,0,0,9,0,D,C41H53O14N1,possibly undescribed,none,[M+NH4]+,none,16,"1,2-en-3-one","5-ol-6,7-epoxy","9,13,14-orthoester",with C-12,no C-18,others,others,2,"C10,C11",C10*1+C11*1,others,none,A1,B1,C2,none,none,none,none,,,,,,A1B1C2,OCC12OC1C1C3OC4OC3(C(=C)C)CC(C)C1(O4)C1C=C(C)C(=O)C1(O)C2O,PD00000006,C21H26O8,406.431,Top1,1,Low Confidence
379,481,[8680],8680,745.3788,8.2,0,0,0,0,0,0,0,0,0,0,0,0,0,0,0,0,0,0,0,0,0,0,0,0,0,0,0,0,0,0,0,0,0,0,0,0,0,0,0,0,0,0,0,0,0,0,0,0,0,0,2739116.02,1804048.735,0,711104.7271,0,0,7,6,D,C40H56O13,possibly undescribed,none,[M+H]+,none,13,"1,2-en-3-one","5-ol-6,7-ene","9,13,14-orthoester",no C-12,no C-18,others,others,1,C20,C20*1,dodecatrienoyl(0.02),none,A1,B3,C1,none,none,none,none,,,,,,A1B3C1,OCC1=CC2C3OC4OC3(C(=C)C)CC(C)C2(O4)C2C=C(C)C(=O)C2(O)C1O,PD00000041,C21H26O7,390.432,Top1,1,Low Confidence
380,496,[5258],5258,619.2538,8.2,0,0,0,0,0,0,0,0,0,0,0,375426.774,0,0,0,0,0,0,0,0,0,0,0,0,0,0,0,0,0,0,0,0,0,0,0,0,0,0,0,0,0,0,0,0,0,0,0,0,0,0,0,0,0,0,0,0,7,0,D,C35H38O10,possibly undescribed,none,[M+H]+,none,17,"1,2-en-3-one","5-ol-6,7-ene","9,13,14-orthoester",with C-12,no C-18,others,others,3,"C2,C11",C2*2+C11*1,"benzoyl(0.05),octadecatrienoyl(0.03)",acyl,A1,B3,C2,none,R1,none,none,,,,,,A1B3C2,OCC1=CC2C3OC4(C)OC3(C(=C)C)C(O)C(C)C2(O4)C2C=C(C)C(=O)C2(O)C1O,PD00009965,C22H28O8,420.458,Top1,1,Low Confidence
381,755,[10778],10778,585.3408,8.2,0,0,0,0,0,0,0,0,0,0,0,0,0,0,0,0,0,0,0,0,0,0,0,0,0,0,0,0,0,0,0,0,0,0,0,0,0,0,0,0,0,0,0,0,0,0,0,0,0,0,11300000,0,0,0,0,0,11,13,MD,C34H48O8,possibly undescribed,none,[M+H]+,none,11,1-alkyl-3-one,"5-ol-6,7-epoxy","9,13,14-orthoester",no C-12,no C-18,others,C9 ring with no substituent,1,C5,C5*1,others,2-methylbutyryl,A6,B1,C1,M1,R4,none,none,none,none,none,none,none,A6B1C1M1,,,,0,Top5,0.234,Low Confidence
382,802,[3535],3535,1028.4278,8.2,0,0,0,2911384.042,0,0,0,0,0,0,0,0,28800000,4388356.492,0,0,0,0,0,0,17600000,9479773.293,0,0,0,0,0,0,0,0,0,0,0,0,9883264.516,0,10100000,4541094.945,0,0,0,0,0,2256942.789,0,0,0,0,0,0,0,0,0,0,0,0,15,16,MD,C55H65O18N1,possibly known,(DA57)std_daphneodorin B,[M+NH4]+,none,24,1-alkyl-2-ol-3-one,"5-ol-6,7-epoxy","9,13,14-orthoester",no C-12,no C-18,others,C9 ring with no substituent,7,"C2,C4,C7",C2*4+C7*2+C4*1,"acyl(0.30),benzoyl(0.39),benzoyl(1.90)","acyl,acyl,acyl,acyl,benzoyl,benzoyl,isobutyryl",A7,B1,C1,M1,R1,R1,R1,R1,R92,R92,R3,none,A7B1C1M1,,,,0,Top6,0.827,Low Confidence
383,19,"[9652,9662]",9652,622.322,8.3,0,0,0,0,0,0,0,0,0,0,0,0,0,0,0,0,0,0,0,0,0,0,0,0,0,0,0,0,11900000,15100000,0,0,0,0,0,0,0,0,0,0,0,0,0,0,0,0,0,0,0,0,0,0,0,0,0,0,0,24,MD,C32H47O11N1,possibly undescribed,none,[M+NH4]+,"9652, 9662",10,bicyclo [2.2.1] heptane ring,"5-ol-6,7-epoxy","9,13,14-orthoester",no C-12,no C-18,others,C10 ring with no substituent,1,C2,C2*1,"acyl(0.64),benzoyl(0.08)",acyl,A11,B1,C1,M2,R1,none,none,none,none,none,none,none,A11B1C1M2,CC(=O)OCC12OC1C1C3OC45CCCCCCCC(C)C6C(C7(OC6(C)OC7=O)C2O)C1(O4)C(C)CC3(C(=C)C)O5,PD01137011,C32H44O10,588.694,Top1,1,High Confidence
384,58,[777],777,451.211,8.3,0,0,0,261978.9418,0,0,0,0,0,0,174465.084,465596.2257,0,0,0,0,344340.5699,0,0,0,0,0,0,0,17400000,0,1962643.99,0,0,0,0,0,0,0,0,0,0,0,0,0,0,0,0,0,0,0,1589278.359,0,0,0,0,0,0,0,0,0,7,0,D,C27H30O6,possibly undescribed,none,[M+H]+,none,13,"1,2-en-3-one","5-ol-6,7-epoxy","9,13,14-orthoester",no C-12,no C-18,others,others,1,C7,C7*1,"benzoyl(0.05),benzoyl(0.48)",benzoyl,A1,B1,C1,none,R92,none,none,,,,,,A1B1C1,OCC12OC1C1C3OC4(c6ccccc6)OC3(C(=C)C)CC(C)C1(O4)C1C=C(C)C(=O)C1(O)C2O,PD00007656,C27H30O8,482.529,Top2,0.996,Low Confidence
385,172,[3599],3599,549.3058,8.3,0,0,0,0,0,0,0,0,0,0,0,0,6894114.267,0,0,144183.0505,0,0,0,0,0,0,0,0,0,0,0,6047778.576,601339.6347,702329.4457,0,0,0,0,0,0,0,1183633.948,0,0,0,0,0,0,0,0,0,0,0,0,0,0,0,0,0,0,12,0,D,C30H44O9,possibly undescribed,none,[M+H]+,none,9,"1,2-en-3-one","5-ol-6,7-epoxy","9,13,14-orthoester",no C-12,no C-18,"2,4-olefinic",others,1,C10,C10*1,"decanoyl(0.14),decatrienoyl(0.05)",decanoyl,A1,B1,C1,none,R9,none,none,,,,,,A1B1C1,OCC12OC1C1C3OC4(CCCCCCCCC)OC3(C(=C)C)CC(C)C1(O4)C1C=C(C)C(=O)C1(O)C2O,PD00007573,C30H44O8,532.674,Top1,1,Low Confidence
386,235,[6196],6196,633.364,8.3,0,0,0,0,0,0,0,0,0,0,0,0,0,0,0,0,0,0,0,0,0,0,0,0,0,0,0,0,0,0,0,0,0,0,0,0,0,774487.9299,0,0,0,0,0,0,0,0,0,0,0,229319.4126,0,0,0,0,0,0,6,0,D,C35H52O10,possibly undescribed,none,[M+H]+,none,10,"1,2-en-3-one","5-ol-6,7-epoxy","9,13,14-orthoester",no C-12,no C-18,others,others,1,C15,C15*1,others,none,A1,B1,C1,none,none,none,none,,,,,,A1B1C1,OCC12OC1C1C3OC4OC3(C(=C)C)CC(C)C1(O4)C1C=C(C)C(=O)C1(O)C2O,PD00000001,C21H26O8,406.431,Top1,1,Low Confidence
387,370,[3277],3277,895.3162,8.3,0,311399.3947,0,0,0,0,0,0,0,0,0,0,0,0,0,0,0,0,6336282.544,1427306.683,0,0,0,0,0,0,0,0,0,0,0,0,0,0,0,0,0,0,0,0,0,0,0,0,0,0,0,0,0,0,0,0,0,0,0,0,7,0,D,C49H50O16,possibly undescribed,none,[M+H]+,none,25,"1,2-en-3-one","5-ol-6,7-epoxy","9,13,14-orthoester",with C-12,no C-18,others,others,3,"C7,C11",C7*1+C11*2,"feruloyl(0.03),decatrienoyl(0.31)",benzoyl,A1,B1,C2,none,R92,none,none,,,,,,A1B1C2,OCC12OC1C1C3OC4(c6ccccc6)OC3(C(=C)C)C(O)C(C)C1(O4)C1C=C(C)C(=O)C1(O)C2O,PD00008136,C27H30O9,498.528,Top1,1,Low Confidence
388,605,[720],720,659.2834,8.3,0,0,0,0,0,0,0,0,0,0,0,0,0,0,0,0,0,0,0,0,0,0,0,0,0,0,9029897.379,0,0,0,0,0,0,0,0,0,0,0,0,0,0,0,0,0,0,0,0,0,0,0,0,0,0,0,0,0,14,0,D,C38H42O10,possibly undescribed,none,[M+H]+,none,18,"1,2-dihydro-3-ol","5-ol-6,7-epoxy","9,13,14-orthoester",no C-12,no C-18,others,others,2,"C7,C11",C7*1+C11*1,benzoyl(0.12),"benzoyl,benzoyl",A4,B1,C1,none,R92,R92,none,,,,,,A4B1C1,OCC12OC1C1C3OC4(c6ccccc6)OC3(C(=C)C)CC(C)C1(O4)C1CC(C)C(OC(=O)c7ccccc7)C1(O)C2O,PD00022622,C34H38O9,590.669,Top2,0.953,Low Confidence
389,620,[1274],1274,649.3008,8.3,1544260.295,315453.9558,0,1467091.502,0,0,1016866.39,2020765.07,695619.4701,0,1656613.77,7029365.645,0,182935.952,0,0,0,0,0,0,1511087.865,167038.6435,0,0,1378553.555,0,0,0,0,0,0,0,538727.7757,0,0,0,0,0,0,0,2229096.975,0,0,0,0,0,0,0,0,0,0,0,0,0,0,0,17,0,D,C37H44O10,possibly undescribed,(DA18)std_yuanhuacine isomer,[M+H]+,none,16,"1,2-dihydro-3-ol","5-ol-6,7-epoxy","9,13,14-orthoester",no C-12,no C-18,others,others,2,"C7,C10",C10*1+C7*1,"benzoyl(0.04),8-9-epoxy-2-4-6-decatrienoyl(1.60)","benzoyl,8-9-epoxy-2-4-6-decatrienoyl",A4,B1,C1,none,R92,R61,none,,,,,,A4B1C1,OCC12OC1C1C3OC4(C=CC=CC=CC6OC6C)OC3(C(=C)C)CC(C)C1(O4)C1CC(C)C(OC(=O)c7ccccc7)C1(O)C2O,PD00022002,C37H44O10,648.749,Top1,1,High Confidence
390,709,[59],59,609.2694,8.3,2312444.952,0,0,972312.8597,288477.3457,0,1695859.399,943611.9031,0,235473.0308,0,1332356.329,0,1317913.832,0,802368.8654,531652.1546,0,0,235136.5099,0,0,0,11400000,25200000,0,105000000,0,358700.9614,0,0,1265943.652,6810585.134,0,14400000,0,0,0,0,0,61600000,34900000,0,0,7339402.005,0,43300000,0,0,0,0,0,0,0,0,0,6,0,D,C34H40O10,possibly known,(DA12)std_genkwanine H,[M+H]+,none,15,"1,2-dihydro-3-ol","5-ol-6,7-ene","9,13,14-orthoester",no C-12,no C-18,others,others,2,C7,C7*2,benzoyl(0.10),"benzoyl,benzoyl",A4,B3,C1,none,R92,R92,none,,,,,,A4B3C1,OCC1=CC2C3OC4(c6ccccc6)OC3(C(=C)C)CC(C)C2(O4)C2CC(C)C(OC(=O)c7ccccc7)C2(O)C1O,PD00059870,C34H38O8,574.67,Top1,1,Low Confidence
391,55,[687],687,622.2999,8.4,0,0,0,0,0,0,0,0,0,0,0,0,0,0,0,0,0,0,0,0,0,0,0,0,0,0,11900000,0,0,0,0,0,598766.4211,0,1128850.68,0,0,0,0,0,0,0,0,0,1441448.242,0,15200000,0,0,0,0,0,0,0,0,0,6,0,D,C35H43O9N1,possibly known,(DA07)std_genkwanine N,[M+NH4]+,none,15,"1,2-en-3-one","5-ol-6,7-epoxy","9,13,14-orthoester",no C-12,no C-18,others,others,3,"C2,C11",C2*2+C11*1,"benzoyl(0.57),feruloyl(1.50),benzoyl(1.60)",acyl,A1,B1,C1,none,R1,none,none,,,,,,A1B1C1,OCC12OC1C1C3OC4(C)OC3(C(=C)C)CC(C)C1(O4)C1C=C(C)C(=O)C1(O)C2O,PD00007565,C22H28O8,420.458,Top2,0.206,Low Confidence
392,57,[760],760,636.3165,8.4,0,0,0,0,0,0,0,0,0,0,0,0,0,0,0,0,151649.2459,0,0,0,0,0,0,0,0,0,2741980.494,0,0,0,0,0,0,0,0,0,0,0,0,0,0,0,0,0,1235459.699,0,21800000,0,0,0,0,0,0,0,0,0,6,0,D,C36H45O9N1,possibly undescribed,none,[M+NH4]+,none,15,"1,2-en-3-one","5-ol-6,7-epoxy","9,13,14-orthoester",no C-12,no C-18,"2,4-olefinic",others,2,"C7,C9",C9*1+C7*1,"benzoyl(0.38),feruloyl(0.77),benzoyl(0.81)","benzoyl,benzoyl",A1,B1,C1,none,R92,R92,none,,,,,,A1B1C1,c7ccccc7C(=O)OCC12OC1C1C3OC4(c6ccccc6)OC3(C(=C)C)CC(C)C1(O4)C1C=C(C)C(=O)C1(O)C2O,PD00269390,C34H34O9,586.637,Top2,0.227,Low Confidence
393,602,[608],608,617.2747,8.4,1291143.553,0,0,0,0,0,0,0,0,0,406534.2687,0,0,0,0,0,0,0,0,0,399459.0053,0,0,284803.9365,0,0,15800000,0,0,0,0,0,256460.4055,0,218701.8842,0,0,0,0,0,173932.6435,0,536760.9541,0,0,0,0,0,0,0,0,0,0,0,0,0,6,0,D,C36H40O9,possibly known,acutilonine G,[M+H]+,none,17,"1,2-dihydro-3-ol","5-ol-6,7-epoxy","9,13,14-orthoester",no C-12,no C-18,others,others,2,"C7,C9",C9*1+C7*1,"cinnamoyl(0.03),cinnamoyl(0.46)","benzoyl,cinnamoyl",A4,B1,C1,none,R92,R93,none,,,,,,A4B1C1,OCC12OC1C1C3OC4(c6ccccc6)OC3(C(=C)C)CC(C)C1(O4)C1CC(C)C(OC(=O)C=Cc7ccccc7)C1(O)C2O,PD00022623,C36H40O9,616.707,Top1,1,High Confidence
394,611,[847],847,653.3316,8.4,4436946.458,213161.4227,0,5574841.049,0,0,679319.6811,2166241.423,1290884.131,0,2757890.625,6224255.411,604582.525,0,0,0,394965.6441,0,0,0,0,0,0,0,8606342.334,0,570473.995,0,0,0,0,0,0,0,0,0,0,330795.224,0,0,4950890.729,1068382.225,0,0,0,0,2019435.179,0,0,0,0,0,0,0,0,0,12,0,D,C37H48O10,possibly undescribed,(DA19)std_daphneodorin H isomer,[M+H]+,none,14,"1,2-dihydro-3-ol","5-ol-6,7-epoxy","9,13,14-orthoester",no C-12,no C-18,others,others,1,C17,C17*1,"benzoyl(0.11),feruloyl(0.07),decatrienoyl(2.90),8-methoxy-9-hydroxy-2-4-6-dodecatrienoyl(0.02)",none,A4,B1,C1,none,none,none,none,,,,,,A4B1C1,OCC12OC1C1C3OC4OC3(C(=C)C)CC(C)C1(O4)C1CC(C)C(O)C1(O)C2O,PD00000004,C21H30O8,410.463,Top1,1,Low Confidence
395,786,[6182],6182,1028.4269,8.4,0,0,0,0,0,0,0,0,0,0,0,0,0,0,0,0,0,0,5248358.269,4138890.136,0,0,0,0,0,2085594.519,0,0,0,0,0,0,0,0,0,0,191517.1646,297737.7965,0,0,0,0,0,0,0,0,0,0,0,0,0,0,0,0,0,0,0,12,MD,C55H65O18N1,possibly known,(DA57)std_daphneodorin B,[M+NH4]+,none,24,1-alkyl-3-one,"5-ol-6,7-epoxy","9,13,14-orthoester",no C-12,no C-18,others,C10 ring with three substituents and a hydroxyl group,4,"C4,C7",C7*3+C4*1,"acyl(0.04),benzoyl(0.06),benzoyl(0.31)","benzoyl,benzoyl,benzoyl,isobutyryl",A6,B1,C1,M6,R92,R92,R92,R3,none,none,none,none,A6B1C1M6,,,,0,Top2,0.967,Low Confidence
396,810,[699],699,739.3676,8.4,0,0,0,0,0,0,0,0,0,0,0,0,0,0,0,0,0,0,0,0,0,0,0,0,0,0,6083347.835,0,3301313.284,0,0,0,0,0,0,0,0,0,0,0,0,0,0,0,0,0,0,0,0,0,0,0,0,0,0,0,6,20,MD,C41H54O12,possibly undescribed,none,[M+H]+,none,15,1-alkyl-3-ol,"5-ol-6,7-epoxy","9,13,14-orthoester",no C-12,no C-18,others,C9 ring with no substituent,4,"C2,C4",C2*2+C4*2,"acyl(0.04),cinnamoyl(1.10)","acyl,acyl,isobutyryl,isobutyryl",A8,B1,C1,M1,R1,R1,R3,R3,none,none,none,none,A8B1C1M1,,,,0,Top1,1,Low Confidence
397,9,"[3521,3568]",3521,806.3735,8.5,0,0,0,0,0,0,0,0,0,0,0,0,122000000,0,0,0,0,0,0,0,0,0,0,0,0,0,0,0,0,0,0,0,0,0,0,0,0,0,0,0,0,0,0,0,0,0,0,0,0,0,0,0,0,0,0,0,0,8,MD,C44H55O13N1,possibly undescribed,none,[M+NH4]+,"3521, 3568",18,bicyclo [2.2.1] heptane ring,"5-ol-6,7-epoxy","9,13,14-orthoester",no C-12,no C-18,others,C9 ring with no substituent,3,"C4,C7",C7*1+C4*2,"benzoyl(0.30),benzoyl(0.06)","benzoyl,isobutyryl,isobutyryl",A11,B1,C1,M1,R92,R3,R3,none,none,none,none,none,A11B1C1M1,,,,0,Top1,1,Low Confidence
398,11,[3549],3549,578.332,8.5,0,0,0,0,0,0,0,0,0,0,0,0,18700000,0,0,0,0,0,0,0,0,0,0,0,0,0,0,0,5934792.842,18400000,0,0,0,0,0,0,0,0,0,0,0,0,0,0,0,0,0,0,0,0,0,0,0,0,0,0,0,11,MD,C31H47O9N1,possibly known,(DA33)std_pimelotide C,[M+NH4]+,none,9,bicyclo [2.2.1] heptane ring,"5-ol-6,7-epoxy","9,13,14-orthoester",no C-12,no C-18,others,C9 ring with no substituent,1,C2,C2*1,others,acyl,A11,B1,C1,M1,R1,none,none,none,none,none,none,none,A11B1C1M1,CC(=O)OCC12OC1C1C3OC45CCCCCCCCC6C(C7(OC6(C)OC7=O)C2O)C1(O4)C(C)CC3(C(=C)C)O5,PD01137005,C31H42O10,574.667,Top1,1,Low Confidence
399,16,[3537],3537,564.3166,8.5,0,0,0,0,0,0,0,0,0,0,0,0,28400000,0,0,0,0,0,0,0,0,0,0,0,0,0,0,0,13900000,45900000,0,0,0,0,0,0,0,241233.7167,0,0,0,0,0,0,0,0,0,0,0,0,0,0,0,0,0,0,0,10,MD,C30H45O9N1,possibly known,(DA33)std_pimelotide C,[M+NH4]+,none,9,bicyclo [2.2.1] heptane ring,"5-ol-6,7-epoxy","9,13,14-orthoester",no C-12,no C-18,others,C10 ring with no substituent,0,others,,others,none,A11,B1,C1,M2,none,none,none,none,none,none,none,none,A11B1C1M2,OCC12OC1C1C3OC45CCCCCCCC(C)C6C(C7(OC6(C)OC7=O)C2O)C1(O4)C(C)CC3(C(=C)C)O5,PD01122534,C30H42O9,546.657,Top1,1,High Confidence
400,266,[8943],8943,696.3007,8.5,0,0,0,0,0,0,0,0,0,0,0,0,0,0,0,0,0,0,8880395.645,0,0,0,0,0,0,0,0,0,0,0,0,0,0,0,0,0,0,0,0,0,0,0,0,0,0,0,0,0,0,0,0,0,0,0,0,0,15,0,D,C37H45O12N1,possibly undescribed,none,[M+NH4]+,none,16,"1,2-en-3-one","5-ol-6,7-epoxy","9,13,14-orthoester",no C-12,no C-18,"2,4-olefinic",others,2,"C7,C10",C10*1+C7*1,benzoyl(0.51),"benzoyl,benzoyl",A1,B1,C1,none,R92,R92,none,,,,,,A1B1C1,c7ccccc7C(=O)OCC12OC1C1C3OC4(c6ccccc6)OC3(C(=C)C)CC(C)C1(O4)C1C=C(C)C(=O)C1(O)C2O,PD00269390,C34H34O9,586.637,Top3,0.465,Low Confidence
401,273,[9682],9682,587.2854,8.5,0,0,0,0,0,0,0,0,0,0,0,0,0,0,0,0,0,0,0,0,0,0,0,0,0,0,0,0,6139114.029,6549471.829,0,0,0,0,0,0,0,0,0,0,0,0,0,0,0,0,0,0,0,0,0,0,0,0,0,0,18,0,D,C32H42O10,possibly known,"yuanhuadine (yuanhuadin, synaptolepis factor K4), isoyuanhuadine (isoyuanhuadin), yuanhuamine A, tianchaterpene D",[M+H]+,none,12,"1,2-en-3-one","5-ol-6,7-epoxy","9,13,14-orthoester",no C-12,no C-18,"2,4-olefinic",others,1,C12,C12*1,"acyl(0.02),decadienoyl(0.40),tetradecadienoyl(0.07)",none,A1,B1,C1,none,none,none,none,,,,,,A1B1C1,OCC12OC1C1C3OC4OC3(C(=C)C)CC(C)C1(O4)C1C=C(C)C(=O)C1(O)C2O,PD00000001,C21H26O8,406.431,Top4,0.825,Low Confidence
402,303,[11858],11858,637.3376,8.5,0,0,0,0,0,0,0,0,0,0,0,0,0,0,0,0,0,0,0,0,0,0,0,0,3723898.36,0,0,0,0,0,0,0,0,0,0,0,0,0,0,0,0,0,0,0,0,0,0,0,0,0,0,0,0,0,0,0,6,0,D,C37H48O9,possibly known,wikstroemia factor M1/M2,[M+H]+,none,14,"1,2-en-3-one","5-ol-6,7-epoxy","9,13,14-orthoester",no C-12,no C-18,others,others,1,C17,C17*1,"benzoyl(0.20),feruloyl(0.02),decadienoyl(0.29),4-oxo-2-decenoyl(0.29)",none,A1,B1,C1,none,none,none,none,,,,,,A1B1C1,OCC12OC1C1C3OC4OC3(C(=C)C)CC(C)C1(O4)C1C=C(C)C(=O)C1(O)C2O,PD00000001,C21H26O8,406.431,Top2,0.945,Low Confidence
403,438,[9048],9048,710.3166,8.5,0,0,0,0,0,0,0,0,0,0,0,0,0,0,0,0,0,0,2236815.742,0,0,0,0,0,0,0,0,0,0,0,0,0,0,0,0,0,0,0,0,0,0,0,0,0,0,0,0,0,0,0,0,0,0,0,0,0,11,0,D,C38H47O12N1,possibly undescribed,none,[M+NH4]+,none,16,"1,2-en-3-one","5-ol-6,7-epoxy","9,13,14-orthoester",with C-12,no C-18,others,others,2,"C7,C11",C7*1+C11*1,benzoyl(0.07),"benzoyl,benzoyl",A1,B1,C2,none,R92,R92,none,,,,,,A1B1C2,OCC12OC1C1C3OC4(c6ccccc6)OC3(C(=C)C)C(OC(=O)c7ccccc7)C(C)C1(O4)C1C=C(C)C(=O)C1(O)C2O,PD00129710,C34H34O10,602.636,Top1,1,Low Confidence
404,555,[683],683,659.2835,8.5,0,0,0,0,0,0,0,0,0,0,0,0,0,0,0,0,0,0,0,0,0,0,0,0,0,0,12700000,0,0,0,0,0,0,0,0,0,0,0,0,0,0,0,0,0,0,0,0,0,0,0,0,0,0,0,0,0,13,0,D,C38H42O10,possibly undescribed,none,[M+H]+,none,18,"1,2-en-3-ol","5-ol-6,7-epoxy","9,13,14-orthoester",no C-12,no C-18,others,others,2,"C7,C11",C7*1+C11*1,"benzoyl(0.03),feruloyl(0.03),5-pheny-2-4-pentadienoyl(0.93)","benzoyl,5-pheny-2-4-pentadienoyl",A3,B1,C1,none,R92,R96,none,,,,,,A3B1C1,OCC12OC1C1C3OC4(c6ccccc6)OC3(C(=C)C)CC(C)C1(O4)C1C=C(C)C(OC(=O)C=CC=Cc7ccccc7)C1(O)C2O,PD00017970,C38H40O9,640.729,Top1,1,Low Confidence
405,562,[1445],1445,591.2588,8.5,3734323.515,0,183690.3808,947959.0112,923891.8721,0,314343.2484,751374.2416,0,0,0,713502.6571,0,1128892.586,0,1638440.224,2156167.164,0,0,0,0,0,0,0,84600000,0,0,0,0,0,0,2175291.961,0,0,0,0,0,0,0,0,0,0,225154.7436,0,17300000,0,0,0,0,0,0,0,0,0,0,0,6,0,D,C34H38O9,possibly known,"(DA08)std_genkwanine M, (DA07)std_genkwanine N",[M+H]+,none,16,"1,2-en-3-ol","5-ol-6,7-epoxy","9,13,14-orthoester",no C-12,no C-18,"2,4-olefinic",others,2,C7,C7*2,"benzoyl(0.13),feruloyl(0.97),benzoyl(1.70)","benzoyl,benzoyl",A3,B1,C1,none,R92,R92,none,,,,,,A3B1C1,OCC12OC1C1C3OC4(c6ccccc6)OC3(C(=C)C)CC(C)C1(O4)C1C=C(C)C(OC(=O)c7ccccc7)C1(O)C2O,PD00017966,C34H36O9,588.653,Top2,0.224,Low Confidence
406,610,[800],800,635.2835,8.5,185838.4112,0,0,0,0,0,0,0,0,0,396583.9966,0,0,0,0,0,0,0,0,0,0,0,0,0,0,0,631677.3558,0,0,0,0,0,0,0,0,0,0,0,0,0,0,0,0,0,0,0,0,0,0,0,0,0,0,0,0,0,6,0,D,C36H42O10,possibly undescribed,none,[M+H]+,none,16,"1,2-dihydro-3-ol","5-ol-6,7-epoxy","9,13,14-orthoester",no C-12,no C-18,others,others,2,"C7,C9",C9*1+C7*1,"benzoyl(0.07),feruloyl(0.13),benzoyl(0.24)","benzoyl,benzoyl",A4,B1,C1,none,R92,R92,none,,,,,,A4B1C1,OCC12OC1C1C3OC4(c6ccccc6)OC3(C(=C)C)CC(C)C1(O4)C1CC(C)C(OC(=O)c7ccccc7)C1(O)C2O,PD00022622,C34H38O9,590.669,Top1,1,Low Confidence
407,775,[9704],9704,591.3165,8.5,0,0,0,0,0,0,0,0,0,0,0,0,0,0,0,0,0,0,0,0,0,0,0,0,0,0,0,0,3090258.67,2130475.36,0,0,0,0,0,0,0,0,0,0,0,0,0,0,0,0,0,0,0,0,0,0,0,0,0,0,0,10,MD,C32H46O10,possibly undescribed,none,[M+H]+,none,10,1-alkyl-3-one,"5-ol-6,7-epoxy","9,13,14-orthoester",no C-12,no C-18,others,C10 ring with no substituent,1,C2,C2*1,acyl(0.04),acyl,A6,B1,C1,M2,R1,none,none,none,none,none,none,none,A6B1C1M2,CC(=O)OCC12OC1C1C3OC45CCCCCCCC(C)C6C(C)C(=O)C(O)(C2O)C6C1(O4)C(C)CC3(C(=C)C)O5,PD01130549,C32H46O9,574.711,Top1,1,High Confidence
408,777,[10090],10090,984.4366,8.5,0,0,0,0,0,0,0,0,0,0,0,0,0,0,0,0,0,0,0,0,0,0,0,0,0,0,0,0,0,0,0,0,0,0,0,0,0,0,0,0,0,0,0,0,0,0,0,1172432.166,0,0,0,0,0,0,0,0,0,6,MD,C54H65O16N1,possibly undescribed,(DA56)std_daphneodorin A isomer,[M+NH4]+,none,23,1-alkyl-3-one,"5-ol-6,7-epoxy","9,13,14-orthoester",no C-12,no C-18,others,C10 ring with no substituent,5,"C2,C4,C7",C2*1+C7*2+C4*2,"benzoyl(0.03),benzoyl(0.15)","acyl,benzoyl,benzoyl,isobutyryl,isobutyryl",A6,B1,C1,M2,R1,R92,R92,R3,R3,none,none,none,A6B1C1M2,,,,0,Top1,1,Low Confidence
409,13,"[9649,9650]",9649,622.3221,8.6,0,0,0,0,0,0,0,0,0,0,0,0,0,0,0,0,0,0,0,0,0,0,0,0,0,0,0,0,20400000,27400000,0,0,0,0,0,0,0,0,0,0,0,0,0,0,0,0,0,0,0,0,0,0,0,0,0,0,0,18,MD,C32H47O11N1,possibly undescribed,none,[M+NH4]+,"9649, 9650",10,bicyclo [2.2.1] heptane ring,"5-ol-6,7-epoxy","9,13,14-orthoester",no C-12,no C-18,others,C9 ring with no substituent,0,others,,"acyl(0.59),benzoyl(0.20),pentanoyl/2-methylbutyryl(0.02)",none,A11,B1,C1,M1,none,none,none,none,none,none,none,none,A11B1C1M1,OCC12OC1C1C3OC45CCCCCCCCC6C(C7(OC6(C)OC7=O)C2O)C1(O4)C(C)CC3(C(=C)C)O5,PD01122533,C29H40O9,532.63,Top1,1,Low Confidence
410,30,[3524],3524,547.29,8.6,0,0,0,0,0,0,0,0,0,0,0,0,64000000,0,0,0,0,0,0,0,0,0,0,0,0,0,0,0,24000000,78300000,0,0,0,0,649241.59,0,0,1143121.143,0,0,0,0,0,0,0,0,0,0,0,0,0,0,0,0,0,0,6,25,MD,C30H42O9,possibly known,(DA33)std_pimelotide C,[M+H]+,7993524,10,bicyclo [2.2.1] heptane ring,"5-ol-6,7-epoxy","9,13,14-orthoester",no C-12,with C-18,others,C10 ring with no substituent,0,others,,others,none,A11,B1,C5,M2,none,none,none,none,none,none,none,none,A11B1C5M2,OCC12OC1C1C3OC45CCCCCCCC(C)C6C(C7(OC6(C)OC7=O)C2O)C1(O4)C(CO)CC3(C(=C)C)O5,PD01122552,C30H42O10,562.656,Top1,1,Low Confidence
411,66,[981],981,527.264,8.6,88900000,440000000,1231400.822,0,0,3066140.036,18000000,32700000,1458325.632,0,132000000,8841847.214,284801.7427,16100000,0,0,0,0,0,0,0,0,0,0,0,0,0,0,55000000,410000000,0,0,0,0,5464374.756,0,0,226875.5947,0,0,0,0,0,0,0,0,0,0,0,0,0,0,0,0,721189.8626,0,8,0,D,C30H38O8,possibly known,"yuahuagine (yuanhuagin), excoecaria factor O1",[M+H]+,none,12,"1,2-en-3-one","5-ol-6,7-epoxy","9,13,14-orthoester",no C-12,no C-18,others,others,1,C10,C10*1,octatrienoyl(0.09),none,A1,B1,C1,none,none,none,none,,,,,,A1B1C1,OCC12OC1C1C3OC4OC3(C(=C)C)CC(C)C1(O4)C1C=C(C)C(=O)C1(O)C2O,PD00000001,C21H26O8,406.431,Top1,1,Low Confidence
412,220,[5486],5486,313.1795,8.6,0,0,0,0,0,25400000,0,0,0,0,0,0,0,0,0,0,0,0,0,0,0,0,0,0,0,0,0,0,0,0,0,0,0,0,0,0,0,0,0,0,0,0,0,0,0,0,0,0,0,0,0,0,0,0,0,0,6,0,D,C20H24O3,possibly undescribed,none,[M+H]+,none,9,"1,2-en-3-one","5-ol-6,7-epoxy","9,13,14-orthoester",no C-12,no C-18,"2,4-olefinic",others,1,C0,C0*1,"nonadienoyl(0.10),octadecatrienoyl(0.20)",none,A1,B1,C1,none,none,none,none,,,,,,A1B1C1,OCC12OC1C1C3OC4OC3(C(=C)C)CC(C)C1(O4)C1C=C(C)C(=O)C1(O)C2O,PD00000001,C21H26O8,406.431,Top1,1,Low Confidence
413,247,[8164],8164,638.3893,8.6,0,0,0,0,0,0,0,0,0,0,0,0,0,0,0,0,0,0,0,0,0,0,0,0,0,0,0,0,0,636036.7698,0,0,0,0,0,0,0,0,0,0,0,0,0,0,0,0,0,0,0,549395.448,0,0,0,0,0,2148543.938,8,0,D,C34H55O10N1,possibly known,stelleralide J,[M+NH4]+,none,8,"1,2-en-3-one","5-ol-6,7-epoxy","9,13,14-orthoester",no C-12,no C-18,others,others,1,C14,C14*1,"butenoyl(0.03),tetradecadienoyl(0.33),4-oxo-2-tetradecenoyl(0.33)",tetradecadienoyl,A1,B1,C1,none,R41,none,none,,,,,,A1B1C1,OCC12OC1C1C3OC4(C=CC=CCCCCCCCCC)OC3(C(=C)C)CC(C)C1(O4)C1C=C(C)C(=O)C1(O)C2O,PD00007605,C34H48O8,584.75,Top3,0.789,Low Confidence
414,494,[4937],4937,489.2851,8.6,0,0,0,0,0,0,0,0,0,0,0,0,0,0,0,531969.082,0,0,0,0,0,0,0,0,0,0,0,0,0,0,0,869118.2117,2330791.637,0,0,0,0,0,0,0,0,0,0,0,0,0,0,0,0,0,0,0,0,0,0,0,8,0,D,C28H40O7,possibly undescribed,none,[M+H]+,none,9,"1,2-en-3-one","5-ol-6,7-ene","9,13,14-orthoester",with C-12,no C-18,others,others,0,others,,decatrienoyl(0.02),none,A1,B3,C2,none,none,none,none,,,,,,A1B3C2,OCC1=CC2C3OC4OC3(C(=C)C)CC(C)C2(O4)C2C=C(C)C(=O)C2(O)C1O,PD00000046,C21H26O7,390.432,Top1,1,Low Confidence
415,612,[857],857,649.3007,8.6,0,0,0,382871.8865,0,0,0,0,0,0,160837.3647,0,0,0,0,0,0,0,0,0,0,0,0,0,0,0,519051.6746,0,0,0,0,0,520997.9887,0,0,0,0,0,0,0,1010720.728,0,0,0,0,0,0,0,0,0,0,0,0,0,0,0,6,0,D,C37H44O10,possibly undescribed,(DA18)std_yuanhuacine isomer,[M+H]+,none,16,"1,2-dihydro-3-ol","5-ol-6,7-epoxy","9,13,14-orthoester",no C-12,no C-18,others,others,2,"C7,C10",C10*1+C7*1,8-9-epoxy-2-4-6-decatrienoyl(0.05),"benzoyl,8-9-epoxy-2-4-6-decatrienoyl",A4,B1,C1,none,R92,R61,none,,,,,,A4B1C1,OCC12OC1C1C3OC4(C=CC=CC=CC6OC6C)OC3(C(=C)C)CC(C)C1(O4)C1CC(C)C(OC(=O)c7ccccc7)C1(O)C2O,PD00022002,C37H44O10,648.749,Top1,1,High Confidence
416,799,[799],799,669.3264,8.6,0,0,0,0,0,0,0,0,0,0,0,454057.007,24100000,0,0,179185.2095,0,0,0,0,0,0,0,0,0,0,2183258.222,0,1827945.691,3298309.93,0,0,0,0,0,0,0,0,0,0,0,0,0,0,0,0,0,0,0,0,0,0,0,0,0,2702798.457,19,28,MD,C37H48O11,possibly undescribed,(DA45)std_daphnepedunin D isomer,[M+H]+,7993524,14,1-alkyl-3-one,"5-ol-6,7-epoxy","9,13,14-orthoester",no C-12,with C-18,others,C9 ring with no substituent,4,C2,C2*4,"benzoyl(0.19),benzoyl(0.32)","acyl,acyl,acyl,acyl",A6,B1,C5,M1,R1,R1,R1,R1,none,none,none,none,A6B1C5M1,,,,0,Top11,0.896,Low Confidence
417,20,[9666],9666,636.3375,8.7,0,0,0,0,0,0,0,0,0,0,0,0,0,0,0,0,0,0,0,0,0,0,0,0,0,0,0,0,5961324.678,9383919.091,0,0,0,0,0,0,0,0,0,0,0,0,0,0,0,0,0,0,0,0,0,0,0,0,0,0,0,12,MD,C33H49O11N1,possibly undescribed,none,[M+NH4]+,none,10,bicyclo [2.2.1] heptane ring,"5-ol-6,7-epoxy","9,13,14-orthoester",no C-12,no C-18,others,C10 ring with no substituent,0,others,,acyl(0.09),none,A11,B1,C1,M2,none,none,none,none,none,none,none,none,A11B1C1M2,OCC12OC1C1C3OC45CCCCCCCC(C)C6C(C7(OC6(C)OC7=O)C2O)C1(O4)C(C)CC3(C(=C)C)O5,PD01122534,C30H42O9,546.657,Top1,1,Low Confidence
418,36,[19],19,1326.5234,8.7,0,0,0,0,0,0,0,0,0,0,0,0,0,0,0,0,0,0,0,0,0,0,0,18700000,0,0,0,0,0,0,0,0,0,0,0,0,0,0,0,0,0,0,0,0,0,0,0,0,0,0,0,0,0,0,0,0,13,0,D,C76H79O20N1,possibly undescribed,none,[M+NH4]+,none,38,"1,2-en-3-one","5-ol-6,7-epoxy","9,13,14-orthoester",no C-12,no C-18,"2,4-olefinic",others,6,"C7,C10,C11",C10*2+C7*2+C11*2,"benzoyl(0.71),feruloyl(0.77),5-pheny-2-4-pentadienoyl(10.00)","benzoyl,feruloyl,5-pheny-2-4-pentadienoyl",A1,B1,C1,none,R92,R95,R96,,,,,,A1B1C1,,,,0,Top3,0.637,Low Confidence
419,236,"[6231,9658]",6231,603.3521,8.7,0,0,0,0,0,0,0,0,0,0,0,0,0,0,0,0,0,0,0,0,0,0,0,0,0,0,0,0,0,0,0,0,0,0,0,0,0,233579.885,0,0,0,0,0,0,0,0,0,0,194849.1191,5043697.888,0,0,0,0,0,35500000,18,0,D,C34H50O9,possibly known,(DA11)std_wikstroelide M,[M+H]+,"6231, 9658",10,"1,2-en-3-one","5-ol-6,7-epoxy","9,13,14-orthoester",no C-12,no C-18,"2,4-olefinic",others,1,C14,C14*1,"hexadienoyl(0.09),tetradecadienoyl(1.20)",tetradecadienoyl,A1,B1,C1,none,R41,none,none,,,,,,A1B1C1,OCC12OC1C1C3OC4(C=CC=CCCCCCCCCC)OC3(C(=C)C)CC(C)C1(O4)C1C=C(C)C(=O)C1(O)C2O,PD00007605,C34H48O8,584.75,Top1,1,Low Confidence
420,251,[8192],8192,567.3313,8.7,0,0,0,0,0,0,0,0,0,0,0,0,0,0,0,0,0,0,0,0,0,0,0,0,0,0,0,0,9564473.493,6229624.229,0,0,0,0,0,0,0,0,0,0,0,0,0,0,0,0,0,0,0,0,0,0,0,0,0,1143874.075,13,0,D,C34H46O7,possibly undescribed,none,[M+H]+,none,12,"1,2-en-3-one","5-ol-6,7-epoxy","9,13,14-orthoester",no C-12,no C-18,"2,4-olefinic",others,1,C14,C14*1,"butenoyl(0.04),tetradecadienoyl(0.82)",tetradecadienoyl,A1,B1,C1,none,R41,none,none,,,,,,A1B1C1,OCC12OC1C1C3OC4(C=CC=CCCCCCCCCC)OC3(C(=C)C)CC(C)C1(O4)C1C=C(C)C(=O)C1(O)C2O,PD00007605,C34H48O8,584.75,Top1,1,Low Confidence
421,310,[81],81,533.2158,8.7,0,0,0,0,0,0,0,0,0,0,0,0,0,0,0,0,0,0,0,0,0,0,0,7304096.125,0,0,0,0,0,0,0,0,0,0,0,0,0,0,0,0,0,0,0,0,0,0,0,0,0,0,0,0,0,0,0,0,10,0,D,C31H32O8,possibly undescribed,none,[M+H]+,none,16,"1,2-en-3-one","5-ol-6,7-epoxy","9,13,14-orthoester",with C-12,no C-18,others,others,1,C11,C11*1,5-pheny-2-4-pentadienoyl(1.10),5-pheny-2-4-pentadienoyl,A1,B1,C2,none,R96,none,none,,,,,,A1B1C2,OCC12OC1C1C3OC4(C=CC=Cc6ccccc6)OC3(C(=C)C)C(O)C(C)C1(O4)C1C=C(C)C(=O)C1(O)C2O,PD00008140,C31H34O9,550.604,Top1,1,Low Confidence
422,328,[1614],1614,665.2953,8.7,2350386.579,0,0,0,0,0,2044415.848,913877.7842,0,0,16100000,767979.4867,495249.2273,0,0,0,0,0,0,0,551273.5708,521815.2718,0,0,0,0,0,0,0,0,0,0,0,0,0,0,0,0,0,0,0,0,0,0,0,0,0,0,0,0,0,0,0,0,0,0,12,0,D,C37H44O11,possibly known,tanguticanine B,[M+H]+,none,16,"1,2-en-3-one","5-ol-6,7-epoxy","9,13,14-orthoester",with C-12,no C-18,"2,4-olefinic",others,2,"C7,C10",C10*1+C7*1,benzoyl(0.55),"benzoyl,benzoyl",A1,B1,C2,none,R92,R92,none,,,,,,A1B1C2,OCC12OC1C1C3OC4(c6ccccc6)OC3(C(=C)C)C(OC(=O)c7ccccc7)C(C)C1(O4)C1C=C(C)C(=O)C1(O)C2O,PD00129710,C34H34O10,602.636,Top2,0.788,Low Confidence
423,367,[3128],3128,705.2891,8.7,0,667899.8414,0,0,0,0,0,0,0,0,0,0,0,0,0,0,0,0,358411.4015,1429991.19,0,0,0,0,0,0,0,0,0,0,0,0,0,0,0,0,0,0,0,0,0,0,0,0,0,0,0,0,0,0,0,0,0,0,0,0,12,0,D,C39H44O12,possibly undescribed,none,[M+H]+,none,18,"1,2-en-3-one","5-ol-6,7-epoxy","9,13,14-orthoester",with C-12,no C-18,others,others,2,"C9,C10",C9*1+C10*1,cinnamoyl(0.42),"cinnamoyl,cinnamoyl",A1,B1,C2,none,R93,R93,none,,,,,,A1B1C2,OCC12OC1C1C3OC4(C=Cc6ccccc6)OC3(C(=C)C)C(OC(=O)C=Cc7ccccc7)C(C)C1(O4)C1C=C(C)C(=O)C1(O)C2O,PD00129715,C38H38O10,654.712,Top1,1,Low Confidence
424,462,"[1,23]",1,655.2525,8.7,0,0,0,0,0,0,0,0,0,0,0,0,0,0,0,0,0,0,0,0,0,0,0,847000000,0,0,109000000,0,0,0,0,0,0,0,0,0,0,0,0,0,0,0,0,0,0,0,0,0,0,0,0,0,0,0,0,0,15,0,D,C38H38O10,possibly known,(DA20)std_mezerein,[M+H]+,"1, 23",20,"1,2-en-3-one","5-ol-6,7-epoxy","9,13,14-triol",no C-12,no C-18,others,others,2,"C7,C11",C7*1+C11*1,"benzoyl(7.39),feruloyl(2.23),5-pheny-2-4-pentadienoyl(250.00)","benzoyl,5-pheny-2-4-pentadienoyl",A1,B1,C3,none,R92,R96,none,,,,,,A1B1C3,c7ccccc7C=CC=CC(=O)OCC12OC1C1C(OC(=O)c6ccccc6)C(O)(C(=C)C)CC(C)C1(O)C1C=C(C)C(=O)C1(O)C2O,PD00828114,C38H40O10,656.728,Top2,0.741,Low Confidence
425,520,[3696],3696,553.337,8.7,0,0,0,0,0,0,0,0,0,0,0,0,3063220.506,0,0,0,0,0,0,0,0,0,0,0,0,0,0,0,0,0,0,0,0,0,0,0,0,0,0,0,0,0,0,0,0,0,0,0,0,0,0,0,0,0,0,0,10,0,D,C30H48O9,possibly undescribed,none,[M+H]+,none,7,"1,2-dihydro-3-one","5-ol-6,7-epoxy","9,13,14-orthoester",no C-12,no C-18,others,others,1,C10,C10*1,"decanoyl(0.14),decanoyl(0.04)",decanoyl,A2,B1,C1,none,R9,none,none,,,,,,A2B1C1,OCC12OC1C1C3OC4(CCCCCCCCC)OC3(C(=C)C)CC(C)C1(O4)C1CC(C)C(=O)C1(O)C2O,PD00007669,C30H46O8,534.69,Top1,1,Low Confidence
426,729,[408],408,775.368,8.7,0,0,0,0,0,0,0,0,0,0,0,1495694.058,1505133.022,0,0,0,0,0,0,0,0,0,0,710505.5532,0,0,173096.5783,0,0,2892705.153,0,0,0,0,0,0,0,11800000,0,0,0,0,0,0,0,0,0,0,0,0,0,0,0,0,0,0,13,18,MD,C44H54O12,possibly undescribed,"(DA50)std_stelleralide H isomer, (DA51)std_gnidimacrin isomer",[M+H]+,none,18,1-alkyl-3-one,"5-ol-6,7-epoxy","9,13,14-orthoester",no C-12,no C-18,others,C9 ring with no substituent,4,"C2,C4,C7",C2*2+C7*1+C4*1,"acyl(0.03),benzoyl(0.10),benzoyl(0.36)","acyl,acyl,benzoyl,isobutyryl",A6,B1,C1,M1,R1,R1,R92,R3,none,none,none,none,A6B1C1M1,,,,0,Top2,0.959,Low Confidence
427,774,[9702],9702,591.3161,8.7,0,0,0,0,0,0,0,0,0,0,0,0,0,0,0,0,0,0,0,0,0,0,0,0,0,0,0,0,4894744.037,2761876.553,0,0,0,0,0,0,0,0,0,0,0,0,0,0,0,0,0,0,0,0,0,0,0,0,0,0,0,12,MD,C32H46O10,possibly undescribed,none,[M+H]+,none,10,1-alkyl-3-one,"5-ol-6,7-epoxy","9,13,14-orthoester",no C-12,no C-18,others,C10 ring with no substituent,1,C2,C2*1,acyl(0.06),acyl,A6,B1,C1,M2,R1,none,none,none,none,none,none,none,A6B1C1M2,CC(=O)OCC12OC1C1C3OC45CCCCCCCC(C)C6C(C)C(=O)C(O)(C2O)C6C1(O4)C(C)CC3(C(=C)C)O5,PD01130549,C32H46O9,574.711,Top1,1,High Confidence
428,80,"[1111,1209]",1111,585.342,8.8,0,0,0,0,0,0,0,3718628.701,0,0,0,0,14900000,0,0,0,0,0,0,0,0,0,0,0,0,0,0,1346847.134,153000000,97600000,0,268785.8322,0,0,638246.2102,0,6910469.544,16800000,0,0,0,0,0,1347175.001,0,0,0,0,0,0,1263800.182,0,0,0,0,21600000,16,0,D,C34H48O8,possibly undescribed,(DA06)std_huratoxin isomer,[M+H-H2O]+,"1111, 1209",11,"1,2-en-3-one","5-ol-6,7-epoxy","9,13,14-orthoester",no C-12,no C-18,"2,4-olefinic",others,1,C14,C14*1,"hexadienoyl(0.54),tetradecadienoyl(7.20)",tetradecadienoyl,A1,B1,C1,none,R41,none,none,,,,,,A1B1C1,OCC12OC1C1C3OC4(C=CC=CCCCCCCCCC)OC3(C(=C)C)CC(C)C1(O4)C1C=C(C)C(=O)C1(O)C2O,PD00007605,C34H48O8,584.75,Top1,1,High Confidence
429,258,"[8903,8983]",8903,705.2895,8.8,0,0,0,0,0,0,0,0,0,0,0,0,0,0,0,0,0,0,48800000,0,0,0,0,0,0,0,0,0,0,0,0,0,0,0,0,0,0,0,0,0,0,0,0,0,0,0,0,0,0,0,0,0,0,0,0,0,13,0,D,C39H44O12,possibly undescribed,none,[M+H]+,"8903, 8983",18,"1,2-en-3-one","5-ol-6,7-epoxy","9,13,14-orthoester",no C-12,no C-18,"2,4-olefinic",others,2,"C9,C10",C9*1+C10*1,"cinnamoyl(0.03),decanoyl(0.02),cinnamoyl(1.10)","decanoyl,cinnamoyl",A1,B1,C1,none,R9,R93,none,,,,,,A1B1C1,c7ccccc7C=CC(=O)OCC12OC1C1C3OC4(CCCCCCCCC)OC3(C(=C)C)CC(C)C1(O4)C1C=C(C)C(=O)C1(O)C2O,PD00265573,C39H50O9,662.82,Top2,0.619,Low Confidence
430,281,[10817],10817,677.3525,8.8,0,0,0,0,0,0,0,0,0,0,0,0,0,0,0,0,0,0,0,0,0,0,0,0,0,0,0,0,0,0,0,0,0,0,0,0,0,0,0,0,0,0,0,0,0,0,0,0,0,0,2612023.528,0,0,1430909.325,0,0,7,0,D,C36H52O12,possibly undescribed,none,[M+H]+,none,11,"1,2-en-3-one","5-ol-6,7-epoxy","9,13,14-orthoester",no C-12,no C-18,others,others,1,C16,C16*1,decatrienoyl(0.04),none,A1,B1,C1,none,none,none,none,,,,,,A1B1C1,OCC12OC1C1C3OC4OC3(C(=C)C)CC(C)C1(O4)C1C=C(C)C(=O)C1(O)C2O,PD00000001,C21H26O8,406.431,Top2,0.756,Low Confidence
431,307,[38],38,481.1847,8.8,0,0,0,0,0,0,0,0,0,0,0,159588.3998,0,0,0,0,0,0,0,0,0,0,0,12000000,0,0,0,0,0,0,0,0,0,0,0,0,0,0,0,0,0,0,0,0,0,0,0,0,0,0,0,0,0,0,0,0,18,0,D,C27H28O8,possibly undescribed,none,[M+H]+,none,14,"1,2-en-3-one","5-ol-6,7-epoxy","9,13,14-orthoester",with C-12,no C-18,others,others,1,C7,C7*1,"benzoyl(0.21),feruloyl(0.14),benzoyl(0.78)",benzoyl,A1,B1,C2,none,R92,none,none,,,,,,A1B1C2,OCC12OC1C1C3OC4(c6ccccc6)OC3(C(=C)C)C(O)C(C)C1(O4)C1C=C(C)C(=O)C1(O)C2O,PD00008136,C27H30O9,498.528,Top1,1,Low Confidence
432,330,[1763],1763,621.2693,8.8,11000000,12700000,2131197.439,775337.1536,1756929.014,469120.7966,0,244177.5389,10400000,0,5533649.342,24200000,0,0,0,0,6954018.707,0,0,0,0,0,0,0,2099108.439,0,0,0,0,0,0,0,0,0,0,0,0,0,0,0,0,0,0,0,0,0,0,0,0,0,0,0,0,0,0,0,15,0,D,C35H40O10,possibly known,tanguticanine A,[M+H]+,none,16,"1,2-en-3-one","5-ol-6,7-epoxy","9,13,14-orthoester",with C-12,no C-18,"2,4-olefinic",others,3,"C2,C11",C2*2+C11*1,"benzoyl(0.24),coumaroyl(0.02),feruloyl(0.27),octadienoyl(3.60)",acyl,A1,B1,C2,none,R1,none,none,,,,,,A1B1C2,OCC12OC1C1C3OC4(C)OC3(C(=C)C)C(O)C(C)C1(O4)C1C=C(C)C(=O)C1(O)C2O,PD00008045,C22H28O9,436.457,Top1,1,Low Confidence
433,358,[2478],2478,897.3328,8.8,0,0,0,0,0,0,663968.1548,0,0,0,1141816.595,0,0,0,0,0,0,552643.208,1234676.184,319820.3589,378734.7844,0,0,0,0,0,0,0,0,0,0,0,0,0,0,0,0,0,0,0,0,0,0,0,0,0,0,0,0,0,0,0,0,0,0,0,6,0,D,C49H52O16,possibly undescribed,none,[M+H]+,none,24,"1,2-en-3-one","5-ol-6,7-epoxy","9,13,14-orthoester",with C-12,no C-18,"2,4-olefinic",others,3,"C7,C11",C7*1+C11*2,decadienoyl(0.26),benzoyl,A1,B1,C2,none,R92,none,none,,,,,,A1B1C2,OCC12OC1C1C3OC4(c6ccccc6)OC3(C(=C)C)C(O)C(C)C1(O4)C1C=C(C)C(=O)C1(O)C2O,PD00008136,C27H30O9,498.528,Top1,1,Low Confidence
434,380,[4701],4701,471.2742,8.8,0,0,0,0,0,0,0,0,0,727358.656,0,0,0,0,0,0,0,0,0,0,0,0,0,0,0,0,0,0,0,0,0,1667174.734,9495937.004,0,0,0,0,0,0,0,0,0,0,0,0,0,0,0,0,0,0,0,0,0,691565.2375,0,6,0,D,C28H38O6,possibly undescribed,none,[M+H]+,none,10,"1,2-en-3-one","5-ol-6,7-epoxy","9,13,14-orthoester",with C-12,no C-18,others,others,0,others,,octatrienoyl(0.03),none,A1,B1,C2,none,none,none,none,,,,,,A1B1C2,OCC12OC1C1C3OC4OC3(C(=C)C)CC(C)C1(O4)C1C=C(C)C(=O)C1(O)C2O,PD00000006,C21H26O8,406.431,Top1,1,Low Confidence
435,463,"[4021,4026]",4021,361.1639,8.8,0,0,0,0,0,0,0,0,0,0,0,0,399532.5708,0,0,0,0,0,0,0,0,0,0,0,0,0,0,0,4804703.843,3024966.353,0,0,0,0,0,0,0,465708.3767,0,0,0,0,0,0,0,0,0,0,0,0,0,0,0,0,0,648644.3671,11,0,D,C20H24O6,possibly undescribed,none,[M+H]+,"4021, 4026",9,"1,2-en-3-one","5-ol-6,7-epoxy","9,13,14-triol",no C-12,no C-18,others,others,1,C0,C0*1,6-7-epoxy-2-4-undecadienoyl(0.02),none,A1,B1,C3,none,none,none,none,,,,,,A1B1C3,OCC12OC1C1C(O)C(O)(C(=C)C)CC(C)C1(O)C1C=C(C)C(=O)C1(O)C2O,PD00000011,C20H28O8,396.436,Top1,1,Low Confidence
436,550,[64],64,589.2427,8.8,8552750.264,0,0,14700000,0,0,0,0,0,4408618.444,0,18800000,0,0,0,1012667.304,3683774.349,0,0,0,0,0,0,11700000,1094980.917,0,8543794.157,0,0,0,0,5454763.037,5245760.984,0,6081442.354,0,0,0,0,0,15400000,4805281.9,0,0,1714062.55,0,27200000,0,0,0,0,0,0,0,0,0,18,0,D,C34H36O9,possibly undescribed,none,[M+H]+,none,17,"1,2-en-3-ol","5-ol-6,7-epoxy","9,13,14-orthoester",no C-12,no C-18,others,others,2,C7,C7*2,"benzoyl(0.21),feruloyl(0.12),benzoyl(1.60)","benzoyl,benzoyl",A3,B1,C1,none,R92,R92,none,,,,,,A3B1C1,OCC12OC1C1C3OC4(c6ccccc6)OC3(C(=C)C)CC(C)C1(O4)C1C=C(C)C(OC(=O)c7ccccc7)C1(O)C2O,PD00017966,C34H36O9,588.653,Top1,1,High Confidence
437,568,[3917],3917,531.2949,8.8,0,0,0,0,0,0,0,0,0,0,0,319277.4264,1193133.275,0,0,0,560083.2478,0,0,0,0,0,0,0,0,0,0,0,1128472.651,2007498.696,0,0,0,0,0,0,0,0,0,0,0,0,0,0,0,0,0,0,0,0,0,0,0,0,0,0,9,0,D,C30H42O8,possibly undescribed,none,[M+H]+,none,10,"1,2-en-3-ol","5-ol-6,7-epoxy","9,13,14-orthoester",no C-12,no C-18,"2,4-olefinic",others,1,C10,C10*1,decadienoyl(0.13),decadienoyl,A3,B1,C1,none,R37,none,none,,,,,,A3B1C1,OCC12OC1C1C3OC4(C=CC=CCCCCC)OC3(C(=C)C)CC(C)C1(O4)C1C=C(C)C(O)C1(O)C2O,PD00007793,C30H42O8,530.658,Top1,1,High Confidence
438,592,[2],2,591.2585,8.8,68200000,4709378.087,254145.55,19300000,14700000,2811561.067,17700000,25100000,5619185.514,6663405.105,14000000,62100000,2251164.148,8248956.521,0,2077287.573,3250893.578,0,0,674910.2854,8809729.914,1687891.885,0,576000000,0,0,2440000000,0,0,0,6439611.312,26000000,208000000,306576.1302,325000000,5927013.087,0,0,1807985.442,909993.9112,1180000000,452000000,8154871.524,0,39000000,0,396000000,0,672670.2882,0,0,0,0,0,2052768.167,0,20,0,D,C34H38O9,possibly known,(DA08)std_genkwanine M,[M+H]+,none,16,"1,2-dihydro-3-ol","5-ol-6,7-epoxy","9,13,14-orthoester",no C-12,no C-18,"2,4-olefinic",others,2,C7,C7*2,"benzoyl(1.99),feruloyl(1.92),benzoyl(34.00)","benzoyl,benzoyl",A4,B1,C1,none,R92,R92,none,,,,,,A4B1C1,OCC12OC1C1C3OC4(c6ccccc6)OC3(C(=C)C)CC(C)C1(O4)C1CC(C)C(OC(=O)c7ccccc7)C1(O)C2O,PD00022622,C34H38O9,590.669,Top3,0.914,High Confidence
439,31,[3],3,657.2678,8.9,0,0,0,0,0,0,0,0,0,0,0,0,0,0,0,0,0,0,0,0,0,0,0,97400000,0,0,118000000,0,0,0,0,0,0,0,0,0,0,0,0,0,0,0,0,0,0,0,0,0,0,0,0,0,0,0,0,0,19,0,D,C38H40O10,possibly known,onishibarin A,[M+H]+,none,19,"1,2-en-3-one","5-ol-6,7-epoxy","9,13,14-orthoester",no C-12,no C-18,"2,4-olefinic",others,2,"C7,C11",C7*1+C11*1,"benzoyl(1.34),feruloyl(0.94),5-pheny-2-4-pentadienoyl(60.00)","benzoyl,5-pheny-2-4-pentadienoyl",A1,B1,C1,none,R92,R96,none,,,,,,A1B1C1,c7ccccc7C=CC=CC(=O)OCC12OC1C1C3OC4(c6ccccc6)OC3(C(=C)C)CC(C)C1(O4)C1C=C(C)C(=O)C1(O)C2O,PD00269394,C38H38O9,638.713,Top3,0.943,Low Confidence
440,193,[4034],4034,601.3371,8.9,0,0,0,0,0,0,0,0,0,0,0,0,258613.3062,0,0,0,0,0,0,0,0,0,0,0,0,0,0,0,2172818.493,3105664.798,0,0,0,0,0,0,1612053.487,4950006.503,0,0,0,0,0,0,0,0,0,0,0,9021427.386,2198152.317,0,0,0,666584.7248,0,8,0,D,C34H48O9,possibly undescribed,none,[M+H]+,none,11,"1,2-en-3-one","5-ol-6,7-epoxy","9,13,14-orthoester",no C-12,no C-18,others,others,1,C14,C14*1,tetradecatrienoyl(0.03),tetradecatrienoyl,A1,B1,C1,none,R52,none,none,,,,,,A1B1C1,OCC12OC1C1C3OC4(C=CC=CC=CCCCCCCC)OC3(C(=C)C)CC(C)C1(O4)C1C=C(C)C(=O)C1(O)C2O,PD00007616,C34H46O8,582.734,Top1,1,Low Confidence
441,326,[1257],1257,665.2953,8.9,216312.8221,0,0,0,0,0,1266177.064,1762911.611,0,0,672145.8488,0,0,0,0,0,0,0,1776129.769,0,1489263.805,0,0,0,0,0,0,0,0,0,0,0,0,0,0,0,0,0,0,0,0,0,0,0,0,0,0,0,0,0,0,0,0,0,0,0,12,0,D,C37H44O11,possibly known,tanguticanine B,[M+H]+,none,16,"1,2-en-3-one","5-ol-6,7-epoxy","9,13,14-orthoester",with C-12,no C-18,others,others,2,"C7,C10",C10*1+C7*1,benzoyl(0.21),"benzoyl,benzoyl",A1,B1,C2,none,R92,R92,none,,,,,,A1B1C2,OCC12OC1C1C3OC4(c6ccccc6)OC3(C(=C)C)C(OC(=O)c7ccccc7)C(C)C1(O4)C1C=C(C)C(=O)C1(O)C2O,PD00129710,C34H34O10,602.636,Top1,1,Low Confidence
442,361,[2864],2864,679.2746,8.9,0,0,193777.2112,0,0,0,0,0,0,0,0,0,0,0,0,0,2909058.075,0,1109774.153,0,0,0,0,0,0,0,0,0,0,0,0,0,0,0,0,0,0,0,0,0,0,0,0,0,0,0,0,0,0,0,0,0,0,0,0,0,11,0,D,C37H42O12,possibly undescribed,none,[M+H]+,none,17,"1,2-en-3-one","5-ol-6,7-epoxy","9,13,14-orthoester",with C-12,no C-18,others,others,2,"C7,C10",C10*1+C7*1,"benzoyl(0.05),feruloyl(0.03),benzoyl(0.31)","feruloyl,benzoyl",A1,B1,C2,none,R95,R92,none,,,,,,A1B1C2,OCC12OC1C1C3OC4(c6ccccc6)OC3(C(=C)C)C(OC(=O)C=Cc7c(OC)c(O)ccc7)C(C)C1(O4)C1C=C(C)C(=O)C1(O)C2O,PD00129713,C37H38O12,674.699,Top1,1,Low Confidence
443,643,[6276],6276,607.2532,8.9,0,0,0,0,0,0,0,0,0,0,0,0,0,0,0,0,0,0,0,0,0,0,0,0,0,0,0,0,0,0,0,0,4220286.389,0,7869320.874,0,0,0,0,0,8313701.008,7776741.21,0,0,1141180.724,0,14400000,0,0,0,0,0,0,0,0,0,17,0,D,C34H38O10,possibly undescribed,none,[M+H]+,none,16,"1,2-dihydro-3-ol","5-ol-6,7-epoxy","9,13,14-orthoester",no C-12,no C-18,others,others,2,C7,C7*2,"benzoyl(0.04),feruloyl(0.03),benzoyl(0.47)","benzoyl,benzoyl",A4,B1,C1,none,R92,R92,none,,,,,,A4B1C1,OCC12OC1C1C3OC4(c6ccccc6)OC3(C(=C)C)CC(C)C1(O4)C1CC(C)C(OC(=O)c7ccccc7)C1(O)C2O,PD00022622,C34H38O9,590.669,Top1,1,Low Confidence
444,778,[10809],10809,605.3674,8.9,0,0,0,0,0,0,0,0,0,0,0,0,0,0,0,0,0,0,0,0,0,0,0,0,0,0,0,0,0,0,0,0,0,0,0,0,0,0,0,0,0,0,0,0,0,0,0,0,0,8837992.981,1046171.587,0,0,0,3855241.301,0,7,12,MD,C34H52O9,possibly undescribed,none,[M+H]+,none,9,1-alkyl-3-one,"5-ol-6,7-epoxy","9,13,14-orthoester",no C-12,no C-18,others,C10 ring with no substituent,2,C2,C2*2,others,"acyl,acyl",A6,B1,C1,M2,R1,R1,none,none,none,none,none,none,A6B1C1M2,,,,0,Top4,0.294,Low Confidence
445,792,[9302],9302,619.3475,8.9,0,0,0,0,0,0,0,0,0,0,0,0,0,0,0,0,0,0,0,0,0,0,0,0,0,0,0,0,368007.1334,0,0,0,0,0,0,0,0,0,0,0,0,0,0,0,0,0,0,0,1149670.338,0,16000000,0,0,0,4058680.441,0,0,7,MD,C34H50O10,possibly undescribed,none,[M+H]+,none,10,1-alkyl-3-one,"5-ol-6,7-epoxy","9,13,14-orthoester",no C-12,no C-18,others,C14 ring with an olenfinic,0,others,,others,none,A6,B1,C1,M7,none,none,none,none,none,none,none,none,A6B1C1M7,OCC12OC1C1C3OC45CCCC=CCCCCC(CCC)C6C(C)C(=O)C(O)(C2O)C6C1(O4)C(C)CC3(C(=C)C)O5,PD01121477,C34H50O8,586.766,Top2,0.467,Low Confidence
446,48,[295],295,549.3058,9,0,0,0,0,0,0,0,0,0,0,1435428.855,0,1155149.638,0,0,0,0,0,0,0,0,0,0,1251383.366,0,0,2872094.868,0,803050.9631,1920158.704,0,0,0,0,0,0,372046.2837,7769542.294,0,0,0,0,0,0,0,0,0,0,0,0,0,0,0,0,0,0,18,0,D,C30H44O9,possibly undescribed,none,[M+H]+,none,9,"1,2-en-3-one","5-ol-6,7-epoxy","9,13,14-orthoester",no C-12,no C-18,others,others,1,C10,C10*1,"decanoyl(0.20),octadienoyl(0.08),4-oxo-2-octenoyl(0.08)",decanoyl,A1,B1,C1,none,R9,none,none,,,,,,A1B1C1,OCC12OC1C1C3OC4(CCCCCCCCC)OC3(C(=C)C)CC(C)C1(O4)C1C=C(C)C(=O)C1(O)C2O,PD00007573,C30H44O8,532.674,Top2,0.302,Low Confidence
447,77,[1056],1056,587.2851,9,6486681.607,1270385.503,0,0,2036869.089,0,2220836.342,6176894.941,0,0,0,38100000,0,3230468.783,0,0,7342344.903,0,3204300.159,0,8109501.452,0,0,0,4041853.505,0,0,0,182000000,290000000,0,0,0,0,0,0,0,0,0,0,0,0,0,0,8577615.205,0,0,0,0,0,52300000,0,0,1551284.06,0,3057208.867,20,0,D,C32H42O10,possibly known,"yuanhuadine (yuanhuadin, synaptolepis factor K4), isoyuanhuadine (isoyuanhuadin), yuanhuamine A, tianchaterpene D",[M+H]+,none,12,"1,2-en-3-one","5-ol-6,7-epoxy","9,13,14-orthoester",no C-12,no C-18,"2,4-olefinic",others,1,C12,C12*1,"acyl(1.03),decadienoyl(58.00)",none,A1,B1,C1,none,none,none,none,,,,,,A1B1C1,OCC12OC1C1C3OC4OC3(C(=C)C)CC(C)C1(O4)C1C=C(C)C(=O)C1(O)C2O,PD00000001,C21H26O8,406.431,Top3,0.92,Low Confidence
448,123,[2085],2085,529.2796,9,849538.4278,1255695.644,0,0,0,0,0,0,0,0,2467353.041,0,2445861.376,0,0,0,0,0,0,0,0,0,0,0,1957195.028,0,0,0,3773403.849,14400000,0,0,0,0,0,0,0,345308.1384,0,0,0,0,0,0,0,0,0,0,0,0,0,0,0,0,0,0,10,0,D,C30H40O8,possibly undescribed,(DA03)std_excoecariatoxin isomer,[M+H]+,none,11,"1,2-en-3-one","5-ol-6,7-epoxy","9,13,14-orthoester",no C-12,no C-18,"2,4-olefinic",others,1,C10,C10*1,hexadienoyl(0.08),none,A1,B1,C1,none,none,none,none,,,,,,A1B1C1,OCC12OC1C1C3OC4OC3(C(=C)C)CC(C)C1(O4)C1C=C(C)C(=O)C1(O)C2O,PD00000001,C21H26O8,406.431,Top1,1,Low Confidence
449,154,[3123],3123,529.2795,9,0,337028.5097,0,0,0,0,0,0,0,0,258473.5988,202557.8225,8679729.467,0,0,0,0,0,0,0,0,0,0,0,0,0,0,0,1784158.402,370923.195,0,0,0,0,183196.3893,0,0,1981007.777,0,0,0,0,0,0,0,0,0,0,0,0,0,0,0,0,0,0,10,0,D,C30H40O8,possibly undescribed,(DA03)std_excoecariatoxin isomer,[M+H]+,none,11,"1,2-en-3-one","5-ol-6,7-epoxy","9,13,14-orthoester",no C-12,no C-18,"2,4-olefinic",others,1,C10,C10*1,hexadienoyl(0.04),none,A1,B1,C1,none,none,none,none,,,,,,A1B1C1,OCC12OC1C1C3OC4OC3(C(=C)C)CC(C)C1(O4)C1C=C(C)C(=O)C1(O)C2O,PD00000001,C21H26O8,406.431,Top1,1,Low Confidence
450,205,[4603],4603,313.1796,9,0,0,0,0,0,3339063.591,0,0,0,2051222.201,0,0,0,0,0,0,0,0,0,0,0,0,0,0,0,0,0,0,0,0,0,0,0,0,0,0,0,0,0,0,0,0,0,0,0,0,0,0,0,0,0,0,0,0,0,0,7,0,D,C20H24O3,possibly undescribed,none,[M+H]+,none,9,"1,2-en-3-one","5-ol-6,7-epoxy","9,13,14-orthoester",no C-12,no C-18,others,others,1,C0,C0*1,"8-9-epoxy-2-4-6-decatrienoyl(0.02),octadecatrienoyl(0.01)",none,A1,B1,C1,none,none,none,none,,,,,,A1B1C1,OCC12OC1C1C3OC4OC3(C(=C)C)CC(C)C1(O4)C1C=C(C)C(=O)C1(O)C2O,PD00000001,C21H26O8,406.431,Top1,1,Low Confidence
451,383,[4884],4884,459.2739,9,0,0,0,0,0,0,0,0,0,0,0,0,0,0,0,0,0,0,0,0,0,0,0,0,0,0,0,0,0,0,0,4749849.011,13600000,0,0,0,0,0,0,0,0,0,0,0,0,0,0,0,0,0,0,0,0,0,0,0,6,0,D,C27H38O6,possibly undescribed,none,[M+H]+,none,9,"1,2-en-3-one","5-ol-6,7-epoxy","9,13,14-orthoester",with C-12,no C-18,others,others,1,C7,C7*1,"benzoyl(0.03),decanoyl(0.20),heptanoyl(0.82)",heptanoyl,A1,B1,C2,none,R6,none,none,,,,,,A1B1C2,OCC12OC1C1C3OC4(CCCCCC)OC3(C(=C)C)C(O)C(C)C1(O4)C1C=C(C)C(=O)C1(O)C2O,PD00008050,C27H38O9,506.592,Top1,1,Low Confidence
452,393,[5221],5221,707.3048,9,0,0,0,0,0,0,0,0,0,0,0,2544127.464,0,0,0,0,0,593101.5805,1730634.427,0,0,0,0,0,0,0,0,0,0,0,0,0,0,0,0,0,0,0,0,0,0,0,0,0,0,0,0,0,0,0,0,0,0,0,0,0,9,0,D,C39H46O12,possibly undescribed,none,[M+H]+,none,17,"1,2-en-3-one","5-ol-6,7-epoxy","9,13,14-orthoester",with C-12,no C-18,"2,4-olefinic",others,2,"C9,C10",C9*1+C10*1,hexadienoyl(0.10),none,A1,B1,C2,none,none,none,none,,,,,,A1B1C2,OCC12OC1C1C3OC4OC3(C(=C)C)CC(C)C1(O4)C1C=C(C)C(=O)C1(O)C2O,PD00000006,C21H26O8,406.431,Top1,1,Low Confidence
453,495,[5004],5004,487.2688,9,0,0,0,0,0,0,0,0,0,0,0,488222.505,0,0,0,0,0,0,0,0,0,0,0,0,0,0,0,0,0,0,0,218347.9697,3221275.868,0,0,0,0,0,0,0,0,0,0,0,0,0,0,0,0,0,0,0,0,0,0,0,6,0,D,C28H38O7,possibly undescribed,none,[M+H]+,none,10,"1,2-en-3-one","5-ol-6,7-ene","9,13,14-orthoester",with C-12,no C-18,others,others,0,others,,octanoyl(0.04),none,A1,B3,C2,none,none,none,none,,,,,,A1B3C2,OCC1=CC2C3OC4OC3(C(=C)C)CC(C)C2(O4)C2C=C(C)C(=O)C2(O)C1O,PD00000046,C21H26O7,390.432,Top2,0.952,Low Confidence
454,603,[688],688,635.2849,9,4511603.585,0,0,1895332.372,0,0,2387765.138,1403186.025,0,0,894968.5505,0,0,0,0,0,0,0,0,0,2235131.388,0,0,0,0,0,10100000,0,0,0,0,0,376107.83,0,195663.1189,0,0,0,0,0,2494497.07,0,0,0,2458552.057,0,0,0,0,0,0,0,0,0,0,0,19,0,D,C36H42O10,possibly undescribed,none,[M+H]+,none,16,"1,2-dihydro-3-ol","5-ol-6,7-epoxy","9,13,14-orthoester",no C-12,no C-18,others,others,2,"C7,C9",C9*1+C7*1,"cinnamoyl(0.57),cinnamoyl(3.00)","benzoyl,cinnamoyl",A4,B1,C1,none,R92,R93,none,,,,,,A4B1C1,OCC12OC1C1C3OC4(c6ccccc6)OC3(C(=C)C)CC(C)C1(O4)C1CC(C)C(OC(=O)C=Cc7ccccc7)C1(O)C2O,PD00022623,C36H40O9,616.707,Top1,1,Low Confidence
455,711,[2482],2482,663.2797,9,0,0,0,879202.6159,0,0,628990.7065,0,0,0,1170330.716,173527.1457,0,0,0,0,0,0,0,0,2215332.752,0,0,0,0,0,0,0,0,0,0,0,0,0,0,0,0,0,0,0,0,0,0,0,0,0,0,0,0,0,0,0,0,0,0,0,7,0,D,C37H42O11,possibly known,"acutilobin B, acutilobin A, daphnexyane A",[M+H]+,none,17,"1,2-dihydro-3-ol","5-ol-6,7-ene","9,13,14-orthoester",no C-12,no C-18,others,others,2,"C7,C10",C10*1+C7*1,benzoyl(0.12),"benzoyl,benzoyl",A4,B3,C1,none,R92,R92,none,,,,,,A4B3C1,OCC1=CC2C3OC4(c6ccccc6)OC3(C(=C)C)CC(C)C2(O4)C2CC(C)C(OC(=O)c7ccccc7)C2(O)C1O,PD00059870,C34H38O8,574.67,Top1,1,Low Confidence
456,725,"[20,112]",20,970.4214,9,0,0,0,4225507.416,0,0,0,0,0,0,0,5488395.887,0,0,0,0,1440324.583,0,0,0,12700000,0,0,19200000,0,0,8248074.505,0,0,0,0,0,0,0,0,0,0,514577.1618,0,0,0,0,0,0,0,0,0,6310115.849,0,0,0,0,0,0,0,0,15,22,MD,C53H63O16N1,possibly known,(DA56)std_daphneodorin A,[M+NH4]+,"112, 20",23,1-alkyl-3-one,"5-ol-6,7-epoxy","9,13,14-orthoester",no C-12,no C-18,others,C9 ring with no substituent,5,"C2,C4,C7",C2*1+C7*2+C4*2,"acyl(0.24),benzoyl(0.36),benzoyl(1.40)","acyl,benzoyl,benzoyl,isobutyryl,isobutyryl",A6,B1,C1,M1,R1,R92,R92,R3,R3,none,none,none,A6B1C1M1,,,,0,Top4,0.951,Low Confidence
457,735,[715],715,737.3517,9,0,0,0,0,0,0,0,0,0,0,0,0,0,0,0,0,0,0,0,0,0,0,0,0,0,0,4720133.368,0,0,0,0,0,0,0,0,0,0,0,0,0,0,0,0,0,0,0,0,0,0,2046585.371,0,0,0,0,0,0,13,14,MD,C41H52O12,possibly undescribed,none,[M+H]+,none,16,1-alkyl-3-one,"5-ol-6,7-epoxy","9,13,14-orthoester",no C-12,no C-18,others,C9 ring with no substituent,4,"C2,C4",C2*2+C4*2,"acyl(0.03),cinnamoyl(0.89)","acyl,acyl,isobutyryl,isobutyryl",A6,B1,C1,M1,R1,R1,R3,R3,none,none,none,none,A6B1C1M1,,,,0,Top2,0.95,Low Confidence
458,812,[848],848,655.3471,9,276694.2865,0,0,203813.348,0,0,0,0,0,0,240951.525,1520209.667,289686.9407,0,0,571331.0003,304805.9593,0,0,0,0,0,0,0,0,0,305302.3836,0,0,0,0,0,2716596.477,0,944499.276,0,0,16200000,0,0,4159624.723,2075173.173,11200000,0,3326132.679,0,11200000,0,0,0,0,0,0,0,0,204440.8969,10,15,MD,C37H50O10,possibly undescribed,none,[M+H]+,none,13,1-alkyl-3-ol,"5-ol-6,7-epoxy","9,13,14-orthoester",no C-12,no C-18,others,C9 ring with no substituent,2,C4,C4*2,"benzoyl(0.10),benzoyl(0.45)","isobutyryl,isobutyryl",A8,B1,C1,M1,R3,R3,none,none,none,none,none,none,A8B1C1M1,,,,0,Top1,1,Low Confidence
459,820,[8156],8156,793.379,9,0,0,0,0,0,0,0,0,0,0,0,0,0,0,0,3318578.457,0,0,0,0,0,0,0,0,0,0,0,0,0,0,0,0,0,0,0,0,0,0,0,0,0,0,0,0,0,0,0,0,0,0,0,0,0,0,0,3122967.03,0,13,MD,C44H56O13,possibly undescribed,none,[M+H]+,none,17,1-alkyl-3-ol,"5-ol-6,7-epoxy","9,13,14-orthoester",no C-12,no C-18,others,C9 ring with no substituent,3,C5,C5*3,"benzoyl(0.06),benzoyl(0.15)","2-methylbutyryl,2-methylbutyryl,2-methylbutyryl",A8,B1,C1,M1,R4,R4,R4,none,none,none,none,none,A8B1C1M1,,,,0,Top1,1,Low Confidence
460,15,"[3519,3527]",3519,547.2901,9.1,0,0,0,0,0,0,0,0,0,0,0,0,404000000,0,0,1418718.358,0,0,0,0,0,0,0,0,0,0,0,0,217000000,345000000,0,195087.6697,0,0,3238331.038,289897.0714,7061427.013,43300000,0,0,0,0,0,926370.0299,0,0,0,0,0,0,0,0,0,0,0,29200000,0,14,MD,C30H42O9,possibly known,(DA32)std_pimelotide A,[M+H]+,"3519, 3527",10,bicyclo [2.2.1] heptane ring,"5-ol-6,7-epoxy","9,13,14-orthoester",no C-12,no C-18,others,C10 ring with no substituent,0,others,,others,none,A11,B1,C1,M2,none,none,none,none,none,none,none,none,A11B1C1M2,OCC12OC1C1C3OC45CCCCCCCC(C)C6C(C7(OC6(C)OC7=O)C2O)C1(O4)C(C)CC3(C(=C)C)O5,PD01122534,C30H42O9,546.657,Top1,1,High Confidence
461,250,"[8188,10934]",8188,617.3683,9.1,0,0,0,0,0,0,0,0,0,0,0,0,0,0,0,0,0,0,0,0,0,0,0,0,0,0,0,0,0,0,0,0,0,0,0,0,0,0,0,0,0,0,0,0,0,0,0,0,0,0,0,0,0,0,0,1695877.917,12,0,D,C35H52O9,possibly known,wikstroelide N,[M+H]+,"10934, 8188",10,"1,2-en-3-one","5-ol-6,7-epoxy","9,13,14-orthoester",no C-12,no C-18,others,others,1,C15,C15*1,"pentadecadienoyl(0.19),4-oxo-2-pentadecenoyl(0.19)",pentadecadienoyl,A1,B1,C1,none,R42,none,none,,,,,,A1B1C1,OCC12OC1C1C3OC4(C=CC=CCCCCCCCCCC)OC3(C(=C)C)CC(C)C1(O4)C1C=C(C)C(=O)C1(O)C2O,PD00007606,C35H50O8,598.777,Top2,0.882,Low Confidence
462,336,[1996],1996,633.2695,9.1,2704227.433,1364131.547,0,0,0,0,1617010.454,0,972322.4088,0,5249566.833,5185944.067,0,0,0,0,249675.1789,0,0,0,0,0,0,0,0,0,0,0,0,0,0,0,0,0,0,0,0,0,0,0,0,0,0,0,0,0,0,0,0,0,0,0,0,0,0,0,13,0,D,C36H40O10,possibly undescribed,none,[M+H]+,none,17,"1,2-en-3-one","5-ol-6,7-epoxy","9,13,14-orthoester",with C-12,no C-18,others,others,2,"C7,C9",C9*1+C7*1,"benzoyl(0.03),feruloyl(0.01),nonatrienoyl(1.70)","benzoyl,nonatrienoyl",A1,B1,C2,none,R92,R47,none,,,,,,A1B1C2,OCC12OC1C1C3OC4(C=CC=CC=CCC)OC3(C(=C)C)C(OC(=O)c7ccccc7)C(C)C1(O4)C1C=C(C)C(=O)C1(O)C2O,PD00128495,C36H40O10,632.706,Top1,1,High Confidence
463,455,[9795],9795,587.2866,9.1,0,0,0,0,0,0,0,0,0,0,0,0,0,0,0,0,0,0,0,0,0,0,0,0,0,0,0,0,0,223175.3794,0,0,0,0,0,0,0,0,0,0,0,0,0,0,0,0,0,0,0,0,0,0,0,0,0,0,13,0,D,C7H54O28,possibly known,"yuanhuadine (yuanhuadin, synaptolepis factor K4), isoyuanhuadine (isoyuanhuadin), yuanhuamine A, tianchaterpene D",[M+H]+,none,-19,"1,2-en-3-one","5-ol-6,7-epoxy","9,13,14-orthoester",with C-12,no C-18,"2,4-olefinic",others,0,others,,"acyl(0.20),decadienoyl(10.00)",none,A1,B1,C2,none,none,none,none,,,,,,A1B1C2,OCC12OC1C1C3OC4OC3(C(=C)C)CC(C)C1(O4)C1C=C(C)C(=O)C1(O)C2O,PD00000006,C21H26O8,406.431,Top1,1,Low Confidence
464,456,[10344],10344,709.3209,9.1,0,0,0,0,0,0,0,0,0,0,0,0,0,0,0,0,0,2540829.043,0,0,0,0,0,0,0,0,0,0,0,0,0,0,0,0,0,0,0,0,0,0,0,0,0,0,0,0,0,0,0,0,0,0,0,0,0,0,14,0,D,C39H48O12,possibly undescribed,none,[M+H]+,none,16,"1,2-en-3-one","5-ol-6,7-epoxy","9,13,14-orthoester",with C-12,no C-18,others,others,2,"C9,C10",C9*1+C10*1,"coumaroyl(0.03),coumaroyl(0.52)","coumaroyl,coumaroyl",A1,B1,C2,none,R94,R94,none,,,,,,A1B1C2,OCC12OC1C1C3OC4(C=Cc6ccc(O)cc6)OC3(C(=C)C)C(OC(=O)C=Cc7ccc(O)cc7)C(C)C1(O4)C1C=C(C)C(=O)C1(O)C2O,PD00129719,C38H38O12,686.71,Top1,1,Low Confidence
465,493,[4855],4855,471.2747,9.1,0,0,0,0,0,0,0,0,0,217405.484,0,0,0,0,0,0,0,0,0,0,0,0,0,0,0,0,0,0,0,0,0,544710.0923,4958483.3,0,0,0,0,0,0,0,0,0,0,0,0,0,0,0,0,0,0,0,0,0,0,0,8,0,D,C28H38O6,possibly undescribed,none,[M+H]+,none,10,"1,2-en-3-one","5-ol-6,7-ene","9,13,14-orthoester",with C-12,no C-18,others,others,0,others,,octenoyl(0.05),none,A1,B3,C2,none,none,none,none,,,,,,A1B3C2,OCC1=CC2C3OC4OC3(C(=C)C)CC(C)C2(O4)C2C=C(C)C(=O)C2(O)C1O,PD00000046,C21H26O7,390.432,Top1,1,Low Confidence
466,664,[11628],11628,672.3741,9.1,0,0,0,0,0,0,0,0,0,0,0,0,0,0,0,0,0,0,0,0,0,0,0,0,3489182.524,0,0,0,0,0,0,0,0,0,0,0,0,0,0,0,0,0,0,0,0,0,1810755.929,0,0,0,0,0,0,0,0,0,8,0,D,C37H53O10N1,possibly known,"genkwanine F, yuanhuakine B, neogenkwanine C, neogenkwanine D, neogenkwanine E, neogenkwanine F, genkwanine B, kraussianin, linimacrin c, wikstroelide X",[M+NH4]+,none,12,"1,2-dihydro-3-ol","5-ol-6,7-epoxy","9,13,14-orthoester",no C-12,no C-18,others,others,1,C17,C17*1,"benzoyl(0.05),feruloyl(0.06),decadienoyl(0.58),4-oxo-2-decenoyl(0.58),8-methoxy-9-hydroxy-2-4-6-dodecatrienoyl(0.03)",none,A4,B1,C1,none,none,none,none,,,,,,A4B1C1,OCC12OC1C1C3OC4OC3(C(=C)C)CC(C)C1(O4)C1CC(C)C(O)C1(O)C2O,PD00000004,C21H30O8,410.463,Top1,1,Low Confidence
467,731,[668],668,876.4156,9.1,0,0,0,0,0,0,0,0,0,0,0,2462382.009,0,0,0,0,0,0,0,0,0,0,0,0,0,0,29300000,0,0,0,0,0,0,0,0,0,0,0,0,0,0,0,0,0,0,0,0,0,0,0,0,0,0,0,0,0,10,21,MD,C48H61O14N1,possibly undescribed,none,[M+NH4]+,none,19,1-alkyl-3-one,"5-ol-6,7-epoxy","9,13,14-orthoester",no C-12,no C-18,others,C9 ring with no substituent,4,"C4,C7",C7*1+C4*3,"acyl(0.19),cinnamoyl(2.40)","benzoyl,isobutyryl,isobutyryl,isobutyryl",A6,B1,C1,M1,R92,R3,R3,R3,none,none,none,none,A6B1C1M1,,,,0,Top2,0.979,Low Confidence
468,736,[721],721,859.3881,9.1,0,0,0,0,0,0,0,0,0,0,0,0,0,0,0,0,0,0,0,0,0,0,0,0,0,0,3565510.166,0,0,0,0,0,0,0,0,0,0,0,0,0,0,0,0,0,0,0,0,0,0,0,0,0,0,0,0,0,0,7,MD,C30H66O27,possibly undescribed,none,[M+H]+,none,-2,1-alkyl-3-one,"5-ol-6,7-epoxy","9,13,14-orthoester",no C-12,no C-18,others,C9 ring with no substituent,0,others,,"acyl(0.03),cinnamoyl(0.45)",none,A6,B1,C1,M1,none,none,none,none,none,none,none,none,A6B1C1M1,OCC12OC1C1C3OC45CCCCCCCCC6C(C)C(=O)C(O)(C2O)C6C1(O4)C(C)CC3(C(=C)C)O5,PD01121453,C29H42O8,518.647,Top1,1,Low Confidence
469,38,[37],37,655.2534,9.2,0,0,0,0,0,0,0,0,0,0,0,0,0,0,0,0,0,0,0,0,0,0,0,16300000,0,0,0,0,0,0,0,0,0,0,0,0,0,0,0,0,0,0,0,0,0,0,0,0,0,0,0,0,0,0,0,0,14,0,D,C38H38O10,possibly undescribed,(DA20)std_mezerein isomer,[M+H]+,none,20,"1,2-en-3-one","5-ol-6,7-epoxy","9,13,14-orthoester",no C-12,no C-18,others,others,2,"C7,C11",C7*1+C11*1,"benzoyl(0.06),feruloyl(0.09),5-pheny-2-4-pentadienoyl(3.30)","benzoyl,5-pheny-2-4-pentadienoyl",A1,B1,C1,none,R92,R96,none,,,,,,A1B1C1,c7ccccc7C=CC=CC(=O)OCC12OC1C1C3OC4(c6ccccc6)OC3(C(=C)C)CC(C)C1(O4)C1C=C(C)C(=O)C1(O)C2O,PD00269394,C38H38O9,638.713,Top2,0.799,Low Confidence
470,130,[2354],2354,689.2954,9.2,0,44000000,837886.5037,0,2140653.683,0,2531106.379,0,3126093.19,0,4111618.202,9366831.195,252103.4036,12400000,0,0,0,1799685.066,88100000,661382.262,8126016.984,1416031.183,0,0,0,0,0,0,0,0,0,0,0,0,0,0,0,0,0,0,0,0,0,0,0,0,0,0,0,0,0,0,0,0,0,0,16,0,D,C39H44O11,possibly known,(DA23)std_daphneodorin E,[M+H]+,none,18,"1,2-en-3-one","5-ol-6,7-epoxy","9,13,14-orthoester",no C-12,no C-18,"2,4-olefinic",others,2,"C9,C10",C9*1+C10*1,"coumaroyl(0.09),decatrienoyl(13.00)","coumaroyl,decatrienoyl",A1,B1,C1,none,R94,R48,none,,,,,,A1B1C1,c7cc(O)ccc7C=CC(=O)OCC12OC1C1C3OC4(C=CC=CC=CCCC)OC3(C(=C)C)CC(C)C1(O4)C1C=C(C)C(=O)C1(O)C2O,PD00268226,C39H44O10,672.771,Top2,0.965,Low Confidence
471,134,[2397],2397,823.296,9.2,0,2788510.95,0,0,0,0,3192518.677,0,282350.7671,0,1061587.512,0,0,0,0,0,0,0,0,0,12800000,3116936.035,0,0,0,0,0,0,0,0,0,0,0,0,0,0,0,0,0,0,0,0,0,0,0,0,0,0,0,0,0,0,0,0,0,0,11,0,D,C46H46O14,possibly undescribed,none,[M+H]+,none,24,"1,2-en-3-one","5-ol-6,7-epoxy","9,13,14-orthoester",no C-12,no C-18,others,others,3,"C7,C9,C10",C9*1+C10*1+C7*1,"benzoyl(0.06),feruloyl(0.06),benzoyl(0.57)","benzoyl,feruloyl",A1,B1,C1,none,R92,R95,none,,,,,,A1B1C1,c7cc(O)c(OC)cc7C=CC(=O)OCC12OC1C1C3OC4(c6ccccc6)OC3(C(=C)C)CC(C)C1(O4)C1C=C(C)C(=O)C1(O)C2O,PD00269393,C37H38O11,658.7,Top2,0.609,Low Confidence
472,169,[3579],3579,505.2796,9.2,0,0,0,0,0,0,0,0,0,0,0,0,10000000,0,0,0,0,0,0,0,0,0,0,0,0,0,0,0,0,0,0,0,0,0,0,0,0,0,0,0,0,0,0,0,0,0,0,0,0,0,0,0,0,0,0,0,13,0,D,C28H40O8,possibly undescribed,none,[M+H]+,none,9,"1,2-en-3-one","5-ol-6,7-epoxy","9,13,14-orthoester",no C-12,no C-18,others,others,1,C8,C8*1,octanoyl(0.13),octanoyl,A1,B1,C1,none,R7,none,none,,,,,,A1B1C1,OCC12OC1C1C3OC4(CCCCCCC)OC3(C(=C)C)CC(C)C1(O4)C1C=C(C)C(=O)C1(O)C2O,PD00007571,C28H40O8,504.62,Top1,1,High Confidence
473,216,[5078],5078,541.2804,9.2,0,0,0,0,0,0,0,0,0,0,1122893.606,0,0,0,0,0,0,0,0,0,0,0,0,0,0,0,0,0,0,0,0,0,0,0,0,0,0,0,0,0,0,0,0,0,0,0,0,0,0,0,0,0,0,0,0,0,8,0,D,C31H40O8,possibly undescribed,none,[M+H]+,none,12,"1,2-en-3-one","5-ol-6,7-epoxy","9,13,14-orthoester",no C-12,no C-18,others,others,1,C11,C11*1,undecatrienoyl(0.14),undecatrienoyl,A1,B1,C1,none,R49,none,none,,,,,,A1B1C1,OCC12OC1C1C3OC4(C=CC=CC=CCCCC)OC3(C(=C)C)CC(C)C1(O4)C1C=C(C)C(=O)C1(O)C2O,PD00007613,C31H40O8,540.653,Top1,1,High Confidence
474,264,[8930],8930,681.2894,9.2,0,0,0,0,0,0,0,0,0,0,0,0,0,0,0,0,0,0,12100000,0,0,0,0,0,0,0,0,0,0,0,0,0,0,0,0,0,0,0,0,0,0,0,0,0,0,0,0,0,0,0,0,0,0,0,0,0,13,0,D,C37H44O12,possibly known,tanguticanine D,[M+H]+,none,16,"1,2-en-3-one","5-ol-6,7-epoxy","9,13,14-orthoester",no C-12,no C-18,others,others,2,"C7,C10",C10*1+C7*1,"benzoyl(0.02),benzoyl(0.40)","benzoyl,benzoyl",A1,B1,C1,none,R92,R92,none,,,,,,A1B1C1,c7ccccc7C(=O)OCC12OC1C1C3OC4(c6ccccc6)OC3(C(=C)C)CC(C)C1(O4)C1C=C(C)C(=O)C1(O)C2O,PD00269390,C34H34O9,586.637,Top3,0.358,Low Confidence
475,545,[3495],3495,311.1641,9.2,0,0,0,0,202036.1167,0,0,0,0,1066294.326,0,0,0,0,0,0,0,0,0,0,0,0,0,0,0,0,0,0,720519.1916,15700000,0,285791.8841,0,0,0,0,0,0,0,0,655185.7556,0,0,0,211345.0514,0,0,0,0,0,0,0,0,0,0,0,10,0,D,C20H22O3,possibly undescribed,none,[M+H]+,none,10,"1,2-dihydro-3-one","5-ol-6,7-ene","9,13,14-orthoester",with C-12,no C-18,others,others,0,others,,6-7-epoxy-2-4-octadienoyl(0.02),none,A2,B3,C2,none,none,none,none,,,,,,A2B3C2,OCC1=CC2C3OC4OC3(C(=C)C)CC(C)C2(O4)C2CC(C)C(=O)C2(O)C1O,PD00000047,C21H28O7,392.448,Top2,0.667,Low Confidence
476,596,[209],209,643.2894,9.2,0,0,0,0,0,0,0,0,0,0,0,0,0,0,0,0,0,0,0,0,0,0,0,3723718.916,0,0,57000000,0,0,0,0,0,0,0,0,0,0,0,0,0,0,0,0,0,0,0,0,0,0,0,0,0,0,0,0,0,6,0,D,C38H42O9,possibly known,onishibarin B,[M+H]+,none,18,"1,2-dihydro-3-ol","5-ol-6,7-epoxy","9,13,14-orthoester",no C-12,no C-18,others,others,2,"C7,C11",C7*1+C11*1,"benzoyl(0.27),feruloyl(1.15),5-pheny-2-4-pentadienoyl(22.00)","benzoyl,5-pheny-2-4-pentadienoyl",A4,B1,C1,none,R92,R96,none,,,,,,A4B1C1,OCC12OC1C1C3OC4(c6ccccc6)OC3(C(=C)C)CC(C)C1(O4)C1CC(C)C(OC(=O)C=CC=Cc7ccccc7)C1(O)C2O,PD00022626,C38H42O9,642.745,Top1,1,High Confidence
477,785,"[7196,9681]",7196,930.4846,9.2,0,0,0,0,0,0,0,0,0,0,0,0,0,0,0,0,0,0,0,0,0,0,0,0,0,0,0,972769.4407,6012061.193,23100000,0,0,0,0,0,0,0,0,0,0,0,0,0,0,0,0,0,0,0,0,0,0,0,0,0,0,0,19,MD,C49H71O16N1,possibly undescribed,none,[M+NH4]+,"7196, 9681",15,1-alkyl-3-one,"5-ol-6,7-epoxy","9,13,14-orthoester",no C-12,no C-18,others,C10 ring with two substituents and a hydroxyl group,4,"C4,C7",C7*1+C4*3,"acyl(0.07),benzoyl(0.07),benzoyl(0.17)","benzoyl,isobutyryl,isobutyryl,isobutyryl",A6,B1,C1,M5,R92,R3,R3,R3,none,none,none,none,A6B1C1M5,,,,0,Top3,0.939,Low Confidence
478,22,[10932],10932,719.3989,9.3,0,0,0,0,0,0,0,0,0,0,0,0,0,0,0,0,0,0,0,0,0,0,0,0,0,0,0,0,0,0,0,0,0,0,0,0,0,0,0,0,0,0,0,0,0,0,0,0,0,9709664.332,0,0,0,0,0,0,11,19,MD,C39H58O12,possibly undescribed,none,[M+H]+,none,11,bicyclo [2.2.1] heptane ring,"5-ol-6,7-epoxy","9,13,14-orthoester",no C-12,no C-18,others,C10 ring with no substituent,3,"C2,C5",C2*2+C5*1,acyl(0.02),"acyl,acyl,2-methylbutyryl",A11,B1,C1,M2,R1,R1,R4,none,none,none,none,none,A11B1C1M2,,,,0,Top6,0.548,Low Confidence
479,181,[3762],3762,549.3058,9.3,0,0,0,0,0,0,0,0,0,0,0,0,5052322.364,0,0,0,0,0,0,0,0,0,0,0,0,0,0,0,971862.3061,1509901.118,0,0,0,0,0,0,0,6692455.323,0,0,0,0,0,0,0,0,0,0,0,0,0,0,0,0,0,0,15,0,D,C30H44O9,possibly undescribed,none,[M+H]+,none,9,"1,2-en-3-one","5-ol-6,7-epoxy","9,13,14-orthoester",no C-12,no C-18,others,others,1,C10,C10*1,"decanoyl(0.10),nonadienoyl(0.03),4-oxo-2-nonenoyl(0.03)",decanoyl,A1,B1,C1,none,R9,none,none,,,,,,A1B1C1,OCC12OC1C1C3OC4(CCCCCCCCC)OC3(C(=C)C)CC(C)C1(O4)C1C=C(C)C(=O)C1(O)C2O,PD00007573,C30H44O8,532.674,Top3,0.205,Low Confidence
480,232,[6144],6144,648.3737,9.3,0,0,0,0,0,0,0,0,0,0,0,0,0,0,0,0,0,0,0,0,0,0,0,0,0,0,0,0,0,0,0,0,0,0,0,0,0,279449.9754,0,0,0,0,0,0,0,0,0,0,0,736441.8314,0,0,0,0,0,0,7,0,D,C35H53O10N1,possibly undescribed,none,[M+NH4]+,none,10,"1,2-en-3-one","5-ol-6,7-epoxy","9,13,14-orthoester",no C-12,no C-18,others,others,1,C15,C15*1,octatrienoyl(0.02),none,A1,B1,C1,none,none,none,none,,,,,,A1B1C1,OCC12OC1C1C3OC4OC3(C(=C)C)CC(C)C1(O4)C1C=C(C)C(=O)C1(O)C2O,PD00000001,C21H26O8,406.431,Top1,1,Low Confidence
481,259,[8904],8904,698.3162,9.3,0,0,0,0,0,0,0,0,0,0,0,0,0,0,0,0,2314469.536,1231926.96,63400000,0,0,0,0,0,4054202.804,0,0,0,0,0,0,0,0,0,0,0,0,0,0,0,0,0,0,0,0,0,0,0,0,0,0,0,0,0,0,0,16,0,D,C37H47O12N1,possibly known,tanguticanine D,[M+NH4]+,none,15,"1,2-en-3-one","5-ol-6,7-epoxy","9,13,14-orthoester",no C-12,no C-18,others,others,2,"C7,C10",C10*1+C7*1,"benzoyl(0.60),feruloyl(0.81),benzoyl(2.80)","feruloyl,benzoyl",A1,B1,C1,none,R95,R92,none,,,,,,A1B1C1,c7cc(O)c(OC)cc7C=CC(=O)OCC12OC1C1C3OC4(c6ccccc6)OC3(C(=C)C)CC(C)C1(O4)C1C=C(C)C(=O)C1(O)C2O,PD00269393,C37H38O11,658.7,Top3,0.364,Low Confidence
482,284,[10919],10919,650.3879,9.3,0,0,0,0,0,0,0,0,0,0,0,0,0,0,0,0,0,0,0,0,0,0,0,0,0,0,0,0,0,0,0,0,0,0,0,0,0,0,0,0,0,0,0,0,0,0,0,0,0,23200000,0,0,0,0,0,0,13,0,D,C17H63O23N1,possibly undescribed,none,[M+NH4]+,none,-13,"1,2-en-3-one","5-ol-6,7-epoxy","9,13,14-orthoester",no C-12,no C-18,others,others,1,C-3,C-3*1,"decatrienoyl(0.02),tetradecadienoyl(0.02),4-oxo-2-tetradecenoyl(0.02)",none,A1,B1,C1,none,none,none,none,,,,,,A1B1C1,OCC12OC1C1C3OC4OC3(C(=C)C)CC(C)C1(O4)C1C=C(C)C(=O)C1(O)C2O,PD00000001,C21H26O8,406.431,Top1,1,Low Confidence
483,317,[646],646,647.2846,9.3,2911492.441,1247720.529,0,577726.8907,0,0,1169440.308,0,518275.3553,0,0,0,0,0,0,0,590132.2239,0,0,0,0,0,0,148880.8241,0,0,0,0,0,0,0,0,0,0,0,0,0,0,0,0,0,0,0,0,0,0,0,0,0,0,0,0,0,0,0,0,8,0,D,C37H42O10,possibly known,(DA17)std_gniditrin,[M+H-H2O]+,"1295, 646",17,"1,2-en-3-one","5-ol-6,7-epoxy","9,13,14-orthoester",with C-12,no C-18,others,others,2,"C7,C10",C10*1+C7*1,"benzoyl(0.02),benzoyl(0.16)","benzoyl,benzoyl",A1,B1,C2,none,R92,R92,none,,,,,,A1B1C2,OCC12OC1C1C3OC4(c6ccccc6)OC3(C(=C)C)C(OC(=O)c7ccccc7)C(C)C1(O4)C1C=C(C)C(=O)C1(O)C2O,PD00129710,C34H34O10,602.636,Top1,1,Low Confidence
484,343,[2132],2132,661.264,9.3,910947.9828,238715.6669,0,0,0,0,0,0,0,0,1445261.066,822378.5393,0,0,0,0,4466910.126,0,479153.4319,0,0,0,0,0,0,0,0,0,0,0,0,0,0,0,0,0,0,0,0,0,0,0,0,0,0,0,0,0,0,0,0,0,0,0,0,0,11,0,D,C37H40O11,possibly undescribed,none,[M+H]+,none,18,"1,2-en-3-one","5-ol-6,7-epoxy","9,13,14-orthoester",with C-12,no C-18,others,others,2,"C7,C10",C10*1+C7*1,benzoyl(0.14),"benzoyl,benzoyl",A1,B1,C2,none,R92,R92,none,,,,,,A1B1C2,OCC12OC1C1C3OC4(c6ccccc6)OC3(C(=C)C)C(OC(=O)c7ccccc7)C(C)C1(O4)C1C=C(C)C(=O)C1(O)C2O,PD00129710,C34H34O10,602.636,Top1,1,Low Confidence
485,345,[2157],2157,719.3056,9.3,700720.3366,0,0,0,0,0,1165820.487,0,0,0,530276.2778,0,0,371135.551,0,0,216732.9603,440446.0754,72900000,0,0,687715.0511,0,0,0,0,0,0,0,0,0,0,0,0,0,0,0,0,0,0,0,0,0,0,0,0,0,0,0,0,0,0,0,0,0,0,15,0,D,C40H46O12,possibly known,(DA26)std_acutilobin C,[M+H]+,none,18,"1,2-en-3-one","5-ol-6,7-epoxy","9,13,14-orthoester",with C-12,no C-18,"2,4-olefinic",others,2,C10,C10*2,"feruloyl(0.16),decatrienoyl(20.00)","feruloyl,decatrienoyl",A1,B1,C2,none,R95,R48,none,,,,,,A1B1C2,OCC12OC1C1C3OC4(C=CC=CC=CCCC)OC3(C(=C)C)C(OC(=O)C=Cc7c(OC)c(O)ccc7)C(C)C1(O4)C1C=C(C)C(=O)C1(O)C2O,PD00128547,C40H46O12,718.796,Top1,1,High Confidence
486,419,[8923],8923,712.3315,9.3,0,0,0,0,0,0,0,0,0,0,0,0,0,0,0,0,2336254.617,0,8634589.987,0,0,0,0,0,537319.6291,0,0,0,0,0,0,0,0,0,0,0,0,0,0,0,0,0,0,0,0,0,0,0,0,0,0,0,0,0,0,0,13,0,D,C38H49O12N1,possibly known,"tanguticanine D, tanguticanine E",[M+NH4]+,none,15,"1,2-en-3-one","5-ol-6,7-epoxy","9,13,14-orthoester",with C-12,no C-18,others,others,2,"C7,C11",C7*1+C11*1,benzoyl(0.12),"benzoyl,benzoyl",A1,B1,C2,none,R92,R92,none,,,,,,A1B1C2,OCC12OC1C1C3OC4(c6ccccc6)OC3(C(=C)C)C(OC(=O)c7ccccc7)C(C)C1(O4)C1C=C(C)C(=O)C1(O)C2O,PD00129710,C34H34O10,602.636,Top1,1,Low Confidence
487,445,[9209],9209,698.3163,9.3,0,0,0,0,0,0,0,0,0,0,0,0,0,0,0,0,0,219024.5531,164106.5141,0,0,0,0,0,0,0,0,0,0,0,0,0,0,0,0,0,0,0,0,0,0,0,0,0,0,0,0,0,0,0,0,0,0,0,0,0,8,0,D,C37H47O12N1,possibly known,tanguticanine D,[M+NH4]+,none,15,"1,2-en-3-one","5-ol-6,7-epoxy","9,13,14-orthoester",with C-12,no C-18,others,others,2,"C7,C10",C10*1+C7*1,benzoyl(0.05),"benzoyl,benzoyl",A1,B1,C2,none,R92,R92,none,,,,,,A1B1C2,OCC12OC1C1C3OC4(c6ccccc6)OC3(C(=C)C)C(OC(=O)c7ccccc7)C(C)C1(O4)C1C=C(C)C(=O)C1(O)C2O,PD00129710,C34H34O10,602.636,Top1,1,Low Confidence
488,450,[9706],9706,389.1956,9.3,0,0,0,0,0,0,0,0,0,0,0,0,0,0,0,0,0,0,0,0,0,0,0,0,0,0,0,0,0,2643598.427,0,0,0,0,0,0,0,0,0,0,0,0,0,0,0,0,0,0,0,0,0,0,0,0,0,0,7,0,D,C22H28O6,possibly undescribed,none,[M+H]+,none,9,"1,2-en-3-one","5-ol-6,7-epoxy","9,13,14-orthoester",with C-12,no C-18,others,others,1,C2,C2*1,"acyl(0.26),butenoyl(0.02)",acyl,A1,B1,C2,none,R1,none,none,,,,,,A1B1C2,OCC12OC1C1C3OC4(C)OC3(C(=C)C)C(O)C(C)C1(O4)C1C=C(C)C(=O)C1(O)C2O,PD00008045,C22H28O9,436.457,Top1,1,Low Confidence
489,487,[10787],10787,619.3468,9.3,0,0,0,0,0,0,0,0,0,0,0,0,0,0,0,0,0,0,0,0,0,0,0,0,0,0,0,0,0,0,0,0,0,0,0,0,0,0,0,0,0,0,0,0,0,0,0,0,0,195000000,7770041.832,0,0,0,978570.4044,0,6,0,D,C34H50O10,possibly undescribed,none,[M+H]+,none,10,"1,2-en-3-one","5-ol-6,7-ene","9,13,14-orthoester",no C-12,no C-18,others,others,1,C14,C14*1,others,none,A1,B3,C1,none,none,none,none,,,,,,A1B3C1,OCC1=CC2C3OC4OC3(C(=C)C)CC(C)C2(O4)C2C=C(C)C(=O)C2(O)C1O,PD00000041,C21H26O7,390.432,Top1,1,Low Confidence
490,501,[10977],10977,701.3881,9.3,0,0,0,0,0,0,0,0,0,0,0,0,0,0,0,0,0,0,0,0,0,0,0,0,0,0,0,0,0,0,0,0,0,0,0,0,0,0,0,0,0,0,0,0,0,0,0,0,0,3483325.593,0,0,0,0,0,0,10,9,D,C39H56O11,possibly undescribed,none,[M+H]+,none,12,"1,2-en-3-one","5-ol-6,7-ene","9,13,14-triol",no C-12,no C-18,others,others,1,C19,C19*1,"nonadienoyl(0.02),4-oxo-2-nonenoyl(0.02)",none,A1,B3,C3,none,none,none,none,,,,,,A1B3C3,OCC1=CC2C(O)C(O)(C(=C)C)CC(C)C2(O)C2C=C(C)C(=O)C2(O)C1O,PD00000051,C20H28O7,380.437,Top1,1,Low Confidence
491,514,[3261],3261,327.1586,9.3,0,187915.7648,0,0,0,0,0,0,0,0,0,0,11400000,0,0,0,0,0,0,0,0,0,0,0,0,0,0,0,0,0,0,0,1081672.811,0,0,0,0,0,0,0,1605339.424,0,0,0,0,0,0,0,0,0,0,0,0,0,1548389.61,0,10,0,D,C20H22O4,possibly undescribed,none,[M+H]+,none,10,"1,2-dihydro-3-one","5-ol-6,7-epoxy","9,13,14-orthoester",no C-12,no C-18,others,others,1,C0,C0*1,6-7-epoxy-2-4-undecadienoyl(0.02),none,A2,B1,C1,none,none,none,none,,,,,,A2B1C1,OCC12OC1C1C3OC4OC3(C(=C)C)CC(C)C1(O4)C1CC(C)C(=O)C1(O)C2O,PD00000002,C21H28O8,408.447,Top1,1,Low Confidence
492,528,[9929],9929,535.3259,9.3,0,0,0,0,0,0,0,0,0,0,0,0,0,0,0,613670.8391,0,0,0,0,0,0,0,0,0,0,0,0,0,0,0,0,0,0,0,0,0,0,0,0,0,0,0,0,0,0,0,0,0,0,0,0,0,0,0,0,9,0,D,C30H46O8,possibly undescribed,none,[M+H]+,none,8,"1,2-dihydro-3-one","5-ol-6,7-epoxy","9,13,14-orthoester",no C-12,no C-18,others,others,1,C10,C10*1,decanoyl(0.03),decanoyl,A2,B1,C1,none,R9,none,none,,,,,,A2B1C1,OCC12OC1C1C3OC4(CCCCCCCCC)OC3(C(=C)C)CC(C)C1(O4)C1CC(C)C(=O)C1(O)C2O,PD00007669,C30H46O8,534.69,Top1,1,High Confidence
493,556,[729],729,661.3,9.3,0,0,0,0,0,0,0,0,0,0,0,0,0,0,0,0,0,0,0,0,0,0,0,0,0,0,4677911.481,0,0,0,0,0,0,0,0,0,0,0,0,0,0,0,0,0,0,0,0,0,0,0,0,0,0,0,0,0,15,0,D,C38H44O10,possibly undescribed,none,[M+H]+,none,17,"1,2-en-3-ol","5-ol-6,7-epoxy","9,13,14-orthoester",no C-12,no C-18,others,others,2,"C7,C11",C7*1+C11*1,benzoyl(0.05),"benzoyl,benzoyl",A3,B1,C1,none,R92,R92,none,,,,,,A3B1C1,OCC12OC1C1C3OC4(c6ccccc6)OC3(C(=C)C)CC(C)C1(O4)C1C=C(C)C(OC(=O)c7ccccc7)C1(O)C2O,PD00017966,C34H36O9,588.653,Top2,0.351,Low Confidence
494,754,[6277],6277,469.3308,9.3,0,0,0,0,0,0,0,0,0,0,0,0,0,0,209883.0899,0,0,0,0,577746.2077,0,0,1289818.466,0,0,0,0,0,0,0,0,0,0,0,0,0,2055146.132,0,0,0,0,6188154.663,0,0,0,0,362074.0849,0,0,0,0,0,1070667.18,0,0,0,0,8,MD,C30H44O4,possibly undescribed,none,[M+H]+,none,9,1-alkyl-3-one,"5-ol-6,7-epoxy","9,13,14-orthoester",no C-12,no C-18,others,C9 ring with no substituent,0,others,,others,none,A6,B1,C1,M1,none,none,none,none,none,none,none,none,A6B1C1M1,OCC12OC1C1C3OC45CCCCCCCCC6C(C)C(=O)C(O)(C2O)C6C1(O4)C(C)CC3(C(=C)C)O5,PD01121453,C29H42O8,518.647,Top1,1,Low Confidence
495,766,[3841],3841,669.326,9.3,0,0,0,0,0,0,0,0,0,0,0,0,827066.167,0,0,0,0,0,0,0,198133.1346,0,0,0,1464900.347,0,0,0,0,0,0,0,0,0,0,0,0,0,0,0,0,0,0,0,0,0,0,0,0,0,0,0,0,0,0,5375946.131,9,18,MD,C37H48O11,possibly undescribed,(DA45)std_daphnepedunin D isomer,[M+H]+,none,14,1-alkyl-3-one,"5-ol-6,7-epoxy","9,13,14-orthoester",no C-12,no C-18,others,C10 ring with no substituent,2,"C2,C5",C2*1+C5*1,benzoyl(0.05),"acyl,2-methylbutyryl",A6,B1,C1,M2,R1,R4,none,none,none,none,none,none,A6B1C1M2,,,,0,Top1,1,Low Confidence
496,12,[3565],3565,822.3687,9.4,0,0,0,0,0,0,0,0,0,0,0,0,14400000,0,0,0,0,0,0,0,0,0,0,0,0,0,0,0,0,0,0,0,0,0,0,0,0,0,0,0,0,0,0,0,0,0,0,0,0,0,0,0,0,0,0,0,0,10,MD,C44H55O14N1,possibly undescribed,none,[M+NH4]+,none,18,bicyclo [2.2.1] heptane ring,"5-ol-6,7-epoxy","9,13,14-orthoester",no C-12,no C-18,others,C9 ring with no substituent,5,"C2,C7",C2*4+C7*1,"benzoyl(0.62),benzoyl(0.08)","acyl,acyl,acyl,acyl,benzoyl",A11,B1,C1,M1,R1,R1,R1,R1,R92,none,none,none,A11B1C1M1,,,,0,Top1,1,Low Confidence
497,211,"[4861,4939]",4861,471.2745,9.4,0,0,0,0,0,0,0,0,0,177898.1249,0,0,0,0,0,473380.4442,0,0,0,0,0,0,0,0,0,0,0,0,0,0,0,576528.4009,3842194.301,0,0,0,0,0,0,0,0,0,0,0,0,0,0,0,0,0,0,0,0,0,0,0,6,0,D,C28H38O6,possibly undescribed,none,[M+H-H2O]+,"4861, 4939",10,"1,2-en-3-one","5-ol-6,7-epoxy","9,13,14-orthoester",no C-12,no C-18,others,others,1,C8,C8*1,octanoyl(0.28),octanoyl,A1,B1,C1,none,R7,none,none,,,,,,A1B1C1,OCC12OC1C1C3OC4(CCCCCCC)OC3(C(=C)C)CC(C)C1(O4)C1C=C(C)C(=O)C1(O)C2O,PD00007571,C28H40O8,504.62,Top1,1,Low Confidence
498,280,[10335],10335,739.3312,9.4,0,0,0,0,0,0,0,0,0,0,0,0,0,0,0,0,0,3462673.082,0,0,0,0,0,0,0,0,0,0,0,0,0,0,0,0,0,0,0,0,0,0,0,0,0,0,0,0,0,0,0,0,0,0,0,0,0,0,15,0,D,C40H50O13,possibly undescribed,none,[M+H]+,none,16,"1,2-en-3-one","5-ol-6,7-epoxy","9,13,14-orthoester",no C-12,no C-18,others,others,2,C10,C10*2,"feruloyl(0.02),decadienoyl(0.22),4-oxo-2-decenoyl(0.22)","decadienoyl,4-oxo-2-decenoyl",A1,B1,C1,none,R37,R83,none,,,,,,A1B1C1,CCCCCC(=O)C=CC=CC(=O)OCC12OC1C1C3OC4(C=CC=CCCCCC)OC3(C(=C)C)CC(C)C1(O4)C1C=C(C)C(=O)C1(O)C2O,PD00267621,C41H54O10,706.873,Top2,0.624,Low Confidence
499,287,[10945],10945,621.3609,9.4,0,0,0,0,0,0,0,0,0,0,0,0,0,0,0,0,0,0,0,0,0,0,0,0,0,0,0,0,0,0,0,0,0,0,0,0,0,0,0,0,0,0,0,0,0,0,0,0,0,1883015.262,0,0,0,0,0,0,12,0,D,C16H60O23,possibly known,stelleralide J,[M+H]+,none,-13,"1,2-en-3-one","5-ol-6,7-epoxy","9,13,14-orthoester",no C-12,no C-18,others,others,1,C-4,C-4*1,"tetradecadienoyl(0.02),4-oxo-2-tetradecenoyl(0.02)",none,A1,B1,C1,none,none,none,none,,,,,,A1B1C1,OCC12OC1C1C3OC4OC3(C(=C)C)CC(C)C1(O4)C1C=C(C)C(=O)C1(O)C2O,PD00000001,C21H26O8,406.431,Top1,1,Low Confidence
500,323,[1114],1114,719.3056,9.4,44000000,507000000,0,0,104000000,0,50500000,4156755.608,5685726.879,0,38000000,151000000,0,101000000,19500000,0,8440046.702,2662561.563,27800000,2077246.884,30000000,11300000,0,0,0,0,0,0,0,0,0,0,0,0,0,0,0,0,0,0,0,0,0,0,0,0,0,0,0,0,0,0,0,0,1472448.567,0,14,0,D,C40H46O12,possibly undescribed,(DA26)std_acutilobin C isomer,[M+H]+,none,18,"1,2-en-3-one","5-ol-6,7-epoxy","9,13,14-orthoester",with C-12,no C-18,"2,4-olefinic",others,2,C10,C10*2,"feruloyl(0.13),decatrienoyl(23.00)","feruloyl,decatrienoyl",A1,B1,C2,none,R95,R48,none,,,,,,A1B1C2,OCC12OC1C1C3OC4(C=CC=CC=CCCC)OC3(C(=C)C)C(OC(=O)C=Cc7c(OC)c(O)ccc7)C(C)C1(O4)C1C=C(C)C(=O)C1(O)C2O,PD00128547,C40H46O12,718.796,Top1,1,High Confidence
501,407,[7684],7684,473.2897,9.4,0,0,0,0,0,0,0,0,0,0,0,0,0,0,0,0,0,0,0,0,0,0,0,0,0,0,0,0,0,0,0,0,5110298.548,0,0,0,0,0,0,0,0,0,0,0,0,0,0,0,0,0,0,0,0,0,0,0,6,0,D,C28H40O6,possibly undescribed,none,[M+H]+,none,9,"1,2-en-3-one","5-ol-6,7-epoxy","9,13,14-orthoester",with C-12,no C-18,others,others,0,others,,octanoyl(0.23),none,A1,B1,C2,none,none,none,none,,,,,,A1B1C2,OCC12OC1C1C3OC4OC3(C(=C)C)CC(C)C1(O4)C1C=C(C)C(=O)C1(O)C2O,PD00000006,C21H26O8,406.431,Top1,1,Low Confidence
502,515,[3532],3532,566.3681,9.4,0,0,0,0,0,0,0,0,0,0,0,0,27600000,0,0,339680.7486,0,0,0,0,0,0,0,0,0,0,0,0,0,0,0,0,0,0,0,0,0,0,0,0,0,0,0,0,0,0,0,0,0,0,0,0,0,0,0,0,13,0,D,C31H51O8N1,possibly undescribed,none,[M+NH4]+,none,7,"1,2-dihydro-3-one","5-ol-6,7-epoxy","9,13,14-orthoester",no C-12,no C-18,others,others,1,C11,C11*1,"decanoyl(0.28),decanoyl(0.14)",none,A2,B1,C1,none,none,none,none,,,,,,A2B1C1,OCC12OC1C1C3OC4OC3(C(=C)C)CC(C)C1(O4)C1CC(C)C(=O)C1(O)C2O,PD00000002,C21H28O8,408.447,Top1,1,Low Confidence
503,600,[560],560,600.4175,9.4,0,0,0,0,0,0,0,0,0,0,0,0,0,0,0,0,0,0,0,0,0,0,0,484708.0823,0,0,0,0,409777.8991,158313.6482,163000000,0,0,1384109.602,735029.6236,881145.7059,0,0,1343761.285,489814.418,0,0,0,0,0,0,0,0,0,0,0,0,0,0,0,0,12,0,D,C25H61O14N1,possibly undescribed,none,[M+NH4]+,none,-4,"1,2-dihydro-3-ol","5-ol-6,7-epoxy","9,13,14-orthoester",no C-12,no C-18,others,others,1,C5,C5*1,"acyl(0.05),undecanoyl(0.02),6-methoxy-2-4-decadienoyl(0.60)",2-methylbutyryl,A4,B1,C1,none,R4,none,none,,,,,,A4B1C1,OCC12OC1C1C3OC4(CCCC)OC3(C(=C)C)CC(C)C1(O4)C1CC(C)C(O)C1(O)C2O,PD00007856,C25H38O8,466.571,Top1,1,Low Confidence
504,680,[11885],11885,794.4108,9.4,0,0,0,0,0,0,0,0,0,0,0,0,0,0,0,0,0,0,0,0,0,0,0,0,2485814.286,0,0,0,0,0,0,0,0,0,0,0,0,0,0,0,0,0,0,0,0,0,0,0,0,0,0,0,0,0,0,0,6,0,D,C44H59O12N1,possibly undescribed,none,[M+NH4]+,none,16,"1,2-dihydro-3-ol","5-ol-6,7-epoxy","9,13,14-orthoester",no C-12,no C-18,others,others,3,"C7,C10",C10*1+C7*2,"benzoyl(0.20),feruloyl(0.04),benzoyl(0.60)","benzoyl,feruloyl",A4,B1,C1,none,R92,R95,none,,,,,,A4B1C1,OCC12OC1C1C3OC4(c6ccccc6)OC3(C(=C)C)CC(C)C1(O4)C1CC(C)C(OC(=O)C=Cc7c(OC)c(O)ccc7)C1(O)C2O,PD00022625,C37H42O11,662.732,Top1,1,Low Confidence
505,742,"[3542,3554]",3542,806.3746,9.4,0,0,0,0,0,0,0,0,0,0,0,0,23500000,0,0,0,0,0,0,0,0,0,0,0,0,0,0,0,0,0,0,0,0,0,0,0,0,0,0,0,0,0,0,0,0,0,0,0,0,0,0,0,0,0,0,0,0,14,MD,C44H55O13N1,possibly undescribed,none,[M+NH4]+,"3542, 3554",18,1-alkyl-3-one,"5-ol-6,7-epoxy","9,13,14-orthoester",no C-12,no C-18,others,C9 ring with no substituent,4,"C2,C4,C7",C2*2+C7*1+C4*1,"benzoyl(0.45),benzoyl(0.12)","acyl,acyl,benzoyl,isobutyryl",A6,B1,C1,M1,R1,R1,R92,R3,none,none,none,none,A6B1C1M1,,,,0,Top1,1,Low Confidence
506,757,[505],505,533.3109,9.4,0,1271136.144,0,437605.8232,0,0,0,0,0,0,437379.0732,1399152.773,686000000,0,0,463921.5438,0,0,0,0,0,0,0,570442.3955,1233212.784,0,2567244.556,0,68500000,79500000,0,578894.8956,0,0,0,0,516409.0698,21300000,0,0,0,0,0,349720.3582,0,0,0,0,0,0,0,0,0,0,0,2307648.992,0,9,MD,C30H44O8,possibly known,"(DA31)std_pimelea factor S6, (DA30)std_pimelea factor S7",[M+H]+,none,9,1-alkyl-3-one,"5-ol-6,7-epoxy","9,13,14-orthoester",no C-12,no C-18,others,C10 ring with no substituent,0,others,,others,none,A6,B1,C1,M2,none,none,none,none,none,none,none,none,A6B1C1M2,OCC12OC1C1C3OC45CCCCCCCC(C)C6C(C)C(=O)C(O)(C2O)C6C1(O4)C(C)CC3(C(=C)C)O5,PD01121457,C30H44O8,532.674,Top1,1,High Confidence
507,41,[69],69,529.2797,9.5,443000000,149000000,0,2511430.635,4816002.84,14400000,32300000,11600000,1528258.987,1380598.147,605000000,32600000,9349603.644,22800000,0,0,1107313.411,0,0,0,480643.791,0,0,10200000,23700000,0,28100000,19600000,124000000,720000000,3433865.808,23500000,4040678.236,0,203000000,0,303339.3,2402805.255,0,0,0,0,434836.2304,0,13200000,0,0,0,644126.0514,16100000,69600000,0,0,0,1886185.496,0,12,0,D,C30H40O8,possibly known,(DA03)std_excoecariatoxin,[M+H]+,none,11,"1,2-en-3-one","5-ol-6,7-epoxy","9,13,14-orthoester",no C-12,no C-18,"2,4-olefinic",others,1,C10,C10*1,decadienoyl(12.00),decadienoyl,A1,B1,C1,none,R37,none,none,,,,,,A1B1C1,OCC12OC1C1C3OC4(C=CC=CCCCCC)OC3(C(=C)C)CC(C)C1(O4)C1C=C(C)C(=O)C1(O)C2O,PD00007601,C30H40O8,528.642,Top1,1,High Confidence
508,50,[360],360,657.2693,9.5,0,0,0,0,0,0,0,0,0,0,0,0,0,0,0,0,0,0,0,0,0,0,0,1552369.569,0,0,0,0,0,0,0,0,0,0,0,0,0,0,0,0,0,0,0,0,0,0,0,0,0,0,0,0,0,0,0,0,8,0,D,C38H40O10,possibly known,onishibarin A,[M+H]+,none,19,"1,2-en-3-one","5-ol-6,7-epoxy","9,13,14-orthoester",no C-12,no C-18,others,others,2,"C7,C11",C7*1+C11*1,benzoyl(0.18),"benzoyl,benzoyl",A1,B1,C1,none,R92,R92,none,,,,,,A1B1C1,c7ccccc7C(=O)OCC12OC1C1C3OC4(c6ccccc6)OC3(C(=C)C)CC(C)C1(O4)C1C=C(C)C(=O)C1(O)C2O,PD00269390,C34H34O9,586.637,Top2,0.829,Low Confidence
509,355,[2424],2424,645.2696,9.5,0,0,0,1042279.301,0,0,1134578.624,0,0,0,0,0,0,0,0,0,0,0,0,0,216007.3078,0,0,0,0,0,0,0,0,0,0,0,0,0,0,0,0,0,0,0,0,0,0,0,0,0,0,0,0,0,0,0,0,0,0,0,8,0,D,C37H40O10,possibly undescribed,none,[M+H]+,none,18,"1,2-en-3-one","5-ol-6,7-epoxy","9,13,14-orthoester",with C-12,no C-18,others,others,2,"C7,C10",C10*1+C7*1,others,"benzoyl,benzoyl",A1,B1,C2,none,R92,R92,none,,,,,,A1B1C2,OCC12OC1C1C3OC4(c6ccccc6)OC3(C(=C)C)C(OC(=O)c7ccccc7)C(C)C1(O4)C1C=C(C)C(=O)C1(O)C2O,PD00129710,C34H34O10,602.636,Top1,1,Low Confidence
510,412,[8142],8142,679.3685,9.5,0,0,0,0,0,0,0,0,0,0,0,0,0,0,0,0,0,0,0,0,0,0,0,0,0,0,0,0,0,0,0,0,0,0,0,0,0,0,0,0,0,0,0,0,0,0,0,0,0,0,0,0,0,0,0,3602147.652,11,0,D,C36H54O12,possibly undescribed,none,[M+H]+,none,10,"1,2-en-3-one","5-ol-6,7-epoxy","9,13,14-orthoester",with C-12,no C-18,others,others,2,"C7,C9",C9*1+C7*1,"acyl(0.02),tetradecadienoyl(0.26),4-oxo-2-tetradecenoyl(0.26)","acyl,tetradecadienoyl",A1,B1,C2,none,R1,R41,none,,,,,,A1B1C2,OCC12OC1C1C3OC4(C)OC3(C(=C)C)C(OC(=O)C=CC=CCCCCCCCCC)C(C)C1(O4)C1C=C(C)C(=O)C1(O)C2O,PD00125109,C36H50O10,642.786,Top1,1,Low Confidence
511,517,[3551],3551,345.1689,9.5,0,0,0,0,0,0,0,0,0,0,0,0,18700000,0,0,0,0,0,0,0,0,0,0,0,0,0,0,0,0,0,0,0,0,0,0,0,0,0,0,0,0,0,0,0,0,0,0,0,0,0,0,0,0,0,0,0,9,0,D,C20H24O5,possibly undescribed,none,[M+H]+,none,9,"1,2-dihydro-3-one","5-ol-6,7-epoxy","9,13,14-orthoester",no C-12,no C-18,others,others,1,C0,C0*1,6-7-epoxy-2-4-undecadienoyl(0.05),none,A2,B1,C1,none,none,none,none,,,,,,A2B1C1,OCC12OC1C1C3OC4OC3(C(=C)C)CC(C)C1(O4)C1CC(C)C(=O)C1(O)C2O,PD00000002,C21H28O8,408.447,Top1,1,Low Confidence
512,538,[3555],3555,499.3043,9.5,0,0,0,0,0,0,0,0,0,0,0,0,16100000,0,0,0,0,0,0,0,0,0,0,0,0,0,0,0,0,0,0,0,0,0,0,0,0,0,0,0,0,0,0,0,0,0,0,0,0,0,0,0,0,0,0,0,9,0,D,C30H42O6,possibly undescribed,none,[M+H-H2O]+,"3546, 3555",10,"1,2-dihydro-3-one","5-ol-6,7-epoxy","9,13,14-triol",no C-12,no C-18,others,others,1,C10,C10*1,"decanoyl(0.43),decanoyl(0.25)",decanoyl,A2,B1,C3,none,R9,none,none,,,,,,A2B1C3,OCC12OC1C1C(OC(=O)CCCCCCCCC)C(O)(C(=C)C)CC(C)C1(O)C1CC(C)C(=O)C1(O)C2O,PD00001525,C30H48O9,552.705,Top1,1,Low Confidence
513,594,[103],103,643.2894,9.5,0,0,0,0,0,0,0,0,0,0,0,0,0,0,0,0,0,0,0,0,0,0,0,5585230.096,0,0,102000000,0,0,0,0,0,0,0,0,0,0,0,0,0,0,0,0,0,0,0,0,0,0,0,0,0,0,0,0,0,6,0,D,C38H42O9,possibly known,onishibarin B,[M+H]+,none,18,"1,2-dihydro-3-ol","5-ol-6,7-epoxy","9,13,14-orthoester",no C-12,no C-18,others,others,2,"C7,C11",C7*1+C11*1,"benzoyl(0.52),5-pheny-2-4-pentadienoyl(47.00)","benzoyl,5-pheny-2-4-pentadienoyl",A4,B1,C1,none,R92,R96,none,,,,,,A4B1C1,OCC12OC1C1C3OC4(c6ccccc6)OC3(C(=C)C)CC(C)C1(O4)C1CC(C)C(OC(=O)C=CC=Cc7ccccc7)C1(O)C2O,PD00022626,C38H42O9,642.745,Top1,1,High Confidence
514,648,[6673],6673,617.2731,9.5,0,0,0,0,0,0,0,0,0,0,0,0,0,0,0,0,621881.4596,0,0,0,0,0,0,0,0,0,0,0,0,0,0,0,0,0,6602817.013,0,0,0,0,0,0,0,0,0,0,0,0,0,0,0,0,0,0,0,0,0,14,0,D,C36H40O9,possibly known,acutilonine G,[M+H]+,none,17,"1,2-dihydro-3-ol","5-ol-6,7-epoxy","9,13,14-orthoester",no C-12,no C-18,others,others,2,"C7,C9",C9*1+C7*1,"cinnamoyl(0.03),cinnamoyl(1.30)","benzoyl,cinnamoyl",A4,B1,C1,none,R92,R93,none,,,,,,A4B1C1,OCC12OC1C1C3OC4(c6ccccc6)OC3(C(=C)C)CC(C)C1(O4)C1CC(C)C(OC(=O)C=Cc7ccccc7)C1(O)C2O,PD00022623,C36H40O9,616.707,Top1,1,High Confidence
515,758,[3591],3591,515.2996,9.5,0,0,0,0,0,0,0,0,372734.9153,0,0,0,8929468.473,0,0,0,0,0,0,0,0,0,0,0,143586.6674,0,0,0,0,174723.682,0,0,0,0,0,0,0,0,0,0,0,0,0,0,0,0,0,0,0,0,0,0,0,0,0,0,0,8,MD,C30H42O7,possibly undescribed,none,[M+H]+,none,10,1-alkyl-3-one,"5-ol-6,7-epoxy","9,13,14-orthoester",no C-12,no C-18,others,C10 ring with no substituent,0,others,,acyl(0.04),none,A6,B1,C1,M2,none,none,none,none,none,none,none,none,A6B1C1M2,OCC12OC1C1C3OC45CCCCCCCC(C)C6C(C)C(=O)C(O)(C2O)C6C1(O4)C(C)CC3(C(=C)C)O5,PD01121457,C30H44O8,532.674,Top1,1,Low Confidence
516,770,[5366],5366,643.347,9.5,0,0,0,0,0,0,0,0,0,0,0,0,0,0,0,1180906.599,0,0,0,0,0,0,0,0,0,0,0,0,0,0,0,0,0,0,3681471.398,0,0,0,0,0,0,0,3499750.968,0,0,0,0,0,0,0,0,0,0,0,0,4336169.68,0,15,MD,C36H50O10,possibly undescribed,none,[M+H]+,none,12,1-alkyl-3-one,"5-ol-6,7-epoxy","9,13,14-orthoester",no C-12,no C-18,others,C10 ring with no substituent,3,C2,C2*3,benzoyl(0.15),"acyl,acyl,acyl",A6,B1,C1,M2,R1,R1,R1,none,none,none,none,none,A6B1C1M2,,,,0,Top1,1,Low Confidence
517,818,[6035],6035,653.3312,9.5,0,0,0,0,0,0,0,0,0,0,0,0,0,0,0,0,0,0,0,0,0,0,0,0,727300.8102,0,0,0,0,0,0,0,0,0,0,0,0,4020130.677,0,0,0,0,0,0,0,0,531654.8047,0,0,0,0,0,0,0,0,0,10,11,MD,C37H48O10,possibly undescribed,(DA41)std_wikstroelide F isomer,[M+H]+,none,14,1-alkyl-3-ol,"5-ol-6,7-epoxy","9,13,14-orthoester",no C-12,no C-18,others,C9 ring with no substituent,4,C2,C2*4,"benzoyl(0.02),benzoyl(0.11)","acyl,acyl,acyl,acyl",A8,B1,C1,M1,R1,R1,R1,R1,none,none,none,none,A8B1C1M1,,,,0,Top1,1,Low Confidence
518,184,[3788],3788,617.332,9.6,0,0,0,0,0,0,0,0,0,0,0,0,1091229.846,0,0,0,0,0,0,0,0,0,0,0,0,0,0,4804014.628,0,0,0,0,0,0,0,0,158812.2459,280947.9247,0,0,0,0,0,0,0,0,0,0,0,0,0,0,0,0,0,0,8,0,D,C34H48O10,possibly undescribed,none,[M+H]+,none,11,"1,2-en-3-one","5-ol-6,7-epoxy","9,13,14-orthoester",no C-12,no C-18,others,others,1,C14,C14*1,nonanoyl(0.07),none,A1,B1,C1,none,none,none,none,,,,,,A1B1C1,OCC12OC1C1C3OC4OC3(C(=C)C)CC(C)C1(O4)C1C=C(C)C(=O)C1(O)C2O,PD00000001,C21H26O8,406.431,Top1,1,Low Confidence
519,272,[9655],9655,589.301,9.6,0,0,0,0,0,0,0,0,0,0,0,0,0,0,0,0,0,0,0,0,0,0,0,0,0,0,0,0,6590138.834,13800000,0,0,0,0,0,0,0,0,0,0,0,0,0,0,0,0,0,0,0,0,0,0,0,0,0,0,14,0,D,C32H44O10,possibly known,"5・趣ｽｲ-hydroxyresiniferonol-6・趣ｽｱ,7・趣ｽｱ-epoxy-12・趣ｽｲ-acetoxy-9,13,14-ortho-2E-decenoate",[M+H]+,none,11,"1,2-en-3-one","5-ol-6,7-epoxy","9,13,14-orthoester",no C-12,no C-18,others,others,1,C12,C12*1,"acyl(0.20),decenoyl(1.30)",none,A1,B1,C1,none,none,none,none,,,,,,A1B1C1,OCC12OC1C1C3OC4OC3(C(=C)C)CC(C)C1(O4)C1C=C(C)C(=O)C1(O)C2O,PD00000001,C21H26O8,406.431,Top2,0.563,Low Confidence
520,347,[2161],2161,513.2847,9.6,326856.0413,0,0,0,0,0,0,0,0,0,528357.7306,0,0,0,0,0,0,0,0,0,0,0,0,0,0,0,0,0,228417.4417,421889.5659,0,0,0,0,0,0,0,0,0,0,21400000,1346846.395,0,0,0,0,2498166.789,0,3420757.015,0,0,0,0,0,0,0,14,0,D,C30H40O7,possibly undescribed,none,[M+H]+,none,11,"1,2-en-3-one","5-ol-6,7-epoxy","9,13,14-orthoester",with C-12,no C-18,others,others,1,C10,C10*1,"cinnamoyl(0.04),decadienoyl(0.17),4-oxo-2-decenoyl(0.17),tetradecadienoyl(0.05),4-oxo-2-tetradecenoyl(0.05)",decadienoyl,A1,B1,C2,none,R37,none,none,,,,,,A1B1C2,OCC12OC1C1C3OC4(C=CC=CCCCCC)OC3(C(=C)C)C(O)C(C)C1(O4)C1C=C(C)C(=O)C1(O)C2O,PD00008081,C30H40O9,544.641,Top5,0.513,Low Confidence
521,391,[5076],5076,691.3103,9.6,0,0,0,0,0,0,0,0,0,0,1096362.287,1840751.387,0,0,0,0,305561.1949,9038236.473,16800000,2285833.95,0,235222.9035,0,0,0,0,0,0,0,0,0,0,0,0,0,0,0,0,0,0,0,0,0,0,0,0,0,0,0,0,0,0,0,0,0,0,15,0,D,C39H46O11,possibly undescribed,(DA24)std_daphneodorin D isomer,[M+H]+,none,17,"1,2-en-3-one","5-ol-6,7-epoxy","9,13,14-orthoester",with C-12,no C-18,"2,4-olefinic",others,2,"C9,C10",C9*1+C10*1,"coumaroyl(0.12),decadienoyl(4.00)","coumaroyl,decadienoyl",A1,B1,C2,none,R94,R37,none,,,,,,A1B1C2,OCC12OC1C1C3OC4(C=CC=CCCCCC)OC3(C(=C)C)C(OC(=O)C=Cc7ccc(O)cc7)C(C)C1(O4)C1C=C(C)C(=O)C1(O)C2O,PD00127952,C39H46O11,690.786,Top1,1,High Confidence
522,423,[8937],8937,661.2634,9.6,0,0,0,0,0,0,0,0,0,0,0,0,0,0,0,0,0,0,6749237.617,0,0,0,0,0,0,0,0,0,0,0,0,0,0,0,0,0,0,0,0,0,0,0,0,0,0,0,0,0,0,0,0,0,0,0,0,0,6,0,D,C37H40O11,possibly undescribed,none,[M+H]+,none,18,"1,2-en-3-one","5-ol-6,7-epoxy","9,13,14-orthoester",with C-12,no C-18,others,others,2,"C7,C10",C10*1+C7*1,benzoyl(0.09),"benzoyl,benzoyl",A1,B1,C2,none,R92,R92,none,,,,,,A1B1C2,OCC12OC1C1C3OC4(c6ccccc6)OC3(C(=C)C)C(OC(=O)c7ccccc7)C(C)C1(O4)C1C=C(C)C(=O)C1(O)C2O,PD00129710,C34H34O10,602.636,Top1,1,Low Confidence
523,551,[151],151,617.2742,9.6,76200000,293730.6199,0,15500000,5036092.432,2281855.805,8085462.603,10200000,3200193.241,0,37300000,21300000,0,955674.2771,0,0,0,0,0,0,9527106.89,0,0,3735298.465,0,0,102000000,0,0,0,0,0,6463882.729,0,240170.8275,0,0,0,0,0,14700000,0,15400000,0,4488515.587,0,325074.8925,0,210867.575,0,0,0,0,0,777245.292,0,22,0,D,C36H40O9,possibly known,acutilonine G,[M+H]+,none,17,"1,2-en-3-ol","5-ol-6,7-epoxy","9,13,14-orthoester",no C-12,no C-18,"2,4-olefinic",others,2,"C7,C9",C9*1+C7*1,"benzoyl(0.35),cinnamoyl(0.40),feruloyl(0.10),cinnamoyl(19.00)","benzoyl,cinnamoyl",A3,B1,C1,none,R92,R93,none,,,,,,A3B1C1,OCC12OC1C1C3OC4(c6ccccc6)OC3(C(=C)C)CC(C)C1(O4)C1C=C(C)C(OC(=O)C=Cc7ccccc7)C1(O)C2O,PD00017967,C36H38O9,614.691,Top4,0.796,Low Confidence
524,762,[3675],3675,533.3109,9.6,0,0,0,0,0,0,0,0,0,6539493.279,0,0,4377964.764,0,0,0,364610.7771,0,0,0,0,0,0,0,202381.5614,0,0,0,0,551295.8543,1787413.454,0,1021197.441,0,11800000,1871452.008,0,0,0,0,0,0,593802.3068,0,0,0,5295916.079,0,0,0,0,0,0,0,0,0,0,12,MD,C30H44O8,possibly undescribed,"(DA31)std_pimelea factor S6 isomer, (DA30)std_pimelea factor S7 isomer",[M+H]+,none,9,1-alkyl-3-one,"5-ol-6,7-epoxy","9,13,14-orthoester",no C-12,no C-18,others,C10 ring with no substituent,0,others,,others,none,A6,B1,C1,M2,none,none,none,none,none,none,none,none,A6B1C1M2,OCC12OC1C1C3OC45CCCCCCCC(C)C6C(C)C(=O)C(O)(C2O)C6C1(O4)C(C)CC3(C(=C)C)O5,PD01121457,C30H44O8,532.674,Top1,1,High Confidence
525,808,"[596,628]",596,775.3683,9.6,0,0,0,0,0,0,0,0,0,0,0,0,550413.2962,0,0,772492.0204,0,0,0,0,0,0,0,244876.4918,0,0,0,0,0,0,0,0,0,0,217529.9975,0,0,11800000,0,0,0,0,0,0,0,0,0,0,0,0,0,0,0,0,0,1125066.781,14,19,MD,C44H54O12,possibly known,(DA50)std_stelleralide H,[M+H]+,"596, 628",18,1-alkyl-3-ol,"5-ol-6,7-epoxy","9,13,14-orthoester",no C-12,no C-18,others,C9 ring with no substituent,4,"C2,C4,C7",C2*2+C7*1+C4*1,"acyl(0.03),benzoyl(0.11),benzoyl(0.32)","acyl,acyl,benzoyl,isobutyryl",A8,B1,C1,M1,R1,R1,R92,R3,none,none,none,none,A8B1C1M1,,,,0,Top1,1,Low Confidence
526,290,[11034],11034,637.3578,9.7,0,0,0,0,0,0,0,0,0,0,0,0,0,0,0,0,0,0,0,0,0,0,0,0,0,0,0,0,0,0,0,0,0,0,0,0,0,0,0,0,0,0,0,0,0,0,0,0,0,1381843.709,0,0,0,0,0,0,12,0,D,C34H52O11,possibly undescribed,none,[M+H]+,none,9,"1,2-en-3-one","5-ol-6,7-epoxy","9,13,14-orthoester",no C-12,no C-18,others,others,1,C14,C14*1,8-9-epoxy-2-4-6-undecatrienoyl(0.03),none,A1,B1,C1,none,none,none,none,,,,,,A1B1C1,OCC12OC1C1C3OC4OC3(C(=C)C)CC(C)C1(O4)C1C=C(C)C(=O)C1(O)C2O,PD00000001,C21H26O8,406.431,Top1,1,Low Confidence
527,321,[1090],1090,665.2957,9.7,3633410.788,328353.5587,0,0,652402.6858,0,9442125.5,4409291.13,732089.3049,0,1910799.183,1873007.628,0,0,0,0,581832.1584,0,0,0,1484722.466,596420.8477,0,0,0,0,0,0,0,0,0,0,0,0,0,0,0,0,0,0,0,0,0,0,0,0,0,0,0,0,0,0,0,0,0,0,20,0,D,C37H44O11,possibly known,tanguticanine B,[M+H]+,none,16,"1,2-en-3-one","5-ol-6,7-epoxy","9,13,14-orthoester",with C-12,no C-18,others,others,2,"C7,C10",C10*1+C7*1,"benzoyl(0.07),feruloyl(0.04),decatrienoyl(1.90)","benzoyl,decatrienoyl",A1,B1,C2,none,R92,R48,none,,,,,,A1B1C2,OCC12OC1C1C3OC4(C=CC=CC=CCCC)OC3(C(=C)C)C(OC(=O)c7ccccc7)C(C)C1(O4)C1C=C(C)C(=O)C1(O)C2O,PD00128544,C37H42O10,646.733,Top1,1,Low Confidence
528,489,[12138],12138,677.3525,9.7,0,0,0,0,0,0,0,0,0,0,0,0,0,0,0,0,0,0,0,0,0,0,0,0,0,0,0,0,0,0,0,0,0,0,0,0,0,0,0,0,0,0,0,0,0,0,0,0,0,0,0,0,0,3852653.149,0,0,6,0,D,C36H52O12,possibly undescribed,none,[M+H]+,none,11,"1,2-en-3-one","5-ol-6,7-ene","9,13,14-orthoester",no C-12,no C-18,others,others,1,C16,C16*1,"8-9-epoxy-2-4-6-undecatrienoyl(0.02),tetradecadienoyl(0.02),4-oxo-2-tetradecenoyl(0.02)",none,A1,B3,C1,none,none,none,none,,,,,,A1B3C1,OCC1=CC2C3OC4OC3(C(=C)C)CC(C)C2(O4)C2C=C(C)C(=O)C2(O)C1O,PD00000041,C21H26O7,390.432,Top1,1,Low Confidence
529,558,[811],811,651.3162,9.7,886539.3482,0,0,317885.8592,0,0,0,2182575.112,0,0,6265368.932,780200.5506,0,0,0,0,0,0,0,0,2928939.992,0,0,0,0,0,1014758.794,0,0,0,0,0,0,0,0,0,0,0,0,0,1519320.286,0,0,0,0,0,0,0,0,0,0,0,0,0,0,0,18,0,D,C37H46O10,possibly undescribed,none,[M+H]+,none,15,"1,2-en-3-ol","5-ol-6,7-epoxy","9,13,14-orthoester",no C-12,no C-18,others,others,2,"C7,C10",C10*1+C7*1,"benzoyl(0.03),feruloyl(0.02),decatrienoyl(1.80)","benzoyl,decatrienoyl",A3,B1,C1,none,R92,R48,none,,,,,,A3B1C1,OCC12OC1C1C3OC4(C=CC=CC=CCCC)OC3(C(=C)C)CC(C)C1(O4)C1C=C(C)C(OC(=O)c7ccccc7)C1(O)C2O,PD00016800,C37H44O9,632.75,Top1,1,Low Confidence
530,738,[785],785,833.3736,9.7,0,0,0,0,0,0,0,0,0,0,0,0,0,0,0,0,0,0,0,0,0,0,0,0,0,0,1353693.798,0,0,0,0,0,0,0,0,0,0,0,0,0,0,0,0,0,0,0,0,0,0,0,0,0,0,0,0,0,0,6,MD,C46H56O14,possibly undescribed,(DA54)std_stelleralide F isomer,[M+H]+,none,19,1-alkyl-3-one,"5-ol-6,7-epoxy","9,13,14-orthoester",no C-12,no C-18,others,C9 ring with no substituent,5,"C2,C4,C7",C2*3+C7*1+C4*1,benzoyl(0.10),"acyl,acyl,acyl,benzoyl,isobutyryl",A6,B1,C1,M1,R1,R1,R1,R92,R3,none,none,none,A6B1C1M1,,,,0,Top1,1,Low Confidence
531,789,[6286],6286,504.3682,9.7,0,0,0,0,0,0,0,0,0,0,0,0,0,0,0,0,0,0,0,0,0,0,0,0,0,0,0,0,0,0,0,0,0,0,0,0,299042.2366,0,0,0,0,2406750.563,0,0,0,0,0,0,0,0,0,0,0,0,0,0,0,7,MD,C30H49O5N1,possibly undescribed,none,[M+NH4]+,none,7,1-alkyl-3-one,"5-ol-6,7-epoxy","9,13,14-orthoester",no C-12,no C-18,others,C14 ring with an olenfinic,0,others,,others,none,A6,B1,C1,M7,none,none,none,none,none,none,none,none,A6B1C1M7,OCC12OC1C1C3OC45CCCC=CCCCCC(CCC)C6C(C)C(=O)C(O)(C2O)C6C1(O4)C(C)CC3(C(=C)C)O5,PD01121477,C34H50O8,586.766,Top1,1,Low Confidence
532,796,[10819],10819,689.3876,9.7,0,0,0,0,0,0,0,0,0,0,0,0,0,0,0,0,0,0,0,0,0,0,0,0,0,0,0,0,0,0,0,0,0,0,0,0,0,0,0,0,0,0,0,0,0,0,0,0,0,0,2057426.017,0,0,0,0,0,0,9,MD,C20H64O24,possibly undescribed,none,[M+H]+,none,-11,1-alkyl-3-one,"5-ol-6,7-epoxy","9,13,14-orthoester",no C-12,no C-18,others,C14 ring with an olenfinic,0,others,,others,none,A6,B1,C1,M7,none,none,none,none,none,none,none,none,A6B1C1M7,OCC12OC1C1C3OC45CCCC=CCCCCC(CCC)C6C(C)C(=O)C(O)(C2O)C6C1(O4)C(C)CC3(C(=C)C)O5,PD01121477,C34H50O8,586.766,Top2,0.683,Low Confidence
533,47,[267],267,661.2998,9.8,0,0,0,0,0,0,0,0,0,0,0,0,0,0,0,0,0,0,0,0,0,0,0,2210815.584,0,0,10400000,0,0,0,0,0,0,0,0,0,0,0,0,0,0,0,0,0,0,0,0,0,0,0,0,0,0,0,0,0,16,0,D,C38H44O10,possibly undescribed,none,[M+H]+,none,17,"1,2-en-3-one","5-ol-6,7-epoxy","9,13,14-orthoester",no C-12,no C-18,others,others,2,"C7,C11",C7*1+C11*1,benzoyl(0.07),"benzoyl,benzoyl",A1,B1,C1,none,R92,R92,none,,,,,,A1B1C1,c7ccccc7C(=O)OCC12OC1C1C3OC4(c6ccccc6)OC3(C(=C)C)CC(C)C1(O4)C1C=C(C)C(=O)C1(O)C2O,PD00269390,C34H34O9,586.637,Top2,0.213,Low Confidence
534,262,[8920],8920,707.3051,9.8,0,0,0,0,0,0,0,0,0,0,0,0,0,0,0,0,0,155619.1199,15300000,0,0,0,0,0,0,0,0,0,0,0,0,0,0,0,0,0,0,0,0,0,0,0,0,0,0,0,0,0,0,0,0,0,0,0,0,0,13,0,D,C39H46O12,possibly undescribed,none,[M+H]+,none,17,"1,2-en-3-one","5-ol-6,7-epoxy","9,13,14-orthoester",no C-12,no C-18,others,others,2,"C9,C10",C9*1+C10*1,"cinnamoyl(0.10),cinnamoyl(1.90)","cinnamoyl,cinnamoyl",A1,B1,C1,none,R93,R93,none,,,,,,A1B1C1,c7ccccc7C=CC(=O)OCC12OC1C1C3OC4(C=Cc6ccccc6)OC3(C(=C)C)CC(C)C1(O4)C1C=C(C)C(=O)C1(O)C2O,PD00269395,C38H38O9,638.713,Top3,0.501,Low Confidence
535,338,[2023],2023,721.3213,9.8,2534406.866,862512.2866,0,0,0,0,439492.5813,0,0,0,2292061.677,6712290.978,0,0,561435.1757,0,3162885.787,5824107.518,11500000,396146.3925,383270.9469,0,0,0,0,0,0,0,0,0,0,0,0,0,0,0,0,0,0,0,0,0,0,0,0,0,0,0,0,0,0,0,0,0,0,0,12,0,D,C40H48O12,possibly known,(DA27)std_acutilobin D,[M+H]+,none,17,"1,2-en-3-one","5-ol-6,7-epoxy","9,13,14-orthoester",with C-12,no C-18,"2,4-olefinic",others,2,C10,C10*2,"feruloyl(0.05),decadienoyl(1.50)","feruloyl,decadienoyl",A1,B1,C2,none,R95,R37,none,,,,,,A1B1C2,OCC12OC1C1C3OC4(C=CC=CCCCCC)OC3(C(=C)C)C(OC(=O)C=Cc7c(OC)c(O)ccc7)C(C)C1(O4)C1C=C(C)C(=O)C1(O)C2O,PD00127953,C40H48O12,720.812,Top1,1,High Confidence
536,531,[11845],11845,809.4464,9.8,0,0,0,0,0,0,0,0,0,0,0,0,0,0,0,0,0,0,0,0,0,0,0,0,4586295.921,0,0,0,0,0,0,0,0,0,0,0,0,0,0,0,0,0,0,0,0,0,0,0,0,0,0,0,0,0,0,0,8,0,D,C46H64O12,possibly undescribed,none,[M+H]+,none,15,"1,2-dihydro-3-one","5-ol-6,7-epoxy","9,13,14-orthoester",no C-12,no C-18,others,others,3,"C7,C9,C10",C9*1+C10*1+C7*1,"benzoyl(0.10),feruloyl(0.06),decadienoyl(1.50),4-oxo-2-decenoyl(1.50)","benzoyl,decadienoyl",A2,B1,C1,none,R92,R37,none,,,,,,A2B1C1,c7ccccc7C(=O)OCC12OC1C1C3OC4(C=CC=CCCCCC)OC3(C(=C)C)CC(C)C1(O4)C1CC(C)C(=O)C1(O)C2O,PD00272286,C37H46O9,634.766,Top2,0.996,Low Confidence
537,532,[11863],11863,708.3742,9.8,0,0,0,0,0,0,0,0,0,0,0,0,0,0,0,0,0,0,0,0,0,0,0,0,2948184.399,0,0,0,0,0,0,0,0,0,0,0,0,0,0,0,0,0,0,0,0,0,0,0,0,0,0,0,0,0,0,0,8,0,D,C40H53O10N1,possibly undescribed,none,[M+NH4]+,none,15,"1,2-dihydro-3-one","5-ol-6,7-epoxy","9,13,14-orthoester",no C-12,no C-18,others,others,2,C10,C10*2,"benzoyl(0.26),feruloyl(0.06),benzoyl(0.85)","feruloyl,feruloyl",A2,B1,C1,none,R95,R95,none,,,,,,A2B1C1,c7cc(O)c(OC)cc7C=CC(=O)OCC12OC1C1C3OC4(C=Cc6c(OC)c(O)ccc6)OC3(C(=C)C)CC(C)C1(O4)C1CC(C)C(=O)C1(O)C2O,PD00274058,C40H44O13,732.779,Top2,0.995,Low Confidence
538,753,[6120],6120,655.3479,9.8,0,0,0,0,0,0,0,0,0,0,0,0,0,0,0,1241177.38,213488.428,0,0,0,0,0,0,0,0,0,0,0,26200000,7938720.411,0,0,0,0,0,0,0,858984.6076,0,0,0,0,0,0,0,0,4600384.007,0,0,0,0,0,0,0,0,0,0,14,MD,C37H50O10,possibly undescribed,none,[M+H]+,none,13,1-alkyl-3-one,"5-ol-6,7-epoxy","9,13,14-orthoester",no C-12,no C-18,others,C9 ring with no substituent,3,"C2,C4",C2*2+C4*1,"acyl(0.02),benzoyl(0.10),benzoyl(0.05)","acyl,acyl,isobutyryl",A6,B1,C1,M1,R1,R1,R3,none,none,none,none,none,A6B1C1M1,,,,0,Top3,0.938,Low Confidence
539,814,[5051],5051,996.4379,9.8,0,0,0,1857867.171,0,0,0,0,0,0,2916313.874,7638239.879,0,0,0,0,1065013.629,0,0,0,0,0,0,0,0,0,0,0,0,0,0,0,0,0,0,0,0,0,0,0,0,0,0,0,0,0,0,0,0,0,0,0,0,0,0,0,0,17,MD,C55H65O16N1,possibly undescribed,none,[M+NH4]+,none,24,1-alkyl-3-ol,"5-ol-6,7-epoxy","9,13,14-orthoester",no C-12,no C-18,others,C9 ring with no substituent,5,"C4,C7",C7*2+C4*3,"acyl(0.09),benzoyl(0.09),cinnamoyl(1.30)","benzoyl,benzoyl,isobutyryl,isobutyryl,isobutyryl",A8,B1,C1,M1,R92,R92,R3,R3,R3,none,none,none,A8B1C1M1,,,,0,Top1,1,Low Confidence
540,92,"[1433,1719]",1433,599.3577,9.9,0,0,1168644.816,0,0,0,0,755491.7675,0,0,0,0,5156677.509,0,0,0,0,0,0,0,0,0,0,0,0,0,0,0,552958.0051,7328160.243,0,0,0,0,221070.1216,0,0,2729871.577,0,0,0,0,0,0,0,0,0,0,0,489440.4469,0,0,0,0,0,6705724.755,15,0,D,C35H50O8,possibly undescribed,(DA09)std_wikstrotoxin A isomer,[M+H-H2O]+,"1433, 1719",11,"1,2-en-3-one","5-ol-6,7-epoxy","9,13,14-orthoester",no C-12,no C-18,"2,4-olefinic",others,1,C15,C15*1,"hexadienoyl(0.09),pentadecadienoyl(0.98)",pentadecadienoyl,A1,B1,C1,none,R42,none,none,,,,,,A1B1C1,OCC12OC1C1C3OC4(C=CC=CCCCCCCCCCC)OC3(C(=C)C)CC(C)C1(O4)C1C=C(C)C(=O)C1(O)C2O,PD00007606,C35H50O8,598.777,Top1,1,High Confidence
541,183,[3782],3782,473.2896,9.9,0,0,0,0,0,0,0,0,0,57300000,0,0,1967998.081,0,0,15200000,0,0,0,0,0,0,0,0,0,0,0,0,0,0,0,154000000,227898.2603,0,0,0,0,0,0,0,0,0,0,0,0,0,0,0,0,0,0,0,0,0,1570101.706,14800000,6,0,D,C28H40O6,possibly undescribed,none,[M+H]+,none,9,"1,2-en-3-one","5-ol-6,7-epoxy","9,13,14-orthoester",no C-12,no C-18,others,others,1,C8,C8*1,"decanoyl(0.02),octanoyl(2.00)",octanoyl,A1,B1,C1,none,R7,none,none,,,,,,A1B1C1,OCC12OC1C1C3OC4(CCCCCCC)OC3(C(=C)C)CC(C)C1(O4)C1C=C(C)C(=O)C1(O)C2O,PD00007571,C28H40O8,504.62,Top2,0.806,Low Confidence
542,199,"[4437,5313]",4437,647.2851,9.9,0,0,0,716271.1825,0,43500000,0,0,188875.8458,0,0,0,0,0,0,0,0,151309.5793,0,0,0,0,0,0,7772752.551,0,0,0,0,0,0,0,0,0,0,0,0,0,0,0,0,0,0,0,0,0,0,0,0,0,0,0,0,0,0,0,12,0,D,C37H42O10,possibly known,(DA16)std_yuanhuajine,[M+H]+,"4437, 5313",17,"1,2-en-3-one","5-ol-6,7-epoxy","9,13,14-orthoester",no C-12,no C-18,others,others,2,"C7,C10",C10*1+C7*1,"benzoyl(0.03),decatrienoyl(1.20)","benzoyl,decatrienoyl",A1,B1,C1,none,R92,R48,none,,,,,,A1B1C1,c7ccccc7C(=O)OCC12OC1C1C3OC4(C=CC=CC=CCCC)OC3(C(=C)C)CC(C)C1(O4)C1C=C(C)C(=O)C1(O)C2O,PD00268224,C37H42O9,630.734,Top2,0.604,Low Confidence
543,219,[5337],5337,481.185,9.9,0,0,0,0,0,0,0,0,0,0,0,181049.8419,0,0,0,0,3052616.22,0,0,0,0,0,0,0,0,0,0,0,0,0,0,0,0,0,0,0,0,0,0,0,0,0,0,0,0,0,0,0,0,0,0,0,0,0,0,0,16,0,D,C27H28O8,possibly undescribed,none,[M+H]+,none,14,"1,2-en-3-one","5-ol-6,7-epoxy","9,13,14-orthoester",no C-12,no C-18,others,others,1,C7,C7*1,"benzoyl(0.05),benzoyl(0.25)",benzoyl,A1,B1,C1,none,R92,none,none,,,,,,A1B1C1,OCC12OC1C1C3OC4(c6ccccc6)OC3(C(=C)C)CC(C)C1(O4)C1C=C(C)C(=O)C1(O)C2O,PD00007656,C27H30O8,482.529,Top2,0.564,Low Confidence
544,513,[3013],3013,691.3473,9.9,0,1696450.173,0,0,0,0,0,0,0,0,0,0,0,0,164572.09,0,0,0,0,0,0,0,0,0,3854337.205,0,0,0,0,0,0,0,0,0,0,0,0,0,0,0,0,0,0,0,0,0,0,0,0,0,0,0,0,0,0,0,10,0,D,C40H50O10,possibly undescribed,none,[M+H]+,none,16,"1,2-dihydro-3-one","5-ol-6,7-epoxy","9,13,14-orthoester",no C-12,no C-18,others,others,2,C10,C10*2,"benzoyl(0.25),feruloyl(0.06),benzoyl(1.20)","feruloyl,feruloyl",A2,B1,C1,none,R95,R95,none,,,,,,A2B1C1,c7cc(O)c(OC)cc7C=CC(=O)OCC12OC1C1C3OC4(C=Cc6c(OC)c(O)ccc6)OC3(C(=C)C)CC(C)C1(O4)C1CC(C)C(=O)C1(O)C2O,PD00274058,C40H44O13,732.779,Top1,1,Low Confidence
545,547,[3826],3826,549.3057,9.9,0,0,0,0,0,0,0,0,0,0,0,0,1022214.343,0,0,0,0,0,0,0,0,0,0,0,0,0,0,865411.362,0,0,0,0,0,0,0,0,0,343223.4064,0,0,0,0,0,0,0,0,0,0,0,0,0,0,0,0,0,0,12,0,D,C30H44O9,possibly undescribed,none,[M+H]+,none,9,"1,2-dihydro-3-one","5-ol-4,7-epoxy","9,13,14-orthoester",no C-12,no C-18,others,others,1,C10,C10*1,8-9-epoxy-2-4-6-undecatrienoyl(0.03),none,A2,B7,C1,none,none,none,none,,,,,,A2B7C1,,,,0,Top1,1,Low Confidence
546,746,[3842],3842,639.3507,9.9,0,0,0,0,0,0,0,0,0,0,0,0,589760.1336,0,0,0,0,0,0,0,0,0,0,0,0,0,0,0,0,0,0,0,0,0,0,0,0,291485.1401,0,0,0,0,0,0,0,0,0,0,0,0,0,0,0,0,0,547713.1754,0,14,MD,C19H58O22,possibly undescribed,"(DA38)std_wikstromacrin isomer, (DA39)std_pimela factor P2 isomer",[M+H]+,none,-9,1-alkyl-3-one,"5-ol-6,7-epoxy","9,13,14-orthoester",no C-12,no C-18,others,C9 ring with no substituent,0,others,,benzoyl(0.05),none,A6,B1,C1,M1,none,none,none,none,none,none,none,none,A6B1C1M1,OCC12OC1C1C3OC45CCCCCCCCC6C(C)C(=O)C(O)(C2O)C6C1(O4)C(C)CC3(C(=C)C)O5,PD01121453,C29H42O8,518.647,Top1,1,Low Confidence
547,763,[3686],3686,547.2903,9.9,0,0,0,0,0,0,0,0,0,0,0,0,3341601.809,0,0,0,0,0,0,0,0,0,0,0,0,0,0,0,1376198.35,4286051.512,0,0,0,0,0,0,0,626289.6539,0,0,0,0,0,0,0,0,0,0,0,0,0,0,0,0,0,0,0,10,MD,C30H42O9,possibly undescribed,"(DA32)std_pimelotide A isomer, (DA33)std_pimelotide C isomer",[M+H]+,none,10,1-alkyl-3-one,"5-ol-6,7-epoxy","9,13,14-orthoester",no C-12,no C-18,others,C10 ring with no substituent,0,others,,others,none,A6,B1,C1,M2,none,none,none,none,none,none,none,none,A6B1C1M2,OCC12OC1C1C3OC45CCCCCCCC(C)C6C(C)C(=O)C(O)(C2O)C6C1(O4)C(C)CC3(C(=C)C)O5,PD01121457,C30H44O8,532.674,Top1,1,Low Confidence
548,34,"[7,441]",7,647.2847,10,1310000000,933000000,168000000,103000000,89600000,255925.358,643000000,18400000,445000000,0,1690000000,1970000000,0,49600000,2199744.062,0,290000000,1664660.105,0,0,0,19400000,0,62600000,0,0,9713000.6,0,0,0,0,0,0,0,1832380.35,0,0,0,0,3472057.242,0,0,0,3251722.78,0,0,0,0,6905480.411,0,0,0,0,0,14700000,0,13,0,D,C37H42O10,possibly known,(DA16)std_yuanhuajine,[M+H]+,"441, 7",17,"1,2-en-3-one","5-ol-6,7-epoxy","9,13,14-orthoester",no C-12,no C-18,others,others,2,"C7,C10",C10*1+C7*1,"benzoyl(4.53),feruloyl(7.97),decatrienoyl(130.00)","benzoyl,decatrienoyl",A1,B1,C1,none,R92,R48,none,,,,,,A1B1C1,c7ccccc7C(=O)OCC12OC1C1C3OC4(C=CC=CC=CCCC)OC3(C(=C)C)CC(C)C1(O4)C1C=C(C)C(=O)C1(O)C2O,PD00268224,C37H42O9,630.734,Top2,0.639,High Confidence
549,201,"[4486,4980]",4486,455.2785,10,0,0,0,0,0,0,0,0,0,9634499.862,0,0,0,0,0,1970695.743,0,0,0,0,0,0,0,0,0,0,0,0,0,0,0,26800000,111000000,0,0,0,0,0,0,0,0,0,0,0,0,0,0,0,0,0,0,0,0,0,0,0,7,0,D,C28H38O5,possibly undescribed,none,[M+H-H2O]+,"4486, 4980",10,"1,2-en-3-one","5-ol-6,7-epoxy","9,13,14-orthoester",no C-12,no C-18,others,others,1,C8,C8*1,"decanoyl(0.04),octanoyl(0.70)",octanoyl,A1,B1,C1,none,R7,none,none,,,,,,A1B1C1,OCC12OC1C1C3OC4(CCCCCCC)OC3(C(=C)C)CC(C)C1(O4)C1C=C(C)C(=O)C1(O)C2O,PD00007571,C28H40O8,504.62,Top2,0.693,Low Confidence
550,285,[10928],10928,636.373,10,0,0,0,0,0,0,0,0,0,0,0,0,0,0,0,0,0,0,0,0,0,0,0,0,0,0,0,0,0,0,0,0,0,0,0,0,0,0,0,0,0,0,0,0,0,0,0,0,0,12600000,0,0,0,0,0,0,12,0,D,C34H53O10N1,possibly undescribed,none,[M+NH4]+,none,9,"1,2-en-3-one","5-ol-6,7-epoxy","9,13,14-orthoester",no C-12,no C-18,others,others,1,C14,C14*1,"octatrienoyl(0.02),tetradecadienoyl(0.02),4-oxo-2-tetradecenoyl(0.02)",tetradecadienoyl,A1,B1,C1,none,R41,none,none,,,,,,A1B1C1,OCC12OC1C1C3OC4(C=CC=CCCCCCCCCC)OC3(C(=C)C)CC(C)C1(O4)C1C=C(C)C(=O)C1(O)C2O,PD00007605,C34H48O8,584.75,Top1,1,Low Confidence
551,315,[481],481,481.1851,10,22000000,10500000,2591702.087,1412801.726,929572.7039,0,8460868.245,0,5588827.32,0,25500000,24900000,0,570201.4724,0,0,0,0,0,0,0,0,0,635209.8957,0,0,0,0,0,0,0,0,0,0,0,0,0,0,0,0,0,0,0,0,0,0,0,0,0,0,0,0,0,0,0,0,21,0,D,C27H28O8,possibly undescribed,none,[M+H]+,none,14,"1,2-en-3-one","5-ol-6,7-epoxy","9,13,14-orthoester",with C-12,no C-18,"2,4-olefinic",others,1,C7,C7*1,"benzoyl(0.43),nonanoyl(0.06),feruloyl(0.28),benzoyl(2.40)",benzoyl,A1,B1,C2,none,R92,none,none,,,,,,A1B1C2,OCC12OC1C1C3OC4(c6ccccc6)OC3(C(=C)C)C(O)C(C)C1(O4)C1C=C(C)C(=O)C1(O)C2O,PD00008136,C27H30O9,498.528,Top1,1,Low Confidence
552,333,[1956],1956,525.2471,10,10900000,4408251.949,980063.7037,692580.154,0,0,4202218.764,0,3246620.278,0,14300000,14200000,0,0,0,0,815762.4803,0,0,0,0,0,0,0,0,0,0,0,0,0,0,0,0,0,0,0,0,0,0,0,0,0,0,0,0,0,0,0,0,0,0,0,0,0,0,0,11,0,D,C30H36O8,possibly undescribed,none,[M+H]+,none,13,"1,2-en-3-one","5-ol-6,7-epoxy","9,13,14-orthoester",with C-12,no C-18,others,others,1,C10,C10*1,decatrienoyl(0.84),decatrienoyl,A1,B1,C2,none,R48,none,none,,,,,,A1B1C2,OCC12OC1C1C3OC4(C=CC=CC=CCCC)OC3(C(=C)C)C(O)C(C)C1(O4)C1C=C(C)C(=O)C1(O)C2O,PD00008092,C30H38O9,542.625,Top1,1,Low Confidence
553,334,[1960],1960,691.3096,10,8687989.08,0,0,0,0,0,1756908.506,0,0,0,12000000,20900000,0,0,0,0,4570939.648,22000000,136000000,5366019.2,15500000,6359519.557,0,0,296112.558,0,0,0,0,0,0,0,0,0,0,0,0,0,0,0,0,0,0,0,0,0,0,0,0,0,5544135.427,0,0,0,0,0,13,0,D,C39H46O11,possibly known,(DA24)std_daphneodorin D,[M+H]+,none,17,"1,2-en-3-one","5-ol-6,7-epoxy","9,13,14-orthoester",with C-12,no C-18,"2,4-olefinic",others,2,"C9,C10",C9*1+C10*1,"coumaroyl(0.47),decadienoyl(23.00)","coumaroyl,decadienoyl",A1,B1,C2,none,R94,R37,none,,,,,,A1B1C2,OCC12OC1C1C3OC4(C=CC=CCCCCC)OC3(C(=C)C)C(OC(=O)C=Cc7ccc(O)cc7)C(C)C1(O4)C1C=C(C)C(=O)C1(O)C2O,PD00127952,C39H46O11,690.786,Top1,1,High Confidence
554,376,[4385],4385,479.2792,10,0,0,0,177804.0931,0,0,0,0,482249.2954,0,0,0,0,0,0,0,0,0,0,0,3749701.347,0,0,0,0,0,0,0,0,0,0,0,886913.5118,0,0,0,0,0,0,0,8328136.103,854290.3793,0,0,0,0,0,0,12400000,0,0,0,0,0,142803.7777,0,6,0,D,C30H38O5,possibly undescribed,none,[M+H]+,none,12,"1,2-en-3-one","5-ol-6,7-epoxy","9,13,14-orthoester",with C-12,no C-18,others,others,1,C10,C10*1,decatrienoyl(0.06),decatrienoyl,A1,B1,C2,none,R48,none,none,,,,,,A1B1C2,OCC12OC1C1C3OC4(C=CC=CC=CCCC)OC3(C(=C)C)C(O)C(C)C1(O4)C1C=C(C)C(=O)C1(O)C2O,PD00008092,C30H38O9,542.625,Top1,1,Low Confidence
555,678,[11881],11881,826.4738,10,0,0,0,0,0,0,0,0,0,0,0,0,0,0,0,0,0,0,0,0,0,0,0,0,2127320.875,0,0,0,0,0,0,0,0,0,0,0,0,0,0,0,0,0,0,0,0,0,0,0,0,0,0,0,0,0,0,0,7,0,D,C46H67O12N1,possibly undescribed,none,[M+NH4]+,none,14,"1,2-dihydro-3-ol","5-ol-6,7-epoxy","9,13,14-orthoester",no C-12,no C-18,"2,4-olefinic",others,1,C26,C26*1,"benzoyl(0.13),cinnamoyl(0.02),feruloyl(0.05),decadienoyl(1.20)",none,A4,B1,C1,none,none,none,none,,,,,,A4B1C1,OCC12OC1C1C3OC4OC3(C(=C)C)CC(C)C1(O4)C1CC(C)C(O)C1(O)C2O,PD00000004,C21H30O8,410.463,Top1,1,Low Confidence
556,744,[3644],3644,639.3166,10,0,0,0,0,0,0,0,0,0,0,0,0,3041774.222,0,0,0,0,0,0,0,0,0,0,0,0,0,0,0,2141781.328,0,0,0,0,0,0,0,0,0,0,0,0,0,0,0,0,0,0,0,0,0,0,0,0,0,0,0,0,14,MD,C36H46O10,possibly undescribed,none,[M+H]+,none,14,1-alkyl-3-one,"5-ol-6,7-epoxy","9,13,14-orthoester",no C-12,no C-18,others,C9 ring with no substituent,1,C7,C7*1,benzoyl(0.05),benzoyl,A6,B1,C1,M1,R92,none,none,none,none,none,none,none,A6B1C1M1,c8ccccc8C(=O)OCC12OC1C1C3OC45CCCCCCCCC6C(C)C(=O)C(O)(C2O)C6C1(O4)C(C)CC3(C(=C)C)O5,PD01130529,C36H46O9,622.755,Top1,1,Low Confidence
557,218,[5188],5188,1310.587,10.1,0,0,0,0,0,0,0,0,0,0,0,71900000,0,0,0,0,0,0,0,0,0,0,0,0,0,0,0,0,0,0,0,0,0,0,0,0,0,0,0,0,0,0,0,0,0,0,0,0,0,0,0,0,0,0,0,0,14,0,D,C74H87O20N1,possibly undescribed,none,[M+NH4]+,none,32,"1,2-en-3-one","5-ol-6,7-epoxy","9,13,14-orthoester",no C-12,no C-18,"2,4-olefinic",others,6,"C7,C9,C10,C11",C9*1+C10*2+C7*2+C11*1,"benzoyl(3.02),feruloyl(1.81),decatrienoyl(21.00)","benzoyl,decatrienoyl",A1,B1,C1,none,R92,R48,none,,,,,,A1B1C1,c7ccccc7C(=O)OCC12OC1C1C3OC4(C=CC=CC=CCCC)OC3(C(=C)C)CC(C)C1(O4)C1C=C(C)C(=O)C1(O)C2O,PD00268224,C37H42O9,630.734,Top2,0.616,Low Confidence
558,221,[6012],6012,599.3214,10.1,0,0,0,0,0,0,0,0,0,0,0,0,0,0,0,0,0,0,0,0,0,0,0,0,0,0,0,0,0,720406.4971,0,0,0,0,0,0,3285554.755,7510572.111,0,0,0,0,0,0,0,0,0,0,0,0,0,0,0,0,0,0,17,0,D,C34H46O9,possibly undescribed,none,[M+H]+,none,12,"1,2-en-3-one","5-ol-6,7-epoxy","9,13,14-orthoester",no C-12,no C-18,others,others,1,C14,C14*1,nonanoyl(0.21),none,A1,B1,C1,none,none,none,none,,,,,,A1B1C1,OCC12OC1C1C3OC4OC3(C(=C)C)CC(C)C1(O4)C1C=C(C)C(=O)C1(O)C2O,PD00000001,C21H26O8,406.431,Top1,1,Low Confidence
559,265,[8942],8942,738.348,10.1,0,0,0,0,0,0,0,0,0,0,0,0,0,0,0,0,0,0,7396708.892,0,0,0,0,0,0,0,0,0,0,0,0,0,0,0,0,0,0,0,0,0,0,0,0,0,0,0,0,0,0,0,0,0,0,0,0,0,13,0,D,C40H51O12N1,possibly undescribed,(DA27)std_acutilobin D isomer,[M+NH4]+,none,16,"1,2-en-3-one","5-ol-6,7-epoxy","9,13,14-orthoester",no C-12,no C-18,others,others,2,C10,C10*2,"cinnamoyl(0.06),cinnamoyl(0.72)",none,A1,B1,C1,none,none,none,none,,,,,,A1B1C1,OCC12OC1C1C3OC4OC3(C(=C)C)CC(C)C1(O4)C1C=C(C)C(=O)C1(O)C2O,PD00000001,C21H26O8,406.431,Top3,0.519,Low Confidence
560,286,"[10930,10942]",10930,601.3362,10.1,0,0,0,0,0,0,0,0,0,0,0,0,0,0,0,0,0,0,0,0,0,0,0,0,0,0,0,0,0,0,0,0,0,0,0,0,0,0,0,0,0,0,0,0,0,0,0,0,0,20700000,0,0,0,0,0,0,13,0,D,C34H48O9,possibly undescribed,none,[M+H]+,"10930, 10942",11,"1,2-en-3-one","5-ol-6,7-epoxy","9,13,14-orthoester",no C-12,no C-18,others,others,1,C14,C14*1,"decanoyl(0.02),6-hydroxy-2-4-heptadienoyl(0.25),tetradecatrienoyl(0.14)",tetradecatrienoyl,A1,B1,C1,none,R52,none,none,,,,,,A1B1C1,OCC12OC1C1C3OC4(C=CC=CC=CCCCCCCC)OC3(C(=C)C)CC(C)C1(O4)C1C=C(C)C(=O)C1(O)C2O,PD00007616,C34H46O8,582.734,Top1,1,Low Confidence
561,340,[2067],2067,663.28,10.1,1223900.748,0,0,1021647.007,0,0,1096356.612,0,443019.6119,0,12000000,491933.4607,0,0,0,0,0,0,0,0,0,0,0,0,0,0,0,0,0,0,0,0,0,0,0,0,0,0,0,0,0,0,0,0,0,0,0,0,0,0,0,0,0,0,0,0,9,0,D,C37H42O11,possibly known,"acutilobin B, acutilobin A, daphnexyane A",[M+H]+,none,17,"1,2-en-3-one","5-ol-6,7-epoxy","9,13,14-orthoester",with C-12,no C-18,others,others,2,"C7,C10",C10*1+C7*1,decatrienoyl(0.64),"benzoyl,decatrienoyl",A1,B1,C2,none,R92,R48,none,,,,,,A1B1C2,OCC12OC1C1C3OC4(C=CC=CC=CCCC)OC3(C(=C)C)C(OC(=O)c7ccccc7)C(C)C1(O4)C1C=C(C)C(=O)C1(O)C2O,PD00128544,C37H42O10,646.733,Top1,1,Low Confidence
562,397,[5645],5645,709.3201,10.1,0,0,0,0,0,335203.1911,0,0,0,0,0,0,0,0,0,0,0,4745863.897,0,0,0,0,0,0,0,0,0,0,0,0,0,0,0,0,0,0,0,0,0,0,0,0,0,0,0,0,0,0,0,0,0,0,0,0,0,0,14,0,D,C21H56O25,possibly undescribed,none,[M+H]+,none,-6,"1,2-en-3-one","5-ol-6,7-epoxy","9,13,14-orthoester",with C-12,no C-18,"2,4-olefinic",others,0,others,,"coumaroyl(0.08),coumaroyl(1.00)",none,A1,B1,C2,none,none,none,none,,,,,,A1B1C2,OCC12OC1C1C3OC4OC3(C(=C)C)CC(C)C1(O4)C1C=C(C)C(=O)C1(O)C2O,PD00000006,C21H26O8,406.431,Top1,1,Low Confidence
563,416,[8812],8812,515.3007,10.1,0,0,0,0,0,0,0,0,0,0,0,0,0,0,0,0,0,0,0,0,0,0,0,0,0,0,0,0,735400.6381,0,0,0,0,0,0,0,0,0,0,0,4611252.69,0,0,0,0,0,372002.6076,0,0,0,0,0,0,0,0,0,9,0,D,C30H42O7,possibly undescribed,none,[M+H]+,none,10,"1,2-en-3-one","5-ol-6,7-epoxy","9,13,14-orthoester",with C-12,no C-18,others,others,1,C10,C10*1,decenoyl(0.02),decenoyl,A1,B1,C2,none,R24,none,none,,,,,,A1B1C2,OCC12OC1C1C3OC4(C=CCCCCCCC)OC3(C(=C)C)C(O)C(C)C1(O4)C1C=C(C)C(=O)C1(O)C2O,PD00008068,C30H42O9,546.657,Top3,0.565,Low Confidence
564,613,[885],885,627.3157,10.1,0,0,0,0,0,0,0,0,0,0,0,0,0,0,0,0,362221.7976,0,0,0,0,0,0,0,3328978.258,0,270012.1965,0,0,0,0,0,0,0,0,0,0,0,0,0,0,0,0,0,0,0,0,0,0,0,0,0,0,0,0,0,9,0,D,C35H46O10,possibly known,yuanhuakine G,[M+H]+,none,13,"1,2-dihydro-3-ol","5-ol-6,7-epoxy","9,13,14-orthoester",no C-12,no C-18,others,others,1,C15,C15*1,"octadienoyl(0.50),4-oxo-2-octenoyl(0.50)",none,A4,B1,C1,none,none,none,none,,,,,,A4B1C1,OCC12OC1C1C3OC4OC3(C(=C)C)CC(C)C1(O4)C1CC(C)C(O)C1(O)C2O,PD00000004,C21H30O8,410.463,Top1,1,Low Confidence
565,697,[11996],11996,587.3214,10.1,0,0,0,0,0,0,0,0,0,0,0,0,0,0,0,0,0,0,0,0,0,0,0,0,553183.9745,0,0,0,0,0,0,0,0,0,0,0,0,0,0,0,0,0,0,0,0,0,0,0,0,0,0,0,0,0,0,0,7,0,D,C33H46O9,possibly undescribed,none,[M+H]+,none,11,"1,2-dihydro-3-ol","5-ol-6,7-epoxy","9,13,14-orthoester",no C-12,no C-18,others,others,1,C13,C13*1,others,none,A4,B1,C1,none,none,none,none,,,,,,A4B1C1,OCC12OC1C1C3OC4OC3(C(=C)C)CC(C)C1(O4)C1CC(C)C(O)C1(O)C2O,PD00000004,C21H30O8,410.463,Top1,1,Low Confidence
566,40,"[45,8069]",45,649.3,10.2,26200000,4179944.422,0,1423531.201,6078751.104,755175.8253,28600000,33100000,1350885.7,0,108000000,3339055.459,226064.9515,3057313.211,0,0,0,0,6087085.776,0,30600000,9587782.462,0,12900000,0,0,13200000,0,0,0,0,0,0,0,0,0,0,0,0,0,0,0,0,0,0,0,0,0,0,0,0,0,0,0,0,0,21,0,D,C37H44O10,possibly undescribed,(DA18)std_yuanhuacine isomer,[M+H-H2O]+,"45, 8069",16,"1,2-en-3-one","5-ol-6,7-epoxy","9,13,14-orthoester",no C-12,no C-18,"2,4-olefinic",others,2,"C7,C10",C10*1+C7*1,"benzoyl(0.36),feruloyl(0.21),decatrienoyl(11.00)","benzoyl,decatrienoyl",A1,B1,C1,none,R92,R48,none,,,,,,A1B1C1,c7ccccc7C(=O)OCC12OC1C1C3OC4(C=CC=CC=CCCC)OC3(C(=C)C)CC(C)C1(O4)C1C=C(C)C(=O)C1(O)C2O,PD00268224,C37H42O9,630.734,Top5,0.92,Low Confidence
567,153,[3081],3081,531.2952,10.2,0,1217491.79,0,0,0,0,0,0,0,0,1597423.55,371188.3732,6260035.451,0,0,0,0,0,0,0,0,0,0,0,0,0,0,2370476.274,5292032.231,20500000,0,0,0,0,0,0,1236956.983,10600000,0,0,0,0,0,0,0,0,0,0,0,0,0,0,0,0,0,486206.7959,14,0,D,C30H42O8,possibly undescribed,none,[M+H]+,none,10,"1,2-en-3-one","5-ol-6,7-epoxy","9,13,14-orthoester",no C-12,no C-18,others,others,1,C10,C10*1,decenoyl(0.57),decenoyl,A1,B1,C1,none,R24,none,none,,,,,,A1B1C1,OCC12OC1C1C3OC4(C=CCCCCCCC)OC3(C(=C)C)CC(C)C1(O4)C1C=C(C)C(=O)C1(O)C2O,PD00007588,C30H42O8,530.658,Top1,1,High Confidence
568,209,[4833],4833,497.2899,10.2,0,0,0,0,0,646134.2019,0,0,0,529905.6123,0,0,0,0,0,0,0,0,0,0,0,0,0,0,0,0,0,0,0,0,0,0,984158.3289,0,0,0,0,0,0,0,52800000,5537809.558,0,0,0,0,1845563.028,0,0,0,0,0,0,0,0,0,6,0,D,C30H40O6,possibly undescribed,none,[M+H]+,none,11,"1,2-en-3-one","5-ol-6,7-epoxy","9,13,14-orthoester",no C-12,no C-18,"2,4-olefinic",others,1,C10,C10*1,"nonanoyl(0.03),decadienoyl(0.30)",decadienoyl,A1,B1,C1,none,R37,none,none,,,,,,A1B1C1,OCC12OC1C1C3OC4(C=CC=CCCCCC)OC3(C(=C)C)CC(C)C1(O4)C1C=C(C)C(=O)C1(O)C2O,PD00007601,C30H40O8,528.642,Top2,0.669,Low Confidence
569,282,[10826],10826,619.3466,10.2,0,0,0,0,0,0,0,0,0,0,0,0,0,0,0,0,0,0,0,0,0,0,0,0,0,0,0,0,0,0,0,0,0,0,0,0,0,0,0,0,0,0,0,0,0,0,0,0,0,1301615.737,3590179.041,0,0,0,906378.9469,0,9,0,D,C34H50O10,possibly undescribed,none,[M+H]+,none,10,"1,2-en-3-one","5-ol-6,7-epoxy","9,13,14-orthoester",no C-12,no C-18,others,others,1,C14,C14*1,octatrienoyl(0.02),none,A1,B1,C1,none,none,none,none,,,,,,A1B1C1,OCC12OC1C1C3OC4OC3(C(=C)C)CC(C)C1(O4)C1C=C(C)C(=O)C1(O)C2O,PD00000001,C21H26O8,406.431,Top1,1,Low Confidence
570,319,[820],820,625.2991,10.2,4478774.696,0,1317834.125,147535.3085,2068234.369,0,567780.016,0,0,0,8834845.927,1665032.764,0,0,0,0,0,0,0,0,0,0,0,0,0,0,944388.5815,0,0,0,0,0,0,0,0,0,0,0,0,0,0,0,0,0,0,0,0,0,0,0,0,0,0,0,0,0,13,0,D,C35H44O10,possibly undescribed,none,[M+H]+,none,14,"1,2-en-3-one","5-ol-6,7-epoxy","9,13,14-orthoester",with C-12,no C-18,"2,4-olefinic",others,3,"C2,C11",C2*2+C11*1,decatrienoyl(1.40),acyl,A1,B1,C2,none,R1,none,none,,,,,,A1B1C2,OCC12OC1C1C3OC4(C)OC3(C(=C)C)C(O)C(C)C1(O4)C1C=C(C)C(=O)C1(O)C2O,PD00008045,C22H28O9,436.457,Top1,1,Low Confidence
571,484,[9314],9314,621.3627,10.2,0,0,0,0,0,0,0,0,0,0,0,0,0,0,0,0,0,0,0,0,0,0,0,0,0,0,0,0,0,0,0,0,0,0,0,0,0,0,0,0,0,0,0,0,0,0,0,0,924819.5991,53800000,0,0,0,0,3823926.189,0,10,8,D,C34H52O10,possibly known,stelleralide J,[M+H]+,none,9,"1,2-en-3-one","5-ol-6,7-ene","9,13,14-orthoester",no C-12,no C-18,others,others,1,C14,C14*1,others,none,A1,B3,C1,none,none,none,none,,,,,,A1B3C1,OCC1=CC2C3OC4OC3(C(=C)C)CC(C)C2(O4)C2C=C(C)C(=O)C2(O)C1O,PD00000041,C21H26O7,390.432,Top2,0.365,Low Confidence
572,595,[188],188,661.2999,10.2,0,0,0,0,0,0,0,0,0,0,0,0,0,0,0,0,0,0,0,0,0,0,0,3853386.24,0,0,112000000,0,0,0,0,0,0,0,0,0,0,0,0,0,0,0,0,0,0,0,0,0,0,0,0,0,0,0,0,0,16,0,D,C38H44O10,possibly undescribed,none,[M+H]+,none,17,"1,2-dihydro-3-ol","5-ol-6,7-epoxy","9,13,14-orthoester",no C-12,no C-18,others,others,2,"C7,C11",C7*1+C11*1,benzoyl(0.11),"benzoyl,benzoyl",A4,B1,C1,none,R92,R92,none,,,,,,A4B1C1,OCC12OC1C1C3OC4(c6ccccc6)OC3(C(=C)C)CC(C)C1(O4)C1CC(C)C(OC(=O)c7ccccc7)C1(O)C2O,PD00022622,C34H38O9,590.669,Top1,1,Low Confidence
573,614,[898],898,627.3151,10.2,1736698.64,0,0,721424.8857,0,0,0,714804.5762,0,0,518504.5544,0,0,0,0,0,0,0,0,0,0,0,0,0,0,0,256241.1675,0,0,0,0,0,0,0,0,0,0,0,0,0,1922430.837,0,0,0,0,0,509316.7832,0,0,0,0,0,0,0,0,0,8,0,D,C35H46O10,possibly known,yuanhuakine G,[M+H]+,none,13,"1,2-dihydro-3-ol","5-ol-6,7-epoxy","9,13,14-orthoester",no C-12,no C-18,others,others,1,C15,C15*1,"octadienoyl(0.25),4-oxo-2-octenoyl(0.25)",none,A4,B1,C1,none,none,none,none,,,,,,A4B1C1,OCC12OC1C1C3OC4OC3(C(=C)C)CC(C)C1(O4)C1CC(C)C(O)C1(O)C2O,PD00000004,C21H30O8,410.463,Top1,1,Low Confidence
574,689,[11901],11901,681.3632,10.2,0,0,0,0,0,0,0,0,0,0,0,0,0,0,0,0,0,0,0,0,0,0,0,0,2500544.927,0,0,0,0,0,0,0,0,0,0,0,0,0,0,0,0,0,0,0,0,0,0,0,0,0,0,0,0,0,0,0,7,0,D,C39H52O10,possibly undescribed,none,[M+H]+,none,14,"1,2-dihydro-3-ol","5-ol-6,7-epoxy","9,13,14-orthoester",no C-12,no C-18,others,others,1,C19,C19*1,"benzoyl(0.03),decadienoyl(0.57),4-oxo-2-decenoyl(0.57),8-methoxy-9-hydroxy-2-4-6-dodecatrienoyl(0.04)",none,A4,B1,C1,none,none,none,none,,,,,,A4B1C1,OCC12OC1C1C3OC4OC3(C(=C)C)CC(C)C1(O4)C1CC(C)C(O)C1(O)C2O,PD00000004,C21H30O8,410.463,Top1,1,Low Confidence
575,724,"[16,32]",16,775.368,10.2,3575075.771,0,0,0,0,0,0,0,0,0,0,611928.8588,0,0,0,82500000,0,0,0,0,6380419.218,0,1194476.847,23300000,0,0,9040970.941,0,0,6996557.122,0,0,0,0,0,0,4048369.318,16800000,0,0,0,0,0,0,3627873.601,0,0,1229502.768,0,0,0,0,0,0,0,52000000,8,22,MD,C44H54O12,possibly known,(DA51)std_gnidimacrin,[M+H]+,"16, 32",18,1-alkyl-3-one,"5-ol-6,7-epoxy","9,13,14-orthoester",no C-12,no C-18,others,C9 ring with no substituent,5,"C2,C7",C2*4+C7*1,"benzoyl(0.27),benzoyl(1.70)","acyl,acyl,acyl,acyl,benzoyl",A6,B1,C1,M1,R1,R1,R1,R1,R92,none,none,none,A6B1C1M1,,,,0,Top2,0.91,Low Confidence
576,104,[1944],1944,721.3215,10.3,111000000,35700000,0,918667.6514,25900000,4142314.762,28300000,0,1195521.763,0,78200000,267000000,0,27000000,13800000,0,54200000,27700000,150000000,5853388.402,60700000,21100000,0,0,0,0,0,0,0,0,0,0,0,0,0,0,0,0,0,0,0,0,0,0,0,0,0,0,0,0,0,0,0,0,1860768.455,0,16,0,D,C40H48O12,possibly undescribed,(DA27)std_acutilobin D isomer,[M+H]+,none,17,"1,2-en-3-one","5-ol-6,7-epoxy","9,13,14-orthoester",no C-12,no C-18,others,others,2,C10,C10*2,"feruloyl(1.04),decadienoyl(29.00),4-oxo-2-decenoyl(29.00)","decadienoyl,4-oxo-2-decenoyl",A1,B1,C1,none,R37,R83,none,,,,,,A1B1C1,CCCCCC(=O)C=CC=CC(=O)OCC12OC1C1C3OC4(C=CC=CCCCCC)OC3(C(=C)C)CC(C)C1(O4)C1C=C(C)C(=O)C1(O)C2O,PD00267621,C41H54O10,706.873,Top2,0.822,Low Confidence
577,253,[8274],8274,585.3419,10.3,0,0,0,0,0,0,0,0,0,0,0,0,0,0,0,0,0,0,0,0,0,0,0,0,0,0,0,0,5724891.307,3085929.557,0,0,0,0,0,0,0,0,0,0,0,0,0,0,0,0,0,0,0,16900000,745014.4935,0,0,0,0,178363.9039,8,0,D,C34H48O8,possibly undescribed,(DA06)std_huratoxin isomer,[M+H]+,none,11,"1,2-en-3-one","5-ol-6,7-epoxy","9,13,14-orthoester",no C-12,no C-18,others,others,1,C14,C14*1,others,none,A1,B1,C1,none,none,none,none,,,,,,A1B1C1,OCC12OC1C1C3OC4OC3(C(=C)C)CC(C)C1(O4)C1C=C(C)C(=O)C1(O)C2O,PD00000001,C21H26O8,406.431,Top1,1,Low Confidence
578,304,"[11850,11866]",11866,827.4578,10.3,0,0,0,0,0,0,0,0,0,0,0,0,0,0,0,0,0,0,0,0,0,0,0,0,3299002.867,0,0,0,0,0,0,0,0,0,0,0,0,0,0,0,0,0,0,0,0,0,0,0,0,0,0,0,0,0,0,0,12,6,D,C46H66O13,possibly undescribed,none,[M+H]+,"11850, 11866",14,"1,2-en-3-one","5-ol-6,7-epoxy","9,13,14-orthoester",no C-12,no C-18,others,others,1,C26,C26*1,"benzoyl(0.06),8-methoxy-9-hydroxy-2-4-6-dodecatrienoyl(0.09)",none,A1,B1,C1,none,none,none,none,,,,,,A1B1C1,OCC12OC1C1C3OC4OC3(C(=C)C)CC(C)C1(O4)C1C=C(C)C(=O)C1(O)C2O,PD00000001,C21H26O8,406.431,Top2,0.82,Low Confidence
579,800,[5293],5293,775.3685,10.3,0,0,0,0,0,0,0,0,0,0,0,440674.467,0,0,0,0,0,0,0,0,0,3710363.829,0,0,0,0,0,0,28200000,0,0,0,0,0,24900000,0,0,0,0,0,0,0,0,0,0,0,0,0,0,0,0,0,0,0,0,0,0,17,MD,C44H54O12,possibly known,(DA51)std_gnidimacrin,[M+H]+,8065293,18,1-alkyl-3-one,"5-ol-6,7-epoxy","9,13,14-orthoester",no C-12,with C-18,others,C9 ring with no substituent,5,"C2,C7",C2*4+C7*1,"benzoyl(0.04),benzoyl(0.28)","acyl,acyl,acyl,acyl,benzoyl",A6,B1,C5,M1,R1,R1,R1,R1,R92,none,none,none,A6B1C5M1,,,,0,Top3,0.897,Low Confidence
580,805,[707],707,1090.4429,10.3,0,0,0,0,0,0,0,0,0,0,0,1098458.746,0,1959953.754,0,0,0,0,0,0,2880181.294,600322.201,0,0,0,6469269.614,6019414.032,0,0,0,0,0,0,0,0,0,3120393.835,10800000,0,0,0,0,0,0,0,0,0,0,0,0,0,0,0,0,0,0,9,14,MD,C60H67O18N1,possibly undescribed,none,[M+NH4]+,none,28,1-alkyl-2-ol-3-one,"5-ol-6,7-epoxy","9,13,14-orthoester",no C-12,no C-18,others,C10 ring with one substituent,5,"C2,C7",C2*1+C7*4,"acyl(0.07),benzoyl(0.12),benzoyl(0.80)","acyl,benzoyl,benzoyl,benzoyl,benzoyl",A7,B1,C1,M3,R1,R92,R92,R92,R92,none,none,none,A7B1C1M3,,,,0,Top1,1,Low Confidence
581,806,[806],806,653.3318,10.3,12400000,0,0,0,0,0,453500.8958,0,0,0,0,1028642.326,34900000,955337.619,0,0,336025.731,0,0,0,1125409.227,0,0,0,0,0,463120.2559,0,13300000,1028243.894,0,0,0,0,0,0,1166685.134,6629317.642,0,0,4153625.112,0,0,0,0,0,229101.7002,0,0,0,0,0,0,0,0,19000000,0,14,MD,C37H48O10,possibly known,(DA41)std_wikstroelide F,[M+H]+,8065293,14,1-alkyl-2-ol-3-one,"5-ol-6,7-epoxy","9,13,14-orthoester",no C-12,with C-18,others,C9 ring with no substituent,4,C2,C2*4,"benzoyl(0.14),benzoyl(0.23)","acyl,acyl,acyl,acyl",A7,B1,C5,M1,R1,R1,R1,R1,none,none,none,none,A7B1C5M1,,,,0,Top6,0.969,Low Confidence
582,49,[354],354,635.3214,10.4,8312345.297,930881.4455,0,1070539.052,0,0,0,1602209.754,215195.2043,0,1582271.57,2904357.549,0,0,0,0,0,0,0,0,1301677.336,0,0,971044.9957,0,0,4518714.274,0,0,0,0,0,0,0,0,0,0,0,0,0,180774.1549,0,0,0,0,0,0,0,0,0,0,0,0,0,0,0,8,0,D,C37H46O9,possibly known,acutilonine F,[M+H]+,none,15,"1,2-en-3-one","5-ol-6,7-epoxy","9,13,14-orthoester",no C-12,no C-18,"2,4-olefinic",others,2,"C7,C10",C10*1+C7*1,"benzoyl(0.08),feruloyl(0.23),decatrienoyl(3.10)","benzoyl,decatrienoyl",A1,B1,C1,none,R92,R48,none,,,,,,A1B1C1,c7ccccc7C(=O)OCC12OC1C1C3OC4(C=CC=CC=CCCC)OC3(C(=C)C)CC(C)C1(O4)C1C=C(C)C(=O)C1(O)C2O,PD00268224,C37H42O9,630.734,Top2,0.578,Low Confidence
583,166,[3541],3541,519.2954,10.4,0,0,0,0,0,0,0,0,0,0,0,0,25200000,0,0,0,0,0,0,0,0,0,0,0,0,0,0,0,979131.6589,5339841.797,0,0,0,0,0,0,0,6117428.937,0,0,0,0,0,0,0,0,0,0,0,0,0,0,0,0,0,1383033.299,13,0,D,C29H42O8,possibly known,(DA02)std_daphnepedunin J,[M+H]+,none,9,"1,2-en-3-one","5-ol-6,7-epoxy","9,13,14-orthoester",no C-12,no C-18,others,others,1,C9,C9*1,"nonanoyl(0.06),nonanoyl(0.07)",nonanoyl,A1,B1,C1,none,R8,none,none,,,,,,A1B1C1,OCC12OC1C1C3OC4(CCCCCCCC)OC3(C(=C)C)CC(C)C1(O4)C1C=C(C)C(=O)C1(O)C2O,PD00007572,C29H42O8,518.647,Top1,1,High Confidence
584,288,[10980],10980,633.3631,10.4,0,0,0,0,0,0,0,0,0,0,0,0,0,0,0,0,0,0,0,0,0,0,0,0,0,0,0,0,0,0,0,0,0,0,0,0,0,0,0,0,0,0,0,0,0,0,0,0,0,3126859.141,0,0,0,0,0,0,8,0,D,C35H52O10,possibly undescribed,none,[M+H]+,none,10,"1,2-en-3-one","5-ol-6,7-epoxy","9,13,14-orthoester",no C-12,no C-18,others,others,1,C15,C15*1,"decadienoyl(0.02),4-oxo-2-decenoyl(0.02)",none,A1,B1,C1,none,none,none,none,,,,,,A1B1C1,OCC12OC1C1C3OC4OC3(C(=C)C)CC(C)C1(O4)C1C=C(C)C(=O)C1(O)C2O,PD00000001,C21H26O8,406.431,Top1,1,Low Confidence
585,415,[8548],8548,647.2844,10.4,0,0,0,0,0,0,0,0,0,0,0,0,0,0,0,0,0,2152506.999,0,0,0,5015962.892,0,0,0,0,0,0,0,0,0,0,0,0,0,0,0,0,0,0,0,0,0,0,0,0,0,0,1505607.066,0,0,0,0,0,4799119.023,0,10,0,D,C37H42O10,possibly undescribed,"(DA16)std_yuanhuajine isomer, (DA17)std_gniditrin isomer",[M+H]+,none,17,"1,2-en-3-one","5-ol-6,7-epoxy","9,13,14-orthoester",with C-12,no C-18,"2,4-olefinic",others,2,"C7,C10",C10*1+C7*1,benzoyl(0.10),"benzoyl,benzoyl",A1,B1,C2,none,R92,R92,none,,,,,,A1B1C2,OCC12OC1C1C3OC4(c6ccccc6)OC3(C(=C)C)C(OC(=O)c7ccccc7)C(C)C1(O4)C1C=C(C)C(=O)C1(O)C2O,PD00129710,C34H34O10,602.636,Top1,1,Low Confidence
586,421,[8934],8934,687.2797,10.4,0,0,0,0,0,0,0,0,0,0,0,0,0,0,0,0,0,0,5983873.611,0,0,0,0,0,0,0,0,0,0,0,0,0,0,0,0,0,0,0,0,0,0,0,0,0,0,0,0,0,0,0,0,0,0,0,0,0,6,0,D,C39H42O11,possibly undescribed,none,[M+H]+,none,19,"1,2-en-3-one","5-ol-6,7-epoxy","9,13,14-orthoester",with C-12,no C-18,others,others,2,"C9,C10",C9*1+C10*1,cinnamoyl(0.20),"cinnamoyl,cinnamoyl",A1,B1,C2,none,R93,R93,none,,,,,,A1B1C2,OCC12OC1C1C3OC4(C=Cc6ccccc6)OC3(C(=C)C)C(OC(=O)C=Cc7ccccc7)C(C)C1(O4)C1C=C(C)C(=O)C1(O)C2O,PD00129715,C38H38O10,654.712,Top1,1,Low Confidence
587,460,[11825],11825,691.3477,10.4,0,0,0,0,0,0,0,0,0,0,0,0,0,0,0,0,0,0,0,0,0,0,0,0,6147603.842,0,0,0,0,0,0,0,0,0,0,0,0,0,0,0,0,0,0,0,0,0,0,0,0,0,0,0,0,0,0,0,12,0,D,C40H50O10,possibly undescribed,none,[M+H]+,none,16,"1,2-en-3-one","5-ol-6,7-epoxy","9,13,14-orthoester",with C-12,no C-18,others,others,2,C10,C10*2,"benzoyl(0.23),feruloyl(0.08),benzoyl(0.61)","feruloyl,feruloyl",A1,B1,C2,none,R95,R95,none,,,,,,A1B1C2,OCC12OC1C1C3OC4(C=Cc6c(OC)c(O)ccc6)OC3(C(=C)C)C(OC(=O)C=Cc7c(OC)c(O)ccc7)C(C)C1(O4)C1C=C(C)C(=O)C1(O)C2O,PD00129722,C40H42O14,746.762,Top2,0.919,Low Confidence
588,714,[8025],8025,511.305,10.4,0,0,0,0,0,0,0,0,0,0,0,0,0,0,0,0,0,0,0,0,5072002.546,0,0,0,0,0,0,0,0,0,0,0,0,0,0,0,0,0,0,0,0,0,0,0,0,0,0,0,0,0,0,0,0,0,0,0,8,7,D,C31H42O6,possibly undescribed,none,[M+H]+,none,11,"1,2-dihydro-3-ol","5-ol-4,7-epoxy","9,13,14-orthoester",no C-12,no C-18,others,others,1,C11,C11*1,undecatrienoyl(0.02),undecatrienoyl,A4,B7,C1,none,R49,none,none,,,,,,A4B7C1,,,,0,Top1,1,Low Confidence
589,728,[127],127,653.331,10.4,560639.7952,1609257.863,0,9440233.956,1921272.007,0,2391233.071,11500000,1859725.618,0,7132395.393,13100000,2812239.308,0,0,13500000,706173.729,0,0,0,1998473.375,327497.1948,0,11600000,339863.2789,0,19500000,0,0,0,0,0,0,0,5277584.847,0,0,0,0,0,0,273537.9249,0,0,0,0,0,0,0,0,0,0,0,0,0,0,6,15,MD,C37H48O10,possibly known,(DA41)std_wikstroelide F,[M+H]+,none,14,1-alkyl-3-one,"5-ol-6,7-epoxy","9,13,14-orthoester",no C-12,no C-18,others,C9 ring with no substituent,4,C2,C2*4,"benzoyl(0.03),benzoyl(0.31)","acyl,acyl,acyl,acyl",A6,B1,C1,M1,R1,R1,R1,R1,none,none,none,none,A6B1C1M1,,,,0,Top3,0.903,Low Confidence
590,780,[3705],3705,639.3169,10.4,0,0,0,0,0,0,0,0,0,0,0,0,2513289.306,0,0,0,0,0,0,0,0,0,0,0,0,0,0,0,2435678.104,3619843.162,0,0,0,0,0,0,0,0,0,0,0,0,0,0,0,0,0,0,0,0,0,0,0,0,0,0,0,11,MD,C36H46O10,possibly undescribed,none,[M+H]+,none,14,1-alkyl-3-one,"5-ol-6,7-epoxy","9,13,14-orthoester",no C-12,no C-18,others,C10 ring with one substituent,3,C2,C2*3,others,"acyl,acyl,acyl",A6,B1,C1,M3,R1,R1,R1,none,none,none,none,none,A6B1C1M3,,,,0,Top1,1,Low Confidence
591,46,"[258,2630]",258,647.285,10.5,0,0,184000000,1260000000,6164761.679,1611118.352,0,111000000,68600000,306076.6453,0,0,0,10000000,836386.4377,0,0,425207.9722,86800000,0,270000000,448947.0216,0,2488660.671,1240845.502,0,1136601.029,0,0,0,0,0,0,0,208047.6321,0,0,0,0,734424.9921,0,0,0,214893.5201,0,0,0,0,0,0,0,0,0,0,0,0,14,0,D,C37H42O10,possibly undescribed,"(DA16)std_yuanhuajine isomer, (DA17)std_gniditrin isomer",[M+H-H2O]+,"2530, 258, 2630",17,"1,2-en-3-one","5-ol-6,7-epoxy","9,13,14-orthoester",no C-12,no C-18,others,others,2,"C7,C10",C10*1+C7*1,"benzoyl(9.35),feruloyl(9.76),decatrienoyl(230.00)","benzoyl,decatrienoyl",A1,B1,C1,none,R92,R48,none,,,,,,A1B1C1,c7ccccc7C(=O)OCC12OC1C1C3OC4(C=CC=CC=CCCC)OC3(C(=C)C)CC(C)C1(O4)C1C=C(C)C(=O)C1(O)C2O,PD00268224,C37H42O9,630.734,Top2,0.723,Low Confidence
592,137,[2530],2530,665.2956,10.5,0,0,0,4431054.93,0,0,245623.1523,0,0,0,168161.5109,0,157617.1724,0,0,0,0,627870.4868,157530.6741,0,5195383.791,0,0,0,0,0,0,0,0,0,0,0,0,0,0,0,0,0,0,0,0,0,0,0,0,0,0,0,0,0,0,0,0,0,0,0,17,0,D,C37H44O11,possibly known,tanguticanine B,[M+H]+,"2530, 258",16,"1,2-en-3-one","5-ol-6,7-epoxy","9,13,14-orthoester",no C-12,no C-18,others,others,2,"C7,C10",C10*1+C7*1,"benzoyl(0.05),decatrienoyl(2.70)","benzoyl,decatrienoyl",A1,B1,C1,none,R92,R48,none,,,,,,A1B1C1,c7ccccc7C(=O)OCC12OC1C1C3OC4(C=CC=CC=CCCC)OC3(C(=C)C)CC(C)C1(O4)C1C=C(C)C(=O)C1(O)C2O,PD00268224,C37H42O9,630.734,Top2,0.98,Low Confidence
593,191,[3986],3986,343.1539,10.5,0,0,0,0,0,0,0,0,0,0,0,0,337166.5211,0,0,0,0,0,0,0,0,0,0,0,0,0,0,0,15900000,9479035.971,0,0,0,0,0,0,754917.151,1035119.131,660176.8038,0,0,0,0,0,0,0,0,0,0,0,0,0,0,0,0,1586067.081,14,0,D,C20H22O5,possibly undescribed,none,[M+H]+,none,10,"1,2-en-3-one","5-ol-6,7-epoxy","9,13,14-orthoester",no C-12,no C-18,"2,4-olefinic",others,1,C0,C0*1,8-9-epoxy-2-4-6-undecatrienoyl(0.13),none,A1,B1,C1,none,none,none,none,,,,,,A1B1C1,OCC12OC1C1C3OC4OC3(C(=C)C)CC(C)C1(O4)C1C=C(C)C(=O)C1(O)C2O,PD00000001,C21H26O8,406.431,Top1,1,Low Confidence
594,225,[6059],6059,551.3217,10.5,0,0,0,0,0,0,0,0,0,0,0,0,0,0,0,0,0,0,0,0,0,0,0,0,0,0,0,0,0,0,0,0,0,0,0,0,0,5367278.245,0,0,0,0,0,0,0,0,0,0,0,0,0,0,0,0,0,0,18,0,D,C30H46O9,possibly known,yuanhuakine C,[M+H]+,none,8,"1,2-en-3-one","5-ol-6,7-epoxy","9,13,14-orthoester",no C-12,no C-18,others,others,1,C10,C10*1,others,none,A1,B1,C1,none,none,none,none,,,,,,A1B1C1,OCC12OC1C1C3OC4OC3(C(=C)C)CC(C)C1(O4)C1C=C(C)C(=O)C1(O)C2O,PD00000001,C21H26O8,406.431,Top1,1,Low Confidence
595,231,[6115],6115,379.1749,10.5,0,0,0,0,0,0,0,0,0,0,0,0,0,0,0,0,0,0,0,0,0,0,0,0,0,0,0,0,14200000,8695416.853,0,0,0,0,0,0,0,879128.9512,0,0,0,0,0,0,0,0,0,0,0,0,0,0,0,0,0,1140998.634,17,0,D,C20H26O7,possibly undescribed,none,[M+H]+,none,8,"1,2-en-3-one","5-ol-6,7-epoxy","9,13,14-orthoester",no C-12,no C-18,"2,4-olefinic",others,1,C0,C0*1,butanoyl/isobutyryl(0.19),none,A1,B1,C1,none,none,none,none,,,,,,A1B1C1,OCC12OC1C1C3OC4OC3(C(=C)C)CC(C)C1(O4)C1C=C(C)C(=O)C1(O)C2O,PD00000001,C21H26O8,406.431,Top5,0.767,Low Confidence
596,234,[6184],6184,599.3219,10.5,0,0,0,0,0,0,0,0,0,0,0,0,0,0,0,0,0,0,0,0,0,0,0,0,0,0,0,0,0,0,0,0,0,0,0,0,0,306678.6345,0,0,0,0,0,0,0,0,0,0,0,0,0,0,0,0,0,0,7,0,D,C34H46O9,possibly undescribed,none,[M+H]+,none,12,"1,2-en-3-one","5-ol-6,7-epoxy","9,13,14-orthoester",no C-12,no C-18,others,others,1,C14,C14*1,nonanoyl(0.04),none,A1,B1,C1,none,none,none,none,,,,,,A1B1C1,OCC12OC1C1C3OC4OC3(C(=C)C)CC(C)C1(O4)C1C=C(C)C(=O)C1(O)C2O,PD00000001,C21H26O8,406.431,Top1,1,Low Confidence
597,254,"[6301,8793]",8793,497.2895,10.5,0,0,0,0,0,0,0,0,0,0,0,0,0,0,0,0,0,0,0,0,0,0,0,0,0,0,0,0,0,0,0,0,0,0,0,0,0,0,0,0,9586501.942,0,0,0,0,0,966697.9911,0,0,0,0,0,0,0,0,0,10,0,D,C30H40O6,possibly undescribed,none,[M+H-H2O]+,"6301, 8793",11,"1,2-en-3-one","5-ol-6,7-epoxy","9,13,14-orthoester",no C-12,no C-18,others,others,1,C10,C10*1,"nonanoyl(0.06),decanoyl(0.02),decadienoyl(1.30),4-oxo-2-decenoyl(1.30)",decadienoyl,A1,B1,C1,none,R37,none,none,,,,,,A1B1C1,OCC12OC1C1C3OC4(C=CC=CCCCCC)OC3(C(=C)C)CC(C)C1(O4)C1C=C(C)C(=O)C1(O)C2O,PD00007601,C30H40O8,528.642,Top2,0.994,Low Confidence
598,339,[2039],2039,693.3629,10.5,1358275.038,0,0,0,0,0,151600.8425,0,0,0,0,438502.3099,0,0,0,0,943351.9713,0,0,0,675688.2163,217244.4291,0,0,215699.6653,0,0,0,0,0,0,0,0,0,0,0,0,0,0,0,0,0,0,0,0,0,0,0,0,0,0,0,0,0,0,0,7,0,D,C40H52O10,possibly undescribed,none,[M+H]+,none,15,"1,2-en-3-one","5-ol-6,7-epoxy","9,13,14-orthoester",with C-12,no C-18,"2,4-olefinic",others,2,C10,C10*2,decatrienoyl(0.36),"decatrienoyl,decatrienoyl",A1,B1,C2,none,R48,R48,none,,,,,,A1B1C2,OCC12OC1C1C3OC4(C=CC=CC=CCCC)OC3(C(=C)C)C(OC(=O)C=CC=CC=CCCC)C(C)C1(O4)C1C=C(C)C(=O)C1(O)C2O,PD00128500,C40H50O10,690.83,Top1,1,Low Confidence
599,691,[11907],11907,629.3682,10.5,0,0,0,0,0,0,0,0,0,0,0,0,0,0,0,0,0,0,0,0,0,0,0,0,1744387.427,0,0,0,0,0,0,0,0,0,0,0,0,0,0,0,0,0,0,0,0,0,0,0,0,0,0,0,0,0,0,0,15,0,D,C36H52O9,possibly undescribed,none,[M+H]+,none,11,"1,2-dihydro-3-ol","5-ol-6,7-epoxy","9,13,14-orthoester",no C-12,no C-18,others,others,1,C16,C16*1,"benzoyl(0.03),feruloyl(0.02)",none,A4,B1,C1,none,none,none,none,,,,,,A4B1C1,OCC12OC1C1C3OC4OC3(C(=C)C)CC(C)C1(O4)C1CC(C)C(O)C1(O)C2O,PD00000004,C21H30O8,410.463,Top1,1,Low Confidence
600,53,[456],456,481.1855,10.6,0,0,2029799.502,18700000,0,0,0,0,622959.9287,0,453976.4815,1650938.006,0,0,0,0,0,0,0,0,0,0,0,617253.8119,0,0,0,0,0,0,0,0,0,0,0,0,0,0,0,0,0,0,0,0,0,0,0,0,0,0,0,0,0,0,0,0,12,0,D,C27H28O8,possibly undescribed,none,[M+H]+,none,14,"1,2-en-3-one","5-ol-6,7-epoxy","9,13,14-orthoester",no C-12,no C-18,others,others,1,C7,C7*1,"benzoyl(0.06),benzoyl(0.22)",benzoyl,A1,B1,C1,none,R92,none,none,,,,,,A1B1C1,OCC12OC1C1C3OC4(c6ccccc6)OC3(C(=C)C)CC(C)C1(O4)C1C=C(C)C(=O)C1(O)C2O,PD00007656,C27H30O8,482.529,Top2,0.602,Low Confidence
601,116,[2020],2020,543.2955,10.6,2058351.043,0,0,0,0,0,0,0,0,0,4958555.645,0,0,0,0,0,0,0,0,0,0,0,0,0,0,0,0,0,0,1885096.341,0,0,0,0,0,0,0,0,0,0,0,0,0,0,0,0,0,0,0,0,0,0,0,0,0,0,11,0,D,C31H42O8,possibly undescribed,none,[M+H]+,none,11,"1,2-en-3-one","5-ol-6,7-epoxy","9,13,14-orthoester",no C-12,no C-18,"2,4-olefinic",others,1,C11,C11*1,undecadienoyl(0.47),undecadienoyl,A1,B1,C1,none,R38,none,none,,,,,,A1B1C1,OCC12OC1C1C3OC4(C=CC=CCCCCCC)OC3(C(=C)C)CC(C)C1(O4)C1C=C(C)C(=O)C1(O)C2O,PD00007602,C31H42O8,542.669,Top1,1,High Confidence
602,230,[6102],6102,361.1642,10.6,0,0,0,0,0,0,0,0,0,0,0,0,0,0,0,0,0,0,0,0,0,0,0,0,0,0,0,0,15000000,8647598.331,0,0,0,0,0,0,749519.1165,1021289.511,0,0,0,0,0,0,0,0,0,0,0,0,0,0,0,0,0,1501655.762,12,0,D,C20H24O6,possibly undescribed,none,[M+H]+,none,9,"1,2-en-3-one","5-ol-6,7-epoxy","9,13,14-orthoester",no C-12,no C-18,"2,4-olefinic",others,1,C0,C0*1,butenoyl(0.14),none,A1,B1,C1,none,none,none,none,,,,,,A1B1C1,OCC12OC1C1C3OC4OC3(C(=C)C)CC(C)C1(O4)C1C=C(C)C(=O)C1(O)C2O,PD00000001,C21H26O8,406.431,Top1,1,Low Confidence
603,474,[4856],4856,473.2899,10.6,0,0,0,0,0,0,0,0,0,187324.0777,0,0,0,0,0,0,0,0,0,0,0,0,0,0,0,0,0,0,0,0,0,2834550.623,15200000,0,0,0,0,0,0,0,0,0,0,0,0,0,0,0,0,0,0,0,0,0,0,0,6,0,D,C28H40O6,possibly undescribed,none,[M+H]+,none,9,"1,2-en-3-one","5-ol-6,7-ene","9,13,14-orthoester",no C-12,no C-18,others,others,1,C8,C8*1,octanoyl(0.19),octanoyl,A1,B3,C1,none,R7,none,none,,,,,,A1B3C1,OCC1=CC2C3OC4(CCCCCCC)OC3(C(=C)C)CC(C)C2(O4)C2C=C(C)C(=O)C2(O)C1O,PD00009491,C28H40O7,488.621,Top2,0.447,Low Confidence
604,747,[4019],4019,773.3527,10.6,0,0,0,0,0,0,0,0,0,0,0,0,419678.3511,0,0,0,0,0,0,0,0,0,0,0,0,0,0,0,0,0,0,0,0,0,0,0,0,3865825.977,0,0,0,0,0,0,0,0,0,0,0,0,0,0,0,0,0,0,10,15,MD,C44H52O12,possibly undescribed,none,[M+H]+,none,19,1-alkyl-3-one,"5-ol-6,7-epoxy","9,13,14-orthoester",no C-12,no C-18,others,C9 ring with no substituent,3,"C4,C7",C7*1+C4*2,benzoyl(0.19),"benzoyl,isobutyryl,isobutyryl",A6,B1,C1,M1,R92,R3,R3,none,none,none,none,none,A6B1C1M1,,,,0,Top2,0.921,Low Confidence
605,32,[5],5,649.3003,10.7,15400000,16000000,555498.9456,6457810.9,1537601.726,0,12200000,104000000,2715672.392,0,51200000,18100000,794179.8521,1761337.917,0,0,5561677.132,0,806474.1358,0,1388519.137,0,0,54400000,7030045.351,0,3810075.414,0,0,0,0,0,0,0,0,0,0,0,0,0,0,0,0,0,0,0,0,0,0,0,0,0,0,0,0,0,16,0,D,C37H44O10,possibly known,(DA18)std_yuanhuacine,[M+H]+,none,16,"1,2-en-3-one","5-ol-6,7-epoxy","9,13,14-orthoester",no C-12,no C-18,others,others,2,"C7,C10",C10*1+C7*1,"benzoyl(0.68),feruloyl(0.79),decadienoyl(7.50),4-oxo-2-decenoyl(7.50)","benzoyl,decadienoyl",A1,B1,C1,none,R92,R37,none,,,,,,A1B1C1,c7ccccc7C(=O)OCC12OC1C1C3OC4(C=CC=CCCCCC)OC3(C(=C)C)CC(C)C1(O4)C1C=C(C)C(=O)C1(O)C2O,PD00267630,C37H44O9,632.75,Top2,0.558,Low Confidence
606,374,[4074],4074,601.3369,10.7,0,0,0,0,0,0,0,0,0,0,0,0,238854.7788,0,0,0,0,0,0,0,0,0,0,0,0,0,0,896611.1912,500435.7464,332645.5957,0,0,0,0,0,0,0,621903.4382,0,0,0,0,0,0,0,0,0,0,0,0,0,0,0,0,0,0,6,0,D,C34H48O9,possibly undescribed,none,[M+H]+,none,11,"1,2-en-3-one","5-ol-6,7-epoxy","9,13,14-orthoester",with C-12,no C-18,others,others,2,C7,C7*2,"tetradecadienoyl(0.07),4-oxo-2-tetradecenoyl(0.07)","benzoyl,benzoyl",A1,B1,C2,none,R92,R92,none,,,,,,A1B1C2,OCC12OC1C1C3OC4(c6ccccc6)OC3(C(=C)C)C(OC(=O)c7ccccc7)C(C)C1(O4)C1C=C(C)C(=O)C1(O)C2O,PD00129710,C34H34O10,602.636,Top1,1,Low Confidence
607,750,"[5216,6032,6039]",5216,912.4162,10.7,0,0,0,0,0,0,0,0,0,0,0,2060686.403,0,2037022.316,0,0,0,0,0,0,0,0,0,0,0,0,0,0,0,0,0,0,0,0,0,0,2483588.881,37000000,0,0,0,0,0,0,0,0,0,0,0,0,0,0,0,0,0,3990404.801,11,23,MD,C51H61O14N1,possibly undescribed,(DA55)std_stelleralide G isomer,[M+NH4]+,"5216, 6039",22,1-alkyl-3-one,"5-ol-6,7-epoxy","9,13,14-orthoester",no C-12,no C-18,others,C9 ring with no substituent,4,"C4,C7",C7*2+C4*2,"acyl(0.24),benzoyl(0.72),benzoyl(0.71)","benzoyl,benzoyl,isobutyryl,isobutyryl",A6,B1,C1,M1,R92,R92,R3,R3,none,none,none,none,A6B1C1M1,,,,0,Top2,0.943,Low Confidence
608,17,[3552],3552,698.3535,10.8,0,0,0,0,0,0,0,0,0,0,0,0,21600000,0,0,1899487.487,0,0,0,0,0,0,0,0,0,0,0,0,7098487.346,1185805.264,0,0,0,0,0,0,942964.0704,807471.3177,0,0,0,0,0,0,0,0,0,0,0,0,0,0,0,0,0,12900000,0,6,MD,C38H51O11N1,possibly known,"(DA43)std_stelleralide C, (DA44)std_daphnepedunin E",[M+NH4]+,none,14,bicyclo [2.2.1] heptane ring,"5-ol-6,7-epoxy","9,13,14-orthoester",no C-12,no C-18,others,C10 ring with no substituent,4,C2,C2*4,"benzoyl(0.33),benzoyl(0.05)","acyl,acyl,acyl,acyl",A11,B1,C1,M2,R1,R1,R1,R1,none,none,none,none,A11B1C1M2,,,,0,Top1,1,Low Confidence
609,24,[8669],8669,676.3682,10.8,0,0,0,0,0,0,0,0,0,0,0,0,0,0,0,0,0,0,0,0,0,0,0,0,0,0,0,0,0,0,0,0,0,0,0,0,0,0,0,0,0,0,0,0,0,0,0,0,1459189.854,0,4677505.029,2220724.472,0,4761289.81,0,0,0,12,MD,C36H53O11N1,possibly known,(DA42)std_edgeworthianin A,[M+NH4]+,none,11,bicyclo [2.2.1] heptane ring,"5-ol-6,7-epoxy","9,13,14-orthoester",no C-12,no C-18,others,C10 ring with one substituent,3,C2,C2*3,acyl(0.17),"acyl,acyl,acyl",A11,B1,C1,M3,R1,R1,R1,none,none,none,none,none,A11B1C1M3,,,,0,Top7,0.507,Low Confidence
610,275,[9700],9700,581.3115,10.8,0,0,0,0,0,0,0,0,0,0,0,0,0,0,0,0,0,0,0,0,0,0,0,0,0,0,0,0,0,2779505.164,0,0,0,0,0,0,0,0,0,0,0,0,0,0,0,0,0,0,0,0,0,0,0,0,0,0,9,0,D,C34H44O8,possibly undescribed,none,[M+H]+,none,13,"1,2-en-3-one","5-ol-6,7-epoxy","9,13,14-orthoester",no C-12,no C-18,"2,4-olefinic",others,1,C14,C14*1,butenoyl(0.03),none,A1,B1,C1,none,none,none,none,,,,,,A1B1C1,OCC12OC1C1C3OC4OC3(C(=C)C)CC(C)C1(O4)C1C=C(C)C(=O)C1(O)C2O,PD00000001,C21H26O8,406.431,Top1,1,Low Confidence
611,366,[3096],3096,649.3003,10.8,0,1116457.486,0,0,0,285695.4434,0,0,0,0,0,0,229610.1808,0,0,0,0,933938.7459,3907042.068,0,1982224.862,1493854.453,0,0,6799936.935,0,0,0,0,0,0,0,0,0,0,0,0,0,0,0,0,0,0,0,0,0,0,0,0,0,0,0,0,0,0,0,11,0,D,C37H44O10,possibly known,(DA18)std_yuanhuacine,[M+H]+,none,16,"1,2-en-3-one","5-ol-6,7-epoxy","9,13,14-orthoester",with C-12,no C-18,"2,4-olefinic",others,2,"C7,C10",C10*1+C7*1,"benzoyl(0.02),decadienoyl(1.00)","benzoyl,decadienoyl",A1,B1,C2,none,R92,R37,none,,,,,,A1B1C2,OCC12OC1C1C3OC4(C=CC=CCCCCC)OC3(C(=C)C)C(OC(=O)c7ccccc7)C(C)C1(O4)C1C=C(C)C(=O)C1(O)C2O,PD00127950,C37H44O10,648.749,Top1,1,High Confidence
612,491,[3250],3250,497.2888,10.8,0,167642.9811,0,0,0,0,0,0,0,716506.1424,0,0,0,0,0,0,0,0,0,0,0,0,0,0,0,0,0,0,0,0,0,0,0,0,0,0,0,0,0,0,2318219.433,268879.9106,0,0,0,0,0,0,0,0,0,0,0,0,0,0,6,0,D,C30H40O6,possibly undescribed,none,[M+H]+,none,11,"1,2-en-3-one","5-ol-6,7-ene","9,13,14-orthoester",with C-12,no C-18,others,others,1,C10,C10*1,"undecanoyl(0.10),decadienoyl(0.05),4-oxo-2-decenoyl(0.05)",decadienoyl,A1,B3,C2,none,R37,none,none,,,,,,A1B3C2,OCC1=CC2C3OC4(C=CC=CCCCCC)OC3(C(=C)C)C(O)C(C)C2(O4)C2C=C(C)C(=O)C2(O)C1O,PD00010001,C30H40O8,528.642,Top1,1,Low Confidence
613,681,[11886],11886,587.3219,10.8,0,0,0,0,0,0,0,0,0,0,0,0,0,0,0,0,0,0,0,0,0,0,0,0,2977544.617,0,0,0,0,0,0,0,0,0,0,0,0,0,0,0,0,0,0,0,0,0,0,0,0,0,0,0,0,0,0,0,16,0,D,C33H46O9,possibly undescribed,none,[M+H]+,none,11,"1,2-dihydro-3-ol","5-ol-6,7-epoxy","9,13,14-orthoester",no C-12,no C-18,others,others,1,C13,C13*1,others,none,A4,B1,C1,none,none,none,none,,,,,,A4B1C1,OCC12OC1C1C3OC4OC3(C(=C)C)CC(C)C1(O4)C1CC(C)C(O)C1(O)C2O,PD00000004,C21H30O8,410.463,Top1,1,Low Confidence
614,699,[2768],2768,445.295,10.8,0,156102.3871,1376642.391,0,0,0,0,0,0,0,1318713.732,0,0,0,0,0,0,0,0,0,0,0,0,0,0,0,0,0,0,0,0,0,0,0,0,0,0,0,0,0,1768425.684,0,0,0,0,0,6681005.633,0,0,0,0,0,0,0,0,0,6,0,D,C27H40O5,possibly undescribed,none,[M+H]+,none,8,"1,2-dihydro-3-ol","5-ol-6,7-epoxy","9,13,14-orthoester",with C-12,no C-18,others,others,1,C7,C7*1,"decanoyl(0.15),coumaroyl(0.16)",benzoyl,A4,B1,C2,none,R92,none,none,,,,,,A4B1C2,OCC12OC1C1C3OC4(c6ccccc6)OC3(C(=C)C)C(O)C(C)C1(O4)C1CC(C)C(O)C1(O)C2O,PD00008424,C27H34O9,502.56,Top1,1,Low Confidence
615,704,[8],8,643.2881,10.8,396669.9008,488109.3504,0,0,188933.6071,0,0,676778.9812,0,0,0,0,0,0,0,0,0,0,0,0,0,0,0,113000000,0,0,1710000000,0,0,0,0,0,0,0,0,0,0,0,0,0,0,0,0,0,0,0,0,0,0,0,0,0,0,0,0,0,12,0,D,C20H50O22,possibly known,onishibarin B,[M+H]+,none,-4,"1,2-dihydro-3-ol","5-ol-6,7-diol","9,13,14-orthoester",no C-12,no C-18,others,others,1,C0,C0*1,"benzoyl(1.46),feruloyl(5.20),5-pheny-2-4-pentadienoyl(240.00)",none,A4,B2,C1,none,none,none,none,,,,,,A4B2C1,OCC1(O)C(O)C2C3OC4OC3(C(=C)C)CC(C)C2(O4)C2CC(C)C(O)C2(O)C1O,PD00000084,C21H32O9,428.478,Top1,1,Low Confidence
616,710,[1172],1172,457.3312,10.8,769703.8296,1323875.503,1696494.74,1294006.925,1289909.076,1422992.811,0,1804639.076,1614177.703,403008.5148,0,895469.9048,1926154.153,416024.2415,992535.7678,606555.2913,486677.7923,0,0,0,141287.1019,1008271.217,0,0,0,0,0,0,1241325.297,2581502.384,0,0,0,0,217992.1698,1935594.075,1975673.077,234737.8305,0,171238.431,611877.0684,445064.2416,0,950776.7718,0,6768319.109,1149393.944,1239605.06,1198642.305,4838886.079,0,0,2285738.887,432339.7487,1369517.991,0,7,0,D,C29H44O4,possibly undescribed,none,[M+H]+,none,8,"1,2-dihydro-3-ol","5-ol-6,7-ene","9,13,14-orthoester",no C-12,no C-18,others,others,1,C9,C9*1,"acyl(0.06),coumaroyl(0.19),decanoyl(0.05),6-7-epoxy-2-4-octadienoyl(0.08)",coumaroyl,A4,B3,C1,none,R94,none,none,,,,,,A4B3C1,OCC1=CC2C3OC4(C=Cc6ccc(O)cc6)OC3(C(=C)C)CC(C)C2(O4)C2CC(C)C(O)C2(O)C1O,PD00009866,C29H36O8,512.599,Top1,1,Low Confidence
617,791,[8686],8686,690.3836,10.8,0,0,0,0,0,0,0,0,0,0,0,0,0,0,0,0,0,0,0,0,0,0,0,0,0,0,0,0,0,0,0,0,0,0,0,0,0,0,0,0,0,0,0,0,0,0,0,0,0,0,15000000,1082150.59,0,3185434.25,0,0,0,9,MD,C37H55O11N1,possibly known,(DA42)std_edgeworthianin A,[M+NH4]+,none,11,1-alkyl-3-one,"5-ol-6,7-epoxy","9,13,14-orthoester",no C-12,no C-18,others,C14 ring with an olenfinic,0,others,,others,none,A6,B1,C1,M7,none,none,none,none,none,none,none,none,A6B1C1M7,OCC12OC1C1C3OC45CCCC=CCCCCC(CCC)C6C(C)C(=O)C(O)(C2O)C6C1(O4)C(C)CC3(C(=C)C)O5,PD01121477,C34H50O8,586.766,Top1,1,Low Confidence
618,803,[8675],8675,645.3625,10.8,0,0,0,0,0,0,0,0,0,0,0,0,0,0,0,0,0,0,0,0,0,0,0,0,0,0,0,0,0,0,0,0,0,0,0,0,0,0,0,0,0,0,0,0,0,0,0,0,4959433.201,0,89400000,1811230.624,0,974502.9401,696942.0674,0,0,11,MD,C36H52O10,possibly known,(DA40)std_edgeworthianin D,[M+H]+,none,11,1-alkyl-2-ol-3-one,"5-ol-6,7-epoxy","9,13,14-orthoester",no C-12,no C-18,others,C9 ring with no substituent,1,C7,C7*1,others,benzoyl,A7,B1,C1,M1,R92,none,none,none,none,none,none,none,A7B1C1M1,c8ccccc8C(=O)OCC12OC1C1C3OC45CCCCCCCCC6C(O)(C)C(=O)C(O)(C2O)C6C1(O4)C(C)CC3(C(=C)C)O5,PD01130535,C36H46O10,638.754,Top4,0.706,Low Confidence
619,804,[191],191,653.3318,10.8,705032.8282,0,0,0,0,931900.8308,0,0,0,0,0,879920.2736,58600000,0,0,513439.6919,0,0,0,0,931000.4047,0,0,2574582.541,0,0,3307537.049,0,4076848.965,1999763.494,0,0,0,0,386031.4912,0,0,367446.965,0,0,847010.1496,0,0,0,0,0,525913.0829,0,0,0,0,0,0,0,0,0,6,18,MD,C37H48O10,possibly undescribed,(DA41)std_wikstroelide F isomer,[M+H]+,none,14,1-alkyl-2-ol-3-one,"5-ol-6,7-epoxy","9,13,14-orthoester",no C-12,no C-18,others,C10 ring with no substituent,1,C7,C7*1,"benzoyl(0.08),benzoyl(0.10)",benzoyl,A7,B1,C1,M2,R92,none,none,none,none,none,none,none,A7B1C1M2,c8ccccc8C(=O)OCC12OC1C1C3OC45CCCCCCCC(C)C6C(O)(C)C(=O)C(O)(C2O)C6C1(O4)C(C)CC3(C(=C)C)O5,PD01130559,C37H48O10,652.781,Top1,1,High Confidence
620,8,[644],644,667.3112,10.9,0,0,0,1029459.108,0,0,0,381685.1929,0,0,0,2213961.481,64500000,855061.5424,0,1336657.189,476090.833,0,0,0,0,0,0,223150.1129,0,0,232891.6346,0,32400000,3813884.157,0,0,0,0,0,0,4099998.739,4288827.847,1124326.218,0,0,0,0,0,0,0,0,0,0,0,0,0,0,0,0,71300000,14,33,MD,C37H46O11,possibly known,(DA43)std_stelleralide C,[M+H]+,none,15,bicyclo [2.2.1] heptane ring,"5-ol-6,7-epoxy","9,13,14-orthoester",no C-12,no C-18,others,C9 ring with no substituent,4,C2,C2*4,"benzoyl(0.16),benzoyl(0.86)","acyl,acyl,acyl,acyl",A11,B1,C1,M1,R1,R1,R1,R1,none,none,none,none,A11B1C1M1,,,,0,Top1,1,Low Confidence
621,44,[148],148,651.3159,10.9,909944.4766,0,0,0,0,0,339700.5655,0,0,0,3685029.219,962348.0813,3254042.27,0,0,0,0,0,0,0,219763.7811,0,0,2837368.909,0,0,1243430.902,0,0,0,0,0,0,0,0,0,0,348375.5333,0,0,0,0,0,0,0,0,0,0,0,0,0,0,0,0,0,0,18,0,D,C37H46O10,possibly undescribed,none,[M+H]+,none,15,"1,2-en-3-one","5-ol-6,7-epoxy","9,13,14-orthoester",no C-12,no C-18,"2,4-olefinic",others,2,"C7,C10",C10*1+C7*1,"benzoyl(0.05),feruloyl(0.04),decadienoyl(0.78)","benzoyl,decadienoyl",A1,B1,C1,none,R92,R37,none,,,,,,A1B1C1,c7ccccc7C(=O)OCC12OC1C1C3OC4(C=CC=CCCCCC)OC3(C(=C)C)CC(C)C1(O4)C1C=C(C)C(=O)C1(O)C2O,PD00267630,C37H44O9,632.75,Top3,0.843,Low Confidence
622,194,[4124],4124,557.3114,10.9,0,0,0,0,0,0,0,0,0,0,156750.4268,0,207088.6969,0,0,0,0,0,0,0,0,0,0,0,0,0,0,0,0,1788779.585,0,741846.2566,0,0,0,0,0,1012730.583,0,0,0,0,0,0,0,0,0,0,0,0,0,0,0,0,0,0,7,0,D,C32H44O8,possibly known,wikstrotoxin B,[M+H]+,none,11,"1,2-en-3-one","5-ol-6,7-epoxy","9,13,14-orthoester",no C-12,no C-18,others,others,1,C12,C12*1,nonatrienoyl(0.01),none,A1,B1,C1,none,none,none,none,,,,,,A1B1C1,OCC12OC1C1C3OC4OC3(C(=C)C)CC(C)C1(O4)C1C=C(C)C(=O)C1(O)C2O,PD00000001,C21H26O8,406.431,Top1,1,Low Confidence
623,210,[4859],4859,499.3052,10.9,0,0,0,0,0,0,0,0,0,193573.8224,0,0,0,0,0,0,0,0,0,0,0,0,0,0,0,0,0,0,0,0,0,1232040.265,3826152.769,0,0,0,0,0,0,0,9168747.51,534066.504,0,0,0,0,0,0,0,0,0,0,0,0,0,1589640.388,6,0,D,C30H42O6,possibly undescribed,none,[M+H]+,none,10,"1,2-en-3-one","5-ol-6,7-epoxy","9,13,14-orthoester",no C-12,no C-18,others,others,1,C10,C10*1,nonatrienoyl(0.02),none,A1,B1,C1,none,none,none,none,,,,,,A1B1C1,OCC12OC1C1C3OC4OC3(C(=C)C)CC(C)C1(O4)C1C=C(C)C(=O)C1(O)C2O,PD00000001,C21H26O8,406.431,Top2,0.467,Low Confidence
624,364,[3042],3042,673.2997,10.9,0,568968.4334,0,0,0,0,0,0,0,0,0,0,0,0,0,0,0,0,0,0,190679.1833,160458.6136,0,0,0,0,0,0,0,0,0,0,0,0,0,0,0,0,0,0,0,0,0,0,0,0,0,0,0,0,0,0,0,0,0,0,10,0,D,C39H44O10,possibly known,"(DA21)std_12-O-(E)-cinnamoyl-9,13,14-ortho-(2E,4E)-decadienylidyne-5・趣ｽｲ,12・趣ｽｲ-dihydroxyresiniferonol-6・趣ｽｱ,7・趣ｽｱ-oxide",[M+H]+,none,18,"1,2-en-3-one","5-ol-6,7-epoxy","9,13,14-orthoester",with C-12,no C-18,others,others,2,"C9,C10",C9*1+C10*1,cinnamoyl(0.45),"cinnamoyl,cinnamoyl",A1,B1,C2,none,R93,R93,none,,,,,,A1B1C2,OCC12OC1C1C3OC4(C=Cc6ccccc6)OC3(C(=C)C)C(OC(=O)C=Cc7ccccc7)C(C)C1(O4)C1C=C(C)C(=O)C1(O)C2O,PD00129715,C38H38O10,654.712,Top1,1,Low Confidence
625,449,[9674],9674,573.3056,10.9,0,0,0,0,0,0,0,0,0,0,0,0,0,0,0,0,0,0,0,0,0,0,0,0,902195.7838,0,0,0,4306141.592,5795120.606,0,0,0,0,0,0,0,0,0,0,0,0,0,0,0,0,0,0,0,0,0,0,0,0,0,0,9,0,D,C32H44O9,possibly undescribed,none,[M+H]+,none,11,"1,2-en-3-one","5-ol-6,7-epoxy","9,13,14-orthoester",with C-12,no C-18,others,others,2,"C2,C10",C2*1+C10*1,"acyl(0.07),decanoyl(0.02)","acyl,decanoyl",A1,B1,C2,none,R1,R9,none,,,,,,A1B1C2,OCC12OC1C1C3OC4(C)OC3(C(=C)C)C(OC(=O)CCCCCCCCC)C(C)C1(O4)C1C=C(C)C(=O)C1(O)C2O,PD00125077,C32H46O10,590.71,Top1,1,Low Confidence
626,566,[2346],2346,535.3268,10.9,0,0,0,0,0,0,4226169.558,0,0,0,0,0,448272.2984,0,0,0,0,0,0,0,0,0,0,0,0,0,0,0,832093.9953,1319530.187,0,0,0,0,0,0,0,0,0,0,0,0,0,0,0,0,0,0,0,0,0,0,0,0,0,0,16,0,D,C30H46O8,possibly undescribed,none,[M+H]+,none,8,"1,2-en-3-ol","5-ol-6,7-epoxy","9,13,14-orthoester",no C-12,no C-18,others,others,1,C10,C10*1,"decanoyl(0.02),decanoyl(0.06)",decanoyl,A3,B1,C1,none,R9,none,none,,,,,,A3B1C1,OCC12OC1C1C3OC4(CCCCCCCCC)OC3(C(=C)C)CC(C)C1(O4)C1C=C(C)C(O)C1(O)C2O,PD00007765,C30H46O8,534.69,Top1,1,High Confidence
627,599,[345],345,609.3062,10.9,554016.4126,0,0,0,0,0,0,0,0,0,254336.0424,808467.0625,0,0,0,0,0,0,0,0,0,0,0,1130660.565,360426.6602,0,8120728.08,0,0,0,0,0,171134.4146,0,0,0,0,0,0,0,1189793.721,0,0,0,0,0,0,0,0,0,0,0,0,0,0,0,13,0,D,C35H44O9,possibly undescribed,none,[M+H]+,none,14,"1,2-dihydro-3-ol","5-ol-6,7-epoxy","9,13,14-orthoester",no C-12,no C-18,others,others,1,C15,C15*1,benzoyl(0.16),none,A4,B1,C1,none,none,none,none,,,,,,A4B1C1,OCC12OC1C1C3OC4OC3(C(=C)C)CC(C)C1(O4)C1CC(C)C(O)C1(O)C2O,PD00000004,C21H30O8,410.463,Top1,1,Low Confidence
628,609,[793],793,627.3142,10.9,921546.2341,1117456.679,182769.8149,0,257661.4398,0,0,950919.1513,0,0,0,0,0,0,0,0,0,0,0,0,0,0,0,0,551656.0068,0,1643286.249,0,0,0,0,0,0,0,0,0,0,0,0,0,0,0,0,0,0,0,0,0,0,0,0,0,0,0,0,0,6,0,D,C17H54O23,possibly known,yuanhuakine G,[M+H]+,none,-9,"1,2-dihydro-3-ol","5-ol-6,7-epoxy","9,13,14-orthoester",no C-12,no C-18,others,others,1,C-3,C-3*1,"octadienoyl(0.22),4-oxo-2-octenoyl(0.22)",none,A4,B1,C1,none,none,none,none,,,,,,A4B1C1,OCC12OC1C1C3OC4OC3(C(=C)C)CC(C)C1(O4)C1CC(C)C(O)C1(O)C2O,PD00000004,C21H30O8,410.463,Top1,1,Low Confidence
629,651,[8024],8024,511.3051,10.9,0,0,0,0,0,0,0,0,0,0,0,0,0,0,0,0,0,0,0,0,4127384.965,0,0,0,0,0,0,0,0,0,0,0,0,0,0,0,0,0,0,0,0,0,0,0,0,0,0,0,0,0,0,0,0,0,0,0,8,7,D,C31H42O6,possibly undescribed,none,[M+H]+,none,11,"1,2-dihydro-3-ol","5-ol-6,7-epoxy","9,13,14-orthoester",no C-12,no C-18,others,others,1,C11,C11*1,"coumaroyl(0.02),decatrienoyl(0.08)",none,A4,B1,C1,none,none,none,none,,,,,,A4B1C1,OCC12OC1C1C3OC4OC3(C(=C)C)CC(C)C1(O4)C1CC(C)C(O)C1(O)C2O,PD00000004,C21H30O8,410.463,Top1,1,Low Confidence
630,252,[8198],8198,591.3164,11,0,0,0,0,0,0,0,0,0,0,0,0,0,0,0,0,0,0,0,0,0,0,0,0,0,0,0,0,131000000,187000000,0,0,0,0,0,0,0,0,0,0,0,0,0,0,0,0,0,0,0,0,0,0,0,0,0,1061326.077,16,0,D,C32H46O10,possibly undescribed,none,[M+H]+,none,10,"1,2-en-3-one","5-ol-6,7-epoxy","9,13,14-orthoester",no C-12,no C-18,"2,4-olefinic",others,1,C12,C12*1,"acyl(1.87),decanoyl(1.54),butenoyl(2.00)",none,A1,B1,C1,none,none,none,none,,,,,,A1B1C1,OCC12OC1C1C3OC4OC3(C(=C)C)CC(C)C1(O4)C1C=C(C)C(=O)C1(O)C2O,PD00000001,C21H26O8,406.431,Top3,0.396,Low Confidence
631,378,[4666],4666,499.305,11,0,0,0,0,0,0,0,0,0,396279.3963,0,0,0,0,0,0,0,0,0,0,159482.9598,0,0,0,0,0,0,0,0,0,0,0,725690.5531,0,0,0,0,0,0,0,35500000,3685717.883,0,0,0,0,2025452.404,0,0,0,0,0,0,0,0,0,6,0,D,C30H42O6,possibly undescribed,none,[M+H]+,none,10,"1,2-en-3-one","5-ol-6,7-epoxy","9,13,14-orthoester",with C-12,no C-18,others,others,1,C10,C10*1,decenoyl(0.20),decenoyl,A1,B1,C2,none,R24,none,none,,,,,,A1B1C2,OCC12OC1C1C3OC4(C=CCCCCCCC)OC3(C(=C)C)C(O)C(C)C1(O4)C1C=C(C)C(=O)C1(O)C2O,PD00008068,C30H42O9,546.657,Top1,1,Low Confidence
632,379,[4697],4697,487.3057,11,0,0,0,0,0,0,0,0,0,454265.0103,0,0,0,0,0,260052.9752,0,0,0,0,0,0,0,0,0,0,0,0,0,0,0,0,7825451.95,0,0,0,0,0,0,0,0,0,0,0,0,0,0,0,0,0,0,0,0,0,0,0,6,0,D,C29H42O6,possibly undescribed,none,[M+H]+,none,9,"1,2-en-3-one","5-ol-6,7-epoxy","9,13,14-orthoester",with C-12,no C-18,others,others,1,C9,C9*1,"nonanoyl(0.49),nonanoyl(0.32)",nonanoyl,A1,B1,C2,none,R8,none,none,,,,,,A1B1C2,OCC12OC1C1C3OC4(CCCCCCCC)OC3(C(=C)C)C(O)C(C)C1(O4)C1C=C(C)C(=O)C1(O)C2O,PD00008052,C29H42O9,534.646,Top1,1,Low Confidence
633,553,"[162,556,11809]",556,637.3367,11,0,0,0,0,0,0,0,0,0,0,0,0,0,0,0,0,0,0,0,0,485535.8464,0,0,363168.8059,0,0,0,0,0,0,0,0,6876636.206,0,1193829.083,0,0,0,0,0,2889495.261,0,0,0,0,0,0,0,0,0,0,0,0,0,0,0,6,0,D,C37H48O9,possibly known,wikstroemia factor M1/M2,[M+H-H2O]+,"11809, 556",14,"1,2-en-3-ol","5-ol-6,7-epoxy","9,13,14-orthoester",no C-12,no C-18,others,others,1,C17,C17*1,"benzoyl(0.09),feruloyl(0.31),decadienoyl(1.60),4-oxo-2-decenoyl(1.60)",none,A3,B1,C1,none,none,none,none,,,,,,A3B1C1,OCC12OC1C1C3OC4OC3(C(=C)C)CC(C)C1(O4)C1C=C(C)C(O)C1(O)C2O,PD00000003,C21H28O8,408.447,Top2,0.398,Low Confidence
634,638,[5304],5304,609.2697,11,0,0,0,0,0,917668.3832,0,0,0,0,0,223793.7545,0,1451836.054,0,0,0,0,0,0,0,0,0,0,0,0,0,0,954949.2365,0,973038.6241,0,0,185118.6685,0,365907.6965,220383.9307,0,234189.6649,0,0,0,0,0,0,0,0,0,0,0,0,0,0,0,0,0,14,0,D,C34H40O10,possibly undescribed,(DA12)std_genkwanine H isomer,[M+H]+,none,15,"1,2-dihydro-3-ol","5-ol-6,7-epoxy","9,13,14-orthoester",no C-12,no C-18,"2,4-olefinic",others,2,C7,C7*2,benzoyl(0.30),"benzoyl,benzoyl",A4,B1,C1,none,R92,R92,none,,,,,,A4B1C1,OCC12OC1C1C3OC4(c6ccccc6)OC3(C(=C)C)CC(C)C1(O4)C1CC(C)C(OC(=O)c7ccccc7)C1(O)C2O,PD00022622,C34H38O9,590.669,Top1,1,Low Confidence
635,798,[10794],10794,748.4258,11,0,0,0,0,0,0,0,0,0,0,0,0,0,0,0,0,0,0,0,0,0,0,0,0,0,0,0,0,0,0,0,0,0,0,0,0,0,0,0,0,0,0,0,0,0,0,0,0,0,862827.834,4462870.222,0,0,0,0,0,0,14,MD,C40H61O12N1,possibly known,(DA47)std_edgeworthianin E,[M+NH4]+,none,11,1-alkyl-3-one,"5-ol-6,7-epoxy","9,13,14-orthoester",with C-12,no C-18,others,C14 ring with an olenfinic,2,"C2,C4",C2*1+C4*1,others,"acyl,isobutyryl",A6,B1,C2,M7,R1,R3,none,none,none,none,none,none,A6B1C2M7,,,,0,Top1,1,High Confidence
636,809,"[692,9896]",692,801.3843,11,0,0,0,0,0,0,0,0,0,0,1515890.113,0,0,0,0,7735004.947,0,0,0,0,0,0,0,0,0,0,9536761.631,0,8079632.823,942420.32,0,0,0,0,0,0,0,0,0,0,0,0,0,0,0,0,0,0,0,0,0,0,0,0,0,0,7,22,MD,C46H56O12,possibly undescribed,none,[M+H]+,"692, 9887, 9896",19,1-alkyl-3-ol,"5-ol-6,7-epoxy","9,13,14-orthoester",no C-12,no C-18,others,C9 ring with no substituent,5,"C2,C4,C7",C2*3+C7*1+C4*1,cinnamoyl(1.40),"acyl,acyl,acyl,benzoyl,isobutyryl",A8,B1,C1,M1,R1,R1,R1,R92,R3,none,none,none,A8B1C1M1,,,,0,Top1,1,Low Confidence
637,283,[10914],10914,603.3531,11.1,0,0,0,0,0,0,0,0,0,0,0,0,0,0,0,0,0,0,0,0,0,0,0,0,0,0,0,0,0,0,0,0,0,0,0,0,0,0,0,0,0,0,0,0,0,0,0,0,0,1963281.454,380728.8851,0,0,0,0,0,11,0,D,C34H50O9,possibly undescribed,(DA11)std_wikstroelide M isomer,[M+H]+,none,10,"1,2-en-3-one","5-ol-6,7-epoxy","9,13,14-orthoester",no C-12,no C-18,others,others,1,C14,C14*1,"nonadienoyl(0.02),4-oxo-2-nonenoyl(0.02)",none,A1,B1,C1,none,none,none,none,,,,,,A1B1C1,OCC12OC1C1C3OC4OC3(C(=C)C)CC(C)C1(O4)C1C=C(C)C(=O)C1(O)C2O,PD00000001,C21H26O8,406.431,Top1,1,Low Confidence
638,289,[11015],11015,633.3627,11.1,0,0,0,0,0,0,0,0,0,0,0,0,0,0,0,0,0,0,0,0,0,0,0,0,0,0,0,0,0,0,0,0,0,0,0,0,0,0,0,0,0,0,0,0,0,0,0,0,0,1601053.628,0,0,0,0,0,0,10,0,D,C35H52O10,possibly undescribed,none,[M+H]+,none,10,"1,2-en-3-one","5-ol-6,7-epoxy","9,13,14-orthoester",no C-12,no C-18,others,others,1,C15,C15*1,decatrienoyl(0.02),none,A1,B1,C1,none,none,none,none,,,,,,A1B1C1,OCC12OC1C1C3OC4OC3(C(=C)C)CC(C)C1(O4)C1C=C(C)C(=O)C1(O)C2O,PD00000001,C21H26O8,406.431,Top1,1,Low Confidence
639,404,[7226],7226,692.3642,11.1,0,0,0,0,0,0,0,0,0,0,0,0,0,0,0,0,0,0,0,0,0,0,0,0,0,0,0,368976.7904,1529602.091,1765945.156,0,0,0,0,0,0,1500581.717,0,0,0,0,0,0,0,0,0,0,0,0,0,0,0,0,0,0,0,7,0,D,C36H53O12N1,possibly undescribed,none,[M+NH4]+,none,11,"1,2-en-3-one","5-ol-6,7-epoxy","9,13,14-orthoester",with C-12,no C-18,others,others,2,"C7,C9",C9*1+C7*1,others,"benzoyl,benzoyl",A1,B1,C2,none,R92,R92,none,,,,,,A1B1C2,OCC12OC1C1C3OC4(c6ccccc6)OC3(C(=C)C)C(OC(=O)c7ccccc7)C(C)C1(O4)C1C=C(C)C(=O)C1(O)C2O,PD00129710,C34H34O10,602.636,Top1,1,Low Confidence
640,607,[737],737,609.306,11.1,27600000,1671012.302,0,0,1025194.341,0,2431791.349,7856348.331,2165376.607,0,13800000,17100000,0,0,0,0,0,0,0,0,0,0,0,0,0,0,3448722.928,0,0,0,0,0,160346.5466,0,0,0,0,0,0,0,18400000,0,0,0,0,0,750502.7628,0,0,0,0,0,0,0,0,0,14,0,D,C35H44O9,possibly undescribed,none,[M+H]+,none,14,"1,2-dihydro-3-ol","5-ol-6,7-epoxy","9,13,14-orthoester",no C-12,no C-18,"2,4-olefinic",others,1,C15,C15*1,benzoyl(0.30),none,A4,B1,C1,none,none,none,none,,,,,,A4B1C1,OCC12OC1C1C3OC4OC3(C(=C)C)CC(C)C1(O4)C1CC(C)C(O)C1(O)C2O,PD00000004,C21H30O8,410.463,Top1,1,Low Confidence
641,784,[5203],5203,1032.4372,11.1,0,0,0,0,0,0,0,0,0,0,0,4718192.752,0,0,0,0,0,0,0,0,0,0,0,0,0,0,0,0,0,0,0,0,0,0,0,0,0,0,0,0,0,0,0,0,0,0,0,0,0,0,0,0,0,0,0,0,0,14,MD,C58H65O16N1,possibly undescribed,none,[M+NH4]+,none,27,1-alkyl-3-one,"5-ol-6,7-epoxy","9,13,14-orthoester",no C-12,no C-18,others,C10 ring with two substituents and a hydroxyl group,7,"C2,C4,C7",C2*3+C7*2+C4*2,"benzoyl(0.09),benzoyl(0.20)","acyl,acyl,acyl,benzoyl,benzoyl,isobutyryl,isobutyryl",A6,B1,C1,M5,R1,R1,R1,R92,R92,R3,R3,none,A6B1C1M5,,,,0,Top2,0.949,Low Confidence
642,795,[10816],10816,731.4019,11.1,0,0,0,0,0,0,0,0,0,0,0,0,0,0,0,0,0,0,0,0,0,0,0,0,0,0,0,0,0,0,0,0,0,0,0,0,0,0,0,0,0,0,0,0,0,0,0,0,0,0,1446856.227,0,0,2392848.78,0,0,0,10,MD,C15H70O30,possibly known,(DA47)std_edgeworthianin E,[M+H]+,none,-19,1-alkyl-3-one,"5-ol-6,7-epoxy","9,13,14-orthoester",no C-12,no C-18,others,C14 ring with an olenfinic,0,others,,others,none,A6,B1,C1,M7,none,none,none,none,none,none,none,none,A6B1C1M7,OCC12OC1C1C3OC45CCCC=CCCCCC(CCC)C6C(C)C(=O)C(O)(C2O)C6C1(O4)C(C)CC3(C(=C)C)O5,PD01121477,C34H50O8,586.766,Top2,0.768,Low Confidence
643,801,[3534],3534,790.3801,11.1,0,0,0,0,0,0,0,0,0,0,0,0,31200000,0,0,0,0,0,0,0,0,0,0,0,0,0,0,0,0,0,0,0,0,0,0,0,0,157885.5558,0,0,0,0,0,0,0,0,0,0,0,0,0,0,0,0,0,0,0,12,MD,C44H55O12N1,possibly undescribed,none,[M+NH4]+,none,18,1-alkyl-2-ol-3-one,"5-ol-6,7-epoxy","9,13,14-orthoester",no C-12,no C-18,others,C9 ring with no substituent,3,C5,C5*3,"benzoyl(1.65),benzoyl(0.11)","2-methylbutyryl,2-methylbutyryl,2-methylbutyryl",A7,B1,C1,M1,R4,R4,R4,none,none,none,none,none,A7B1C1M1,,,,0,Top1,1,Low Confidence
644,107,[1949],1949,673.3005,11.2,20100000,72100000,0,5619528.608,0,0,10800000,0,0,0,26900000,0,0,8192782.709,1750084.807,0,0,2153639.027,77500000,0,6289033.854,2554203.111,0,0,0,0,0,0,0,0,0,0,0,0,0,0,0,0,0,0,0,0,0,0,0,0,0,0,0,0,0,0,0,0,0,0,14,0,D,C39H44O10,possibly undescribed,"(DA21)std_12-O-(E)-cinnamoyl-9,13,14-ortho-(2E,4E)-decadienylidyne-5・趣ｽｲ,12・趣ｽｲ-dihydroxyresiniferonol-6・趣ｽｱ,7・趣ｽｱ-oxide isomer",[M+H]+,none,18,"1,2-en-3-one","5-ol-6,7-epoxy","9,13,14-orthoester",no C-12,no C-18,others,others,2,"C9,C10",C9*1+C10*1,"cinnamoyl(0.04),decatrienoyl(7.70)","cinnamoyl,decatrienoyl",A1,B1,C1,none,R93,R48,none,,,,,,A1B1C1,c7ccccc7C=CC(=O)OCC12OC1C1C3OC4(C=CC=CC=CCCC)OC3(C(=C)C)CC(C)C1(O4)C1C=C(C)C(=O)C1(O)C2O,PD00268225,C39H44O9,656.772,Top3,0.954,Low Confidence
645,246,[8116],8116,615.3163,11.2,0,0,0,0,0,0,0,0,0,0,0,0,0,0,0,0,0,0,0,0,0,0,0,0,0,0,0,0,11000000,19900000,0,0,0,0,0,0,0,0,0,0,0,0,0,0,0,0,0,0,0,0,0,0,0,0,0,23100000,16,0,D,C34H46O10,possibly known,(DA13)std_wikstroelide H,[M+H]+,none,12,"1,2-en-3-one","5-ol-6,7-epoxy","9,13,14-orthoester",no C-12,no C-18,"2,4-olefinic",others,1,C14,C14*1,"acyl(0.14),dodecadienoyl(7.10)",none,A1,B1,C1,none,none,none,none,,,,,,A1B1C1,OCC12OC1C1C3OC4OC3(C(=C)C)CC(C)C1(O4)C1C=C(C)C(=O)C1(O)C2O,PD00000001,C21H26O8,406.431,Top3,0.913,Low Confidence
646,384,[4942],4942,473.2898,11.2,0,0,0,0,0,0,0,0,0,0,0,0,0,0,0,0,0,0,0,0,0,0,0,0,0,0,0,0,0,0,0,873369.5589,14200000,0,0,0,0,0,0,0,0,0,0,0,0,0,0,0,0,0,0,0,0,0,0,0,6,0,D,C28H40O6,possibly undescribed,none,[M+H]+,none,9,"1,2-en-3-one","5-ol-6,7-epoxy","9,13,14-orthoester",with C-12,no C-18,others,others,0,others,,octanoyl(0.44),none,A1,B1,C2,none,none,none,none,,,,,,A1B1C2,OCC12OC1C1C3OC4OC3(C(=C)C)CC(C)C1(O4)C1C=C(C)C(=O)C1(O)C2O,PD00000006,C21H26O8,406.431,Top1,1,Low Confidence
647,471,[3231],3231,427.2457,11.2,0,420563.1206,0,0,0,0,0,0,0,0,0,0,0,0,0,0,0,0,0,348184.2916,317077.4297,0,371053.5153,0,0,0,0,0,0,0,0,0,1117651.266,0,452857.4258,0,0,0,165079.2541,1407516.693,0,0,0,0,0,0,0,0,0,0,0,0,0,0,0,0,6,0,D,C8H42O18,possibly undescribed,none,[M+H]+,none,-12,"1,2-en-3-one","5-ol-6,7-ene","9,13,14-orthoester",no C-12,no C-18,others,others,1,C-12,C-12*1,hexanoyl(0.10),none,A1,B3,C1,none,none,none,none,,,,,,A1B3C1,OCC1=CC2C3OC4OC3(C(=C)C)CC(C)C2(O4)C2C=C(C)C(=O)C2(O)C1O,PD00000041,C21H26O7,390.432,Top1,1,Low Confidence
648,601,[574],574,655.3472,11.2,995302.4695,0,0,421626.4677,0,0,0,436282.5314,0,0,0,1441221.7,0,0,0,471667.4268,641501.4301,0,0,638147.2414,0,0,0,204920.627,2613702.038,0,3379810.852,0,0,0,0,0,1474944.612,0,0,0,0,3017699.74,0,0,7384374.992,680259.5297,0,0,0,0,2799036.844,0,0,0,0,0,0,0,0,0,13,0,D,C37H50O10,possibly known,"genkwanine F, yuanhuakine B, neogenkwanine C, neogenkwanine D, neogenkwanine E, neogenkwanine F, genkwanine B, kraussianin, linimacrin c, wikstroelide X",[M+H]+,none,13,"1,2-dihydro-3-ol","5-ol-6,7-epoxy","9,13,14-orthoester",no C-12,no C-18,others,others,1,C17,C17*1,"nonanoyl(0.03),decanoyl(0.04),decadienoyl(1.00),4-oxo-2-decenoyl(1.00)",none,A4,B1,C1,none,none,none,none,,,,,,A4B1C1,OCC12OC1C1C3OC4OC3(C(=C)C)CC(C)C1(O4)C1CC(C)C(O)C1(O)C2O,PD00000004,C21H30O8,410.463,Top1,1,Low Confidence
649,669,[11814],11814,569.3103,11.2,0,0,0,0,0,0,0,0,0,0,0,0,0,0,0,0,0,0,0,0,0,0,0,0,9605637.849,0,0,0,0,0,0,0,0,0,0,0,0,0,0,0,0,0,0,0,0,0,0,0,0,0,0,0,0,0,0,0,9,0,D,C33H44O8,possibly undescribed,none,[M+H]+,none,12,"1,2-dihydro-3-ol","5-ol-6,7-epoxy","9,13,14-orthoester",no C-12,no C-18,"2,4-olefinic",others,1,C13,C13*1,benzoyl(0.34),none,A4,B1,C1,none,none,none,none,,,,,,A4B1C1,OCC12OC1C1C3OC4OC3(C(=C)C)CC(C)C1(O4)C1CC(C)C(O)C1(O)C2O,PD00000004,C21H30O8,410.463,Top1,1,Low Confidence
650,727,"[79,157]",79,817.3795,11.2,0,0,0,0,0,0,0,0,0,0,0,613768.7254,0,0,0,0,0,0,0,0,0,0,0,7702782.099,0,0,9942707.084,0,0,0,0,0,0,0,836336.1283,0,0,0,0,0,0,0,0,0,0,0,0,0,0,0,0,0,0,0,0,0,16,17,MD,C46H56O13,possibly undescribed,none,[M+H]+,"157, 79",19,1-alkyl-3-one,"5-ol-6,7-epoxy","9,13,14-orthoester",no C-12,no C-18,others,C9 ring with no substituent,4,"C2,C4,C7",C2*1+C7*1+C4*2,"acyl(0.10),benzoyl(0.08),benzoyl(0.27)","acyl,benzoyl,isobutyryl,isobutyryl",A6,B1,C1,M1,R1,R92,R3,R3,none,none,none,none,A6B1C1M1,,,,0,Top2,0.938,Low Confidence
651,1,[3526],3526,804.3573,11.3,0,0,0,0,0,0,0,0,0,0,0,0,59700000,0,0,0,0,0,0,0,0,0,0,0,0,0,0,0,0,0,0,0,0,0,0,0,0,0,0,0,0,0,0,0,0,0,0,0,0,0,0,0,0,0,0,0,0,13,MD,C44H53O13N1,possibly undescribed,(DA53)std_daphnepedunin F isomer,[M+NH4]+,none,19,"3,4-seco","5-ol-6,7-epoxy","9,13,14-orthoester",no C-12,no C-18,others,C9 ring with no substituent,4,"C2,C4,C7",C2*2+C7*1+C4*1,"benzoyl(2.25),benzoyl(0.24)","acyl,acyl,benzoyl,isobutyryl",A10,B1,C1,M1,R1,R1,R92,R3,none,none,none,none,A10B1C1M1,,,,0,Top3,0.772,Low Confidence
652,51,[415],415,649.3003,11.3,1026397.882,26200000,10400000,118000000,1042093.86,0,84900000,1279889.002,2940049.857,0,46100000,90200000,0,4787558.382,0,0,30800000,28800000,236000000,0,518000000,0,0,587588.0551,158000000,0,3120753.105,0,0,0,0,0,0,0,0,0,0,0,0,0,0,0,0,0,0,0,0,0,0,788000.7387,6489833.344,0,0,0,1257564.443,0,16,0,D,C37H44O10,possibly undescribed,(DA18)std_yuanhuacine isomer,[M+H]+,none,16,"1,2-en-3-one","5-ol-6,7-epoxy","9,13,14-orthoester",no C-12,no C-18,"2,4-olefinic",others,2,"C7,C10",C10*1+C7*1,"benzoyl(0.73),nonanoyl(0.66),feruloyl(0.47),decadienoyl(25.00),8-methoxy-9-hydroxy-2-4-6-dodecatrienoyl(0.03)","benzoyl,decadienoyl",A1,B1,C1,none,R92,R37,none,,,,,,A1B1C1,c7ccccc7C(=O)OCC12OC1C1C3OC4(C=CC=CCCCCC)OC3(C(=C)C)CC(C)C1(O4)C1C=C(C)C(=O)C1(O)C2O,PD00267630,C37H44O9,632.75,Top2,0.893,Low Confidence
653,227,[6076],6076,545.3109,11.3,0,0,0,0,0,0,0,0,0,0,0,0,0,0,0,0,0,0,0,0,0,0,0,0,0,0,0,0,0,630055.9329,0,0,0,0,0,0,0,1444694.051,0,0,0,0,0,0,0,0,0,0,0,0,0,0,0,0,0,0,7,0,D,C31H44O8,possibly undescribed,none,[M+H]+,none,10,"1,2-en-3-one","5-ol-6,7-epoxy","9,13,14-orthoester",no C-12,no C-18,others,others,1,C11,C11*1,undecenoyl(0.04),undecenoyl,A1,B1,C1,none,R25,none,none,,,,,,A1B1C1,OCC12OC1C1C3OC4(C=CCCCCCCCC)OC3(C(=C)C)CC(C)C1(O4)C1C=C(C)C(=O)C1(O)C2O,PD00007589,C31H44O8,544.685,Top1,1,High Confidence
654,395,[5297],5297,455.2794,11.3,0,0,0,0,0,0,0,0,0,0,0,214984.7134,0,0,0,0,0,0,0,0,0,0,0,0,0,0,0,0,0,0,0,0,3260534.771,0,0,0,0,0,0,0,0,0,0,0,0,0,0,0,0,0,0,0,0,0,0,0,6,0,D,C28H38O5,possibly undescribed,none,[M+H]+,none,10,"1,2-en-3-one","5-ol-6,7-epoxy","9,13,14-orthoester",with C-12,no C-18,others,others,0,others,,octanoyl(0.12),none,A1,B1,C2,none,none,none,none,,,,,,A1B1C2,OCC12OC1C1C3OC4OC3(C(=C)C)CC(C)C1(O4)C1C=C(C)C(=O)C1(O)C2O,PD00000006,C21H26O8,406.431,Top1,1,Low Confidence
655,461,[11902],11902,629.332,11.3,0,0,0,0,0,0,0,0,0,0,0,0,0,0,0,0,0,0,0,0,0,0,0,0,1408768.604,0,0,0,0,0,0,0,0,0,0,0,0,0,0,0,0,0,0,0,0,0,0,0,0,0,0,0,0,0,0,0,6,0,D,C35H48O10,possibly known,yuanhuamine B,[M+H]+,none,12,"1,2-en-3-one","5-ol-6,7-epoxy","9,13,14-orthoester",with C-12,no C-18,"2,4-olefinic",others,3,"C2,C11",C2*2+C11*1,decadienoyl(0.75),acyl,A1,B1,C2,none,R1,none,none,,,,,,A1B1C2,OCC12OC1C1C3OC4(C)OC3(C(=C)C)C(O)C(C)C1(O4)C1C=C(C)C(=O)C1(O)C2O,PD00008045,C22H28O9,436.457,Top1,1,Low Confidence
656,616,[995],995,653.3318,11.3,48700000,2155984.476,0,26600000,2806178.317,2364336.737,13400000,27100000,4323416.155,0,3060822.934,10400000,261652.2081,9368626.129,0,0,7314888.309,0,0,0,4504682.181,454173.4776,0,0,46100000,0,0,0,0,0,0,0,0,0,452560.9323,0,0,0,0,0,12400000,3364882.729,0,0,0,0,4497134.053,0,0,0,0,0,0,0,521438.9189,0,14,0,D,C37H48O10,possibly undescribed,(DA19)std_daphneodorin H isomer,[M+H]+,none,14,"1,2-dihydro-3-ol","5-ol-6,7-epoxy","9,13,14-orthoester",no C-12,no C-18,"2,4-olefinic",others,1,C17,C17*1,"benzoyl(0.36),decatrienoyl(18.00)",none,A4,B1,C1,none,none,none,none,,,,,,A4B1C1,OCC12OC1C1C3OC4OC3(C(=C)C)CC(C)C1(O4)C1CC(C)C(O)C1(O)C2O,PD00000004,C21H30O8,410.463,Top1,1,Low Confidence
657,741,[3528],3528,773.3528,11.3,0,0,0,0,0,0,0,0,0,0,0,1408136.413,50400000,0,0,0,0,0,0,0,0,0,0,0,0,0,0,0,0,0,0,0,0,0,0,0,0,0,0,0,0,0,0,0,0,0,0,0,0,0,0,0,0,0,0,0,13,17,MD,C44H52O12,possibly undescribed,none,[M+H]+,none,19,1-alkyl-3-one,"5-ol-6,7-epoxy","9,13,14-orthoester",no C-12,no C-18,others,C9 ring with no substituent,5,"C2,C7",C2*4+C7*1,"acyl(0.13),benzoyl(0.80),benzoyl(0.33)","acyl,acyl,acyl,acyl,benzoyl",A6,B1,C1,M1,R1,R1,R1,R1,R92,none,none,none,A6B1C1M1,,,,0,Top1,1,Low Confidence
658,81,"[1126,2479]",1126,649.3008,11.4,408979.1523,0,0,0,0,0,0,3278532.502,0,0,0,0,0,0,4711159.825,0,0,0,0,0,0,20500000,0,0,0,0,0,0,0,0,0,0,0,0,367048.3574,0,0,0,0,0,0,0,0,0,0,0,0,0,0,0,0,0,0,0,0,0,14,0,D,C37H44O10,possibly undescribed,(DA18)std_yuanhuacine isomer,[M+H-H2O]+,"1126, 2479",16,"1,2-en-3-one","5-ol-6,7-epoxy","9,13,14-orthoester",no C-12,no C-18,"2,4-olefinic",others,2,"C7,C10",C10*1+C7*1,"benzoyl(0.20),feruloyl(0.13),decadienoyl(7.80)","benzoyl,decadienoyl",A1,B1,C1,none,R92,R37,none,,,,,,A1B1C1,c7ccccc7C(=O)OCC12OC1C1C3OC4(C=CC=CCCCCC)OC3(C(=C)C)CC(C)C1(O4)C1C=C(C)C(=O)C1(O)C2O,PD00267630,C37H44O9,632.75,Top2,0.915,Low Confidence
659,143,[2685],2685,601.3367,11.4,0,0,968781.5011,0,0,0,0,0,10700000,0,0,0,3819103.195,0,0,0,0,0,0,0,0,0,0,0,0,0,0,8721996.052,0,36800000,0,0,0,0,0,0,1064942.282,12200000,0,0,0,0,0,0,0,0,0,0,4976999.757,41100000,14500000,0,0,0,16000000,19800000,27,18,D,C34H48O9,possibly undescribed,none,[M+H]+,none,11,"1,2-en-3-one","5-ol-6,7-epoxy","9,13,14-orthoester",no C-12,no C-18,"2,4-olefinic",others,1,C14,C14*1,"acyl(0.03),decanoyl(0.02),decatrienoyl(0.10),tetradecadienoyl(0.14)",tetradecadienoyl,A1,B1,C1,none,R41,none,none,,,,,,A1B1C1,OCC12OC1C1C3OC4(C=CC=CCCCCCCCCC)OC3(C(=C)C)CC(C)C1(O4)C1C=C(C)C(=O)C1(O)C2O,PD00007605,C34H48O8,584.75,Top1,1,Low Confidence
660,342,[2130],2130,517.3158,11.4,1411545.112,0,0,774990.5303,0,0,0,0,0,0,0,0,200254.0958,0,0,0,0,0,0,0,0,0,0,0,0,0,0,0,0,0,0,0,0,0,0,0,0,0,0,0,57600000,4340284.167,0,0,0,0,9197879.503,0,0,0,0,0,0,0,0,0,12,0,D,C30H44O7,possibly undescribed,none,[M+H]+,"2130, 6295",9,"1,2-en-3-one","5-ol-6,7-epoxy","9,13,14-orthoester",with C-12,no C-18,others,others,1,C10,C10*1,"decanoyl(1.37),decanoyl(1.20)",decanoyl,A1,B1,C2,none,R9,none,none,,,,,,A1B1C2,OCC12OC1C1C3OC4(CCCCCCCCC)OC3(C(=C)C)C(O)C(C)C1(O4)C1C=C(C)C(=O)C1(O)C2O,PD00008053,C30H44O9,548.673,Top3,0.785,Low Confidence
661,482,[8810],8810,327.1585,11.4,0,0,0,0,0,0,0,0,0,0,0,0,0,0,0,0,0,0,0,0,0,0,0,0,0,0,0,0,0,0,0,0,0,0,0,0,0,0,0,0,4340400.634,0,0,0,0,0,608766.8343,0,0,0,0,0,0,0,0,0,8,0,D,C20H22O4,possibly undescribed,none,[M+H]+,none,10,"1,2-en-3-one","5-ol-6,7-ene","9,13,14-orthoester",no C-12,no C-18,others,others,1,C0,C0*1,decanoyl(0.01),none,A1,B3,C1,none,none,none,none,,,,,,A1B3C1,OCC1=CC2C3OC4OC3(C(=C)C)CC(C)C2(O4)C2C=C(C)C(=O)C2(O)C1O,PD00000041,C21H26O7,390.432,Top1,1,Low Confidence
662,85,[1195],1195,675.3152,11.5,5202166.387,0,0,2897321.823,0,0,1077491.37,2504702.766,0,0,1868850.563,425832.4794,0,494369.0762,0,0,0,1508454.743,4986484.726,5249127.14,0,0,0,0,0,0,0,0,0,0,0,0,0,0,0,0,0,0,0,0,586316.0568,0,0,0,0,0,0,0,0,0,0,0,0,0,0,0,12,0,D,C39H46O10,possibly known,"(DA22)std_12-O-(E)-cinnamoyl-9,13,14-ortho-(2E,4E,6E)-decatrienylidyne-5・趣ｽｲ,12・趣ｽｲ-dihydroxyresiniferonol-6・趣ｽｱ,7・趣ｽｱ-oxide",[M+H]+,none,17,"1,2-en-3-one","5-ol-6,7-epoxy","9,13,14-orthoester",no C-12,no C-18,"2,4-olefinic",others,2,"C9,C10",C9*1+C10*1,"cinnamoyl(0.03),decadienoyl(1.50),8-methoxy-9-hydroxy-2-4-6-dodecatrienoyl(0.02)","cinnamoyl,decadienoyl",A1,B1,C1,none,R93,R37,none,,,,,,A1B1C1,c7ccccc7C=CC(=O)OCC12OC1C1C3OC4(C=CC=CCCCCC)OC3(C(=C)C)CC(C)C1(O4)C1C=C(C)C(=O)C1(O)C2O,PD00267631,C39H46O9,658.788,Top2,0.912,Low Confidence
663,25,[8663],8663,762.4047,11.6,0,0,0,0,0,0,0,0,0,0,0,0,0,0,0,0,0,0,0,0,0,0,0,0,0,0,0,0,0,0,0,0,0,0,0,0,0,0,0,0,0,0,0,0,0,0,0,0,0,0,0,3753643.758,0,13300000,0,0,8,12,MD,C40H59O13N1,possibly known,(DA48)std_edgeworthianin B,[M+NH4]+,none,12,bicyclo [2.2.1] heptane ring,"5-ol-6,7-epoxy","9,13,14-orthoester",with C-12,no C-18,others,C9 ring with no substituent,4,"C2,C5",C2*3+C5*1,acyl(0.19),"acyl,acyl,acyl,2-methylbutyryl",A11,B1,C2,M1,R1,R1,R1,R4,none,none,none,none,A11B1C2M1,,,,0,Top2,0.806,Low Confidence
664,26,"[8651,8679]",8651,745.3766,11.6,0,0,0,0,0,0,0,0,0,0,0,0,0,0,0,0,0,0,0,0,0,0,0,0,0,0,0,0,0,0,0,0,0,0,0,0,0,0,0,0,0,0,0,0,0,0,0,0,0,0,6046904.933,7615518.871,0,26300000,0,0,12,21,MD,C22H64O26,possibly known,(DA48)std_edgeworthianin B,[M+H]+,"8651, 8679",-9,bicyclo [2.2.1] heptane ring,"5-ol-6,7-epoxy","9,13,14-orthoester",with C-12,no C-18,others,C10 ring with no substituent,0,others,,acyl(0.14),none,A11,B1,C2,M2,none,none,none,none,none,none,none,none,A11B1C2M2,OCC12OC1C1C3OC45CCCCCCCC(C)C6C(C7(OC6(C)OC7=O)C2O)C1(O4)C(C)C(O)C3(C(=C)C)O5,PD01122543,C30H42O10,562.656,Top2,0.831,Low Confidence
665,42,[94],94,533.311,11.6,0,4593010.794,1789809.077,8652590.911,0,0,0,0,565355.096,9050248.285,63500000,58800000,1150000000,2351239.461,0,19400000,8308489.898,0,0,0,0,0,0,8466141.343,0,0,21500000,92700000,537000000,1480000000,2531746.995,6698512.958,24900000,1517641.615,54900000,2580504.696,61600000,932000000,0,508729.1271,0,0,2514798.257,3043445.78,1586400.679,0,0,0,1674118.938,823402.4212,0,0,0,0,3282172.279,44000000,18,0,D,C30H44O8,possibly known,(DA04)std_simplexin,[M+H]+,none,9,"1,2-en-3-one","5-ol-6,7-epoxy","9,13,14-orthoester",no C-12,no C-18,"2,4-olefinic",others,1,C10,C10*1,decanoyl(2.00),decanoyl,A1,B1,C1,none,R9,none,none,,,,,,A1B1C1,OCC12OC1C1C3OC4(CCCCCCCCC)OC3(C(=C)C)CC(C)C1(O4)C1C=C(C)C(=O)C1(O)C2O,PD00007573,C30H44O8,532.674,Top1,1,High Confidence
666,165,"[3538,3540]",3538,617.3307,11.6,0,0,0,0,0,0,0,0,0,0,0,0,31100000,0,0,0,0,0,0,0,0,0,0,0,0,0,0,7059183.07,0,457169.8066,0,0,0,0,0,0,11600000,3544700.217,0,0,0,0,0,0,0,0,0,0,0,0,0,0,0,0,0,0,21,0,D,C34H48O10,possibly undescribed,none,[M+H]+,"3538, 3540",11,"1,2-en-3-one","5-ol-6,7-epoxy","9,13,14-orthoester",no C-12,no C-18,others,others,1,C14,C14*1,8-9-epoxy-2-4-6-undecatrienoyl(0.07),none,A1,B1,C1,none,none,none,none,,,,,,A1B1C1,OCC12OC1C1C3OC4OC3(C(=C)C)CC(C)C1(O4)C1C=C(C)C(=O)C1(O)C2O,PD00000001,C21H26O8,406.431,Top1,1,Low Confidence
667,552,[372],372,635.3209,11.6,0,263278.0197,0,4836797.092,0,795084.8449,279096.9715,7483005.01,267526.1159,0,12100000,42400000,0,0,0,0,327567.6818,0,2518517.589,591763.3202,0,0,0,1341822.181,0,0,3977938.402,0,0,0,0,0,665299.7991,0,1030824.672,0,0,0,0,0,6016824.745,894382.1105,0,0,0,0,696907.9373,0,305133.6774,0,0,0,0,0,782879.2214,0,17,0,D,C37H46O9,possibly known,acutilonine F,[M+H]+,none,15,"1,2-en-3-ol","5-ol-6,7-epoxy","9,13,14-orthoester",no C-12,no C-18,others,others,2,"C7,C10",C10*1+C7*1,"benzoyl(0.07),decatrienoyl(0.65)","benzoyl,decatrienoyl",A3,B1,C1,none,R92,R48,none,,,,,,A3B1C1,OCC12OC1C1C3OC4(C=CC=CC=CCCC)OC3(C(=C)C)CC(C)C1(O4)C1C=C(C)C(OC(=O)c7ccccc7)C1(O)C2O,PD00016800,C37H44O9,632.75,Top2,0.517,Low Confidence
668,565,[2284],2284,633.3051,11.6,216220.9994,0,0,0,0,0,0,0,0,0,0,473053.8048,0,0,0,0,2330043.256,0,0,0,0,0,0,0,0,0,0,0,0,0,0,0,0,0,0,0,0,0,0,0,0,0,0,0,0,0,0,0,0,0,0,0,0,0,0,0,14,0,D,C37H44O9,possibly undescribed,none,[M+H]+,none,16,"1,2-en-3-ol","5-ol-6,7-epoxy","9,13,14-orthoester",no C-12,no C-18,others,others,2,"C7,C10",C10*1+C7*1,benzoyl(0.16),"benzoyl,benzoyl",A3,B1,C1,none,R92,R92,none,,,,,,A3B1C1,OCC12OC1C1C3OC4(c6ccccc6)OC3(C(=C)C)CC(C)C1(O4)C1C=C(C)C(OC(=O)c7ccccc7)C1(O)C2O,PD00017966,C34H36O9,588.653,Top1,1,Low Confidence
669,671,[11820],11820,587.321,11.6,0,0,0,0,0,0,0,0,0,0,0,0,0,0,0,0,0,0,0,0,0,0,0,0,8935395.319,0,0,0,0,0,0,0,0,0,0,0,0,0,0,0,0,0,0,0,0,0,0,0,0,0,0,0,0,0,0,0,12,0,D,C33H46O9,possibly undescribed,none,[M+H]+,none,11,"1,2-dihydro-3-ol","5-ol-6,7-epoxy","9,13,14-orthoester",no C-12,no C-18,others,others,1,C13,C13*1,benzoyl(0.02),none,A4,B1,C1,none,none,none,none,,,,,,A4B1C1,OCC12OC1C1C3OC4OC3(C(=C)C)CC(C)C1(O4)C1CC(C)C(O)C1(O)C2O,PD00000004,C21H30O8,410.463,Top1,1,Low Confidence
670,748,[4305],4305,482.3269,11.6,0,0,0,0,0,0,0,0,1198634.374,0,0,0,0,0,0,0,0,0,0,0,0,0,0,0,0,0,0,0,0,0,0,0,0,0,0,0,0,0,0,0,0,0,0,0,0,0,0,0,1748408.034,0,0,0,0,0,0,0,0,6,MD,C30H43O4N1,possibly undescribed,none,[M+NH4]+,none,10,1-alkyl-3-one,"5-ol-6,7-epoxy","9,13,14-orthoester",no C-12,no C-18,others,C9 ring with no substituent,0,others,,others,none,A6,B1,C1,M1,none,none,none,none,none,none,none,none,A6B1C1M1,OCC12OC1C1C3OC45CCCCCCCCC6C(C)C(=O)C(O)(C2O)C6C1(O4)C(C)CC3(C(=C)C)O5,PD01121453,C29H42O8,518.647,Top1,1,Low Confidence
671,167,[3566],3566,557.3109,11.7,0,0,0,0,0,0,0,0,0,0,4264473.736,0,14900000,0,0,0,0,0,0,0,0,0,0,0,0,0,0,3796508.498,0,10300000,0,1785500.065,0,0,1118311.696,0,0,14700000,0,0,0,0,0,0,0,0,0,0,0,0,0,0,0,0,0,8627490.834,10,0,D,C32H44O8,possibly known,wikstrotoxin B,[M+H]+,none,11,"1,2-en-3-one","5-ol-6,7-epoxy","9,13,14-orthoester",no C-12,no C-18,others,others,1,C12,C12*1,"feruloyl(0.02),dodecadienoyl(2.10),4-oxo-2-dodecenoyl(2.10)",dodecadienoyl,A1,B1,C1,none,R39,none,none,,,,,,A1B1C1,OCC12OC1C1C3OC4(C=CC=CCCCCCCC)OC3(C(=C)C)CC(C)C1(O4)C1C=C(C)C(=O)C1(O)C2O,PD00007603,C32H44O8,556.696,Top1,1,High Confidence
672,170,[3589],3589,648.3735,11.7,0,0,0,0,0,0,0,0,0,0,0,0,15800000,0,0,0,0,0,0,0,0,0,0,0,0,0,0,3639319.385,0,0,0,0,0,0,0,0,13200000,3366138.278,0,0,0,0,0,0,0,0,0,0,0,0,0,0,0,0,0,0,20,0,D,C35H53O10N1,possibly undescribed,none,[M+NH4]+,none,10,"1,2-en-3-one","5-ol-6,7-epoxy","9,13,14-orthoester",no C-12,no C-18,others,others,1,C15,C15*1,8-9-epoxy-2-4-6-undecatrienoyl(0.05),none,A1,B1,C1,none,none,none,none,,,,,,A1B1C1,OCC12OC1C1C3OC4OC3(C(=C)C)CC(C)C1(O4)C1C=C(C)C(=O)C1(O)C2O,PD00000001,C21H26O8,406.431,Top1,1,Low Confidence
673,233,[6171],6171,601.3369,11.7,0,0,0,0,0,0,0,0,0,0,0,0,0,0,0,0,0,0,0,0,0,0,0,0,0,0,0,6091109.272,17300000,0,0,0,0,0,0,0,0,482123.0268,0,0,0,0,0,0,0,0,0,0,0,0,0,0,0,0,0,0,28,0,D,C34H48O9,possibly undescribed,none,[M+H]+,none,11,"1,2-en-3-one","5-ol-6,7-epoxy","9,13,14-orthoester",no C-12,no C-18,"2,4-olefinic",others,1,C14,C14*1,"hexadienoyl(0.22),tetradecadienoyl(2.00)",tetradecadienoyl,A1,B1,C1,none,R41,none,none,,,,,,A1B1C1,OCC12OC1C1C3OC4(C=CC=CCCCCCCCCC)OC3(C(=C)C)CC(C)C1(O4)C1C=C(C)C(=O)C1(O)C2O,PD00007605,C34H48O8,584.75,Top4,0.755,Low Confidence
674,399,[6070],6070,641.3318,11.7,0,0,0,0,0,0,0,0,0,0,0,0,0,0,0,0,0,0,0,0,0,0,0,0,0,0,0,0,341437.2981,11900000,0,0,0,0,0,0,2105711.486,1469485.281,0,0,0,0,0,0,0,0,0,0,0,0,0,0,0,0,0,10400000,14,0,D,C36H48O10,possibly undescribed,none,[M+H]+,none,13,"1,2-en-3-one","5-ol-6,7-epoxy","9,13,14-orthoester",with C-12,no C-18,"2,4-olefinic",others,2,"C7,C9",C9*1+C7*1,"acyl(0.11),nonatrienoyl(0.27),tetradecatrienoyl(2.30)","acyl,tetradecatrienoyl",A1,B1,C2,none,R1,R52,none,,,,,,A1B1C2,OCC12OC1C1C3OC4(C)OC3(C(=C)C)C(OC(=O)C=CC=CC=CCCCCCCC)C(C)C1(O4)C1C=C(C)C(=O)C1(O)C2O,PD00125120,C36H48O10,640.77,Top1,1,High Confidence
675,563,[1618],1618,633.3059,11.7,10100000,0,0,15000000,0,0,0,517600.4955,2743246.021,0,0,36100000,0,0,0,0,0,0,0,0,0,0,0,0,0,0,0,0,0,0,0,0,0,0,0,0,0,0,0,0,521266.1522,0,0,0,0,0,0,0,0,0,0,0,0,0,0,0,16,0,D,C37H44O9,possibly undescribed,none,[M+H]+,none,16,"1,2-en-3-ol","5-ol-6,7-epoxy","9,13,14-orthoester",no C-12,no C-18,others,others,2,"C7,C10",C10*1+C7*1,"benzoyl(0.38),feruloyl(0.20),benzoyl(1.70)","feruloyl,benzoyl",A3,B1,C1,none,R95,R92,none,,,,,,A3B1C1,OCC12OC1C1C3OC4(c6ccccc6)OC3(C(=C)C)CC(C)C1(O4)C1C=C(C)C(OC(=O)C=Cc7c(OC)c(O)ccc7)C1(O)C2O,PD00017969,C37H40O11,660.716,Top1,1,Low Confidence
676,176,[3646],3646,551.3218,11.8,0,0,0,0,0,0,0,0,0,0,0,0,4831413.881,0,0,0,0,0,0,0,0,0,0,0,0,0,0,0,610743.2356,3306800.319,0,0,0,0,0,0,0,4592304.585,0,0,0,0,0,0,0,0,0,0,0,0,0,0,0,0,0,2126630.354,18,0,D,C30H46O9,possibly known,yuanhuakine C,[M+H]+,none,8,"1,2-en-3-one","5-ol-6,7-epoxy","9,13,14-orthoester",no C-12,no C-18,others,others,1,C10,C10*1,"cinnamoyl(0.06),decanoyl(0.07),8-9-epoxy-2-4-6-undecatrienoyl(0.08)",decanoyl,A1,B1,C1,none,R9,none,none,,,,,,A1B1C1,OCC12OC1C1C3OC4(CCCCCCCCC)OC3(C(=C)C)CC(C)C1(O4)C1C=C(C)C(=O)C1(O)C2O,PD00007573,C30H44O8,532.674,Top4,0.865,Low Confidence
677,631,[2517],2517,653.3309,11.8,0,0,0,0,0,0,493300.2909,0,0,0,370550.049,796497.6216,0,0,0,0,275202.9552,0,0,0,629813.2203,0,0,0,10200000,0,0,0,0,0,0,0,0,0,0,0,0,0,0,0,1176206.3,0,0,0,0,0,399642.4228,0,0,0,0,0,0,0,0,0,9,0,D,C37H48O10,possibly undescribed,(DA19)std_daphneodorin H isomer,[M+H]+,none,14,"1,2-dihydro-3-ol","5-ol-6,7-epoxy","9,13,14-orthoester",no C-12,no C-18,"2,4-olefinic",others,1,C17,C17*1,"benzoyl(0.04),decatrienoyl(2.20)",none,A4,B1,C1,none,none,none,none,,,,,,A4B1C1,OCC12OC1C1C3OC4OC3(C(=C)C)CC(C)C1(O4)C1CC(C)C(O)C1(O)C2O,PD00000004,C21H30O8,410.463,Top1,1,Low Confidence
678,679,[11882],11882,709.3941,11.8,0,0,0,0,0,0,0,0,0,0,0,0,0,0,0,0,0,0,0,0,0,0,0,0,4394426.807,0,0,0,0,0,0,0,0,0,0,0,0,0,0,0,0,0,0,0,0,0,0,0,0,0,0,0,0,0,0,0,9,0,D,C41H56O10,possibly undescribed,none,[M+H]+,none,14,"1,2-dihydro-3-ol","5-ol-6,7-epoxy","9,13,14-orthoester",no C-12,no C-18,"2,4-olefinic",others,1,C21,C21*1,"octadienoyl(0.08),8-methoxy-9-hydroxy-2-4-6-dodecatrienoyl(0.04)",none,A4,B1,C1,none,none,none,none,,,,,,A4B1C1,OCC12OC1C1C3OC4OC3(C(=C)C)CC(C)C1(O4)C1CC(C)C(O)C1(O)C2O,PD00000004,C21H30O8,410.463,Top1,1,Low Confidence
679,195,[4138],4138,551.3702,11.9,0,0,0,0,0,0,0,0,0,0,0,0,531562.409,0,0,0,0,0,0,0,0,0,0,0,0,0,0,0,0,0,0,0,0,0,0,0,0,0,0,0,0,0,0,0,0,0,0,0,0,0,0,0,0,0,0,0,18,0,D,C17H58O18,possibly undescribed,none,[M+H]+,none,-11,"1,2-en-3-one","5-ol-6,7-epoxy","9,13,14-orthoester",no C-12,no C-18,others,others,1,C-3,C-3*1,"cinnamoyl(0.06),decanoyl(0.07),8-9-epoxy-2-4-6-undecatrienoyl(0.08)",none,A1,B1,C1,none,none,none,none,,,,,,A1B1C1,OCC12OC1C1C3OC4OC3(C(=C)C)CC(C)C1(O4)C1C=C(C)C(=O)C1(O)C2O,PD00000001,C21H26O8,406.431,Top4,0.865,Low Confidence
680,331,"[1823,10324]",1823,675.3162,11.9,84600000,6597012.128,0,14700000,464871.5237,1965301.45,12200000,185066.5273,0,0,66700000,0,0,6915169.941,2673033.126,0,0,24800000,190000000,0,24700000,9936938.919,0,0,1079434.921,0,0,0,0,0,0,0,0,0,0,0,0,0,0,0,0,0,0,0,0,0,0,0,0,0,4639293.426,0,0,0,0,0,15,0,D,C39H46O10,possibly undescribed,"(DA22)std_12-O-(E)-cinnamoyl-9,13,14-ortho-(2E,4E,6E)-decatrienylidyne-5・趣ｽｲ,12・趣ｽｲ-dihydroxyresiniferonol-6・趣ｽｱ,7・趣ｽｱ-oxide isomer",[M+H-H2O]+,"10324, 1823",17,"1,2-en-3-one","5-ol-6,7-epoxy","9,13,14-orthoester",with C-12,no C-18,"2,4-olefinic",others,2,"C9,C10",C9*1+C10*1,"cinnamoyl(0.63),decadienoyl(18.00)","cinnamoyl,decadienoyl",A1,B1,C2,none,R93,R37,none,,,,,,A1B1C2,OCC12OC1C1C3OC4(C=CC=CCCCCC)OC3(C(=C)C)C(OC(=O)C=Cc7ccccc7)C(C)C1(O4)C1C=C(C)C(=O)C1(O)C2O,PD00127951,C39H46O10,674.787,Top1,1,High Confidence
681,381,[4710],4710,501.3204,11.9,0,0,0,0,0,0,0,0,0,676764.4442,0,0,0,0,0,596988.8999,0,0,0,0,0,0,0,0,0,0,0,0,0,0,0,6810022.967,317074.1962,0,0,0,0,0,0,0,109000000,14500000,0,0,0,0,0,0,0,0,0,0,0,0,0,10200000,6,0,D,C30H44O6,possibly undescribed,none,[M+H]+,none,9,"1,2-en-3-one","5-ol-6,7-epoxy","9,13,14-orthoester",with C-12,no C-18,others,others,1,C10,C10*1,"decanoyl(0.57),decanoyl(0.39)",decanoyl,A1,B1,C2,none,R9,none,none,,,,,,A1B1C2,OCC12OC1C1C3OC4(CCCCCCCCC)OC3(C(=C)C)C(O)C(C)C1(O4)C1C=C(C)C(=O)C1(O)C2O,PD00008053,C30H44O9,548.673,Top1,1,Low Confidence
682,414,[8266],8266,641.3325,11.9,0,0,0,0,0,0,0,0,0,0,0,0,0,0,0,0,0,0,0,0,0,0,0,0,0,0,0,0,9222462.758,564753.4568,0,0,0,0,0,0,0,0,0,0,0,0,0,0,144916.9734,0,0,0,0,0,0,0,0,0,0,374235.1401,13,0,D,C36H48O10,possibly undescribed,none,[M+H]+,none,13,"1,2-en-3-one","5-ol-6,7-epoxy","9,13,14-orthoester",with C-12,no C-18,"2,4-olefinic",others,2,"C7,C9",C9*1+C7*1,"acyl(0.03),undecanoyl(0.04),nonatrienoyl(0.10),tetradecatrienoyl(0.98)","acyl,tetradecatrienoyl",A1,B1,C2,none,R1,R52,none,,,,,,A1B1C2,OCC12OC1C1C3OC4(C)OC3(C(=C)C)C(OC(=O)C=CC=CC=CCCCCCCC)C(C)C1(O4)C1C=C(C)C(=O)C1(O)C2O,PD00125120,C36H48O10,640.77,Top1,1,High Confidence
683,597,[230],230,635.321,11.9,0,0,926235.8363,0,0,0,0,612141.1787,0,0,0,0,0,1983171.468,0,0,0,0,4082875.792,0,0,550234.3216,0,2514604.636,0,0,44400000,0,0,0,0,0,7442957.802,0,2522244.486,0,0,0,0,0,0,2105645.322,0,0,0,0,7300459.645,0,0,0,0,0,0,0,0,0,12,0,D,C37H46O9,possibly known,acutilonine F,[M+H]+,none,15,"1,2-dihydro-3-ol","5-ol-6,7-epoxy","9,13,14-orthoester",no C-12,no C-18,others,others,2,"C7,C10",C10*1+C7*1,"benzoyl(0.26),decatrienoyl(9.40)","benzoyl,decatrienoyl",A4,B1,C1,none,R92,R48,none,,,,,,A4B1C1,OCC12OC1C1C3OC4(C=CC=CC=CCCC)OC3(C(=C)C)CC(C)C1(O4)C1CC(C)C(OC(=O)c7ccccc7)C1(O)C2O,PD00021456,C37H46O9,634.766,Top1,1,High Confidence
684,705,[128],128,655.3469,11.9,15300000,0,0,1816881.756,0,0,8674437.657,561473.5009,0,0,324806.0234,6916150.57,508670.7463,0,0,213020.6652,8975065.81,0,0,0,226533.1684,0,0,4574339.52,210000000,0,27300000,0,0,221371.0585,0,279974.3915,0,0,7218157.915,0,0,0,0,0,57700000,17400000,0,0,4432109.125,0,42700000,0,0,0,0,0,0,0,0,0,20,0,D,C37H50O10,possibly known,"genkwanine F, yuanhuakine B, neogenkwanine C, neogenkwanine D, neogenkwanine E, neogenkwanine F, genkwanine B, kraussianin, linimacrin c, wikstroelide X",[M+H]+,none,13,"1,2-dihydro-3-ol","5-ol-6,7-diol","9,13,14-orthoester",no C-12,no C-18,"2,4-olefinic",others,1,C17,C17*1,"benzoyl(0.30),nonanoyl(0.04),decadienoyl(4.70),8-methoxy-9-hydroxy-2-4-6-dodecatrienoyl(0.18)",none,A4,B2,C1,none,none,none,none,,,,,,A4B2C1,OCC1(O)C(O)C2C3OC4OC3(C(=C)C)CC(C)C2(O4)C2CC(C)C(O)C2(O)C1O,PD00000084,C21H32O9,428.478,Top1,1,Low Confidence
685,207,[4680],4680,483.31,12,0,0,0,0,0,0,0,0,0,2748450.853,0,0,0,0,0,0,0,0,0,0,0,0,0,0,0,0,0,0,0,0,0,820642.4586,2976385.653,0,0,0,0,0,0,0,17200000,2667067.871,0,0,0,0,587785.5914,0,0,0,0,0,0,0,0,1114010.113,6,0,D,C30H42O5,possibly undescribed,none,[M+H]+,none,10,"1,2-en-3-one","5-ol-6,7-epoxy","9,13,14-orthoester",no C-12,no C-18,others,others,1,C10,C10*1,"decanoyl(1.33),decanoyl(0.29)",decanoyl,A1,B1,C1,none,R9,none,none,,,,,,A1B1C1,OCC12OC1C1C3OC4(CCCCCCCCC)OC3(C(=C)C)CC(C)C1(O4)C1C=C(C)C(=O)C1(O)C2O,PD00007573,C30H44O8,532.674,Top2,0.764,Low Confidence
686,229,[6101],6101,559.3262,12,0,0,0,0,0,0,0,0,0,0,0,0,0,0,0,0,0,0,0,0,0,0,0,0,0,0,0,0,0,640192.6732,0,0,0,0,0,0,0,958340.1179,0,0,0,0,0,0,0,0,0,0,0,0,0,0,0,0,0,824755.9469,9,0,D,C32H46O8,possibly undescribed,none,[M+H]+,none,10,"1,2-en-3-one","5-ol-6,7-epoxy","9,13,14-orthoester",no C-12,no C-18,others,others,1,C12,C12*1,others,none,A1,B1,C1,none,none,none,none,,,,,,A1B1C1,OCC12OC1C1C3OC4OC3(C(=C)C)CC(C)C1(O4)C1C=C(C)C(=O)C1(O)C2O,PD00000001,C21H26O8,406.431,Top1,1,Low Confidence
687,468,[4869],4869,311.1638,12,0,0,0,0,0,897855.8753,0,0,0,158625.2418,0,0,0,0,0,0,0,0,0,0,0,0,0,0,0,0,0,0,0,2887746.291,0,3845907.121,13200000,0,0,0,0,0,0,0,52000000,6390795.895,0,0,0,0,1550135.513,0,0,0,0,0,0,0,0,3462117.947,13,0,D,C20H22O3,possibly undescribed,none,[M+H]+,none,10,"1,2-en-3-one","5-ol-6,7-diol","9,13,14-orthoester",no C-12,no C-18,others,others,1,C0,C0*1,"octenoyl(0.27),octadecatrienoyl(0.62)",none,A1,B2,C1,none,none,none,none,,,,,,A1B2C1,OCC1(O)C(O)C2C3OC4OC3(C(=C)C)CC(C)C2(O4)C2C=C(C)C(=O)C2(O)C1O,PD00000081,C21H28O9,424.446,Top1,1,Low Confidence
688,618,[1139],1139,653.3318,12,7211070.719,0,0,3193215.128,685807.7477,0,2565407.285,3437701.862,199984.3396,0,666862.819,1796306.928,0,957165.2146,0,0,0,0,0,0,1424655.353,0,0,0,0,0,0,0,0,0,0,0,0,0,0,0,0,0,0,0,1170693.51,335191.1848,0,0,0,0,0,0,0,0,0,0,0,0,0,0,10,0,D,C37H48O10,possibly undescribed,(DA19)std_daphneodorin H isomer,[M+H]+,none,14,"1,2-dihydro-3-ol","5-ol-6,7-epoxy","9,13,14-orthoester",no C-12,no C-18,others,others,1,C17,C17*1,"benzoyl(0.03),decatrienoyl(1.90)",none,A4,B1,C1,none,none,none,none,,,,,,A4B1C1,OCC12OC1C1C3OC4OC3(C(=C)C)CC(C)C1(O4)C1CC(C)C(O)C1(O)C2O,PD00000004,C21H30O8,410.463,Top1,1,Low Confidence
689,660,[11589],11589,429.299,12,0,0,0,0,0,0,0,0,0,0,0,0,0,0,0,0,0,0,0,0,0,0,0,0,0,0,0,0,0,0,0,0,0,0,0,0,0,0,0,0,0,0,0,0,0,0,6014380.417,0,0,0,0,0,0,0,0,0,7,0,D,C27H40O4,possibly undescribed,none,[M+H]+,none,8,"1,2-dihydro-3-ol","5-ol-6,7-epoxy","9,13,14-orthoester",no C-12,no C-18,others,others,1,C7,C7*1,"benzoyl(0.19),decanoyl(0.15),coumaroyl(0.53),tetradecatrienoyl(0.02)",benzoyl,A4,B1,C1,none,R92,none,none,,,,,,A4B1C1,OCC12OC1C1C3OC4(c6ccccc6)OC3(C(=C)C)CC(C)C1(O4)C1CC(C)C(O)C1(O)C2O,PD00007944,C27H34O8,486.561,Top1,1,Low Confidence
690,212,[4909],4909,501.3206,12.1,0,0,0,0,0,1010240.932,0,0,0,0,0,0,0,0,0,0,0,0,0,0,0,0,0,0,0,0,0,0,0,0,0,1503818.595,18300000,0,0,0,0,0,0,0,0,0,0,0,0,0,5281943.438,0,0,0,0,0,0,0,0,0,6,0,D,C30H44O6,possibly undescribed,none,[M+H]+,none,9,"1,2-en-3-one","5-ol-6,7-epoxy","9,13,14-orthoester",no C-12,no C-18,others,others,1,C10,C10*1,"decanoyl(1.28),decanoyl(0.82)",decanoyl,A1,B1,C1,none,R9,none,none,,,,,,A1B1C1,OCC12OC1C1C3OC4(CCCCCCCCC)OC3(C(=C)C)CC(C)C1(O4)C1C=C(C)C(=O)C1(O)C2O,PD00007573,C30H44O8,532.674,Top2,0.868,Low Confidence
691,222,[6021],6021,583.3267,12.1,0,0,0,0,0,0,0,0,0,0,0,0,0,0,0,0,0,0,0,0,0,0,0,0,0,0,0,0,3390689.221,18300000,0,0,0,0,0,0,0,5980472.298,0,0,0,0,0,0,0,0,0,0,0,0,0,0,0,0,0,5584324.537,15,0,D,C34H46O8,possibly undescribed,none,[M+H]+,none,12,"1,2-en-3-one","5-ol-6,7-epoxy","9,13,14-orthoester",no C-12,no C-18,"2,4-olefinic",others,1,C14,C14*1,"hexenoyl(0.08),tetradecatrienoyl(1.10)",tetradecatrienoyl,A1,B1,C1,none,R52,none,none,,,,,,A1B1C1,OCC12OC1C1C3OC4(C=CC=CC=CCCCCCCC)OC3(C(=C)C)CC(C)C1(O4)C1C=C(C)C(=O)C1(O)C2O,PD00007616,C34H46O8,582.734,Top1,1,High Confidence
692,706,[470],470,635.321,12.1,806000000,58700000,2801147.366,250000000,44700000,27800000,48400000,280000000,69400000,0,301000000,620000000,0,22700000,0,0,17200000,0,0,0,32200000,1910802.016,0,1081061.762,7626111.88,0,0,0,0,0,0,0,3678499.972,0,4090556.393,0,0,0,0,0,83700000,11100000,0,0,0,0,2171309.324,0,9108595.682,0,0,0,0,0,18400000,0,13,0,D,C37H46O9,possibly known,acutilonine F,[M+H]+,none,15,"1,2-dihydro-3-ol","5-ol-6,7-diol","9,13,14-orthoester",no C-12,no C-18,others,others,2,"C7,C10",C10*1+C7*1,"benzoyl(4.77),decatrienoyl(340.00)","benzoyl,decatrienoyl",A4,B2,C1,none,R92,R48,none,,,,,,A4B2C1,OCC1(O)C(O)C2C3OC4(C=CC=CC=CCCC)OC3(C(=C)C)CC(C)C2(O4)C2CC(C)C(OC(=O)c7ccccc7)C2(O)C1O,PD00095952,C37H48O10,652.781,Top1,1,Low Confidence
693,794,[10800],10800,645.3621,12.1,0,0,0,0,0,0,0,0,0,0,0,0,0,0,0,0,0,0,0,0,0,0,0,0,0,0,0,0,0,0,0,0,0,0,0,0,0,0,0,0,0,0,0,0,0,0,0,0,0,0,3760513.247,0,0,0,0,0,0,8,MD,C36H52O10,possibly undescribed,(DA40)std_edgeworthianin D isomer,[M+H]+,none,11,1-alkyl-3-one,"5-ol-6,7-epoxy","9,13,14-orthoester",no C-12,no C-18,others,C14 ring with an olenfinic,1,C2,C2*1,acyl(0.04),acyl,A6,B1,C1,M7,R1,none,none,none,none,none,none,none,A6B1C1M7,CC(=O)OCC12OC1C1C3OC45CCCC=CCCCCC(CCC)C6C(C)C(=O)C(O)(C2O)C6C1(O4)C(C)CC3(C(=C)C)O5,PD01130669,C36H52O9,628.803,Top1,1,High Confidence
694,318,[660],660,655.3473,12.2,0,0,0,2648505.201,0,0,0,2926146.023,0,0,353514.1982,0,0,0,0,345997.9344,0,0,0,0,1921858.156,0,0,304709.5693,0,0,690264.8388,0,0,0,0,0,26300000,0,0,0,0,0,0,0,0,860998.0873,0,0,0,0,728286.9862,0,0,0,0,0,0,607685.1217,0,2629050.678,7,0,D,C37H50O10,possibly known,"genkwanine F, yuanhuakine B, neogenkwanine C, neogenkwanine D, neogenkwanine E, neogenkwanine F, genkwanine B, kraussianin, linimacrin c, wikstroelide X",[M+H]+,none,13,"1,2-en-3-one","5-ol-6,7-epoxy","9,13,14-orthoester",with C-12,no C-18,others,others,2,"C7,C10",C10*1+C7*1,"nonatrienoyl(0.02),pentadecatrienoyl(0.06)","benzoyl,benzoyl",A1,B1,C2,none,R92,R92,none,,,,,,A1B1C2,OCC12OC1C1C3OC4(c6ccccc6)OC3(C(=C)C)C(OC(=O)c7ccccc7)C(C)C1(O4)C1C=C(C)C(=O)C1(O)C2O,PD00129710,C34H34O10,602.636,Top1,1,Low Confidence
695,408,[8031],8031,663.3162,12.2,0,0,0,0,0,0,0,0,0,0,0,0,0,0,0,0,0,0,0,0,2097486.195,0,0,0,0,0,0,0,0,0,0,0,0,0,0,0,0,0,0,0,0,0,0,0,0,0,0,0,0,0,0,0,0,0,0,0,11,0,D,C38H46O10,possibly undescribed,none,[M+H]+,none,16,"1,2-en-3-one","5-ol-6,7-epoxy","9,13,14-orthoester",with C-12,no C-18,"2,4-olefinic",others,2,"C7,C11",C7*1+C11*1,hexadienoyl(0.13),"benzoyl,benzoyl",A1,B1,C2,none,R92,R92,none,,,,,,A1B1C2,OCC12OC1C1C3OC4(c6ccccc6)OC3(C(=C)C)C(OC(=O)c7ccccc7)C(C)C1(O4)C1C=C(C)C(=O)C1(O)C2O,PD00129710,C34H34O10,602.636,Top1,1,Low Confidence
696,144,[2716],2716,629.331,12.3,0,0,776004.5782,0,0,0,0,0,0,0,0,0,0,0,0,0,0,0,0,0,0,0,0,0,0,0,0,0,0,3126910.171,0,0,0,0,0,0,0,0,0,0,0,0,0,0,0,0,0,0,0,0,0,0,0,0,0,3077900.62,8,0,D,C35H48O10,possibly known,yuanhuamine B,[M+H]+,none,12,"1,2-en-3-one","5-ol-6,7-epoxy","9,13,14-orthoester",no C-12,no C-18,"2,4-olefinic",others,1,C15,C15*1,hexadienoyl(0.13),none,A1,B1,C1,none,none,none,none,,,,,,A1B1C1,OCC12OC1C1C3OC4OC3(C(=C)C)CC(C)C1(O4)C1C=C(C)C(=O)C1(O)C2O,PD00000001,C21H26O8,406.431,Top3,0.78,Low Confidence
697,175,[3638],3638,559.327,12.3,0,0,0,0,0,0,0,0,0,171914.8441,0,0,4959631.271,0,0,0,0,0,0,0,0,0,0,0,0,0,0,0,0,1375196.197,0,474789.4775,0,0,0,0,712618.4277,3351036.282,0,0,0,0,0,0,0,0,0,0,0,0,0,0,0,0,0,0,14,0,D,C32H46O8,possibly undescribed,none,[M+H]+,none,10,"1,2-en-3-one","5-ol-6,7-epoxy","9,13,14-orthoester",no C-12,no C-18,others,others,1,C12,C12*1,dodecenoyl(0.20),dodecenoyl,A1,B1,C1,none,R26,none,none,,,,,,A1B1C1,OCC12OC1C1C3OC4(C=CCCCCCCCCC)OC3(C(=C)C)CC(C)C1(O4)C1C=C(C)C(=O)C1(O)C2O,PD00007590,C32H46O8,558.712,Top1,1,High Confidence
698,413,[8247],8247,643.3471,12.3,0,0,0,0,0,0,0,0,0,0,0,0,0,0,0,0,0,0,0,0,0,0,0,0,475455.6974,0,0,0,5510798.765,251243.2129,0,0,0,0,0,0,0,0,0,0,0,0,0,0,0,0,0,0,0,0,0,0,0,0,0,307568.8486,11,0,D,C36H50O10,possibly undescribed,(DA15)std_wikstroelide A isomer,[M+H]+,none,12,"1,2-en-3-one","5-ol-6,7-epoxy","9,13,14-orthoester",with C-12,no C-18,"2,4-olefinic",others,2,"C7,C9",C9*1+C7*1,"acyl(0.02),hexadienoyl(0.38),tetradecadienoyl(1.30)","acyl,tetradecadienoyl",A1,B1,C2,none,R1,R41,none,,,,,,A1B1C2,OCC12OC1C1C3OC4(C)OC3(C(=C)C)C(OC(=O)C=CC=CCCCCCCCCC)C(C)C1(O4)C1C=C(C)C(=O)C1(O)C2O,PD00125109,C36H50O10,642.786,Top1,1,High Confidence
699,497,[7699],7699,501.3215,12.3,0,0,0,0,0,0,0,0,0,0,0,0,0,0,0,0,0,0,0,0,0,0,0,0,0,0,0,0,0,0,0,0,2256394.14,0,0,0,0,0,0,0,0,0,0,0,0,0,0,0,0,0,0,0,0,0,0,0,6,0,D,C30H44O6,possibly undescribed,none,[M+H]+,none,9,"1,2-en-3-one","5-ol-6,7-ene","9,13,14-orthoester",with C-12,no C-18,others,others,1,C10,C10*1,"decanoyl(0.19),decanoyl(0.08)",decanoyl,A1,B3,C2,none,R9,none,none,,,,,,A1B3C2,OCC1=CC2C3OC4(CCCCCCCCC)OC3(C(=C)C)C(O)C(C)C2(O4)C2C=C(C)C(=O)C2(O)C1O,PD00009973,C30H44O8,532.674,Top1,1,Low Confidence
700,519,[3632],3632,605.3684,12.3,0,0,0,0,0,0,0,0,0,0,0,0,5522323.118,0,0,0,0,0,0,0,0,0,0,0,0,0,0,0,0,0,0,0,0,0,0,0,0,0,0,0,0,0,0,0,0,0,0,0,0,0,0,0,0,0,0,0,9,0,D,C34H52O9,possibly undescribed,none,[M+H]+,none,9,"1,2-dihydro-3-one","5-ol-6,7-epoxy","9,13,14-orthoester",no C-12,no C-18,others,others,1,C14,C14*1,"tetradecadienoyl(0.76),4-oxo-2-tetradecenoyl(0.76)",tetradecadienoyl,A2,B1,C1,none,R41,none,none,,,,,,A2B1C1,OCC12OC1C1C3OC4(C=CC=CCCCCCCCCC)OC3(C(=C)C)CC(C)C1(O4)C1CC(C)C(=O)C1(O)C2O,PD00007701,C34H50O8,586.766,Top1,1,Low Confidence
701,677,[11876],11876,723.4101,12.3,0,0,0,0,0,0,0,0,0,0,0,0,0,0,0,0,0,0,0,0,0,0,0,0,2353840.514,0,0,0,0,0,0,0,0,0,0,0,0,0,0,0,0,0,0,0,0,0,0,0,0,0,0,0,0,0,0,0,6,0,D,C42H58O10,possibly undescribed,none,[M+H]+,none,14,"1,2-dihydro-3-ol","5-ol-6,7-epoxy","9,13,14-orthoester",no C-12,no C-18,"2,4-olefinic",others,1,C22,C22*1,"benzoyl(0.06),feruloyl(0.03),decadienoyl(1.30)",none,A4,B1,C1,none,none,none,none,,,,,,A4B1C1,OCC12OC1C1C3OC4OC3(C(=C)C)CC(C)C1(O4)C1CC(C)C(O)C1(O)C2O,PD00000004,C21H30O8,410.463,Top1,1,Low Confidence
702,773,[9686],9686,775.3697,12.3,0,0,0,0,0,0,0,0,0,0,0,0,0,0,0,0,0,0,0,0,0,0,0,0,0,0,0,0,770050.762,3498580.952,0,0,0,0,0,0,0,0,0,0,0,0,0,0,0,0,0,0,0,0,0,0,0,0,0,0,0,7,MD,C44H54O12,possibly undescribed,"(DA50)std_stelleralide H isomer, (DA51)std_gnidimacrin isomer",[M+H]+,none,18,1-alkyl-3-one,"5-ol-6,7-epoxy","9,13,14-orthoester",no C-12,no C-18,others,C10 ring with no substituent,2,C7,C7*2,benzoyl(0.08),"benzoyl,benzoyl",A6,B1,C1,M2,R92,R92,none,none,none,none,none,none,A6B1C1M2,,,,0,Top1,1,Low Confidence
703,815,[5440],5440,639.3519,12.3,0,0,0,0,0,0,0,0,0,0,0,0,0,0,0,7953652.412,0,0,0,0,0,0,0,0,0,0,0,0,0,0,0,0,1410732.072,0,2027787.356,0,0,6056590.195,0,0,752471.0498,0,495812.4614,0,284766.6386,0,837604.2802,0,0,0,0,0,0,0,0,40900000,0,8,MD,C37H50O9,possibly known,(DA38)std_wikstromacrin,[M+H]+,none,13,1-alkyl-3-ol,"5-ol-6,7-epoxy","9,13,14-orthoester",no C-12,no C-18,others,C9 ring with no substituent,4,C2,C2*4,"benzoyl(0.03),benzoyl(0.28)","acyl,acyl,acyl,acyl",A8,B1,C1,M1,R1,R1,R1,R1,none,none,none,none,A8B1C1M1,,,,0,Top1,1,Low Confidence
704,14,[10922],10922,752.399,12.4,0,0,0,0,0,0,0,0,0,0,0,0,0,0,0,0,0,0,0,0,0,0,0,0,0,0,0,0,0,0,0,0,0,0,0,0,0,0,0,0,0,0,0,0,0,0,0,0,0,15500000,0,0,0,0,0,0,0,11,MD,C42H57O11N1,possibly undescribed,none,[M+NH4]+,none,15,bicyclo [2.2.1] heptane ring,"5-ol-6,7-epoxy","9,13,14-orthoester",no C-12,no C-18,others,C9 ring with no substituent,4,"C2,C7",C2*3+C7*1,"acyl(0.02),benzoyl(0.14)","acyl,acyl,acyl,benzoyl",A11,B1,C1,M1,R1,R1,R1,R92,none,none,none,none,A11B1C1M1,,,,0,Top7,0.595,Low Confidence
705,488,[10920],10920,721.3569,12.4,0,0,0,0,0,0,0,0,0,0,0,0,0,0,0,0,0,0,0,0,0,0,0,0,0,0,0,0,0,0,0,0,0,0,0,0,0,0,0,0,0,0,0,0,0,0,0,0,0,25700000,0,0,0,0,0,0,7,0,D,C41H52O11,possibly undescribed,none,[M+H]+,none,16,"1,2-en-3-one","5-ol-6,7-ene","9,13,14-orthoester",no C-12,no C-18,others,others,2,"C10,C11",C10*1+C11*1,"benzoyl(0.10),tetradecadienoyl(0.06),4-oxo-2-tetradecenoyl(0.06)","benzoyl,tetradecadienoyl",A1,B3,C1,none,R92,R41,none,,,,,,A1B3C1,c7ccccc7C(=O)OCC1=CC2C3OC4(C=CC=CCCCCCCCCC)OC3(C(=C)C)CC(C)C2(O4)C2C=C(C)C(=O)C2(O)C1O,PD00360980,C41H52O8,672.859,Top1,1,Low Confidence
706,570,[4332],4332,635.3215,12.4,0,0,0,1540557.395,0,0,0,0,558329.1364,517627.8614,604229.0206,5287537.167,0,0,0,0,843446.723,0,0,0,0,0,0,0,501628.0042,0,0,0,0,0,0,0,0,0,0,0,0,0,0,0,1312558.97,0,0,0,0,0,754201.3434,0,0,0,0,0,0,0,0,0,11,0,D,C37H46O9,possibly known,acutilonine F,[M+H]+,none,15,"1,2-en-3-ol","5-ol-6,7-epoxy","9,13,14-orthoester",no C-12,no C-18,others,others,2,"C7,C10",C10*1+C7*1,benzoyl(0.12),"benzoyl,benzoyl",A3,B1,C1,none,R92,R92,none,,,,,,A3B1C1,OCC12OC1C1C3OC4(c6ccccc6)OC3(C(=C)C)CC(C)C1(O4)C1C=C(C)C(OC(=O)c7ccccc7)C1(O)C2O,PD00017966,C34H36O9,588.653,Top1,1,Low Confidence
707,649,[6726],6726,613.3367,12.4,0,0,0,0,0,0,0,0,0,0,0,0,0,0,0,0,0,0,0,0,0,0,0,0,0,0,0,0,0,0,0,0,0,0,559744.3469,0,0,0,0,0,0,0,0,0,0,0,0,0,0,0,0,0,0,0,0,0,10,0,D,C35H48O9,possibly undescribed,none,[M+H]+,none,12,"1,2-dihydro-3-ol","5-ol-6,7-epoxy","9,13,14-orthoester",no C-12,no C-18,others,others,1,C15,C15*1,benzoyl(0.02),none,A4,B1,C1,none,none,none,none,,,,,,A4B1C1,OCC12OC1C1C3OC4OC3(C(=C)C)CC(C)C1(O4)C1CC(C)C(O)C1(O)C2O,PD00000004,C21H30O8,410.463,Top1,1,Low Confidence
708,701,[5006],5006,473.3259,12.4,0,0,0,0,0,0,0,0,0,0,0,0,0,0,0,1825848.028,0,0,0,551794.0811,0,3101308.809,0,0,0,0,0,0,0,0,0,401677.7572,0,0,0,0,0,0,0,0,14100000,0,0,0,1164718.821,439847.9753,18000000,476713.2384,0,0,0,0,0,0,0,0,6,0,D,C29H44O5,possibly undescribed,none,[M+H]+,none,8,"1,2-dihydro-3-ol","5-ol-6,7-epoxy","9,13,14-orthoester",with C-12,no C-18,others,others,1,C9,C9*1,"nonanoyl(0.22),coumaroyl(0.09)",nonanoyl,A4,B1,C2,none,R8,none,none,,,,,,A4B1C2,OCC12OC1C1C3OC4(CCCCCCCC)OC3(C(=C)C)C(O)C(C)C1(O4)C1CC(C)C(O)C1(O)C2O,PD00008340,C29H46O9,538.678,Top2,0.94,Low Confidence
709,819,[6746],6746,670.3942,12.4,0,0,0,0,0,0,0,0,0,0,0,0,0,0,0,6171951.932,0,0,0,0,0,0,0,0,0,0,0,0,0,0,0,0,0,0,222321.3794,0,0,0,0,0,0,0,0,0,0,0,0,0,0,0,0,0,0,0,0,6938178.981,0,7,MD,C38H55O9N1,possibly known,(DA38)std_wikstromacrin,[M+NH4]+,none,12,1-alkyl-3-ol,"5-ol-6,7-epoxy","9,13,14-orthoester",no C-12,no C-18,others,C9 ring with no substituent,3,"C2,C5",C2*2+C5*1,"benzoyl(0.30),benzoyl(0.29)","acyl,acyl,2-methylbutyryl",A8,B1,C1,M1,R1,R1,R4,none,none,none,none,none,A8B1C1M1,,,,0,Top1,1,Low Confidence
710,84,[1189],1189,777.4181,12.5,1287837.028,0,0,0,0,0,0,3417414.956,0,0,310244.576,0,0,0,0,0,0,0,0,0,0,0,0,0,0,0,0,0,0,0,0,0,0,0,0,0,0,0,0,0,0,0,0,0,0,0,0,0,0,0,0,0,0,0,0,0,11,0,D,C27H68O24,possibly undescribed,none,[M+H]+,none,-6,"1,2-en-3-one","5-ol-6,7-epoxy","9,13,14-orthoester",no C-12,no C-18,others,others,1,C7,C7*1,benzoyl(0.10),benzoyl,A1,B1,C1,none,R92,none,none,,,,,,A1B1C1,OCC12OC1C1C3OC4(c6ccccc6)OC3(C(=C)C)CC(C)C1(O4)C1C=C(C)C(=O)C1(O)C2O,PD00007656,C27H30O8,482.529,Top3,0.316,Low Confidence
711,120,[2063],2063,775.4056,12.5,2089003.826,0,0,0,0,0,0,0,0,0,2389555.505,0,0,0,0,0,0,0,0,0,0,0,0,0,0,0,0,0,0,0,0,0,0,0,0,0,0,0,0,0,0,0,0,0,0,0,0,0,0,0,0,0,0,0,0,0,8,0,D,C45H58O11,possibly undescribed,none,[M+H]+,none,17,"1,2-en-3-one","5-ol-6,7-epoxy","9,13,14-orthoester",no C-12,no C-18,others,others,3,"C7,C11",C7*2+C11*1,"benzoyl(0.02),benzoyl(0.09)",benzoyl,A1,B1,C1,none,R92,none,none,,,,,,A1B1C1,OCC12OC1C1C3OC4(c6ccccc6)OC3(C(=C)C)CC(C)C1(O4)C1C=C(C)C(=O)C1(O)C2O,PD00007656,C27H30O8,482.529,Top1,1,Low Confidence
712,198,[4176],4176,605.3672,12.5,0,0,0,0,0,0,0,0,0,0,0,0,447778.4582,0,0,0,0,0,0,0,0,0,0,0,0,0,0,0,0,0,0,0,0,0,0,0,0,0,0,0,0,0,0,0,0,0,0,0,0,7096730.318,0,0,0,0,0,0,15,0,D,C34H52O9,possibly undescribed,none,[M+H]+,none,9,"1,2-en-3-one","5-ol-6,7-epoxy","9,13,14-orthoester",no C-12,no C-18,others,others,1,C14,C14*1,"6-7-epoxy-2-4-nonadienoyl(0.03),8-hydroxy-2-4-6-nonatrienoyl(0.03)",none,A1,B1,C1,none,none,none,none,,,,,,A1B1C1,OCC12OC1C1C3OC4OC3(C(=C)C)CC(C)C1(O4)C1C=C(C)C(=O)C1(O)C2O,PD00000001,C21H26O8,406.431,Top3,0.063,Low Confidence
713,214,[5014],5014,501.3207,12.5,0,0,0,0,0,0,0,0,0,0,0,0,0,0,0,0,0,0,0,0,0,0,0,0,0,0,0,0,0,0,0,200333.9439,1877714.305,0,0,0,0,0,0,0,6975379.832,1206838.505,0,0,0,0,0,0,0,0,0,0,0,0,0,0,6,0,D,C30H44O6,possibly undescribed,none,[M+H]+,none,9,"1,2-en-3-one","5-ol-6,7-epoxy","9,13,14-orthoester",no C-12,no C-18,others,others,1,C10,C10*1,"decanoyl(0.37),decanoyl(0.19)",decanoyl,A1,B1,C1,none,R9,none,none,,,,,,A1B1C1,OCC12OC1C1C3OC4(CCCCCCCCC)OC3(C(=C)C)CC(C)C1(O4)C1C=C(C)C(=O)C1(O)C2O,PD00007573,C30H44O8,532.674,Top2,0.883,Low Confidence
714,657,[11572],11572,934.5299,12.5,0,0,0,0,0,0,0,0,0,0,0,0,0,0,0,0,0,0,0,0,0,0,0,0,0,0,0,0,0,0,0,0,0,0,0,0,0,0,0,0,0,0,0,0,0,0,31200000,0,0,0,0,0,0,0,0,0,7,0,D,C53H75O13N1,possibly undescribed,none,[M+NH4]+,none,17,"1,2-dihydro-3-ol","5-ol-6,7-epoxy","9,13,14-orthoester",no C-12,no C-18,others,others,4,"C7,C9,C10",C9*1+C10*1+C7*2,"benzoyl(0.06),benzoyl(0.71),octadecatrienoyl(0.05)",benzoyl,A4,B1,C1,none,R92,none,none,,,,,,A4B1C1,OCC12OC1C1C3OC4(c6ccccc6)OC3(C(=C)C)CC(C)C1(O4)C1CC(C)C(O)C1(O)C2O,PD00007944,C27H34O8,486.561,Top1,1,Low Confidence
715,178,[3650],3650,631.3479,12.6,0,0,0,0,0,0,0,0,0,0,0,0,5788208.093,0,0,0,0,0,0,0,0,0,0,0,0,0,0,0,0,0,0,0,0,0,0,0,1895714.929,0,0,0,0,0,0,0,0,0,0,0,0,0,0,0,0,0,0,0,18,0,D,C35H50O10,possibly undescribed,none,[M+H]+,none,11,"1,2-en-3-one","5-ol-6,7-epoxy","9,13,14-orthoester",no C-12,no C-18,others,others,1,C15,C15*1,decatrienoyl(0.06),none,A1,B1,C1,none,none,none,none,,,,,,A1B1C1,OCC12OC1C1C3OC4OC3(C(=C)C)CC(C)C1(O4)C1C=C(C)C(=O)C1(O)C2O,PD00000001,C21H26O8,406.431,Top1,1,Low Confidence
716,248,[8169],8169,643.3474,12.6,0,0,0,0,0,0,0,0,0,0,0,0,0,0,0,0,0,0,0,0,0,0,0,0,0,0,0,0,30300000,2532807.237,0,0,0,0,0,0,0,0,0,0,0,0,0,0,0,0,0,0,0,0,0,0,0,0,0,2416128.4,13,0,D,C36H50O10,possibly undescribed,(DA15)std_wikstroelide A isomer,[M+H]+,none,12,"1,2-en-3-one","5-ol-6,7-epoxy","9,13,14-orthoester",no C-12,no C-18,"2,4-olefinic",others,1,C16,C16*1,"acyl(0.18),hexadienoyl(0.43),tetradecadienoyl(5.80)",none,A1,B1,C1,none,none,none,none,,,,,,A1B1C1,OCC12OC1C1C3OC4OC3(C(=C)C)CC(C)C1(O4)C1C=C(C)C(=O)C1(O)C2O,PD00000001,C21H26O8,406.431,Top3,0.864,Low Confidence
717,311,"[87,359]",87,753.3265,12.6,0,0,0,0,0,0,0,0,0,0,0,0,0,0,0,0,0,0,0,0,0,0,0,8170081.122,0,0,0,0,0,0,0,0,0,0,0,0,0,0,0,0,0,0,0,0,0,0,0,0,0,0,0,0,0,0,0,0,10,0,D,C44H48O11,possibly undescribed,none,[M+H]+,"359, 87",21,"1,2-en-3-one","5-ol-6,7-epoxy","9,13,14-orthoester",with C-12,no C-18,others,others,3,"C7,C10",C10*1+C7*2,"benzoyl(0.14),feruloyl(0.04),5-pheny-2-4-pentadienoyl(3.10)","benzoyl,feruloyl",A1,B1,C2,none,R92,R95,none,,,,,,A1B1C2,OCC12OC1C1C3OC4(c6ccccc6)OC3(C(=C)C)C(OC(=O)C=Cc7c(OC)c(O)ccc7)C(C)C1(O4)C1C=C(C)C(=O)C1(O)C2O,PD00129713,C37H38O12,674.699,Top1,1,Low Confidence
718,375,[4120],4120,615.3528,12.6,0,0,0,0,0,0,0,0,7821599.119,0,0,0,599607.6884,0,0,0,0,0,0,0,0,0,0,0,0,0,0,0,0,0,0,0,0,0,0,0,0,1792206.608,0,0,0,0,0,0,0,0,0,0,0,0,0,0,0,0,0,12800000,17,0,D,C35H50O9,possibly known,stelleralide I,[M+H]+,none,11,"1,2-en-3-one","5-ol-6,7-epoxy","9,13,14-orthoester",with C-12,no C-18,others,others,3,"C2,C11",C2*2+C11*1,"nonatrienoyl(0.05),pentadecadienoyl(1.40),4-oxo-2-pentadecenoyl(1.40)",acyl,A1,B1,C2,none,R1,none,none,,,,,,A1B1C2,OCC12OC1C1C3OC4(C)OC3(C(=C)C)C(O)C(C)C1(O4)C1C=C(C)C(=O)C1(O)C2O,PD00008045,C22H28O9,436.457,Top3,0.772,Low Confidence
719,457,[10358],10358,845.4673,12.6,0,0,0,0,0,0,0,0,0,0,0,0,0,0,0,0,0,2024272.116,0,0,0,0,0,0,0,0,0,0,0,0,0,0,0,0,0,0,0,0,0,0,0,0,0,0,0,0,0,0,0,0,0,0,0,0,0,0,7,0,D,C46H68O14,possibly undescribed,none,[M+H]+,none,13,"1,2-en-3-one","5-ol-6,7-epoxy","9,13,14-orthoester",with C-12,no C-18,others,others,3,"C7,C9,C10",C9*1+C10*1+C7*1,hexadecanoyl(0.03),benzoyl,A1,B1,C2,none,R92,none,none,,,,,,A1B1C2,OCC12OC1C1C3OC4(c6ccccc6)OC3(C(=C)C)C(O)C(C)C1(O4)C1C=C(C)C(=O)C1(O)C2O,PD00008136,C27H30O9,498.528,Top1,1,Low Confidence
720,549,[10],10,637.3366,12.6,0,2830324.419,0,0,1902678.706,1457121.956,7999909.393,5415838.301,2862819.59,0,0,107000000,0,1351099.211,0,913784.873,11100000,0,8365641.525,0,1542323.237,0,0,47400000,0,0,265000000,0,0,0,0,7213201.568,211000000,0,32100000,0,0,0,0,0,400292.9101,33700000,0,0,5138474.775,0,78600000,0,0,0,0,0,0,0,4164808.11,0,19,0,D,C37H48O9,possibly known,wikstroemia factor M1/M2,[M+H]+,none,14,"1,2-en-3-ol","5-ol-6,7-epoxy","9,13,14-orthoester",no C-12,no C-18,"2,4-olefinic",others,1,C17,C17*1,"benzoyl(0.41),decadienoyl(14.00),8-methoxy-9-hydroxy-2-4-6-dodecatrienoyl(0.06)",none,A3,B1,C1,none,none,none,none,,,,,,A3B1C1,OCC12OC1C1C3OC4OC3(C(=C)C)CC(C)C1(O4)C1C=C(C)C(O)C1(O)C2O,PD00000003,C21H28O8,408.447,Top2,0.733,Low Confidence
721,560,[1123],1123,743.4146,12.6,0,0,0,0,0,0,180077.0941,5509109.646,0,0,1076717.223,0,0,0,0,0,0,0,0,0,0,0,0,0,0,0,0,0,0,0,0,0,0,0,0,0,0,0,0,0,0,0,0,0,0,0,0,0,0,0,0,0,0,0,0,0,10,0,D,C45H58O9,possibly undescribed,none,[M+H]+,none,17,"1,2-en-3-ol","5-ol-6,7-epoxy","9,13,14-orthoester",no C-12,no C-18,others,others,3,"C7,C11",C7*2+C11*1,benzoyl(0.09),benzoyl,A3,B1,C1,none,R92,none,none,,,,,,A3B1C1,OCC12OC1C1C3OC4(c6ccccc6)OC3(C(=C)C)CC(C)C1(O4)C1C=C(C)C(O)C1(O)C2O,PD00007848,C27H32O8,484.545,Top1,1,Low Confidence
722,561,[1356],1356,792.4679,12.6,0,0,0,0,0,0,0,1942589.581,0,0,0,0,0,0,0,0,0,0,0,0,0,0,0,0,0,0,0,0,0,0,0,0,0,0,0,0,0,0,0,0,0,0,0,0,0,0,0,0,0,0,0,0,0,0,0,0,7,0,D,C46H65O10N1,possibly undescribed,none,[M+NH4]+,none,15,"1,2-en-3-ol","5-ol-6,7-epoxy","9,13,14-orthoester",no C-12,no C-18,others,others,3,"C7,C9,C10",C9*1+C10*1+C7*1,benzoyl(0.02),benzoyl,A3,B1,C1,none,R92,none,none,,,,,,A3B1C1,OCC12OC1C1C3OC4(c6ccccc6)OC3(C(=C)C)CC(C)C1(O4)C1C=C(C)C(O)C1(O)C2O,PD00007848,C27H32O8,484.545,Top1,1,Low Confidence
723,584,[11581],11581,918.5344,12.6,0,0,0,0,0,0,0,0,0,0,0,0,0,0,0,0,0,0,0,0,0,0,0,0,0,0,0,0,0,0,0,0,0,0,0,0,0,0,0,0,0,0,0,0,0,0,11700000,0,0,0,0,0,0,0,0,0,7,0,D,C35H83O25N1,possibly undescribed,none,[M+NH4]+,none,-5,"1,2-en-3-ol","5-ol-6,7-epoxy","9,13,14-orthoester",no C-12,no C-18,others,others,1,C15,C15*1,"benzoyl(0.09),feruloyl(0.05),benzoyl(0.50),octadecatrienoyl(0.12)",none,A3,B1,C1,none,none,none,none,,,,,,A3B1C1,OCC12OC1C1C3OC4OC3(C(=C)C)CC(C)C1(O4)C1C=C(C)C(O)C1(O)C2O,PD00000003,C21H28O8,408.447,Top2,0.957,Low Confidence
724,28,[10941],10941,737.3522,12.7,0,0,0,0,0,0,0,0,0,0,0,0,0,0,0,0,0,0,0,0,0,0,0,0,0,0,0,0,0,0,0,0,0,0,0,0,0,0,0,0,0,0,0,0,0,0,0,0,0,5472850.553,0,0,0,0,0,0,0,9,MD,C41H52O12,possibly undescribed,none,[M+H]+,none,16,bicyclo [2.2.1] heptane ring,"5-ol-6,7-epoxy","9,13,14-orthoester",with C-12,no C-18,others,C14 ring with an olenfinic,2,"C2,C5",C2*1+C5*1,others,"acyl,2-methylbutyryl",A11,B1,C2,M7,R1,R4,none,none,none,none,none,none,A11B1C2M7,,,,0,Top1,1,Low Confidence
725,163,[3529],3529,547.3267,12.7,0,0,0,0,0,0,0,0,0,514527.2327,182611.1696,1657014.298,32800000,0,0,0,0,0,0,0,0,0,0,0,0,0,0,0,0,8159498.951,0,0,0,0,0,0,0,18300000,0,0,0,0,0,0,0,0,0,0,0,0,0,0,0,0,0,3955382.323,15,0,D,C31H46O8,possibly known,(DA05)std_daphnepedunin I,[M+H]+,none,9,"1,2-en-3-one","5-ol-6,7-epoxy","9,13,14-orthoester",no C-12,no C-18,"2,4-olefinic",others,1,C11,C11*1,"undecanoyl(0.27),undecanoyl(0.21)",undecanoyl,A1,B1,C1,none,R10,none,none,,,,,,A1B1C1,OCC12OC1C1C3OC4(CCCCCCCCCC)OC3(C(=C)C)CC(C)C1(O4)C1C=C(C)C(=O)C1(O)C2O,PD00007574,C31H46O8,546.701,Top1,1,High Confidence
726,168,[3571],3571,648.3739,12.7,0,0,0,0,0,0,0,0,0,0,0,0,12200000,0,0,0,0,0,0,0,0,0,0,0,0,0,0,0,0,0,0,0,0,0,0,0,4929925.761,951629.0152,0,0,0,0,0,0,0,0,0,0,0,0,0,0,0,0,0,0,24,0,D,C35H53O10N1,possibly undescribed,none,[M+NH4]+,none,10,"1,2-en-3-one","5-ol-6,7-epoxy","9,13,14-orthoester",no C-12,no C-18,others,others,1,C15,C15*1,8-9-epoxy-2-4-6-undecatrienoyl(0.04),none,A1,B1,C1,none,none,none,none,,,,,,A1B1C1,OCC12OC1C1C3OC4OC3(C(=C)C)CC(C)C1(O4)C1C=C(C)C(=O)C1(O)C2O,PD00000001,C21H26O8,406.431,Top1,1,Low Confidence
727,177,[3647],3647,662.39,12.7,0,0,0,0,0,0,0,0,0,0,0,0,3450406.663,0,0,0,0,0,0,0,0,0,0,0,0,0,0,0,0,0,0,0,0,0,0,0,3766318.71,170986.8416,0,0,0,0,0,0,0,0,0,0,0,0,0,0,0,0,0,0,14,0,D,C36H55O10N1,possibly undescribed,none,[M+NH4]+,none,10,"1,2-en-3-one","5-ol-6,7-epoxy","9,13,14-orthoester",no C-12,no C-18,others,others,1,C16,C16*1,octatrienoyl(0.02),none,A1,B1,C1,none,none,none,none,,,,,,A1B1C1,OCC12OC1C1C3OC4OC3(C(=C)C)CC(C)C1(O4)C1C=C(C)C(=O)C1(O)C2O,PD00000001,C21H26O8,406.431,Top1,1,Low Confidence
728,224,[6045],6045,571.3268,12.7,0,0,0,0,0,0,0,0,0,0,0,0,0,0,0,0,0,0,0,0,0,0,0,0,0,0,0,0,0,2504155.474,0,0,0,0,0,0,0,3272188.709,0,0,0,0,0,0,0,0,0,0,0,0,0,0,0,0,0,0,11,0,D,C33H46O8,possibly undescribed,none,[M+H]+,none,11,"1,2-en-3-one","5-ol-6,7-epoxy","9,13,14-orthoester",no C-12,no C-18,others,others,1,C13,C13*1,"tridecadienoyl(0.32),4-oxo-2-tridecenoyl(0.32)",tridecadienoyl,A1,B1,C1,none,R40,none,none,,,,,,A1B1C1,OCC12OC1C1C3OC4(C=CC=CCCCCCCCC)OC3(C(=C)C)CC(C)C1(O4)C1C=C(C)C(=O)C1(O)C2O,PD00007604,C33H46O8,570.723,Top1,1,High Confidence
729,56,[702],702,653.3311,12.8,0,0,0,0,0,0,0,0,0,0,7214352.548,0,8301297.858,0,0,0,0,0,0,0,0,0,0,0,0,0,2308293.366,0,0,0,0,0,784387.6074,0,0,0,1184913.263,0,0,0,846199.6876,0,0,0,0,0,213525.4664,0,0,0,0,0,0,0,0,0,13,0,D,C37H48O10,possibly undescribed,(DA19)std_daphneodorin H isomer,[M+H]+,none,14,"1,2-en-3-one","5-ol-6,7-epoxy","9,13,14-orthoester",no C-12,no C-18,others,others,1,C17,C17*1,"benzoyl(0.18),decanoyl(0.17),benzoyl(0.59)",none,A1,B1,C1,none,none,none,none,,,,,,A1B1C1,OCC12OC1C1C3OC4OC3(C(=C)C)CC(C)C1(O4)C1C=C(C)C(=O)C1(O)C2O,PD00000001,C21H26O8,406.431,Top2,0.434,Low Confidence
730,298,[11822],11822,823.463,12.8,0,0,0,0,0,0,0,0,0,0,0,0,0,0,0,0,0,0,0,0,0,0,0,0,7165694.19,0,0,0,0,0,0,0,0,0,0,0,0,0,0,0,0,0,0,0,0,0,0,0,0,0,0,0,0,0,0,0,11,0,D,C47H66O12,possibly undescribed,none,[M+H]+,none,15,"1,2-en-3-one","5-ol-6,7-epoxy","9,13,14-orthoester",no C-12,no C-18,"2,4-olefinic",others,3,"C7,C10",C10*2+C7*1,"benzoyl(0.14),nonanoyl(0.03),feruloyl(0.04),decadienoyl(1.70),8-methoxy-9-hydroxy-2-4-6-dodecatrienoyl(0.20)","benzoyl,decadienoyl",A1,B1,C1,none,R92,R37,none,,,,,,A1B1C1,c7ccccc7C(=O)OCC12OC1C1C3OC4(C=CC=CCCCCC)OC3(C(=C)C)CC(C)C1(O4)C1C=C(C)C(=O)C1(O)C2O,PD00267630,C37H44O9,632.75,Top2,0.971,Low Confidence
731,309,[74],74,729.3262,12.8,0,0,0,0,0,0,0,0,0,0,0,0,0,0,0,0,0,0,0,0,0,0,0,8510421.302,0,0,0,0,0,0,0,0,0,0,0,0,0,0,0,0,0,0,0,0,0,0,0,0,0,0,0,0,0,0,0,0,10,0,D,C42H48O11,possibly undescribed,none,[M+H]+,none,19,"1,2-en-3-one","5-ol-6,7-epoxy","9,13,14-orthoester",with C-12,no C-18,others,others,2,C11,C11*2,"benzoyl(0.15),feruloyl(0.05),benzoyl(1.50)",none,A1,B1,C2,none,none,none,none,,,,,,A1B1C2,OCC12OC1C1C3OC4OC3(C(=C)C)CC(C)C1(O4)C1C=C(C)C(=O)C1(O)C2O,PD00000006,C21H26O8,406.431,Top1,1,Low Confidence
732,466,"[294,861]",294,637.3367,12.8,242000000,11700000,0,51600000,20900000,6661273.781,18400000,37200000,15000000,1911421.884,121000000,172000000,0,6981490.801,0,310348.6649,12700000,0,0,0,8009436.112,0,0,1258621.222,30200000,0,0,0,0,0,2035023.615,791724.5089,0,0,19400000,0,0,2735805.675,0,0,527000000,27600000,458285.0723,0,3541169.138,0,0,0,0,0,0,0,0,0,5624813.145,0,14,0,D,C37H48O9,possibly known,wikstroemia factor M1/M2,[M+H-H2O]+,"294, 861",14,"1,2-en-3-one","5-ol-6,7-diol","9,13,14-orthoester",no C-12,no C-18,"2,4-olefinic",others,1,C17,C17*1,"benzoyl(2.48),decanoyl(1.19),decadienoyl(98.00)",none,A1,B2,C1,none,none,none,none,,,,,,A1B2C1,OCC1(O)C(O)C2C3OC4OC3(C(=C)C)CC(C)C2(O4)C2C=C(C)C(=O)C2(O)C1O,PD00000081,C21H28O9,424.446,Top2,0.804,Low Confidence
733,707,[5156],5156,637.2255,12.8,0,0,0,0,0,0,0,0,0,0,169595.3206,0,0,0,0,0,0,0,0,0,0,0,0,0,0,0,0,0,0,0,0,0,543901.7094,0,0,0,0,0,0,0,0,0,0,0,0,0,0,0,0,0,0,0,0,0,0,0,15,0,D,C16H44O25,possibly undescribed,none,[M+H]+,none,-5,"1,2-dihydro-3-ol","5-ol-6,7-diol","9,13,14-orthoester",no C-12,no C-18,"2,4-olefinic",others,1,C-4,C-4*1,"benzoyl(0.44),nonanoyl(0.05),decanoyl(0.17),decadienoyl(16.00),8-methoxy-9-hydroxy-2-4-6-dodecatrienoyl(0.04)",none,A4,B2,C1,none,none,none,none,,,,,,A4B2C1,OCC1(O)C(O)C2C3OC4OC3(C(=C)C)CC(C)C2(O4)C2CC(C)C(O)C2(O)C1O,PD00000084,C21H32O9,428.478,Top1,1,Low Confidence
734,45,[160],160,719.3421,12.9,0,0,0,0,0,0,0,0,0,0,0,0,0,0,0,0,0,0,0,0,0,0,0,4088988.332,0,0,0,0,0,0,0,0,0,0,0,0,0,0,0,0,0,0,0,0,0,0,0,0,0,0,0,0,0,0,0,0,8,0,D,C41H50O11,possibly undescribed,none,[M+H]+,none,17,"1,2-en-3-one","5-ol-6,7-epoxy","9,13,14-orthoester",no C-12,no C-18,others,others,2,"C10,C11",C10*1+C11*1,"acyl(0.06),5-pheny-2-4-pentadienoyl(1.40)","5-pheny-2-4-pentadienoyl,5-pheny-2-4-pentadienoyl",A1,B1,C1,none,R96,R96,none,,,,,,A1B1C1,c7ccccc7C=CC=CC(=O)OCC12OC1C1C3OC4(C=CC=Cc6ccccc6)OC3(C(=C)C)CC(C)C1(O4)C1C=C(C)C(=O)C1(O)C2O,PD00269404,C42H42O9,690.789,Top2,0.884,Low Confidence
735,110,[1961],1961,691.3472,12.9,9611270.006,131000000,0,0,14400000,0,5642409.573,0,290736.4601,0,2317105.093,10000000,0,9192250.971,946888.1253,0,0,0,0,0,5501202.198,0,0,0,0,0,0,0,0,0,0,0,0,0,0,0,0,0,0,0,0,0,0,0,0,0,0,0,0,0,0,0,0,0,0,0,14,0,D,C40H50O10,possibly undescribed,none,[M+H]+,none,16,"1,2-en-3-one","5-ol-6,7-epoxy","9,13,14-orthoester",no C-12,no C-18,others,others,2,C10,C10*2,6-methoxy-2-4-decadienoyl(0.20),"6-methoxy-2-4-decadienoyl,6-methoxy-2-4-decadienoyl",A1,B1,C1,none,R65,R65,none,,,,,,A1B1C1,CCCC(OC)C=CC=CC(=O)OCC12OC1C1C3OC4(C=CC=CC(OC)CCC)OC3(C(=C)C)CC(C)C1(O4)C1C=C(C)C(=O)C1(O)C2O,PD00268877,C40H54O11,710.861,Top3,0.129,Low Confidence
736,398,[5712],5712,515.3369,12.9,0,0,0,0,0,428299.8183,0,0,0,0,0,0,0,0,0,0,0,0,0,0,0,0,0,0,0,0,0,0,0,0,0,0,0,0,0,0,0,0,0,0,3422842.483,0,0,0,0,0,0,0,0,0,0,0,0,0,0,0,6,0,D,C31H46O6,possibly undescribed,none,[M+H]+,none,9,"1,2-en-3-one","5-ol-6,7-epoxy","9,13,14-orthoester",with C-12,no C-18,others,others,1,C11,C11*1,"undecanoyl(0.20),undecanoyl(0.11)",undecanoyl,A1,B1,C2,none,R10,none,none,,,,,,A1B1C2,OCC12OC1C1C3OC4(CCCCCCCCCC)OC3(C(=C)C)C(O)C(C)C1(O4)C1C=C(C)C(=O)C1(O)C2O,PD00008054,C31H46O9,562.7,Top1,1,Low Confidence
737,417,[8876],8876,515.3014,12.9,0,0,0,0,0,0,0,0,0,0,0,0,0,0,0,0,0,0,0,0,0,0,0,0,0,0,0,0,0,0,0,0,0,0,0,0,0,0,0,0,193364.5705,0,0,0,0,0,0,0,0,0,0,0,0,0,0,0,6,0,D,C30H42O7,possibly undescribed,none,[M+H]+,none,10,"1,2-en-3-one","5-ol-6,7-epoxy","9,13,14-orthoester",with C-12,no C-18,others,others,1,C10,C10*1,"undecanoyl(0.20),undecanoyl(0.11)",none,A1,B1,C2,none,none,none,none,,,,,,A1B1C2,OCC12OC1C1C3OC4OC3(C(=C)C)CC(C)C1(O4)C1C=C(C)C(=O)C1(O)C2O,PD00000006,C21H26O8,406.431,Top1,1,Low Confidence
738,516,[3545],3545,587.3571,12.9,0,0,0,0,0,0,0,0,0,0,0,0,20000000,0,0,0,0,0,0,0,0,0,0,0,0,0,0,0,0,4896463.978,0,1453877.782,0,0,0,0,0,0,0,0,0,0,0,0,0,0,0,0,0,1415737.315,5765724.807,0,0,0,484561.3319,0,14,0,D,C34H50O8,possibly undescribed,none,[M+H]+,none,10,"1,2-dihydro-3-one","5-ol-6,7-epoxy","9,13,14-orthoester",no C-12,no C-18,"2,4-olefinic",others,1,C14,C14*1,"hexadienoyl(0.42),tetradecadienoyl(5.40)",tetradecadienoyl,A2,B1,C1,none,R41,none,none,,,,,,A2B1C1,OCC12OC1C1C3OC4(C=CC=CCCCCCCCCC)OC3(C(=C)C)CC(C)C1(O4)C1CC(C)C(=O)C1(O)C2O,PD00007701,C34H50O8,586.766,Top1,1,High Confidence
739,299,"[11798,11823]",11823,768.4664,13,0,0,0,0,0,0,0,0,0,0,0,0,0,0,0,0,0,0,0,0,0,0,0,0,12900000,0,0,0,0,0,0,0,0,0,0,0,0,0,0,0,0,0,0,0,0,0,0,0,0,0,0,0,0,0,0,0,6,0,D,C44H65O10N1,possibly undescribed,none,[M+CH3NH2+H]+,"11798, 11823",13,"1,2-en-3-one","5-ol-6,7-epoxy","9,13,14-orthoester",no C-12,no C-18,others,others,1,C24,C24*1,"benzoyl(0.08),feruloyl(0.03),decadienoyl(1.20),4-oxo-2-decenoyl(1.20)",none,A1,B1,C1,none,none,none,none,,,,,,A1B1C1,OCC12OC1C1C3OC4OC3(C(=C)C)CC(C)C1(O4)C1C=C(C)C(=O)C1(O)C2O,PD00000001,C21H26O8,406.431,Top1,1,Low Confidence
740,68,[998],998,643.3468,13.1,0,0,0,0,0,0,0,18600000,0,0,0,0,0,0,0,0,0,0,0,0,0,0,0,0,0,0,0,14400000,800000000,644000000,0,0,0,0,190181.5228,0,4796218.728,0,11700000,4276296.357,0,0,0,1287474.829,0,0,0,0,0,0,0,0,0,0,0,574000000,17,0,D,C36H50O10,possibly known,(DA15)std_wikstroelide A,[M+H]+,none,12,"1,2-en-3-one","5-ol-6,7-epoxy","9,13,14-orthoester",no C-12,no C-18,"2,4-olefinic",others,1,C16,C16*1,"acyl(0.54),hexadienoyl(2.50),tetradecadienoyl(24.00)",none,A1,B1,C1,none,none,none,none,,,,,,A1B1C1,OCC12OC1C1C3OC4OC3(C(=C)C)CC(C)C1(O4)C1C=C(C)C(=O)C1(O)C2O,PD00000001,C21H26O8,406.431,Top3,0.914,Low Confidence
741,174,[3611],3611,585.3415,13.1,0,0,0,0,0,0,0,0,0,0,0,0,4041323.084,0,0,0,0,0,0,0,0,0,0,0,0,0,0,1149600.055,9191623.067,4417567.929,0,0,0,0,0,0,944228.6239,10700000,0,0,0,0,0,0,0,0,0,0,0,0,0,0,0,0,0,3878499.73,16,0,D,C34H48O8,possibly undescribed,(DA06)std_huratoxin isomer,[M+H]+,none,11,"1,2-en-3-one","5-ol-6,7-epoxy","9,13,14-orthoester",no C-12,no C-18,others,others,1,C14,C14*1,"decatrienoyl(0.06),tetradecadienoyl(1.50),4-oxo-2-tetradecenoyl(1.50)",tetradecadienoyl,A1,B1,C1,none,R41,none,none,,,,,,A1B1C1,OCC12OC1C1C3OC4(C=CC=CCCCCCCCCC)OC3(C(=C)C)CC(C)C1(O4)C1C=C(C)C(=O)C1(O)C2O,PD00007605,C34H48O8,584.75,Top1,1,High Confidence
742,362,[2959],2959,693.3631,13.1,0,7549482.4,0,0,0,0,0,0,0,0,0,1394748.929,0,147415.4692,0,0,0,0,11200000,0,0,0,0,0,0,0,0,0,0,0,0,0,0,0,0,0,0,0,0,0,0,0,0,0,0,0,0,0,0,0,0,0,0,0,0,0,14,0,D,C40H52O10,possibly undescribed,none,[M+H]+,none,15,"1,2-en-3-one","5-ol-6,7-epoxy","9,13,14-orthoester",with C-12,no C-18,"2,4-olefinic",others,2,C10,C10*2,hexadienoyl(0.03),none,A1,B1,C2,none,none,none,none,,,,,,A1B1C2,OCC12OC1C1C3OC4OC3(C(=C)C)CC(C)C1(O4)C1C=C(C)C(=O)C1(O)C2O,PD00000006,C21H26O8,406.431,Top1,1,Low Confidence
743,730,[634],634,759.3738,13.1,0,0,0,0,0,0,0,0,0,0,0,0,0,0,0,0,0,0,0,0,0,0,0,309932.9274,290418.7818,0,710156.2671,0,0,0,0,0,0,0,0,0,11200000,17200000,0,0,0,0,0,2432647.864,0,0,0,0,0,0,0,0,0,0,0,9414671.638,10,18,MD,C44H54O11,possibly undescribed,none,[M+H]+,none,18,1-alkyl-3-one,"5-ol-6,7-epoxy","9,13,14-orthoester",no C-12,no C-18,others,C9 ring with no substituent,3,C5,C5*3,"benzoyl(0.10),benzoyl(0.52)","2-methylbutyryl,2-methylbutyryl,2-methylbutyryl",A6,B1,C1,M1,R4,R4,R4,none,none,none,none,none,A6B1C1M1,,,,0,Top3,0.883,Low Confidence
744,89,[1267],1267,777.4197,13.2,11600000,0,0,0,0,0,239886.7956,2091827.905,0,0,12300000,0,0,0,0,0,0,0,0,0,0,0,0,0,157142.4864,0,0,0,0,0,0,0,0,0,0,0,0,0,0,0,0,0,0,0,0,0,0,0,0,0,0,0,0,0,0,0,14,0,D,C45H60O11,possibly undescribed,none,[M+H]+,none,16,"1,2-en-3-one","5-ol-6,7-epoxy","9,13,14-orthoester",no C-12,no C-18,others,others,3,"C7,C11",C7*2+C11*1,"benzoyl(0.06),feruloyl(0.09),benzoyl(0.41),octadecatrienoyl(0.19)",benzoyl,A1,B1,C1,none,R92,none,none,,,,,,A1B1C1,OCC12OC1C1C3OC4(c6ccccc6)OC3(C(=C)C)CC(C)C1(O4)C1C=C(C)C(=O)C1(O)C2O,PD00007656,C27H30O8,482.529,Top1,1,Low Confidence
745,685,[11893],11893,807.4308,13.2,0,0,0,0,0,0,0,0,0,0,0,0,0,0,0,0,0,0,0,0,0,0,0,0,3612618.243,0,0,0,0,0,0,0,0,0,0,0,0,0,0,0,0,0,0,0,0,0,0,0,0,0,0,0,0,0,0,0,8,0,D,C46H62O12,possibly undescribed,none,[M+H]+,none,16,"1,2-dihydro-3-ol","5-ol-6,7-epoxy","9,13,14-orthoester",no C-12,no C-18,others,others,3,"C7,C9,C10",C9*1+C10*1+C7*1,decatrienoyl(0.69),"benzoyl,decatrienoyl",A4,B1,C1,none,R92,R48,none,,,,,,A4B1C1,OCC12OC1C1C3OC4(C=CC=CC=CCCC)OC3(C(=C)C)CC(C)C1(O4)C1CC(C)C(OC(=O)c7ccccc7)C1(O)C2O,PD00021456,C37H46O9,634.766,Top1,1,Low Confidence
746,771,[6075],6075,657.3624,13.2,0,0,0,0,0,0,0,0,0,0,0,0,0,0,0,10200000,0,0,0,0,0,0,0,0,0,0,0,0,0,0,0,0,0,0,1116997.217,0,414458.8623,3024130.637,0,0,0,0,0,0,926929.3481,0,0,0,0,0,0,0,0,0,0,0,0,9,MD,C37H52O10,possibly undescribed,none,[M+H]+,none,12,1-alkyl-3-one,"5-ol-6,7-epoxy","9,13,14-orthoester",no C-12,no C-18,others,C10 ring with no substituent,1,C7,C7*1,"benzoyl(0.06),benzoyl(0.05)",benzoyl,A6,B1,C1,M2,R92,none,none,none,none,none,none,none,A6B1C1M2,c8ccccc8C(=O)OCC12OC1C1C3OC45CCCCCCCC(C)C6C(C)C(=O)C(O)(C2O)C6C1(O4)C(C)CC3(C(=C)C)O5,PD01130553,C37H48O9,636.782,Top1,1,Low Confidence
747,822,[6013],6013,621.3414,13.2,0,0,0,0,0,0,0,0,0,0,0,0,0,0,0,5776624.068,0,0,0,0,0,0,0,0,1008552.748,0,0,0,0,0,0,0,0,0,3716890.127,0,0,7565000.676,0,0,542605.4537,0,0,0,0,0,0,0,0,0,0,0,0,0,0,6615142.603,9,11,MD,C37H48O8,possibly undescribed,none,[M+H]+,none,14,1-alkyl-3-ol,"5-ol-6,7-epoxy","9,13,14-orthoester",no C-12,no C-18,others,C10 ring with no substituent,1,C7,C7*1,"benzoyl(0.20),benzoyl(0.15)",benzoyl,A8,B1,C1,M2,R92,none,none,none,none,none,none,none,A8B1C1M2,OCC12OC1C1C3OC45CCCCCCCC(C)C6C(C)C(OC(=O)c8ccccc8)C(O)(C2O)C6C1(O4)C(C)CC3(C(=C)C)O5,PD01124479,C37H50O9,638.798,Top1,1,High Confidence
748,74,"[1047,1100]",1047,772.4625,13.3,0,0,0,0,0,0,2096929.455,8716872.274,0,0,230637.0789,0,0,0,0,0,0,0,0,0,0,0,0,0,0,0,0,0,0,0,0,0,0,0,0,0,0,0,0,0,0,0,0,0,0,0,0,0,0,0,0,0,0,0,0,0,7,0,D,C43H65O11N1,possibly undescribed,none,[M+NH4]+,"1047, 11878",12,"1,2-en-3-one","5-ol-6,7-epoxy","9,13,14-orthoester",no C-12,no C-18,others,others,1,C23,C23*1,"benzoyl(0.15),feruloyl(0.03),benzoyl(0.99),hexadecanoyl(0.11)",none,A1,B1,C1,none,none,none,none,,,,,,A1B1C1,OCC12OC1C1C3OC4OC3(C(=C)C)CC(C)C1(O4)C1C=C(C)C(=O)C1(O)C2O,PD00000001,C21H26O8,406.431,Top1,1,Low Confidence
749,308,[71],71,755.3425,13.3,0,0,0,0,0,0,0,0,0,0,0,0,0,0,0,0,0,0,0,0,0,0,0,7003271.866,0,0,0,0,0,0,0,0,0,0,0,0,0,0,0,0,0,0,0,0,0,0,0,0,0,0,0,0,0,0,0,0,10,0,D,C44H50O11,possibly undescribed,none,[M+H]+,none,20,"1,2-en-3-one","5-ol-6,7-epoxy","9,13,14-orthoester",with C-12,no C-18,"2,4-olefinic",others,3,"C7,C10",C10*1+C7*2,"benzoyl(0.15),feruloyl(0.05),cinnamoyl(1.90)","benzoyl,feruloyl",A1,B1,C2,none,R92,R95,none,,,,,,A1B1C2,OCC12OC1C1C3OC4(c6ccccc6)OC3(C(=C)C)C(OC(=O)C=Cc7c(OC)c(O)ccc7)C(C)C1(O4)C1C=C(C)C(=O)C1(O)C2O,PD00129713,C37H38O12,674.699,Top1,1,Low Confidence
750,518,[3626],3626,619.3838,13.3,0,0,0,0,0,0,0,0,0,0,0,0,6847860.224,0,0,0,0,0,0,0,0,0,0,0,0,0,0,0,0,0,0,0,0,0,0,0,0,0,0,0,0,0,0,0,0,0,0,0,0,0,0,0,0,0,0,0,10,0,D,C35H54O9,possibly undescribed,none,[M+H]+,none,9,"1,2-dihydro-3-one","5-ol-6,7-epoxy","9,13,14-orthoester",no C-12,no C-18,"2,4-olefinic",others,1,C15,C15*1,"6-7-epoxy-2-4-nonadienoyl(0.02),8-hydroxy-2-4-6-nonatrienoyl(0.02),pentadecadienoyl(1.10)",pentadecadienoyl,A2,B1,C1,none,R42,none,none,,,,,,A2B1C1,OCC12OC1C1C3OC4(C=CC=CCCCCCCCCCC)OC3(C(=C)C)CC(C)C1(O4)C1CC(C)C(=O)C1(O)C2O,PD00007702,C35H52O8,600.793,Top1,1,Low Confidence
751,813,[2111],2111,639.352,13.3,781242.8176,790136.5448,0,0,0,0,0,0,0,0,0,2470606.407,1706108.637,0,0,267000000,0,0,0,0,0,0,0,0,0,0,0,0,0,0,0,415223.914,7114098.036,0,180000000,7005395.635,31300000,319000000,9785268.054,4259313.511,1332733.026,495083.7838,78300000,33000000,20200000,4466744.68,0,0,0,0,0,0,0,0,0,345000000,13,16,MD,C37H50O9,possibly known,(DA39)std_pimela factor P2,[M+H]+,none,13,1-alkyl-3-ol,"5-ol-6,7-epoxy","9,13,14-orthoester",no C-12,no C-18,others,C9 ring with no substituent,3,"C2,C4",C2*2+C4*1,"acyl(0.04),benzoyl(0.68),benzoyl(3.70)","acyl,acyl,isobutyryl",A8,B1,C1,M1,R1,R1,R3,none,none,none,none,none,A8B1C1M1,,,,0,Top2,0.94,Low Confidence
752,418,[8922],8922,907.4468,13.4,0,0,0,0,0,0,0,0,0,0,0,0,0,0,0,0,0,0,6776647.634,0,0,0,0,0,0,0,0,0,0,0,0,0,0,0,0,0,0,0,0,0,0,0,0,0,0,0,0,0,0,0,0,0,0,0,0,0,10,0,D,C50H66O15,possibly undescribed,none,[M+H]+,none,18,"1,2-en-3-one","5-ol-6,7-epoxy","9,13,14-orthoester",with C-12,no C-18,others,others,3,"C9,C10,C11",C9*1+C10*1+C11*1,coumaroyl(0.05),coumaroyl,A1,B1,C2,none,R94,none,none,,,,,,A1B1C2,OCC12OC1C1C3OC4(C=Cc6ccc(O)cc6)OC3(C(=C)C)C(O)C(C)C1(O4)C1C=C(C)C(=O)C1(O)C2O,PD00008138,C29H32O10,540.565,Top1,1,Low Confidence
753,105,[1946],1946,693.3632,13.5,81100000,36000000,0,0,10900000,0,10700000,0,0,0,8899053.516,53600000,0,4484016.405,347387.3333,0,5453353.65,2425817.372,0,0,20400000,2825925.643,0,0,0,0,0,0,0,0,0,0,0,0,0,0,0,0,0,0,0,0,0,0,0,0,0,0,0,0,0,0,0,0,0,0,17,7,D,C40H52O10,possibly undescribed,none,[M+H]+,none,15,"1,2-en-3-one","5-ol-6,7-epoxy","9,13,14-orthoester",no C-12,no C-18,"2,4-olefinic",others,2,C10,C10*2,decatrienoyl(5.90),"decatrienoyl,decatrienoyl",A1,B1,C1,none,R48,R48,none,,,,,,A1B1C1,CCCC=CC=CC=CC(=O)OCC12OC1C1C3OC4(C=CC=CC=CCCC)OC3(C(=C)C)CC(C)C1(O4)C1C=C(C)C(=O)C1(O)C2O,PD00268180,C40H50O9,674.831,Top2,0.411,Low Confidence
754,213,[4953],4953,473.2899,13.5,0,0,0,0,0,0,0,0,0,0,0,0,0,0,0,0,0,0,0,0,0,0,0,0,0,0,0,0,0,0,0,719159.5876,7924148.296,0,0,0,0,0,0,0,0,0,0,0,0,0,0,0,0,0,0,0,0,0,0,0,6,0,D,C28H40O6,possibly undescribed,none,[M+H]+,none,9,"1,2-en-3-one","5-ol-6,7-epoxy","9,13,14-orthoester",no C-12,no C-18,others,others,1,C8,C8*1,8-9-epoxy-2-4-6-decatrienoyl(0.02),none,A1,B1,C1,none,none,none,none,,,,,,A1B1C1,OCC12OC1C1C3OC4OC3(C(=C)C)CC(C)C1(O4)C1C=C(C)C(=O)C1(O)C2O,PD00000001,C21H26O8,406.431,Top2,0.471,Low Confidence
755,606,[732],732,717.3634,13.5,0,0,0,0,0,0,0,0,0,0,0,0,0,0,0,0,0,0,0,0,0,0,0,0,0,0,3676545.193,0,0,0,0,0,0,0,0,0,0,0,0,0,0,0,0,0,0,0,0,0,0,0,0,0,0,0,0,0,6,0,D,C42H52O10,possibly undescribed,none,[M+H]+,none,17,"1,2-dihydro-3-ol","5-ol-6,7-epoxy","9,13,14-orthoester",no C-12,no C-18,others,others,2,C11,C11*2,"benzoyl(0.08),feruloyl(0.05),benzoyl(0.66)",none,A4,B1,C1,none,none,none,none,,,,,,A4B1C1,OCC12OC1C1C3OC4OC3(C(=C)C)CC(C)C1(O4)C1CC(C)C(O)C1(O)C2O,PD00000004,C21H30O8,410.463,Top1,1,Low Confidence
756,633,[2829],2829,457.33,13.5,0,4686910.714,1936638.274,199783.3542,295297.8944,0,0,0,0,0,0,0,1143404.886,0,0,0,0,0,0,0,0,199118.1661,0,0,0,0,0,0,0,249524.4846,0,0,182429.7567,0,0,0,2051210.318,0,0,0,4273499.165,0,0,0,0,0,4696726.136,0,0,0,0,0,1194145.479,0,0,0,7,0,D,C29H44O4,possibly undescribed,none,[M+H]+,none,8,"1,2-dihydro-3-ol","5-ol-6,7-epoxy","9,13,14-orthoester",no C-12,no C-18,others,others,1,C9,C9*1,"benzoyl(0.05),coumaroyl(0.04),coumaroyl(0.49),pentadecatrienoyl(0.02)",coumaroyl,A4,B1,C1,none,R94,none,none,,,,,,A4B1C1,OCC12OC1C1C3OC4(C=Cc6ccc(O)cc6)OC3(C(=C)C)CC(C)C1(O4)C1CC(C)C(O)C1(O)C2O,PD00007946,C29H36O9,528.598,Top1,1,Low Confidence
757,817,[6034],6034,657.3623,13.5,0,0,0,0,0,0,0,0,0,0,0,0,0,0,0,8017853.828,0,0,0,0,0,0,0,0,0,0,0,0,0,0,0,0,0,0,654688.8241,0,1744316.721,6904132.85,0,0,0,0,0,372052.8567,448651.6255,0,0,0,0,0,0,0,0,0,0,32300000,6,18,MD,C37H52O10,possibly undescribed,none,[M+H]+,none,12,1-alkyl-3-ol,"5-ol-6,7-epoxy","9,13,14-orthoester",no C-12,no C-18,others,C9 ring with no substituent,4,C2,C2*4,"benzoyl(0.30),benzoyl(0.20)","acyl,acyl,acyl,acyl",A8,B1,C1,M1,R1,R1,R1,R1,none,none,none,none,A8B1C1M1,,,,0,Top2,0.906,Low Confidence
758,64,[975],975,585.342,13.6,0,0,0,0,0,0,0,42300000,0,0,0,0,365000000,0,0,0,0,0,0,0,0,0,0,0,0,0,0,233000000,302000000,491000000,0,7156921.566,0,0,7459077.43,0,37400000,268000000,0,0,0,0,4081459.972,12100000,0,0,0,0,0,2191578.685,0,0,0,0,257615.465,184000000,16,0,D,C34H48O8,possibly known,(DA06)std_huratoxin,[M+H]+,none,11,"1,2-en-3-one","5-ol-6,7-epoxy","9,13,14-orthoester",no C-12,no C-18,"2,4-olefinic",others,1,C14,C14*1,"hexadienoyl(1.80),tetradecadienoyl(17.00)",tetradecadienoyl,A1,B1,C1,none,R41,none,none,,,,,,A1B1C1,OCC12OC1C1C3OC4(C=CC=CCCCCCCCCC)OC3(C(=C)C)CC(C)C1(O4)C1C=C(C)C(=O)C1(O)C2O,PD00007605,C34H48O8,584.75,Top1,1,High Confidence
759,132,[2376],2376,903.5243,13.6,0,0,0,0,0,0,13900000,0,190541.6223,0,2096679.659,29800000,0,0,0,0,0,0,0,0,0,0,0,0,0,0,0,0,0,0,0,0,0,0,0,0,0,0,0,0,0,0,0,0,0,0,0,0,0,0,0,0,0,0,0,0,16,0,D,C53H74O12,possibly undescribed,none,[M+H]+,none,17,"1,2-en-3-one","5-ol-6,7-epoxy","9,13,14-orthoester",no C-12,no C-18,others,others,4,"C7,C9,C10",C9*1+C10*1+C7*2,"decatrienoyl(0.59),hexadecanoyl(0.06)","benzoyl,decatrienoyl",A1,B1,C1,none,R92,R48,none,,,,,,A1B1C1,c7ccccc7C(=O)OCC12OC1C1C3OC4(C=CC=CC=CCCC)OC3(C(=C)C)CC(C)C1(O4)C1C=C(C)C(=O)C1(O)C2O,PD00268224,C37H42O9,630.734,Top2,0.989,Low Confidence
760,559,[1064],1064,761.4253,13.6,1173468.547,0,0,0,0,0,813860.9181,19700000,0,229121.2509,6123054.336,0,0,0,0,0,0,0,0,0,0,0,0,0,0,0,0,0,0,0,0,0,0,0,0,0,0,0,0,0,0,0,0,0,0,0,0,0,0,0,0,0,0,0,0,0,10,0,D,C45H60O10,possibly undescribed,none,[M+H]+,none,16,"1,2-en-3-ol","5-ol-6,7-epoxy","9,13,14-orthoester",no C-12,no C-18,others,others,3,"C7,C11",C7*2+C11*1,benzoyl(0.15),benzoyl,A3,B1,C1,none,R92,none,none,,,,,,A3B1C1,OCC12OC1C1C3OC4(c6ccccc6)OC3(C(=C)C)CC(C)C1(O4)C1C=C(C)C(O)C1(O)C2O,PD00007848,C27H32O8,484.545,Top1,1,Low Confidence
761,756,[35],35,759.3735,13.6,0,0,0,0,0,0,0,0,0,0,0,0,0,0,0,5160331.024,0,0,0,0,0,0,0,13100000,0,0,1022381.014,0,0,5130401.603,0,0,0,0,0,0,0,2759556.444,0,0,0,0,0,0,0,0,0,0,0,0,0,0,0,0,0,2835042.728,6,17,MD,C44H54O11,possibly undescribed,none,[M+H]+,none,18,1-alkyl-3-one,"5-ol-6,7-epoxy","9,13,14-orthoester",no C-12,no C-18,others,C10 ring with no substituent,5,"C2,C4",C2*3+C4*2,"benzoyl(0.12),benzoyl(0.35)","acyl,acyl,acyl,isobutyryl,isobutyryl",A6,B1,C1,M2,R1,R1,R1,R3,R3,none,none,none,A6B1C1M2,,,,0,Top2,0.884,Low Confidence
762,164,[3533],3533,561.3419,13.7,0,0,0,0,0,0,0,0,0,11300000,0,243984.57,33900000,0,0,0,0,0,0,0,0,0,0,0,0,0,0,0,156058.5158,1925646.615,0,1089883.835,0,0,1875041.063,0,993387.9594,0,0,0,0,0,0,0,0,0,0,0,0,3706631.025,0,0,0,0,0,1891422.009,17,0,D,C32H48O8,possibly undescribed,none,[M+H]+,none,9,"1,2-en-3-one","5-ol-6,7-epoxy","9,13,14-orthoester",no C-12,no C-18,others,others,1,C12,C12*1,dodecanoyl(0.24),dodecanoyl,A1,B1,C1,none,R11,none,none,,,,,,A1B1C1,OCC12OC1C1C3OC4(CCCCCCCCCCC)OC3(C(=C)C)CC(C)C1(O4)C1C=C(C)C(=O)C1(O)C2O,PD00007575,C32H48O8,560.728,Top1,1,High Confidence
763,377,[4638],4638,473.2896,13.7,0,0,0,0,0,0,0,0,0,1095902.098,0,0,0,0,0,0,0,0,0,0,0,0,0,0,0,0,0,0,0,0,0,732640.1062,4696694.152,0,0,0,0,0,0,0,0,0,0,0,0,0,0,0,0,0,0,0,0,0,0,0,6,0,D,C28H40O6,possibly undescribed,none,[M+H]+,none,9,"1,2-en-3-one","5-ol-6,7-epoxy","9,13,14-orthoester",with C-12,no C-18,others,others,0,others,,octatrienoyl(0.01),none,A1,B1,C2,none,none,none,none,,,,,,A1B1C2,OCC12OC1C1C3OC4OC3(C(=C)C)CC(C)C1(O4)C1C=C(C)C(=O)C1(O)C2O,PD00000006,C21H26O8,406.431,Top1,1,Low Confidence
764,683,[11890],11890,791.4367,13.7,0,0,0,0,0,0,0,0,0,0,0,0,0,0,0,0,0,0,0,0,0,0,0,0,3978031.71,0,0,0,0,0,0,0,0,0,0,0,0,0,0,0,0,0,0,0,0,0,0,0,0,0,0,0,0,0,0,0,6,0,D,C46H62O11,possibly undescribed,none,[M+H]+,none,16,"1,2-dihydro-3-ol","5-ol-6,7-epoxy","9,13,14-orthoester",no C-12,no C-18,others,others,3,"C7,C9,C10",C9*1+C10*1+C7*1,"benzoyl(0.03),8-methoxy-9-hydroxy-2-4-6-dodecatrienoyl(0.05)",benzoyl,A4,B1,C1,none,R92,none,none,,,,,,A4B1C1,OCC12OC1C1C3OC4(c6ccccc6)OC3(C(=C)C)CC(C)C1(O4)C1CC(C)C(O)C1(O)C2O,PD00007944,C27H34O8,486.561,Top1,1,Low Confidence
765,171,[3595],3595,583.3656,13.8,0,0,0,0,0,0,0,0,0,0,0,0,8075163.651,0,0,0,0,0,0,0,0,0,0,0,0,0,0,0,0,0,0,0,0,0,0,0,0,0,0,0,0,0,0,0,0,0,0,0,0,0,0,0,0,0,0,0,10,0,D,C10H62O25,possibly undescribed,none,[M+H]+,none,-20,"1,2-en-3-one","5-ol-6,7-epoxy","9,13,14-orthoester",no C-12,no C-18,others,others,1,C-10,C-10*1,"octadienoyl(0.03),4-oxo-2-octenoyl(0.03),pentadecadienoyl(2.60),4-oxo-2-pentadecenoyl(2.60)",none,A1,B1,C1,none,none,none,none,,,,,,A1B1C1,OCC12OC1C1C3OC4OC3(C(=C)C)CC(C)C1(O4)C1C=C(C)C(=O)C1(O)C2O,PD00000001,C21H26O8,406.431,Top3,0.124,Low Confidence
766,306,[15],15,781.3587,13.8,0,0,0,0,0,0,0,0,0,0,0,0,0,0,0,0,0,0,0,0,0,0,0,21200000,0,0,0,0,0,0,0,0,0,0,0,0,0,0,0,0,0,0,0,0,0,0,0,0,0,0,0,0,0,0,0,0,11,0,D,C46H52O11,possibly undescribed,none,[M+H]+,none,21,"1,2-en-3-one","5-ol-6,7-epoxy","9,13,14-orthoester",with C-12,no C-18,others,others,3,"C7,C9,C10",C9*1+C10*1+C7*1,"benzoyl(0.35),feruloyl(0.08),5-pheny-2-4-pentadienoyl(9.00)","benzoyl,feruloyl",A1,B1,C2,none,R92,R95,none,,,,,,A1B1C2,OCC12OC1C1C3OC4(c6ccccc6)OC3(C(=C)C)C(OC(=O)C=Cc7c(OC)c(O)ccc7)C(C)C1(O4)C1C=C(C)C(=O)C1(O)C2O,PD00129713,C37H38O12,674.699,Top1,1,Low Confidence
767,665,[11635],11635,914.5056,13.8,0,0,0,0,0,0,0,0,0,0,0,0,0,0,0,0,0,0,0,0,0,0,0,0,0,0,0,0,0,0,0,0,0,0,0,0,0,0,0,0,0,0,0,0,0,0,1569951.228,0,0,0,0,0,0,0,0,0,7,0,D,C53H71O12N1,possibly undescribed,none,[M+NH4]+,none,19,"1,2-dihydro-3-ol","5-ol-6,7-epoxy","9,13,14-orthoester",no C-12,no C-18,others,others,4,"C7,C9,C10",C9*1+C10*1+C7*2,benzoyl(0.14),benzoyl,A4,B1,C1,none,R92,none,none,,,,,,A4B1C1,OCC12OC1C1C3OC4(c6ccccc6)OC3(C(=C)C)CC(C)C1(O4)C1CC(C)C(O)C1(O)C2O,PD00007944,C27H34O8,486.561,Top1,1,Low Confidence
768,672,[11821],11821,809.4473,13.8,0,0,0,0,0,0,0,0,0,0,0,0,0,0,0,0,0,0,0,0,0,0,0,0,11800000,0,0,0,0,0,0,0,0,0,0,0,0,0,0,0,0,0,0,0,0,0,0,0,0,0,0,0,0,0,0,0,12,6,D,C46H64O12,possibly undescribed,none,[M+H]+,none,15,"1,2-dihydro-3-ol","5-ol-6,7-epoxy","9,13,14-orthoester",no C-12,no C-18,"2,4-olefinic",others,3,"C7,C9,C10",C9*1+C10*1+C7*1,"hexadienoyl(0.05),8-methoxy-9-hydroxy-2-4-6-dodecatrienoyl(0.10)",benzoyl,A4,B1,C1,none,R92,none,none,,,,,,A4B1C1,OCC12OC1C1C3OC4(c6ccccc6)OC3(C(=C)C)CC(C)C1(O4)C1CC(C)C(O)C1(O)C2O,PD00007944,C27H34O8,486.561,Top1,1,Low Confidence
769,673,[11837],11837,673.3378,13.8,0,0,0,0,0,0,0,0,0,0,0,0,0,0,0,0,0,0,0,0,0,0,0,0,4877861.382,0,0,0,0,0,0,0,0,0,0,0,0,0,0,0,0,0,0,0,0,0,0,0,0,0,0,0,0,0,0,0,14,0,D,C40H48O9,possibly undescribed,none,[M+H]+,none,17,"1,2-dihydro-3-ol","5-ol-6,7-epoxy","9,13,14-orthoester",no C-12,no C-18,others,others,2,C10,C10*2,"benzoyl(0.10),feruloyl(0.05),benzoyl(1.00)","feruloyl,feruloyl",A4,B1,C1,none,R95,R95,none,,,,,,A4B1C1,OCC12OC1C1C3OC4(C=Cc6c(OC)c(O)ccc6)OC3(C(=C)C)CC(C)C1(O4)C1CC(C)C(OC(=O)C=Cc7c(OC)c(O)ccc7)C1(O)C2O,PD00022634,C40H46O13,734.795,Top1,1,Low Confidence
770,700,[2815],2815,501.3562,13.8,0,0,1062690.547,0,0,0,0,0,0,0,174353.1279,0,0,0,0,0,0,0,0,0,0,348760.4255,0,0,0,0,0,0,0,0,214202.3986,0,0,0,0,0,0,0,0,0,3940037.461,0,0,0,0,0,2912495.177,0,0,0,0,0,0,0,0,0,6,0,D,C31H48O5,possibly undescribed,none,[M+H]+,none,8,"1,2-dihydro-3-ol","5-ol-6,7-epoxy","9,13,14-orthoester",with C-12,no C-18,others,others,1,C11,C11*1,"acyl(0.06),decanoyl(0.02),undecenoyl(0.02)",undecenoyl,A4,B1,C2,none,R25,none,none,,,,,,A4B1C2,OCC12OC1C1C3OC4(C=CCCCCCCCC)OC3(C(=C)C)C(O)C(C)C1(O4)C1CC(C)C(O)C1(O)C2O,PD00008357,C31H48O9,564.716,Top1,1,Low Confidence
771,821,[5375],5375,665.3691,13.8,0,0,0,0,0,0,0,0,0,0,0,0,0,0,0,9509038.912,0,0,0,0,0,0,0,0,0,0,0,0,0,0,0,0,0,0,711857.1603,0,0,0,0,0,0,0,3578848.941,0,0,0,0,0,0,0,0,0,0,0,0,0,6,11,MD,C39H52O9,possibly undescribed,none,[M+H]+,none,14,1-alkyl-3-ol,"5-ol-6,7-epoxy","9,13,14-orthoester",no C-12,no C-18,others,C10 ring with no substituent,3,"C2,C5",C2*2+C5*1,cinnamoyl(1.40),"acyl,acyl,2-methylbutyryl",A8,B1,C1,M2,R1,R1,R4,none,none,none,none,none,A8B1C1M2,,,,0,Top1,1,Low Confidence
772,346,[2158],2158,693.3645,13.9,250763.9934,161132.4217,0,0,0,0,0,0,0,0,0,4352483.699,0,0,0,0,189104.7436,0,0,0,0,0,0,0,0,0,0,0,0,0,0,0,0,0,0,0,0,0,0,0,0,0,0,0,0,0,0,0,0,0,0,0,0,0,0,0,9,0,D,C40H52O10,possibly undescribed,none,[M+H]+,none,15,"1,2-en-3-one","5-ol-6,7-epoxy","9,13,14-orthoester",with C-12,no C-18,"2,4-olefinic",others,2,C10,C10*2,decatrienoyl(0.77),"decatrienoyl,decatrienoyl",A1,B1,C2,none,R48,R48,none,,,,,,A1B1C2,OCC12OC1C1C3OC4(C=CC=CC=CCCC)OC3(C(=C)C)C(OC(=O)C=CC=CC=CCCC)C(C)C1(O4)C1C=C(C)C(=O)C1(O)C2O,PD00128500,C40H50O10,690.83,Top1,1,Low Confidence
773,349,[2237],2237,695.3793,13.9,461992.093,0,0,0,0,0,0,0,0,0,0,0,0,0,0,0,0,0,0,0,0,0,0,0,1649551.362,0,0,0,0,0,0,0,0,0,0,0,0,0,0,0,0,0,0,0,0,0,0,0,0,0,0,0,0,0,0,0,6,0,D,C40H54O10,possibly undescribed,none,[M+H]+,none,14,"1,2-en-3-one","5-ol-6,7-epoxy","9,13,14-orthoester",with C-12,no C-18,others,others,2,C10,C10*2,"benzoyl(0.02),decadienoyl(0.50),4-oxo-2-decenoyl(0.50)","decadienoyl,4-oxo-2-decenoyl",A1,B1,C2,none,R37,R83,none,,,,,,A1B1C2,OCC12OC1C1C3OC4(C=CC=CCCCCC)OC3(C(=C)C)C(OC(=O)C=CC=CC(=O)CCCCC)C(C)C1(O4)C1C=C(C)C(=O)C1(O)C2O,PD00127941,C41H54O11,722.872,Top1,1,Low Confidence
774,783,[9708],9708,858.5359,13.9,0,0,0,0,0,0,0,0,0,0,0,0,0,0,0,0,0,0,0,0,0,0,0,0,0,0,0,0,0,2892703.481,0,0,0,0,0,0,0,0,0,0,0,0,0,0,0,0,0,0,0,0,0,0,0,0,0,0,0,9,MD,C48H75O12N1,possibly undescribed,none,[M+NH4]+,none,12,1-alkyl-3-one,"5-ol-6,7-epoxy","9,13,14-orthoester",no C-12,no C-18,others,C10 ring with one substituent,3,"C4,C7",C7*2+C4*1,others,"benzoyl,benzoyl,isobutyryl",A6,B1,C1,M3,R92,R92,R3,none,none,none,none,none,A6B1C1M3,,,,0,Top1,1,Low Confidence
775,72,[1032],1032,657.3633,14,0,0,0,0,0,0,0,8819619.559,0,0,0,0,0,0,0,0,0,0,0,0,0,0,0,0,0,0,0,0,0,0,0,0,0,0,0,0,0,1244382.069,0,269543.3642,0,0,0,0,0,0,0,0,0,0,0,0,0,0,0,69900000,17,0,D,C37H52O10,possibly known,"genkwanine G, wikstroelide B, wikstroelide S, genkwadane C",[M+H]+,none,12,"1,2-en-3-one","5-ol-6,7-epoxy","9,13,14-orthoester",no C-12,no C-18,"2,4-olefinic",others,1,C17,C17*1,"acyl(0.15),undecanoyl(0.04),hexadienoyl(0.65),pentadecadienoyl(6.00)",none,A1,B1,C1,none,none,none,none,,,,,,A1B1C1,OCC12OC1C1C3OC4OC3(C(=C)C)CC(C)C1(O4)C1C=C(C)C(=O)C1(O)C2O,PD00000001,C21H26O8,406.431,Top3,0.924,Low Confidence
776,98,[1698],1698,767.5091,14,0,0,0,0,0,2099647.132,0,804431.2659,0,0,150000000,6831951.941,0,0,0,0,0,0,0,0,0,0,0,0,0,0,0,0,0,0,0,0,13100000,229451.5793,0,41000000,0,0,0,0,0,0,0,0,235392.8722,0,0,0,0,0,4542832.39,0,0,0,0,0,10,0,D,C46H70O9,possibly undescribed,none,[M+H]+,none,12,"1,2-en-3-one","5-ol-6,7-epoxy","9,13,14-orthoester",no C-12,no C-18,"2,4-olefinic",others,1,C26,C26*1,"decadienoyl(2.70),hexadecanoyl(0.38)",none,A1,B1,C1,none,none,none,none,,,,,,A1B1C1,OCC12OC1C1C3OC4OC3(C(=C)C)CC(C)C1(O4)C1C=C(C)C(=O)C1(O)C2O,PD00000001,C21H26O8,406.431,Top1,1,Low Confidence
777,277,[9719],9719,823.5014,14,0,0,0,0,0,0,0,0,0,0,0,0,0,0,0,0,0,0,0,0,0,0,0,0,0,0,0,0,0,2931562.731,0,0,0,0,0,0,0,0,0,0,0,0,0,0,0,0,0,0,0,0,0,0,0,0,0,0,7,0,D,C23H82O29,possibly undescribed,none,[M+H]+,none,-17,"1,2-en-3-one","5-ol-6,7-epoxy","9,13,14-orthoester",no C-12,no C-18,others,others,1,C3,C3*1,"decadienoyl(0.05),4-oxo-2-decenoyl(0.05)",none,A1,B1,C1,none,none,none,none,,,,,,A1B1C1,OCC12OC1C1C3OC4OC3(C(=C)C)CC(C)C1(O4)C1C=C(C)C(=O)C1(O)C2O,PD00000001,C21H26O8,406.431,Top1,1,Low Confidence
778,82,[1165],1165,781.4525,14.1,0,0,0,0,0,0,0,3604333.335,0,0,0,0,0,0,0,0,0,0,0,0,0,0,0,0,0,0,0,0,0,0,0,0,0,0,0,0,0,0,0,0,0,0,0,0,0,0,0,0,0,0,0,0,0,0,0,0,7,0,D,C45H64O11,possibly undescribed,none,[M+H]+,none,14,"1,2-en-3-one","5-ol-6,7-epoxy","9,13,14-orthoester",no C-12,no C-18,others,others,1,C25,C25*1,"benzoyl(0.08),octadecadienoyl(0.05),4-oxo-2-octadecenoyl(0.05)",none,A1,B1,C1,none,none,none,none,,,,,,A1B1C1,OCC12OC1C1C3OC4OC3(C(=C)C)CC(C)C1(O4)C1C=C(C)C(=O)C1(O)C2O,PD00000001,C21H26O8,406.431,Top2,0.461,Low Confidence
779,173,[3604],3604,587.3581,14.1,0,0,0,0,0,0,0,0,0,0,0,0,5707347.627,0,0,0,0,0,0,0,0,0,0,0,0,0,0,0,0,1242685.983,0,422528.7234,0,0,0,0,1524972.418,4261803.789,0,0,0,0,273968.3816,0,0,0,0,0,219527.0154,59300000,17900000,0,0,0,7399578.635,0,13,0,D,C34H50O8,possibly undescribed,none,[M+H]+,none,10,"1,2-en-3-one","5-ol-6,7-epoxy","9,13,14-orthoester",no C-12,no C-18,others,others,1,C14,C14*1,"octatrienoyl(0.07),tetradecenoyl(0.07)",tetradecenoyl,A1,B1,C1,none,R28,none,none,,,,,,A1B1C1,OCC12OC1C1C3OC4(C=CCCCCCCCCCCC)OC3(C(=C)C)CC(C)C1(O4)C1C=C(C)C(=O)C1(O)C2O,PD00007592,C34H50O8,586.766,Top1,1,High Confidence
780,571,[4895],4895,641.3683,14.1,0,0,0,0,0,0,0,0,0,0,0,1138869.716,0,0,0,0,0,0,0,0,0,0,0,0,0,0,0,0,0,0,0,2840797.306,3993602.698,0,5062556.62,0,0,0,0,0,2869571.535,0,0,0,0,0,363464.3754,0,0,0,0,0,0,0,0,0,19,0,D,C37H52O9,possibly undescribed,none,[M+H]+,none,12,"1,2-en-3-ol","5-ol-6,7-epoxy","9,13,14-orthoester",no C-12,no C-18,others,others,1,C17,C17*1,"benzoyl(0.07),decanoyl(0.06),benzoyl(0.13)",none,A3,B1,C1,none,none,none,none,,,,,,A3B1C1,OCC12OC1C1C3OC4OC3(C(=C)C)CC(C)C1(O4)C1C=C(C)C(O)C1(O)C2O,PD00000003,C21H28O8,408.447,Top1,1,Low Confidence
781,245,[7772],7772,793.5245,14.2,0,0,0,0,0,0,0,0,0,0,0,0,0,0,0,0,0,0,0,0,0,0,0,0,0,0,0,0,0,0,0,0,248976.7051,0,0,30700000,0,0,0,0,0,0,0,0,0,0,0,0,0,0,8021449.917,0,0,0,0,0,9,0,D,C48H72O9,possibly undescribed,none,[M+H]+,none,13,"1,2-en-3-one","5-ol-6,7-epoxy","9,13,14-orthoester",no C-12,no C-18,"2,4-olefinic",others,1,C28,C28*1,"hexadienoyl(0.08),octadecenoyl(0.05)",none,A1,B1,C1,none,none,none,none,,,,,,A1B1C1,OCC12OC1C1C3OC4OC3(C(=C)C)CC(C)C1(O4)C1C=C(C)C(=O)C1(O)C2O,PD00000001,C21H26O8,406.431,Top1,1,Low Confidence
782,386,[5042],5042,923.4577,14.2,0,0,0,0,0,0,0,0,0,0,4487357.3,0,0,0,0,0,0,0,0,0,0,0,0,0,0,0,0,0,0,0,0,0,0,0,0,0,0,0,0,0,0,0,0,0,0,0,0,0,0,0,0,0,0,0,0,0,12,0,D,C54H66O13,possibly undescribed,none,[M+H]+,none,22,"1,2-en-3-one","5-ol-6,7-epoxy","9,13,14-orthoester",with C-12,no C-18,"2,4-olefinic",others,4,"C7,C10",C10*2+C7*2,"benzoyl(0.07),feruloyl(0.02),cinnamoyl(0.97),octadecatrienoyl(0.10)","benzoyl,feruloyl",A1,B1,C2,none,R92,R95,none,,,,,,A1B1C2,OCC12OC1C1C3OC4(c6ccccc6)OC3(C(=C)C)C(OC(=O)C=Cc7c(OC)c(O)ccc7)C(C)C1(O4)C1C=C(C)C(=O)C1(O)C2O,PD00129713,C37H38O12,674.699,Top1,1,Low Confidence
783,437,[9038],9038,961.5289,14.2,0,0,0,0,0,0,0,0,0,0,0,0,0,0,0,0,0,0,1019196.583,0,0,0,0,0,0,0,0,0,0,0,0,0,0,0,0,0,0,0,0,0,0,0,0,0,0,0,0,0,0,0,0,0,0,0,0,0,7,0,D,C37H84O27,possibly undescribed,none,[M+H]+,none,-4,"1,2-en-3-one","5-ol-6,7-epoxy","9,13,14-orthoester",with C-12,no C-18,others,others,2,"C7,C10",C10*1+C7*1,coumaroyl(0.59),"benzoyl,benzoyl",A1,B1,C2,none,R92,R92,none,,,,,,A1B1C2,OCC12OC1C1C3OC4(c6ccccc6)OC3(C(=C)C)C(OC(=O)c7ccccc7)C(C)C1(O4)C1C=C(C)C(=O)C1(O)C2O,PD00129710,C34H34O10,602.636,Top1,1,Low Confidence
784,530,"[11800,11818]",11818,760.4984,14.2,0,0,0,0,0,0,0,0,0,0,0,0,0,0,0,0,0,0,0,0,0,0,0,0,9086140.897,0,0,0,0,0,0,0,0,0,0,0,0,0,0,0,0,0,0,0,0,0,0,0,0,0,0,0,0,0,0,0,9,0,D,C43H69O10N1,possibly undescribed,none,[M+NH4]+,"11800, 11818",10,"1,2-dihydro-3-one","5-ol-6,7-epoxy","9,13,14-orthoester",no C-12,no C-18,others,others,1,C23,C23*1,"benzoyl(0.32),feruloyl(0.30),benzoyl(0.52),hexadecanoyl(0.06)",none,A2,B1,C1,none,none,none,none,,,,,,A2B1C1,OCC12OC1C1C3OC4OC3(C(=C)C)CC(C)C1(O4)C1CC(C)C(=O)C1(O)C2O,PD00000002,C21H28O8,408.447,Top3,0.762,Low Confidence
785,582,[10281],10281,691.3494,14.2,0,0,0,0,0,0,0,0,0,0,0,0,0,0,0,0,0,0,0,0,0,0,0,0,3067524.014,0,0,0,256444.0327,0,0,0,0,0,0,0,0,0,0,0,0,0,0,0,0,0,0,0,0,0,0,0,0,0,0,0,13,0,D,C15H62O28,possibly undescribed,none,[M+H]+,none,-15,"1,2-en-3-ol","5-ol-6,7-epoxy","9,13,14-orthoester",no C-12,no C-18,others,others,1,C-5,C-5*1,"benzoyl(0.10),feruloyl(0.07),benzoyl(0.30)",none,A3,B1,C1,none,none,none,none,,,,,,A3B1C1,OCC12OC1C1C3OC4OC3(C(=C)C)CC(C)C1(O4)C1C=C(C)C(O)C1(O)C2O,PD00000003,C21H28O8,408.447,Top2,0.857,Low Confidence
786,586,[11804],11804,774.5142,14.2,0,0,0,0,0,0,0,0,0,0,0,0,0,0,0,0,0,0,0,0,0,0,0,0,23600000,0,0,0,0,0,0,0,0,0,0,0,0,0,0,0,0,0,0,0,0,0,0,0,0,0,0,0,0,0,0,0,9,0,D,C44H71O10N1,possibly undescribed,none,[M+CH3NH2+H]+,"11800, 11804",10,"1,2-en-3-ol","5-ol-6,7-epoxy","9,13,14-orthoester",no C-12,no C-18,others,others,1,C24,C24*1,"benzoyl(0.81),feruloyl(0.79),benzoyl(1.30),hexadecanoyl(0.14)",none,A3,B1,C1,none,none,none,none,,,,,,A3B1C1,OCC12OC1C1C3OC4OC3(C(=C)C)CC(C)C1(O4)C1C=C(C)C(O)C1(O)C2O,PD00000003,C21H28O8,408.447,Top2,0.788,Low Confidence
787,591,"[11810,11830]",11810,725.4612,14.2,0,0,0,0,0,0,0,0,0,0,0,0,0,0,0,0,0,0,0,0,0,0,0,0,12500000,0,0,0,0,0,0,0,0,0,0,0,0,0,0,0,0,0,0,0,0,0,0,0,0,0,0,0,0,0,0,0,14,0,D,C43H64O9,possibly undescribed,none,[M+H-H2O]+,"11800, 11810, 11830",12,"1,2-en-3-ol","5-ol-6,7-epoxy","9,13,14-triol",no C-12,no C-18,others,others,1,C23,C23*1,"benzoyl(0.25),feruloyl(0.25),benzoyl(0.67),hexadecanoyl(0.14)",none,A3,B1,C3,none,none,none,none,,,,,,A3B1C3,OCC12OC1C1C(O)C(O)(C(=C)C)CC(C)C1(O)C1C=C(C)C(O)C1(O)C2O,PD00000013,C20H30O8,398.452,Top2,0.539,Low Confidence
788,543,[9000],9000,755.4363,14.3,0,0,0,0,0,0,0,0,0,0,0,0,0,0,0,0,0,0,2147430.445,0,0,0,0,0,0,0,0,0,0,0,0,0,0,0,0,0,0,0,0,0,0,0,0,0,0,0,0,0,0,0,0,0,0,0,0,0,10,0,D,C43H62O11,possibly undescribed,none,[M+H]+,none,13,"1,2-dihydro-3-one","5-ol-6,7-ene","9,13,14-orthoester",no C-12,no C-18,others,others,1,C23,C23*1,"benzoyl(0.16),hexadecanoyl(0.02)",none,A2,B3,C1,none,none,none,none,,,,,,A2B3C1,OCC1=CC2C3OC4OC3(C(=C)C)CC(C)C2(O4)C2CC(C)C(=O)C2(O)C1O,PD00000042,C21H28O7,392.448,Top1,1,Low Confidence
789,70,[1023],1023,599.3577,14.4,0,0,7324569.964,0,0,0,0,8631923.879,0,0,0,0,113000000,0,0,0,0,0,0,0,0,0,0,0,0,0,0,0,1544179.777,45300000,0,0,0,0,4089746.433,0,0,45400000,946627.1058,0,0,0,4433756.592,0,0,0,0,0,0,935236.8271,0,0,0,0,0,46500000,12,0,D,C35H50O8,possibly known,(DA09)std_wikstrotoxin A,[M+H]+,none,11,"1,2-en-3-one","5-ol-6,7-epoxy","9,13,14-orthoester",no C-12,no C-18,others,others,1,C15,C15*1,"octatrienoyl(0.34),pentadecadienoyl(15.00),4-oxo-2-pentadecenoyl(15.00)",pentadecadienoyl,A1,B1,C1,none,R42,none,none,,,,,,A1B1C1,OCC12OC1C1C3OC4(C=CC=CCCCCCCCCCC)OC3(C(=C)C)CC(C)C1(O4)C1C=C(C)C(=O)C1(O)C2O,PD00007606,C35H50O8,598.777,Top1,1,High Confidence
790,88,[1256],1256,761.4258,14.4,279991.6175,0,0,0,0,0,194262.5495,1622418.498,0,0,675251.3829,0,0,0,0,0,0,0,0,0,0,0,0,0,0,0,0,0,0,0,0,0,0,0,0,0,0,0,0,0,0,0,0,0,0,0,0,0,0,0,0,0,0,0,0,0,6,0,D,C45H60O10,possibly undescribed,none,[M+H]+,none,16,"1,2-en-3-one","5-ol-6,7-epoxy","9,13,14-orthoester",no C-12,no C-18,others,others,3,"C7,C11",C7*2+C11*1,benzoyl(0.06),benzoyl,A1,B1,C1,none,R92,none,none,,,,,,A1B1C1,OCC12OC1C1C3OC4(c6ccccc6)OC3(C(=C)C)CC(C)C1(O4)C1C=C(C)C(=O)C1(O)C2O,PD00007656,C27H30O8,482.529,Top3,0.239,Low Confidence
791,320,[1078],1078,763.4412,14.4,3631827.538,0,0,0,0,0,684002.1938,8808961.373,0,0,10600000,0,0,0,0,0,0,0,0,0,0,0,0,0,0,0,0,0,0,0,0,0,0,0,0,0,0,0,0,0,0,0,0,0,0,0,0,0,0,0,0,0,0,0,0,0,18,0,D,C45H62O10,possibly undescribed,none,[M+H]+,none,15,"1,2-en-3-one","5-ol-6,7-epoxy","9,13,14-orthoester",with C-12,no C-18,others,others,3,"C7,C11",C7*2+C11*1,"benzoyl(0.07),feruloyl(0.03),undecanoyl(0.03),benzoyl(0.42),octadecatrienoyl(0.04)","benzoyl,undecanoyl",A1,B1,C2,none,R92,R10,none,,,,,,A1B1C2,OCC12OC1C1C3OC4(CCCCCCCCCC)OC3(C(=C)C)C(OC(=O)c7ccccc7)C(C)C1(O4)C1C=C(C)C(=O)C1(O)C2O,PD00125979,C38H50O10,666.808,Top3,0.867,Low Confidence
792,324,[1120],1120,813.4421,14.4,0,0,0,0,0,0,0,4690551.895,0,0,0,0,0,0,0,0,0,0,0,0,0,0,0,0,0,0,0,0,0,0,0,0,0,0,0,0,0,0,0,0,0,0,0,0,0,0,0,0,0,0,0,0,0,0,0,0,10,0,D,C45H64O13,possibly undescribed,none,[M+H]+,none,14,"1,2-en-3-one","5-ol-6,7-epoxy","9,13,14-orthoester",with C-12,no C-18,others,others,3,"C7,C11",C7*2+C11*1,"benzoyl(0.06),feruloyl(0.05),benzoyl(0.39),hexadecanoyl(0.06)",benzoyl,A1,B1,C2,none,R92,none,none,,,,,,A1B1C2,OCC12OC1C1C3OC4(c6ccccc6)OC3(C(=C)C)C(O)C(C)C1(O4)C1C=C(C)C(=O)C1(O)C2O,PD00008136,C27H30O9,498.528,Top3,0.939,Low Confidence
793,569,[3953],3953,639.3138,14.4,0,0,0,0,0,0,0,0,0,0,0,0,263303.0062,0,0,0,0,0,0,0,0,0,0,0,0,0,0,0,0,0,0,0,0,0,0,0,0,0,0,0,0,0,0,0,0,0,0,0,0,0,0,0,0,0,0,0,18,0,D,C18H54O23,possibly undescribed,none,[M+H]+,none,-8,"1,2-en-3-ol","5-ol-6,7-epoxy","9,13,14-orthoester",no C-12,no C-18,others,others,1,C-2,C-2*1,decanoyl(0.07),none,A3,B1,C1,none,none,none,none,,,,,,A3B1C1,OCC12OC1C1C3OC4OC3(C(=C)C)CC(C)C1(O4)C1C=C(C)C(O)C1(O)C2O,PD00000003,C21H28O8,408.447,Top1,1,Low Confidence
794,577,[6296],6296,883.4635,14.4,0,0,0,0,0,0,0,0,0,0,0,0,0,0,0,0,0,0,0,0,0,0,0,0,0,0,0,0,0,0,0,0,0,0,0,0,0,0,0,0,4166838.544,2051142.826,0,0,0,0,5927084.387,0,0,0,0,0,0,0,0,0,6,0,D,C52H66O12,possibly undescribed,none,[M+H]+,none,20,"1,2-en-3-ol","5-ol-6,7-epoxy","9,13,14-orthoester",no C-12,no C-18,others,others,3,"C10,C11",C10*1+C11*2,"benzoyl(0.06),feruloyl(0.03),benzoyl(0.52)",feruloyl,A3,B1,C1,none,R95,none,none,,,,,,A3B1C1,OCC12OC1C1C3OC4(C=Cc6c(OC)c(O)ccc6)OC3(C(=C)C)CC(C)C1(O4)C1C=C(C)C(O)C1(O)C2O,PD00007851,C30H36O10,556.608,Top1,1,Low Confidence
795,604,[704],704,769.3947,14.4,0,0,0,0,0,0,0,0,0,0,0,0,0,0,0,0,0,0,0,0,0,0,0,0,0,0,4389625.911,0,0,0,0,0,0,0,0,0,0,0,0,0,0,0,0,0,0,0,0,0,0,0,0,0,0,0,0,0,6,0,D,C46H56O10,possibly undescribed,none,[M+H]+,none,19,"1,2-dihydro-3-ol","5-ol-6,7-epoxy","9,13,14-orthoester",no C-12,no C-18,others,others,3,"C7,C9,C10",C9*1+C10*1+C7*1,benzoyl(0.13),benzoyl,A4,B1,C1,none,R92,none,none,,,,,,A4B1C1,OCC12OC1C1C3OC4(c6ccccc6)OC3(C(=C)C)CC(C)C1(O4)C1CC(C)C(O)C1(O)C2O,PD00007944,C27H34O8,486.561,Top1,1,Low Confidence
796,646,[6349],6349,885.476,14.4,0,0,0,0,0,0,0,0,0,0,0,0,0,0,0,0,0,0,0,0,0,0,0,0,0,0,0,0,0,0,0,0,0,0,0,0,0,0,0,0,1523051.976,564146.3296,0,0,0,0,4271762.955,0,0,0,0,0,0,0,0,0,6,0,D,C34H76O25,possibly undescribed,none,[M+H]+,none,-3,"1,2-dihydro-3-ol","5-ol-6,7-epoxy","9,13,14-orthoester",no C-12,no C-18,others,others,1,C14,C14*1,"benzoyl(0.03),feruloyl(0.03),benzoyl(0.22)",none,A4,B1,C1,none,none,none,none,,,,,,A4B1C1,OCC12OC1C1C3OC4OC3(C(=C)C)CC(C)C1(O4)C1CC(C)C(O)C1(O)C2O,PD00000004,C21H30O8,410.463,Top1,1,Low Confidence
797,115,[2007],2007,739.4414,14.5,2325400.669,0,1602243.093,0,0,0,0,0,0,0,0,0,0,0,0,0,0,0,0,0,0,0,0,0,0,0,0,0,0,0,0,0,0,0,0,0,0,0,0,0,0,0,0,0,0,0,0,0,0,0,0,0,0,0,0,0,11,0,D,C43H62O10,possibly undescribed,none,[M+H]+,none,13,"1,2-en-3-one","5-ol-6,7-epoxy","9,13,14-orthoester",no C-12,no C-18,others,others,1,C23,C23*1,"benzoyl(0.05),benzoyl(0.09),hexadecanoyl(0.04)",none,A1,B1,C1,none,none,none,none,,,,,,A1B1C1,OCC12OC1C1C3OC4OC3(C(=C)C)CC(C)C1(O4)C1C=C(C)C(=O)C1(O)C2O,PD00000001,C21H26O8,406.431,Top3,0.964,Low Confidence
798,121,[2081],2081,819.4678,14.5,1587296.754,11900000,0,0,0,0,0,0,0,0,2530044.935,0,0,0,0,0,0,0,0,0,0,0,0,0,0,0,0,0,0,0,0,0,0,0,0,0,0,0,0,0,0,0,0,0,0,0,0,0,0,0,0,0,0,0,0,0,8,0,D,C48H66O11,possibly undescribed,none,[M+H]+,none,16,"1,2-en-3-one","5-ol-6,7-epoxy","9,13,14-orthoester",no C-12,no C-18,others,others,3,"C7,C10,C11",C10*1+C7*1+C11*1,decatrienoyl(0.72),"benzoyl,decatrienoyl",A1,B1,C1,none,R92,R48,none,,,,,,A1B1C1,c7ccccc7C(=O)OCC12OC1C1C3OC4(C=CC=CC=CCCC)OC3(C(=C)C)CC(C)C1(O4)C1C=C(C)C(=O)C1(O)C2O,PD00268224,C37H42O9,630.734,Top1,1,Low Confidence
799,189,[3915],3915,575.3574,14.5,0,0,0,0,0,0,0,0,0,0,0,0,908281.815,0,0,0,0,0,0,0,0,0,0,0,0,0,0,0,0,0,0,0,0,0,0,0,0,0,0,0,0,0,0,0,0,0,0,0,0,1634663.375,0,0,0,0,0,0,12,0,D,C33H50O8,possibly undescribed,none,[M+H]+,none,9,"1,2-en-3-one","5-ol-6,7-epoxy","9,13,14-orthoester",no C-12,no C-18,others,others,1,C13,C13*1,decatrienoyl(0.02),none,A1,B1,C1,none,none,none,none,,,,,,A1B1C1,OCC12OC1C1C3OC4OC3(C(=C)C)CC(C)C1(O4)C1C=C(C)C(=O)C1(O)C2O,PD00000001,C21H26O8,406.431,Top1,1,Low Confidence
800,458,[11578],11578,900.5253,14.5,0,0,0,0,0,0,0,0,0,0,0,0,0,0,0,0,0,0,0,0,0,0,0,0,0,0,0,0,0,0,0,0,0,0,0,0,0,0,0,0,0,0,0,0,0,0,6096597.245,0,0,0,0,0,0,0,0,0,7,0,D,C53H73O11N1,possibly undescribed,none,[M+NH4]+,none,18,"1,2-en-3-one","5-ol-6,7-epoxy","9,13,14-orthoester",with C-12,no C-18,others,others,4,"C7,C9,C10",C9*1+C10*1+C7*2,"benzoyl(0.07),feruloyl(0.06),benzoyl(0.60),octadecatrienoyl(0.09)","benzoyl,feruloyl",A1,B1,C2,none,R92,R95,none,,,,,,A1B1C2,OCC12OC1C1C3OC4(c6ccccc6)OC3(C(=C)C)C(OC(=O)C=Cc7c(OC)c(O)ccc7)C(C)C1(O4)C1C=C(C)C(=O)C1(O)C2O,PD00129713,C37H38O12,674.699,Top3,0.677,Low Confidence
801,567,[3585],3585,639.3522,14.5,0,0,0,0,0,0,0,0,0,0,0,0,8603960.238,0,0,557003.4263,0,0,0,0,0,0,0,0,0,0,0,0,0,0,0,0,229583.3041,0,2061897.295,0,280621.347,6346492.77,0,0,0,0,0,0,0,0,0,0,0,0,0,0,0,0,0,0,18,0,D,C37H50O9,possibly known,"daphnopsis factor R1/gnilatimacrin, pimelea factor P3 (daphnopsis factor R5), genkwadane B",[M+H]+,none,13,"1,2-en-3-ol","5-ol-6,7-epoxy","9,13,14-orthoester",no C-12,no C-18,others,others,1,C17,C17*1,"decanoyl(0.09),decanoyl(0.07)",none,A3,B1,C1,none,none,none,none,,,,,,A3B1C1,OCC12OC1C1C3OC4OC3(C(=C)C)CC(C)C1(O4)C1C=C(C)C(O)C1(O)C2O,PD00000003,C21H28O8,408.447,Top1,1,Low Confidence
802,581,[9670],9670,639.3906,14.5,0,0,0,0,0,0,0,0,0,0,0,0,0,0,0,0,0,0,0,0,0,0,0,0,0,0,0,0,0,6463258.307,0,0,0,0,0,0,0,0,0,0,0,0,0,0,0,0,0,0,0,0,0,0,0,0,0,0,7,0,D,C13H66O26,possibly undescribed,none,[M+H]+,none,-19,"1,2-en-3-ol","5-ol-6,7-epoxy","9,13,14-orthoester",no C-12,no C-18,others,others,1,C-7,C-7*1,others,none,A3,B1,C1,none,none,none,none,,,,,,A3B1C1,OCC12OC1C1C3OC4OC3(C(=C)C)CC(C)C1(O4)C1C=C(C)C(O)C1(O)C2O,PD00000003,C21H28O8,408.447,Top1,1,Low Confidence
803,641,[6266],6266,849.4582,14.5,0,0,0,0,0,0,0,0,0,0,0,0,0,0,0,0,0,0,0,0,0,0,0,0,0,0,0,0,0,0,0,0,1764203.014,0,2571576.253,0,0,0,0,0,16400000,14400000,0,0,0,0,1832594.814,0,0,0,0,0,0,0,0,0,11,0,D,C52H64O10,possibly undescribed,none,[M+H]+,none,21,"1,2-dihydro-3-ol","5-ol-6,7-epoxy","9,13,14-orthoester",no C-12,no C-18,others,others,3,"C10,C11",C10*1+C11*2,"benzoyl(0.09),feruloyl(0.05),benzoyl(0.57)",feruloyl,A4,B1,C1,none,R95,none,none,,,,,,A4B1C1,OCC12OC1C1C3OC4(C=Cc6c(OC)c(O)ccc6)OC3(C(=C)C)CC(C)C1(O4)C1CC(C)C(O)C1(O)C2O,PD00007947,C30H38O10,558.624,Top1,1,Low Confidence
804,644,[6278],6278,898.5113,14.5,0,0,0,0,0,0,0,0,0,0,0,0,0,0,0,0,0,0,0,0,0,0,0,0,0,0,0,0,0,0,0,0,503094.8393,0,906449.1028,0,0,0,0,0,6441574.595,5818606.092,0,0,0,0,3745863.331,0,0,0,0,0,0,0,0,0,13,0,D,C28H83O29N1,possibly known,gnidicin-20-palmitate,[M+NH4]+,none,-12,"1,2-dihydro-3-ol","5-ol-6,7-epoxy","9,13,14-orthoester",no C-12,no C-18,others,others,1,C8,C8*1,"benzoyl(0.11),decanoyl(0.04),benzoyl(0.36)",none,A4,B1,C1,none,none,none,none,,,,,,A4B1C1,OCC12OC1C1C3OC4OC3(C(=C)C)CC(C)C1(O4)C1CC(C)C(O)C1(O)C2O,PD00000004,C21H30O8,410.463,Top1,1,Low Confidence
805,764,[3704],3704,802.5459,14.5,0,0,0,0,0,0,0,0,0,0,0,0,10100000,0,0,0,0,0,0,0,0,0,0,0,0,0,0,0,7655109.525,25400000,0,0,0,0,0,0,13900000,0,0,0,0,0,0,0,0,0,0,0,0,0,0,0,0,0,0,5602949.544,0,10,MD,C46H75O10N1,possibly undescribed,none,[M+NH4]+,none,10,1-alkyl-3-one,"5-ol-6,7-epoxy","9,13,14-orthoester",no C-12,no C-18,others,C10 ring with no substituent,5,"C2,C4",C2*2+C4*3,others,"acyl,acyl,isobutyryl,isobutyryl,isobutyryl",A6,B1,C1,M2,R1,R1,R3,R3,R3,none,none,none,A6B1C1M2,,,,0,Top1,1,Low Confidence
806,149,[2973],2973,803.4723,14.6,0,7994352.597,0,0,0,0,0,0,0,0,0,0,0,0,0,0,0,0,0,0,0,0,0,0,0,0,0,0,0,0,0,0,0,0,0,0,0,0,0,0,0,0,0,0,0,0,0,0,0,0,0,0,0,0,0,0,14,0,D,C48H66O10,possibly undescribed,none,[M+H]+,none,16,"1,2-en-3-one","5-ol-6,7-epoxy","9,13,14-orthoester",no C-12,no C-18,others,others,3,"C7,C10,C11",C10*1+C7*1+C11*1,decatrienoyl(0.63),"benzoyl,decatrienoyl",A1,B1,C1,none,R92,R48,none,,,,,,A1B1C1,c7ccccc7C(=O)OCC12OC1C1C3OC4(C=CC=CC=CCCC)OC3(C(=C)C)CC(C)C1(O4)C1C=C(C)C(=O)C1(O)C2O,PD00268224,C37H42O9,630.734,Top1,1,Low Confidence
807,179,[3668],3668,687.4106,14.6,0,0,0,0,0,0,0,0,0,0,0,0,4713801.949,0,0,0,0,0,0,0,0,0,0,0,0,0,0,0,0,0,0,0,0,0,0,0,0,2379790.641,0,0,0,0,0,0,0,0,0,0,0,0,0,0,0,0,0,0,8,0,D,C39H58O10,possibly undescribed,none,[M+H]+,none,11,"1,2-en-3-one","5-ol-6,7-epoxy","9,13,14-orthoester",no C-12,no C-18,others,others,1,C19,C19*1,"decanoyl(0.04),nonatrienoyl(0.02)",none,A1,B1,C1,none,none,none,none,,,,,,A1B1C1,OCC12OC1C1C3OC4OC3(C(=C)C)CC(C)C1(O4)C1C=C(C)C(=O)C1(O)C2O,PD00000001,C21H26O8,406.431,Top1,1,Low Confidence
808,498,[7704],7704,473.2903,14.6,0,0,0,0,0,0,0,0,0,0,0,0,0,0,0,0,0,0,0,0,0,0,0,0,0,0,0,0,0,0,0,0,1289885.058,0,0,0,0,0,0,0,0,0,0,0,0,0,0,0,0,0,0,0,0,0,0,0,6,0,D,C28H40O6,possibly undescribed,none,[M+H]+,none,9,"1,2-en-3-one","5-ol-6,7-ene","9,13,14-orthoester",with C-12,no C-18,others,others,0,others,,octanoyl(0.10),none,A1,B3,C2,none,none,none,none,,,,,,A1B3C2,OCC1=CC2C3OC4OC3(C(=C)C)CC(C)C2(O4)C2C=C(C)C(=O)C2(O)C1O,PD00000046,C21H26O7,390.432,Top1,1,Low Confidence
809,580,[8896],8896,916.52,14.6,0,0,0,0,0,0,0,0,0,0,0,0,0,0,0,0,0,0,0,0,0,0,0,0,0,0,0,0,0,0,0,0,0,0,0,0,0,0,0,0,198514.4797,0,0,0,0,0,31800000,0,0,0,0,0,0,0,0,0,11,0,D,C53H73O12N1,possibly undescribed,none,[M+NH4]+,none,18,"1,2-en-3-ol","5-ol-6,7-epoxy","9,13,14-orthoester",no C-12,no C-18,others,others,4,"C7,C9,C10",C9*1+C10*1+C7*2,"benzoyl(0.43),feruloyl(0.21),benzoyl(1.90),octadecatrienoyl(0.26)","benzoyl,feruloyl",A3,B1,C1,none,R92,R95,none,,,,,,A3B1C1,OCC12OC1C1C3OC4(c6ccccc6)OC3(C(=C)C)CC(C)C1(O4)C1C=C(C)C(OC(=O)C=Cc7c(OC)c(O)ccc7)C1(O)C2O,PD00017969,C37H40O11,660.716,Top1,1,Low Confidence
810,640,[5341],5341,847.5361,14.6,0,0,0,0,0,0,0,0,0,0,0,533070.1708,0,0,0,0,0,0,0,0,0,0,0,0,1130553.54,0,0,0,0,0,0,0,0,0,0,0,0,0,0,0,1005917.739,0,17900000,0,0,0,0,0,0,0,0,0,0,0,0,0,6,0,D,C51H74O10,possibly undescribed,none,[M+H]+,none,15,"1,2-dihydro-3-ol","5-ol-6,7-epoxy","9,13,14-orthoester",no C-12,no C-18,"2,4-olefinic",others,3,"C10,C11",C10*2+C11*1,"octadienoyl(0.96),hexadecanoyl(0.04)",none,A4,B1,C1,none,none,none,none,,,,,,A4B1C1,OCC12OC1C1C3OC4OC3(C(=C)C)CC(C)C1(O4)C1CC(C)C(O)C1(O)C2O,PD00000004,C21H30O8,410.463,Top1,1,Low Confidence
811,119,"[1972,2049]",2049,970.5313,14.7,2516157.448,1488588.31,0,0,0,0,0,0,807257.9135,0,8830789.381,2523050.403,0,0,0,0,594502.5209,0,0,0,0,0,0,0,0,0,0,0,0,0,0,0,0,0,0,0,0,0,0,0,0,0,0,0,0,0,0,0,0,0,0,0,0,0,0,0,13,0,D,C56H75O13N1,possibly undescribed,none,[M+CH3NH2+H]+,"1972, 2049",20,"1,2-en-3-one","5-ol-6,7-epoxy","9,13,14-orthoester",no C-12,no C-18,"2,4-olefinic",others,4,"C7,C11",C7*2+C11*2,"benzoyl(0.07),feruloyl(0.03),decatrienoyl(1.20)",benzoyl,A1,B1,C1,none,R92,none,none,,,,,,A1B1C1,OCC12OC1C1C3OC4(c6ccccc6)OC3(C(=C)C)CC(C)C1(O4)C1C=C(C)C(=O)C1(O)C2O,PD00007656,C27H30O8,482.529,Top3,0.828,Low Confidence
812,157,[3342],3342,649.4089,14.7,0,0,0,0,15900000,0,0,0,0,0,0,0,0,0,0,0,0,0,0,0,0,0,0,0,0,0,0,0,0,0,0,0,0,0,0,0,0,0,0,0,0,0,0,0,0,0,0,0,0,0,0,0,0,0,0,0,8,0,D,C40H56O7,possibly undescribed,none,[M+H]+,none,13,"1,2-en-3-one","5-ol-6,7-epoxy","9,13,14-orthoester",no C-12,no C-18,others,others,1,C20,C20*1,"acyl(0.44),8-9-epoxy-2-4-6-undecatrienoyl(0.14),octadecatrienoyl(0.11)",none,A1,B1,C1,none,none,none,none,,,,,,A1B1C1,OCC12OC1C1C3OC4OC3(C(=C)C)CC(C)C1(O4)C1C=C(C)C(=O)C1(O)C2O,PD00000001,C21H26O8,406.431,Top1,1,Low Confidence
813,296,[11588],11588,862.5099,14.8,0,0,0,0,0,0,0,0,0,0,0,0,0,0,0,0,0,0,0,0,0,0,0,0,0,0,0,0,0,0,0,0,0,0,0,0,0,0,0,0,0,0,0,0,0,0,3988209.98,0,0,0,0,0,0,0,0,0,6,0,D,C50H71O11N1,possibly undescribed,none,[M+NH4]+,none,16,"1,2-en-3-one","5-ol-6,7-epoxy","9,13,14-orthoester",no C-12,no C-18,others,others,3,"C9,C10,C11",C9*1+C10*1+C11*1,"benzoyl(0.15),feruloyl(0.15),benzoyl(1.10),pentadecenoyl(0.13)",feruloyl,A1,B1,C1,none,R95,none,none,,,,,,A1B1C1,OCC12OC1C1C3OC4(C=Cc6c(OC)c(O)ccc6)OC3(C(=C)C)CC(C)C1(O4)C1C=C(C)C(=O)C1(O)C2O,PD00007659,C30H34O10,554.592,Top2,0.841,Low Confidence
814,579,[6360],6360,885.4789,14.8,0,0,0,0,0,0,0,0,0,0,0,0,0,0,0,0,0,0,0,0,0,0,0,0,0,0,0,0,0,0,0,0,0,0,0,0,0,0,0,0,958904.4277,909022.8754,0,0,723900.8106,0,23100000,0,0,0,0,0,0,0,0,0,9,0,D,C52H68O12,possibly undescribed,none,[M+H]+,none,19,"1,2-en-3-ol","5-ol-6,7-epoxy","9,13,14-orthoester",no C-12,no C-18,others,others,3,"C10,C11",C10*1+C11*2,"benzoyl(0.16),feruloyl(0.11),benzoyl(1.30),octadecatrienoyl(0.15)",feruloyl,A3,B1,C1,none,R95,none,none,,,,,,A3B1C1,OCC12OC1C1C3OC4(C=Cc6c(OC)c(O)ccc6)OC3(C(=C)C)CC(C)C1(O4)C1C=C(C)C(O)C1(O)C2O,PD00007851,C30H36O10,556.608,Top1,1,Low Confidence
815,661,[11590],11590,930.5346,14.8,0,0,0,0,0,0,0,0,0,0,0,0,0,0,0,0,0,0,0,0,0,0,0,0,0,0,0,0,0,0,0,0,0,0,0,0,0,0,0,0,0,0,0,0,0,0,3275701.576,0,0,0,0,0,0,0,0,0,7,0,D,C54H75O12N1,possibly undescribed,none,[M+NH4]+,none,18,"1,2-dihydro-3-ol","5-ol-6,7-epoxy","9,13,14-orthoester",no C-12,no C-18,others,others,4,"C7,C10",C10*2+C7*2,"benzoyl(0.06),feruloyl(0.06),benzoyl(0.29),octadecatrienoyl(0.03)","benzoyl,feruloyl",A4,B1,C1,none,R92,R95,none,,,,,,A4B1C1,OCC12OC1C1C3OC4(c6ccccc6)OC3(C(=C)C)CC(C)C1(O4)C1CC(C)C(OC(=O)C=Cc7c(OC)c(O)ccc7)C1(O)C2O,PD00022625,C37H42O11,662.732,Top1,1,Low Confidence
816,787,[10774],10774,914.5968,14.8,0,0,0,0,0,0,0,0,0,0,0,0,0,0,0,0,0,0,0,0,0,0,0,0,0,0,0,0,0,0,0,0,0,0,0,0,0,0,0,0,0,0,0,0,0,0,0,0,0,0,25300000,0,0,0,0,0,0,7,MD,C34H91O25N1,possibly undescribed,none,[M+NH4]+,none,-10,1-alkyl-3-one,"5-ol-6,7-epoxy","9,13,14-orthoester",no C-12,no C-18,others,C10 ring with three substituents and a hydroxyl group,2,C2,C2*2,others,"acyl,acyl",A6,B1,C1,M6,R1,R1,none,none,none,none,none,none,A6B1C1M6,,,,0,Top4,0.318,Low Confidence
817,337,[2019],2019,905.4854,14.9,4179163.644,5105469.756,0,0,0,0,2761325.194,0,0,0,5844797.268,4671732.914,0,0,0,0,0,0,0,0,0,0,0,0,0,0,0,0,0,0,0,0,0,0,0,0,0,0,0,0,0,0,0,0,0,0,0,0,0,0,0,0,0,0,0,0,11,0,D,C30H80O29,possibly undescribed,none,[M+H]+,none,-9,"1,2-en-3-one","5-ol-6,7-epoxy","9,13,14-orthoester",with C-12,no C-18,others,others,1,C10,C10*1,benzoyl(0.16),none,A1,B1,C2,none,none,none,none,,,,,,A1B1C2,OCC12OC1C1C3OC4OC3(C(=C)C)CC(C)C1(O4)C1C=C(C)C(=O)C1(O)C2O,PD00000006,C21H26O8,406.431,Top1,1,Low Confidence
818,524,[6271],6271,886.5091,14.9,0,0,0,0,0,0,0,0,0,0,0,0,0,0,0,0,0,0,0,0,0,0,0,0,0,0,0,0,0,0,0,0,0,0,0,0,0,0,0,0,0,10800000,0,0,0,0,0,0,0,0,0,0,0,0,0,0,7,0,D,C52H71O11N1,possibly undescribed,none,[M+NH4]+,none,18,"1,2-dihydro-3-one","5-ol-6,7-epoxy","9,13,14-orthoester",no C-12,no C-18,others,others,3,"C10,C11",C10*1+C11*2,"benzoyl(0.15),feruloyl(0.09),benzoyl(0.67),octadecatrienoyl(0.07)",feruloyl,A2,B1,C1,none,R95,none,none,,,,,,A2B1C1,OCC12OC1C1C3OC4(C=Cc6c(OC)c(O)ccc6)OC3(C(=C)C)CC(C)C1(O4)C1CC(C)C(=O)C1(O)C2O,PD00007755,C30H36O10,556.608,Top3,0.911,Low Confidence
819,626,[2082],2082,885.4795,14.9,1389771.624,0,0,0,0,0,0,0,0,0,0,0,0,0,0,0,0,0,0,0,0,0,0,0,0,0,0,0,0,0,0,0,0,0,0,0,0,0,0,0,6070899.392,3115538.058,0,0,0,0,0,0,0,0,0,0,0,0,0,0,6,0,D,C52H68O12,possibly undescribed,none,[M+H]+,none,19,"1,2-dihydro-3-ol","5-ol-6,7-epoxy","9,13,14-orthoester",no C-12,no C-18,others,others,3,"C10,C11",C10*1+C11*2,"benzoyl(0.13),feruloyl(0.04),benzoyl(0.69),octadecatrienoyl(0.09)",feruloyl,A4,B1,C1,none,R95,none,none,,,,,,A4B1C1,OCC12OC1C1C3OC4(C=Cc6c(OC)c(O)ccc6)OC3(C(=C)C)CC(C)C1(O4)C1CC(C)C(O)C1(O)C2O,PD00007947,C30H38O10,558.624,Top1,1,Low Confidence
820,636,[4815],4815,899.5657,14.9,0,0,0,0,0,0,0,0,0,438553.1105,0,0,0,0,0,0,0,0,0,0,0,0,0,0,0,0,0,0,0,0,0,0,464683.0755,35100000,0,5650955.119,0,0,0,0,9808172.414,0,16500000,0,0,0,1068062.03,0,0,0,0,0,0,0,0,0,7,0,D,C55H78O10,possibly undescribed,none,[M+H]+,none,17,"1,2-dihydro-3-ol","5-ol-6,7-epoxy","9,13,14-orthoester",no C-12,no C-18,"2,4-olefinic",others,4,"C7,C10,C11",C10*1+C7*2+C11*1,"benzoyl(0.21),nonanoyl(0.19),decanoyl(0.60),undecanoyl(0.03),decadienoyl(4.70),octadecadienoyl(0.12)","benzoyl,decadienoyl,undecanoyl",A4,B1,C1,none,R92,R37,R10,,,,,,A4B1C1,,,,0,Top1,1,Low Confidence
821,147,[2951],2951,821.4828,15,0,12700000,0,0,0,0,0,0,0,0,2140857.224,0,0,0,0,0,0,0,0,0,0,0,0,0,0,0,0,0,0,0,0,0,0,0,0,0,0,0,0,0,0,0,0,0,0,0,0,0,0,0,0,0,0,0,0,0,11,0,D,C48H68O11,possibly undescribed,none,[M+H]+,none,15,"1,2-en-3-one","5-ol-6,7-epoxy","9,13,14-orthoester",no C-12,no C-18,"2,4-olefinic",others,3,"C7,C10,C11",C10*1+C7*1+C11*1,"acyl(0.06),decatrienoyl(1.00),octadecatrienoyl(0.16)","benzoyl,decatrienoyl",A1,B1,C1,none,R92,R48,none,,,,,,A1B1C1,c7ccccc7C(=O)OCC12OC1C1C3OC4(C=CC=CC=CCCC)OC3(C(=C)C)CC(C)C1(O4)C1C=C(C)C(=O)C1(O)C2O,PD00268224,C37H42O9,630.734,Top1,1,Low Confidence
822,663,[11622],11622,930.5345,15,0,0,0,0,0,0,0,0,0,0,0,0,0,0,0,0,0,0,0,0,0,0,0,0,0,0,0,0,0,0,0,0,0,0,0,0,0,0,0,0,0,0,0,0,0,0,584420.3554,0,0,0,0,0,0,0,0,0,7,0,D,C54H75O12N1,possibly undescribed,none,[M+NH4]+,none,18,"1,2-dihydro-3-ol","5-ol-6,7-epoxy","9,13,14-orthoester",no C-12,no C-18,others,others,4,"C7,C10",C10*2+C7*2,"benzoyl(0.06),feruloyl(0.06),benzoyl(0.29),octadecatrienoyl(0.03)","benzoyl,feruloyl",A4,B1,C1,none,R92,R95,none,,,,,,A4B1C1,OCC12OC1C1C3OC4(c6ccccc6)OC3(C(=C)C)CC(C)C1(O4)C1CC(C)C(OC(=O)C=Cc7c(OC)c(O)ccc7)C1(O)C2O,PD00022625,C37H42O11,662.732,Top1,1,Low Confidence
