row ID,row m/z,row retention time,Dta-ap Peak area,Dbh-w Peak area,Dax-tl Peak area,Dgr-ap Peak area,Dfe-w Peak area,Dgem-w Peak area,Dgi-w Peak area,Dac-tl Peak area,Dyu-w Peak area,Dau-tl Peak area,Dre-tl Peak area,Dpa-tl Peak area,Dpe-w Peak area,Dat-ls Peak area,Dki-w Peak area,Dho-w Peak area,Dde-w Peak area,Dod-fr Peak area,Dod-b Peak area,Dod-l Peak area,Dod-r Peak area,Dod-s Peak area,Dje-fr Peak area,Dje-ft Peak area,Dge-fr Peak area,Dps-fr Peak area,Dps-ft Peak area,Dpo-fr Peak area,Dpo-l Peak area,Dpo-s Peak area,Wdo-w Peak area,Wla-w Peak area,Wsc-w Peak area,Wpi-w Peak area,Wli-w Peak area,Wpa-w Peak area,Win-l Peak area,Win-s Peak area,Wca-w Peak area,Wal-w Peak area,Wli-ap Peak area,Wli-r Peak area,Wst-w Peak area,Wnu-w Peak area,Wlu-w Peak area,Wmi-tl Peak area,Wde-w Peak area,Wtr Peak area,Ega-w Peak area,Eal-w Peak area,Ech-ft Peak area,Ech-b Peak area,Ech-l Peak area,Ech-s Peak area,Ech-fr Peak area,Sch-r Peak area,D Score,MD Score,type
1.0,655.2524567,8.734482,0.0,0.0,0.0,0.0,0.0,0.0,0.0,0.0,0.0,0.0,0.0,0.0,0.0,0.0,0.0,0.0,0.0,0.0,0.0,0.0,0.0,0.0,0.0,847000000.0,0.0,0.0,109000000.0,0.0,0.0,0.0,0.0,0.0,0.0,0.0,0.0,0.0,0.0,0.0,0.0,0.0,0.0,0.0,0.0,0.0,0.0,0.0,0.0,0.0,0.0,0.0,0.0,0.0,0.0,0.0,0.0,0.0,15,0,D
2.0,591.2584932,8.815949478,68200000.0,4709378.087,254145.55,19300000.0,14700000.0,2811561.067,17700000.0,25100000.0,5619185.514,6663405.105,14000000.0,62100000.0,2251164.148,8248956.521,0.0,2077287.573,3250893.578,0.0,0.0,674910.2854,8809729.914,1687891.885,0.0,576000000.0,0.0,0.0,2440000000.0,0.0,0.0,0.0,6439611.312,26000000.0,208000000.0,306576.1302,325000000.0,5927013.087,0.0,0.0,1807985.442,909993.9112,1180000000.0,452000000.0,8154871.524,0.0,39000000.0,0.0,396000000.0,0.0,672670.2882,0.0,0.0,0.0,0.0,0.0,2052768.167,0.0,20,0,D
3.0,657.2677765,8.8946756,0.0,0.0,0.0,0.0,0.0,0.0,0.0,0.0,0.0,0.0,0.0,0.0,0.0,0.0,0.0,0.0,0.0,0.0,0.0,0.0,0.0,0.0,0.0,97400000.0,0.0,0.0,118000000.0,0.0,0.0,0.0,0.0,0.0,0.0,0.0,0.0,0.0,0.0,0.0,0.0,0.0,0.0,0.0,0.0,0.0,0.0,0.0,0.0,0.0,0.0,0.0,0.0,0.0,0.0,0.0,0.0,0.0,19,0,D
5.0,649.3002913,10.66596789,15400000.0,16000000.0,555498.9456,6457810.9,1537601.726,0.0,12200000.0,104000000.0,2715672.392,0.0,51200000.0,18100000.0,794179.8521,1761337.917,0.0,0.0,5561677.132,0.0,806474.1358,0.0,1388519.137,0.0,0.0,54400000.0,7030045.351,0.0,3810075.414,0.0,0.0,0.0,0.0,0.0,0.0,0.0,0.0,0.0,0.0,0.0,0.0,0.0,0.0,0.0,0.0,0.0,0.0,0.0,0.0,0.0,0.0,0.0,0.0,0.0,0.0,0.0,0.0,0.0,16,0,D
6.0,629.2381856,7.7174197,119000000.0,4538744.28,6504684.69,504000000.0,4795255.861,3428236.662,70300000.0,0.0,0.0,0.0,459000000.0,55200000.0,0.0,10900000.0,0.0,0.0,19200000.0,0.0,0.0,0.0,4278957.322,5021816.458,0.0,58400000.0,7110379.747,0.0,0.0,0.0,0.0,0.0,0.0,0.0,0.0,0.0,0.0,0.0,0.0,0.0,0.0,0.0,0.0,0.0,0.0,0.0,0.0,0.0,0.0,0.0,0.0,0.0,0.0,0.0,0.0,0.0,0.0,0.0,18,0,D
7.0,647.2846507,10.00881596,1310000000.0,933000000.0,168000000.0,103000000.0,89600000.0,255925.358,643000000.0,18400000.0,445000000.0,0.0,1690000000.0,1970000000.0,0.0,49600000.0,2199744.062,0.0,290000000.0,1664660.105,0.0,0.0,0.0,19400000.0,0.0,62600000.0,0.0,0.0,9713000.6,0.0,0.0,0.0,0.0,0.0,0.0,0.0,1832380.35,0.0,0.0,0.0,0.0,3472057.242,0.0,0.0,0.0,3251722.78,0.0,0.0,0.0,0.0,6905480.411,0.0,0.0,0.0,0.0,0.0,14700000.0,0.0,13,0,D
8.0,643.2881368,10.84485533,396669.9008,488109.3504,0.0,0.0,188933.6071,0.0,0.0,676778.9812,0.0,0.0,0.0,0.0,0.0,0.0,0.0,0.0,0.0,0.0,0.0,0.0,0.0,0.0,0.0,113000000.0,0.0,0.0,1710000000.0,0.0,0.0,0.0,0.0,0.0,0.0,0.0,0.0,0.0,0.0,0.0,0.0,0.0,0.0,0.0,0.0,0.0,0.0,0.0,0.0,0.0,0.0,0.0,0.0,0.0,0.0,0.0,0.0,0.0,12,0,D
9.0,603.222277,6.7554025,2380546.575,4175096.598,0.0,283000000.0,2622250.33,0.0,70200000.0,60500000.0,0.0,0.0,68400000.0,101000000.0,0.0,1959628.333,0.0,0.0,50400000.0,0.0,0.0,0.0,0.0,4851742.828,0.0,44100000.0,254000000.0,0.0,0.0,0.0,0.0,0.0,0.0,0.0,0.0,0.0,0.0,0.0,0.0,0.0,0.0,0.0,0.0,0.0,0.0,0.0,0.0,0.0,0.0,0.0,745728.087,0.0,0.0,0.0,0.0,0.0,0.0,0.0,17,0,D
10.0,637.3365603,12.58025241,0.0,2830324.419,0.0,0.0,1902678.706,1457121.956,7999909.393,5415838.301,2862819.59,0.0,0.0,107000000.0,0.0,1351099.211,0.0,913784.873,11100000.0,0.0,8365641.525,0.0,1542323.237,0.0,0.0,47400000.0,0.0,0.0,265000000.0,0.0,0.0,0.0,0.0,7213201.568,211000000.0,0.0,32100000.0,0.0,0.0,0.0,0.0,0.0,400292.9101,33700000.0,0.0,0.0,5138474.775,0.0,78600000.0,0.0,0.0,0.0,0.0,0.0,0.0,0.0,4164808.11,0.0,19,0,D
13.0,591.2589092,7.810607075,416424.8541,0.0,0.0,271241.4859,175436.0071,0.0,0.0,0.0,0.0,0.0,0.0,346826.3437,0.0,182268.4344,0.0,0.0,0.0,0.0,0.0,0.0,245751.7878,0.0,0.0,29200000.0,0.0,0.0,168000000.0,0.0,0.0,0.0,0.0,947334.055,12300000.0,0.0,13700000.0,0.0,0.0,0.0,0.0,0.0,19300000.0,11800000.0,246616.7961,0.0,849753.7922,0.0,11100000.0,0.0,0.0,0.0,0.0,0.0,0.0,0.0,0.0,0.0,13,0,D
15.0,781.3586731,13.760427,0.0,0.0,0.0,0.0,0.0,0.0,0.0,0.0,0.0,0.0,0.0,0.0,0.0,0.0,0.0,0.0,0.0,0.0,0.0,0.0,0.0,0.0,0.0,21200000.0,0.0,0.0,0.0,0.0,0.0,0.0,0.0,0.0,0.0,0.0,0.0,0.0,0.0,0.0,0.0,0.0,0.0,0.0,0.0,0.0,0.0,0.0,0.0,0.0,0.0,0.0,0.0,0.0,0.0,0.0,0.0,0.0,11,0,D
16.0,775.3679716,10.23628177,3575075.771,0.0,0.0,0.0,0.0,0.0,0.0,0.0,0.0,0.0,0.0,611928.8588,0.0,0.0,0.0,82500000.0,0.0,0.0,0.0,0.0,6380419.218,0.0,1194476.847,23300000.0,0.0,0.0,9040970.941,0.0,0.0,6996557.122,0.0,0.0,0.0,0.0,0.0,0.0,4048369.318,16800000.0,0.0,0.0,0.0,0.0,0.0,0.0,3627873.601,0.0,0.0,1229502.768,0.0,0.0,0.0,0.0,0.0,0.0,0.0,52000000.0,8,22,MD
19.0,1326.523438,8.7321093,0.0,0.0,0.0,0.0,0.0,0.0,0.0,0.0,0.0,0.0,0.0,0.0,0.0,0.0,0.0,0.0,0.0,0.0,0.0,0.0,0.0,0.0,0.0,18700000.0,0.0,0.0,0.0,0.0,0.0,0.0,0.0,0.0,0.0,0.0,0.0,0.0,0.0,0.0,0.0,0.0,0.0,0.0,0.0,0.0,0.0,0.0,0.0,0.0,0.0,0.0,0.0,0.0,0.0,0.0,0.0,0.0,13,0,D
20.0,970.4214134,8.989209,0.0,0.0,0.0,4225507.416,0.0,0.0,0.0,0.0,0.0,0.0,0.0,5488395.887,0.0,0.0,0.0,0.0,1440324.583,0.0,0.0,0.0,12700000.0,0.0,0.0,19200000.0,0.0,0.0,8248074.505,0.0,0.0,0.0,0.0,0.0,0.0,0.0,0.0,0.0,0.0,514577.1618,0.0,0.0,0.0,0.0,0.0,0.0,0.0,0.0,0.0,6310115.849,0.0,0.0,0.0,0.0,0.0,0.0,0.0,0.0,15,22,MD
23.0,637.2415924,8.734482,0.0,0.0,0.0,0.0,0.0,0.0,0.0,0.0,0.0,0.0,0.0,0.0,0.0,0.0,0.0,0.0,0.0,0.0,0.0,0.0,0.0,0.0,0.0,19000000.0,0.0,0.0,2131344.315,0.0,0.0,0.0,0.0,0.0,0.0,0.0,0.0,0.0,0.0,0.0,0.0,0.0,0.0,0.0,0.0,0.0,0.0,0.0,0.0,0.0,0.0,0.0,0.0,0.0,0.0,0.0,0.0,0.0,7,0,D
31.0,605.2381226,7.0051277,0.0,0.0,0.0,0.0,0.0,0.0,13300000.0,87300000.0,0.0,0.0,59800000.0,0.0,0.0,1261447.72,0.0,0.0,0.0,0.0,0.0,0.0,0.0,0.0,0.0,12700000.0,0.0,0.0,0.0,0.0,0.0,0.0,0.0,0.0,0.0,0.0,0.0,0.0,0.0,0.0,0.0,0.0,0.0,0.0,0.0,0.0,0.0,0.0,0.0,0.0,0.0,0.0,0.0,0.0,0.0,0.0,0.0,0.0,22,0,D
32.0,792.3946505,10.24373891,0.0,0.0,0.0,0.0,0.0,0.0,0.0,0.0,0.0,0.0,0.0,0.0,0.0,0.0,0.0,61000000.0,0.0,0.0,0.0,0.0,4033430.55,2185321.339,0.0,13000000.0,0.0,0.0,4540547.97,0.0,17200000.0,4885940.394,0.0,0.0,0.0,0.0,14800000.0,0.0,1526551.276,9449974.532,0.0,0.0,0.0,0.0,0.0,0.0,0.0,0.0,0.0,0.0,0.0,0.0,0.0,0.0,0.0,0.0,0.0,39000000.0,9,24,MD
35.0,759.3734538,13.57137217,0.0,0.0,0.0,0.0,0.0,0.0,0.0,0.0,0.0,0.0,0.0,0.0,0.0,0.0,0.0,5160331.024,0.0,0.0,0.0,0.0,0.0,0.0,0.0,13100000.0,0.0,0.0,1022381.014,0.0,0.0,5130401.603,0.0,0.0,0.0,0.0,0.0,0.0,0.0,2759556.444,0.0,0.0,0.0,0.0,0.0,0.0,0.0,0.0,0.0,0.0,0.0,0.0,0.0,0.0,0.0,0.0,0.0,2835042.728,6,17,MD
37.0,655.2533569,9.231011,0.0,0.0,0.0,0.0,0.0,0.0,0.0,0.0,0.0,0.0,0.0,0.0,0.0,0.0,0.0,0.0,0.0,0.0,0.0,0.0,0.0,0.0,0.0,16300000.0,0.0,0.0,0.0,0.0,0.0,0.0,0.0,0.0,0.0,0.0,0.0,0.0,0.0,0.0,0.0,0.0,0.0,0.0,0.0,0.0,0.0,0.0,0.0,0.0,0.0,0.0,0.0,0.0,0.0,0.0,0.0,0.0,14,0,D
38.0,481.1847,8.7669821,0.0,0.0,0.0,0.0,0.0,0.0,0.0,0.0,0.0,0.0,0.0,159588.3998,0.0,0.0,0.0,0.0,0.0,0.0,0.0,0.0,0.0,0.0,0.0,12000000.0,0.0,0.0,0.0,0.0,0.0,0.0,0.0,0.0,0.0,0.0,0.0,0.0,0.0,0.0,0.0,0.0,0.0,0.0,0.0,0.0,0.0,0.0,0.0,0.0,0.0,0.0,0.0,0.0,0.0,0.0,0.0,0.0,18,0,D
44.0,593.2377319,6.6256909,0.0,0.0,0.0,0.0,0.0,0.0,0.0,0.0,0.0,0.0,0.0,0.0,0.0,0.0,0.0,0.0,0.0,0.0,0.0,0.0,0.0,0.0,0.0,12300000.0,0.0,0.0,0.0,0.0,0.0,0.0,0.0,0.0,0.0,0.0,0.0,0.0,0.0,0.0,0.0,0.0,0.0,0.0,0.0,0.0,0.0,0.0,728023.426,0.0,0.0,0.0,0.0,0.0,0.0,0.0,0.0,0.0,13,0,D
45.0,649.2999968,10.20208535,26200000.0,4179944.422,0.0,1423531.201,6078751.104,755175.8253,28600000.0,33100000.0,1350885.7,0.0,108000000.0,3339055.459,226064.9515,3057313.211,0.0,0.0,0.0,0.0,6087085.776,0.0,30600000.0,9587782.462,0.0,12900000.0,0.0,0.0,13200000.0,0.0,0.0,0.0,0.0,0.0,0.0,0.0,0.0,0.0,0.0,0.0,0.0,0.0,0.0,0.0,0.0,0.0,0.0,0.0,0.0,0.0,0.0,0.0,0.0,0.0,0.0,0.0,0.0,0.0,21,0,D
59.0,609.2694009,8.25208745,2312444.952,0.0,0.0,972312.8597,288477.3457,0.0,1695859.399,943611.9031,0.0,235473.0308,0.0,1332356.329,0.0,1317913.832,0.0,802368.8654,531652.1546,0.0,0.0,235136.5099,0.0,0.0,0.0,11400000.0,25200000.0,0.0,105000000.0,0.0,358700.9614,0.0,0.0,1265943.652,6810585.134,0.0,14400000.0,0.0,0.0,0.0,0.0,0.0,61600000.0,34900000.0,0.0,0.0,7339402.005,0.0,43300000.0,0.0,0.0,0.0,0.0,0.0,0.0,0.0,0.0,0.0,6,0,D
62.0,850.4003092,8.055728867,0.0,0.0,0.0,0.0,0.0,0.0,0.0,0.0,0.0,0.0,0.0,0.0,9784699.718,0.0,0.0,0.0,0.0,0.0,0.0,0.0,0.0,0.0,0.0,8969766.806,0.0,0.0,167000000.0,0.0,0.0,0.0,0.0,0.0,0.0,0.0,0.0,0.0,996461.1821,10200000.0,0.0,0.0,0.0,0.0,0.0,0.0,0.0,0.0,0.0,0.0,0.0,0.0,0.0,0.0,0.0,0.0,0.0,6256313.642,8,19,MD
64.0,589.2426758,8.759020519,8552750.264,0.0,0.0,14700000.0,0.0,0.0,0.0,0.0,0.0,4408618.444,0.0,18800000.0,0.0,0.0,0.0,1012667.304,3683774.349,0.0,0.0,0.0,0.0,0.0,0.0,11700000.0,1094980.917,0.0,8543794.157,0.0,0.0,0.0,0.0,5454763.037,5245760.984,0.0,6081442.354,0.0,0.0,0.0,0.0,0.0,15400000.0,4805281.9,0.0,0.0,1714062.55,0.0,27200000.0,0.0,0.0,0.0,0.0,0.0,0.0,0.0,0.0,0.0,18,0,D
69.0,529.2796797,9.501969309,443000000.0,149000000.0,0.0,2511430.635,4816002.84,14400000.0,32300000.0,11600000.0,1528258.987,1380598.147,605000000.0,32600000.0,9349603.644,22800000.0,0.0,0.0,1107313.411,0.0,0.0,0.0,480643.791,0.0,0.0,10200000.0,23700000.0,0.0,28100000.0,19600000.0,124000000.0,720000000.0,3433865.808,23500000.0,4040678.236,0.0,203000000.0,0.0,303339.3,2402805.255,0.0,0.0,0.0,0.0,434836.2304,0.0,13200000.0,0.0,0.0,0.0,644126.0514,16100000.0,69600000.0,0.0,0.0,0.0,1886185.496,0.0,12,0,D
71.0,755.3424988,13.330503,0.0,0.0,0.0,0.0,0.0,0.0,0.0,0.0,0.0,0.0,0.0,0.0,0.0,0.0,0.0,0.0,0.0,0.0,0.0,0.0,0.0,0.0,0.0,7003271.866,0.0,0.0,0.0,0.0,0.0,0.0,0.0,0.0,0.0,0.0,0.0,0.0,0.0,0.0,0.0,0.0,0.0,0.0,0.0,0.0,0.0,0.0,0.0,0.0,0.0,0.0,0.0,0.0,0.0,0.0,0.0,0.0,10,0,D
74.0,729.3261719,12.808975,0.0,0.0,0.0,0.0,0.0,0.0,0.0,0.0,0.0,0.0,0.0,0.0,0.0,0.0,0.0,0.0,0.0,0.0,0.0,0.0,0.0,0.0,0.0,8510421.302,0.0,0.0,0.0,0.0,0.0,0.0,0.0,0.0,0.0,0.0,0.0,0.0,0.0,0.0,0.0,0.0,0.0,0.0,0.0,0.0,0.0,0.0,0.0,0.0,0.0,0.0,0.0,0.0,0.0,0.0,0.0,0.0,10,0,D
79.0,817.3795013,11.19713725,0.0,0.0,0.0,0.0,0.0,0.0,0.0,0.0,0.0,0.0,0.0,613768.7254,0.0,0.0,0.0,0.0,0.0,0.0,0.0,0.0,0.0,0.0,0.0,7702782.099,0.0,0.0,9942707.084,0.0,0.0,0.0,0.0,0.0,0.0,0.0,836336.1283,0.0,0.0,0.0,0.0,0.0,0.0,0.0,0.0,0.0,0.0,0.0,0.0,0.0,0.0,0.0,0.0,0.0,0.0,0.0,0.0,0.0,16,17,MD
81.0,533.2157593,8.7321093,0.0,0.0,0.0,0.0,0.0,0.0,0.0,0.0,0.0,0.0,0.0,0.0,0.0,0.0,0.0,0.0,0.0,0.0,0.0,0.0,0.0,0.0,0.0,7304096.125,0.0,0.0,0.0,0.0,0.0,0.0,0.0,0.0,0.0,0.0,0.0,0.0,0.0,0.0,0.0,0.0,0.0,0.0,0.0,0.0,0.0,0.0,0.0,0.0,0.0,0.0,0.0,0.0,0.0,0.0,0.0,0.0,10,0,D
87.0,753.3264771,12.605351,0.0,0.0,0.0,0.0,0.0,0.0,0.0,0.0,0.0,0.0,0.0,0.0,0.0,0.0,0.0,0.0,0.0,0.0,0.0,0.0,0.0,0.0,0.0,8170081.122,0.0,0.0,0.0,0.0,0.0,0.0,0.0,0.0,0.0,0.0,0.0,0.0,0.0,0.0,0.0,0.0,0.0,0.0,0.0,0.0,0.0,0.0,0.0,0.0,0.0,0.0,0.0,0.0,0.0,0.0,0.0,0.0,10,0,D
94.0,533.310957,11.58239038,0.0,4593010.794,1789809.077,8652590.911,0.0,0.0,0.0,0.0,565355.096,9050248.285,63500000.0,58800000.0,1150000000.0,2351239.461,0.0,19400000.0,8308489.898,0.0,0.0,0.0,0.0,0.0,0.0,8466141.343,0.0,0.0,21500000.0,92700000.0,537000000.0,1480000000.0,2531746.995,6698512.958,24900000.0,1517641.615,54900000.0,2580504.696,61600000.0,932000000.0,0.0,508729.1271,0.0,0.0,2514798.257,3043445.78,1586400.679,0.0,0.0,0.0,1674118.938,823402.4212,0.0,0.0,0.0,0.0,3282172.279,44000000.0,18,0,D
103.0,643.2894135,9.51624045,0.0,0.0,0.0,0.0,0.0,0.0,0.0,0.0,0.0,0.0,0.0,0.0,0.0,0.0,0.0,0.0,0.0,0.0,0.0,0.0,0.0,0.0,0.0,5585230.096,0.0,0.0,102000000.0,0.0,0.0,0.0,0.0,0.0,0.0,0.0,0.0,0.0,0.0,0.0,0.0,0.0,0.0,0.0,0.0,0.0,0.0,0.0,0.0,0.0,0.0,0.0,0.0,0.0,0.0,0.0,0.0,0.0,6,0,D
112.0,953.3941193,8.96175275,0.0,0.0,0.0,0.0,0.0,0.0,0.0,0.0,0.0,0.0,0.0,0.0,0.0,0.0,0.0,0.0,0.0,0.0,0.0,0.0,0.0,0.0,0.0,5384303.626,0.0,0.0,0.0,0.0,0.0,0.0,0.0,0.0,0.0,0.0,0.0,0.0,0.0,0.0,0.0,0.0,0.0,0.0,0.0,0.0,0.0,0.0,0.0,1764773.713,0.0,0.0,0.0,0.0,0.0,0.0,0.0,0.0,9,18,MD
121.0,585.2692806,8.201575964,4793473.509,24800000.0,1363026.636,0.0,1112790.929,0.0,5455394.207,59700000.0,0.0,0.0,1807320.183,23600000.0,0.0,26000000.0,0.0,0.0,0.0,0.0,0.0,0.0,1083240.421,0.0,0.0,5215697.459,0.0,0.0,0.0,0.0,123000000.0,380000000.0,0.0,0.0,0.0,0.0,0.0,0.0,0.0,0.0,0.0,0.0,0.0,0.0,0.0,0.0,0.0,0.0,0.0,0.0,0.0,0.0,0.0,0.0,0.0,0.0,284204.4972,0.0,16,0,D
127.0,653.3309583,10.38125097,560639.7952,1609257.863,0.0,9440233.956,1921272.007,0.0,2391233.071,11500000.0,1859725.618,0.0,7132395.393,13100000.0,2812239.308,0.0,0.0,13500000.0,706173.729,0.0,0.0,0.0,1998473.375,327497.1948,0.0,11600000.0,339863.2789,0.0,19500000.0,0.0,0.0,0.0,0.0,0.0,0.0,0.0,5277584.847,0.0,0.0,0.0,0.0,0.0,0.0,273537.9249,0.0,0.0,0.0,0.0,0.0,0.0,0.0,0.0,0.0,0.0,0.0,0.0,0.0,0.0,6,15,MD
128.0,655.3468918,11.91355465,15300000.0,0.0,0.0,1816881.756,0.0,0.0,8674437.657,561473.5009,0.0,0.0,324806.0234,6916150.57,508670.7463,0.0,0.0,213020.6652,8975065.81,0.0,0.0,0.0,226533.1684,0.0,0.0,4574339.52,210000000.0,0.0,27300000.0,0.0,0.0,221371.0585,0.0,279974.3915,0.0,0.0,7218157.915,0.0,0.0,0.0,0.0,0.0,57700000.0,17400000.0,0.0,0.0,4432109.125,0.0,42700000.0,0.0,0.0,0.0,0.0,0.0,0.0,0.0,0.0,0.0,20,0,D
140.0,631.2528127,7.943768733,0.0,0.0,0.0,4279908.502,0.0,0.0,0.0,0.0,0.0,0.0,48500000.0,0.0,0.0,1423720.438,0.0,0.0,0.0,0.0,0.0,0.0,0.0,0.0,0.0,3500868.258,0.0,0.0,1270549.104,0.0,0.0,0.0,0.0,0.0,0.0,0.0,0.0,0.0,0.0,0.0,0.0,0.0,215932.642,0.0,0.0,0.0,0.0,0.0,0.0,0.0,0.0,0.0,0.0,0.0,0.0,0.0,0.0,0.0,15,0,D
148.0,651.3158841,10.91249433,909944.4766,0.0,0.0,0.0,0.0,0.0,339700.5655,0.0,0.0,0.0,3685029.219,962348.0813,3254042.27,0.0,0.0,0.0,0.0,0.0,0.0,0.0,219763.7811,0.0,0.0,2837368.909,0.0,0.0,1243430.902,0.0,0.0,0.0,0.0,0.0,0.0,0.0,0.0,0.0,0.0,348375.5333,0.0,0.0,0.0,0.0,0.0,0.0,0.0,0.0,0.0,0.0,0.0,0.0,0.0,0.0,0.0,0.0,0.0,0.0,18,0,D
151.0,617.2742351,9.58790245,76200000.0,293730.6199,0.0,15500000.0,5036092.432,2281855.805,8085462.603,10200000.0,3200193.241,0.0,37300000.0,21300000.0,0.0,955674.2771,0.0,0.0,0.0,0.0,0.0,0.0,9527106.89,0.0,0.0,3735298.465,0.0,0.0,102000000.0,0.0,0.0,0.0,0.0,0.0,6463882.729,0.0,240170.8275,0.0,0.0,0.0,0.0,0.0,14700000.0,0.0,15400000.0,0.0,4488515.587,0.0,325074.8925,0.0,210867.575,0.0,0.0,0.0,0.0,0.0,777245.292,0.0,22,0,D
157.0,834.4063314,11.19190967,0.0,0.0,0.0,0.0,0.0,0.0,0.0,0.0,0.0,0.0,0.0,0.0,0.0,0.0,0.0,0.0,0.0,0.0,0.0,0.0,0.0,0.0,0.0,3592756.855,0.0,0.0,5598968.189,0.0,0.0,0.0,0.0,0.0,0.0,0.0,442359.7474,0.0,0.0,0.0,0.0,0.0,0.0,0.0,0.0,0.0,0.0,0.0,0.0,0.0,0.0,0.0,0.0,0.0,0.0,0.0,0.0,0.0,0,11,MD
160.0,719.3421021,12.903612,0.0,0.0,0.0,0.0,0.0,0.0,0.0,0.0,0.0,0.0,0.0,0.0,0.0,0.0,0.0,0.0,0.0,0.0,0.0,0.0,0.0,0.0,0.0,4088988.332,0.0,0.0,0.0,0.0,0.0,0.0,0.0,0.0,0.0,0.0,0.0,0.0,0.0,0.0,0.0,0.0,0.0,0.0,0.0,0.0,0.0,0.0,0.0,0.0,0.0,0.0,0.0,0.0,0.0,0.0,0.0,0.0,8,0,D
162.0,637.3366462,11.04354856,2309543.914,0.0,0.0,0.0,0.0,0.0,0.0,0.0,0.0,0.0,603266.0852,1240887.665,0.0,0.0,0.0,0.0,0.0,0.0,0.0,0.0,0.0,0.0,0.0,3079827.251,0.0,0.0,25300000.0,0.0,0.0,0.0,0.0,0.0,484252.2417,0.0,455119.245,0.0,0.0,0.0,0.0,0.0,0.0,1001135.221,0.0,0.0,0.0,0.0,3259420.207,0.0,0.0,0.0,0.0,0.0,0.0,0.0,0.0,0.0,7,0,D
177.0,487.2333088,4.410250669,0.0,1763859.111,520582.0003,0.0,2669912.889,0.0,11000000.0,521507.5503,5046160.412,0.0,0.0,13600000.0,0.0,0.0,0.0,0.0,0.0,0.0,0.0,0.0,0.0,0.0,0.0,2273767.606,257569.9725,0.0,30900000.0,0.0,0.0,0.0,280982.4258,0.0,172435.2802,0.0,27000000.0,0.0,0.0,0.0,0.0,0.0,31000000.0,14700000.0,0.0,0.0,0.0,0.0,833364.9289,0.0,0.0,0.0,0.0,0.0,0.0,0.0,0.0,0.0,17,0,D
181.0,577.2425232,6.8610038,0.0,0.0,0.0,0.0,0.0,0.0,0.0,0.0,0.0,0.0,0.0,0.0,0.0,0.0,0.0,0.0,0.0,0.0,0.0,0.0,0.0,0.0,0.0,3445715.056,0.0,0.0,0.0,0.0,0.0,0.0,0.0,0.0,0.0,0.0,0.0,0.0,0.0,0.0,0.0,0.0,0.0,0.0,0.0,0.0,0.0,0.0,0.0,0.0,0.0,0.0,0.0,0.0,0.0,0.0,0.0,0.0,7,0,D
188.0,661.2998962,10.209489,0.0,0.0,0.0,0.0,0.0,0.0,0.0,0.0,0.0,0.0,0.0,0.0,0.0,0.0,0.0,0.0,0.0,0.0,0.0,0.0,0.0,0.0,0.0,3853386.24,0.0,0.0,112000000.0,0.0,0.0,0.0,0.0,0.0,0.0,0.0,0.0,0.0,0.0,0.0,0.0,0.0,0.0,0.0,0.0,0.0,0.0,0.0,0.0,0.0,0.0,0.0,0.0,0.0,0.0,0.0,0.0,0.0,16,0,D
191.0,653.3317784,10.84771064,705032.8282,0.0,0.0,0.0,0.0,931900.8308,0.0,0.0,0.0,0.0,0.0,879920.2736,58600000.0,0.0,0.0,513439.6919,0.0,0.0,0.0,0.0,931000.4047,0.0,0.0,2574582.541,0.0,0.0,3307537.049,0.0,4076848.965,1999763.494,0.0,0.0,0.0,0.0,386031.4912,0.0,0.0,367446.965,0.0,0.0,847010.1496,0.0,0.0,0.0,0.0,0.0,525913.0829,0.0,0.0,0.0,0.0,0.0,0.0,0.0,0.0,0.0,6,18,MD
209.0,643.2894287,9.2292905,0.0,0.0,0.0,0.0,0.0,0.0,0.0,0.0,0.0,0.0,0.0,0.0,0.0,0.0,0.0,0.0,0.0,0.0,0.0,0.0,0.0,0.0,0.0,3723718.916,0.0,0.0,57000000.0,0.0,0.0,0.0,0.0,0.0,0.0,0.0,0.0,0.0,0.0,0.0,0.0,0.0,0.0,0.0,0.0,0.0,0.0,0.0,0.0,0.0,0.0,0.0,0.0,0.0,0.0,0.0,0.0,0.0,6,0,D
230.0,635.3209783,11.88942945,0.0,0.0,926235.8363,0.0,0.0,0.0,0.0,612141.1787,0.0,0.0,0.0,0.0,0.0,1983171.468,0.0,0.0,0.0,0.0,4082875.792,0.0,0.0,550234.3216,0.0,2514604.636,0.0,0.0,44400000.0,0.0,0.0,0.0,0.0,0.0,7442957.802,0.0,2522244.486,0.0,0.0,0.0,0.0,0.0,0.0,2105645.322,0.0,0.0,0.0,0.0,7300459.645,0.0,0.0,0.0,0.0,0.0,0.0,0.0,0.0,0.0,12,0,D
258.0,647.2849507,10.47060358,0.0,0.0,184000000.0,1260000000.0,6164761.679,1611118.352,0.0,111000000.0,68600000.0,306076.6453,0.0,0.0,0.0,10000000.0,836386.4377,0.0,0.0,425207.9722,86800000.0,0.0,270000000.0,448947.0216,0.0,2488660.671,1240845.502,0.0,1136601.029,0.0,0.0,0.0,0.0,0.0,0.0,0.0,208047.6321,0.0,0.0,0.0,0.0,734424.9921,0.0,0.0,0.0,214893.5201,0.0,0.0,0.0,0.0,0.0,0.0,0.0,0.0,0.0,0.0,0.0,0.0,14,0,D
259.0,585.2110291,6.740784133,0.0,0.0,0.0,12700000.0,0.0,0.0,0.0,2396153.301,0.0,0.0,0.0,4224600.137,0.0,0.0,0.0,0.0,1224727.645,0.0,0.0,0.0,0.0,0.0,0.0,2003356.433,7982883.543,0.0,0.0,0.0,0.0,0.0,0.0,0.0,0.0,0.0,0.0,0.0,0.0,0.0,0.0,0.0,0.0,0.0,0.0,0.0,0.0,0.0,0.0,0.0,0.0,0.0,0.0,0.0,0.0,0.0,0.0,0.0,10,0,D
267.0,661.2998352,9.77132775,0.0,0.0,0.0,0.0,0.0,0.0,0.0,0.0,0.0,0.0,0.0,0.0,0.0,0.0,0.0,0.0,0.0,0.0,0.0,0.0,0.0,0.0,0.0,2210815.584,0.0,0.0,10400000.0,0.0,0.0,0.0,0.0,0.0,0.0,0.0,0.0,0.0,0.0,0.0,0.0,0.0,0.0,0.0,0.0,0.0,0.0,0.0,0.0,0.0,0.0,0.0,0.0,0.0,0.0,0.0,0.0,0.0,16,0,D
294.0,637.336745,12.83848438,242000000.0,11700000.0,0.0,51600000.0,20900000.0,6661273.781,18400000.0,37200000.0,15000000.0,1911421.884,121000000.0,172000000.0,0.0,6981490.801,0.0,310348.6649,12700000.0,0.0,0.0,0.0,8009436.112,0.0,0.0,1258621.222,30200000.0,0.0,0.0,0.0,0.0,0.0,2035023.615,791724.5089,0.0,0.0,19400000.0,0.0,0.0,2735805.675,0.0,0.0,527000000.0,27600000.0,458285.0723,0.0,3541169.138,0.0,0.0,0.0,0.0,0.0,0.0,0.0,0.0,0.0,5624813.145,0.0,14,0,D
295.0,549.3058243,9.03261585,0.0,0.0,0.0,0.0,0.0,0.0,0.0,0.0,0.0,0.0,1435428.855,0.0,1155149.638,0.0,0.0,0.0,0.0,0.0,0.0,0.0,0.0,0.0,0.0,1251383.366,0.0,0.0,2872094.868,0.0,803050.9631,1920158.704,0.0,0.0,0.0,0.0,0.0,0.0,372046.2837,7769542.294,0.0,0.0,0.0,0.0,0.0,0.0,0.0,0.0,0.0,0.0,0.0,0.0,0.0,0.0,0.0,0.0,0.0,0.0,18,0,D
309.0,713.3534495,7.2543465,0.0,0.0,0.0,0.0,0.0,0.0,0.0,0.0,0.0,0.0,0.0,0.0,493963.4265,0.0,0.0,0.0,0.0,0.0,0.0,0.0,0.0,0.0,0.0,1253664.532,0.0,0.0,6058683.77,0.0,0.0,0.0,0.0,0.0,0.0,0.0,0.0,0.0,0.0,653382.8076,0.0,0.0,0.0,0.0,0.0,0.0,1109780.484,0.0,0.0,0.0,0.0,0.0,0.0,0.0,0.0,0.0,0.0,15200000.0,0,15,MD
328.0,609.2700846,7.93427508,0.0,0.0,0.0,0.0,0.0,821875.0373,0.0,0.0,0.0,0.0,0.0,0.0,0.0,1131611.191,0.0,0.0,0.0,0.0,0.0,0.0,0.0,0.0,0.0,1052604.721,4193634.138,0.0,5737562.337,0.0,1502989.794,0.0,357202.2955,0.0,330505.0049,0.0,769111.7039,0.0,616974.206,0.0,0.0,0.0,7246767.509,2555312.601,0.0,0.0,249879.6203,0.0,3478302.481,0.0,0.0,0.0,0.0,0.0,0.0,0.0,257098.2138,0.0,17,0,D
345.0,609.3061638,10.930696,554016.4126,0.0,0.0,0.0,0.0,0.0,0.0,0.0,0.0,0.0,254336.0424,808467.0625,0.0,0.0,0.0,0.0,0.0,0.0,0.0,0.0,0.0,0.0,0.0,1130660.565,360426.6602,0.0,8120728.08,0.0,0.0,0.0,0.0,0.0,171134.4146,0.0,0.0,0.0,0.0,0.0,0.0,0.0,1189793.721,0.0,0.0,0.0,0.0,0.0,0.0,0.0,0.0,0.0,0.0,0.0,0.0,0.0,0.0,0.0,13,0,D
354.0,635.3214306,10.39199109,8312345.297,930881.4455,0.0,1070539.052,0.0,0.0,0.0,1602209.754,215195.2043,0.0,1582271.57,2904357.549,0.0,0.0,0.0,0.0,0.0,0.0,0.0,0.0,1301677.336,0.0,0.0,971044.9957,0.0,0.0,4518714.274,0.0,0.0,0.0,0.0,0.0,0.0,0.0,0.0,0.0,0.0,0.0,0.0,0.0,180774.1549,0.0,0.0,0.0,0.0,0.0,0.0,0.0,0.0,0.0,0.0,0.0,0.0,0.0,0.0,0.0,8,0,D
359.0,784.3687744,12.64198,0.0,0.0,0.0,0.0,0.0,0.0,0.0,0.0,0.0,0.0,0.0,0.0,0.0,0.0,0.0,0.0,0.0,0.0,0.0,0.0,0.0,0.0,0.0,1103753.509,0.0,0.0,0.0,0.0,0.0,0.0,0.0,0.0,0.0,0.0,0.0,0.0,0.0,0.0,0.0,0.0,0.0,0.0,0.0,0.0,0.0,0.0,0.0,0.0,0.0,0.0,0.0,0.0,0.0,0.0,0.0,0.0,6,0,D
360.0,657.2693176,9.4750657,0.0,0.0,0.0,0.0,0.0,0.0,0.0,0.0,0.0,0.0,0.0,0.0,0.0,0.0,0.0,0.0,0.0,0.0,0.0,0.0,0.0,0.0,0.0,1552369.569,0.0,0.0,0.0,0.0,0.0,0.0,0.0,0.0,0.0,0.0,0.0,0.0,0.0,0.0,0.0,0.0,0.0,0.0,0.0,0.0,0.0,0.0,0.0,0.0,0.0,0.0,0.0,0.0,0.0,0.0,0.0,0.0,8,0,D
372.0,635.3209457,11.6283116,0.0,263278.0197,0.0,4836797.092,0.0,795084.8449,279096.9715,7483005.01,267526.1159,0.0,12100000.0,42400000.0,0.0,0.0,0.0,0.0,327567.6818,0.0,2518517.589,591763.3202,0.0,0.0,0.0,1341822.181,0.0,0.0,3977938.402,0.0,0.0,0.0,0.0,0.0,665299.7991,0.0,1030824.672,0.0,0.0,0.0,0.0,0.0,6016824.745,894382.1105,0.0,0.0,0.0,0.0,696907.9373,0.0,305133.6774,0.0,0.0,0.0,0.0,0.0,782879.2214,0.0,17,0,D
408.0,775.3680318,8.666488617,0.0,0.0,0.0,0.0,0.0,0.0,0.0,0.0,0.0,0.0,0.0,1495694.058,1505133.022,0.0,0.0,0.0,0.0,0.0,0.0,0.0,0.0,0.0,0.0,710505.5532,0.0,0.0,173096.5783,0.0,0.0,2892705.153,0.0,0.0,0.0,0.0,0.0,0.0,0.0,11800000.0,0.0,0.0,0.0,0.0,0.0,0.0,0.0,0.0,0.0,0.0,0.0,0.0,0.0,0.0,0.0,0.0,0.0,0.0,13,18,MD
415.0,649.3003017,11.25030814,1026397.882,26200000.0,10400000.0,118000000.0,1042093.86,0.0,84900000.0,1279889.002,2940049.857,0.0,46100000.0,90200000.0,0.0,4787558.382,0.0,0.0,30800000.0,28800000.0,236000000.0,0.0,518000000.0,0.0,0.0,587588.0551,158000000.0,0.0,3120753.105,0.0,0.0,0.0,0.0,0.0,0.0,0.0,0.0,0.0,0.0,0.0,0.0,0.0,0.0,0.0,0.0,0.0,0.0,0.0,0.0,0.0,0.0,788000.7387,6489833.344,0.0,0.0,0.0,1257564.443,0.0,16,0,D
418.0,476.3358902,8.12562728,420573.5434,993271.8656,0.0,0.0,0.0,0.0,0.0,0.0,0.0,0.0,223855.7988,0.0,190013.2203,520184.2805,0.0,0.0,0.0,0.0,0.0,211912.2706,0.0,0.0,0.0,721957.4695,0.0,0.0,0.0,0.0,0.0,0.0,0.0,0.0,0.0,0.0,0.0,0.0,1752338.663,651778.8708,0.0,0.0,0.0,0.0,0.0,0.0,0.0,0.0,0.0,0.0,0.0,0.0,0.0,0.0,1029916.588,0.0,0.0,0.0,6,0,D
436.0,617.2550354,8.0446412,0.0,0.0,0.0,0.0,0.0,0.0,0.0,0.0,0.0,0.0,0.0,0.0,0.0,0.0,0.0,0.0,0.0,0.0,0.0,0.0,0.0,0.0,0.0,2905067.704,2781121.838,0.0,28400000.0,0.0,0.0,0.0,0.0,0.0,0.0,0.0,0.0,0.0,0.0,0.0,0.0,0.0,0.0,0.0,0.0,0.0,0.0,0.0,9121764.3,0.0,0.0,0.0,0.0,0.0,0.0,0.0,0.0,0.0,7,0,D
441.0,629.2732971,10.02812958,24100000.0,9658795.33,2769724.493,1681878.851,0.0,0.0,8879564.83,0.0,6778795.891,0.0,29900000.0,31700000.0,0.0,0.0,0.0,0.0,1944183.948,0.0,0.0,0.0,0.0,0.0,0.0,730615.9996,0.0,0.0,0.0,0.0,0.0,0.0,0.0,0.0,0.0,0.0,0.0,0.0,0.0,0.0,0.0,0.0,0.0,0.0,0.0,0.0,0.0,0.0,0.0,0.0,0.0,0.0,0.0,0.0,0.0,0.0,0.0,0.0,14,0,D
453.0,481.1852341,6.78643445,216156.6952,0.0,0.0,5647012.198,0.0,0.0,1218137.805,0.0,0.0,0.0,1371961.622,1890805.786,0.0,0.0,0.0,0.0,651174.7164,0.0,0.0,0.0,0.0,0.0,0.0,425801.6353,3631653.308,0.0,0.0,0.0,0.0,0.0,0.0,0.0,0.0,0.0,0.0,0.0,0.0,0.0,0.0,0.0,0.0,0.0,0.0,0.0,0.0,0.0,0.0,0.0,0.0,0.0,0.0,0.0,0.0,0.0,0.0,0.0,9,0,D
455.0,481.184906,7.697605029,1241348.657,0.0,0.0,6169440.217,0.0,0.0,835931.9214,0.0,0.0,0.0,5109234.605,370494.2037,0.0,0.0,0.0,0.0,0.0,0.0,0.0,0.0,0.0,0.0,0.0,353886.6806,631370.2972,0.0,0.0,0.0,0.0,0.0,0.0,0.0,0.0,0.0,0.0,0.0,0.0,0.0,0.0,0.0,0.0,0.0,0.0,0.0,0.0,0.0,0.0,0.0,0.0,0.0,0.0,0.0,0.0,0.0,0.0,0.0,17,0,D
456.0,481.1854808,10.58131567,0.0,0.0,2029799.502,18700000.0,0.0,0.0,0.0,0.0,622959.9287,0.0,453976.4815,1650938.006,0.0,0.0,0.0,0.0,0.0,0.0,0.0,0.0,0.0,0.0,0.0,617253.8119,0.0,0.0,0.0,0.0,0.0,0.0,0.0,0.0,0.0,0.0,0.0,0.0,0.0,0.0,0.0,0.0,0.0,0.0,0.0,0.0,0.0,0.0,0.0,0.0,0.0,0.0,0.0,0.0,0.0,0.0,0.0,0.0,12,0,D
470.0,635.3210347,12.11161771,806000000.0,58700000.0,2801147.366,250000000.0,44700000.0,27800000.0,48400000.0,280000000.0,69400000.0,0.0,301000000.0,620000000.0,0.0,22700000.0,0.0,0.0,17200000.0,0.0,0.0,0.0,32200000.0,1910802.016,0.0,1081061.762,7626111.88,0.0,0.0,0.0,0.0,0.0,0.0,0.0,3678499.972,0.0,4090556.393,0.0,0.0,0.0,0.0,0.0,83700000.0,11100000.0,0.0,0.0,0.0,0.0,2171309.324,0.0,9108595.682,0.0,0.0,0.0,0.0,0.0,18400000.0,0.0,13,0,D
481.0,481.1850544,10.04375973,22000000.0,10500000.0,2591702.087,1412801.726,929572.7039,0.0,8460868.245,0.0,5588827.32,0.0,25500000.0,24900000.0,0.0,570201.4724,0.0,0.0,0.0,0.0,0.0,0.0,0.0,0.0,0.0,635209.8957,0.0,0.0,0.0,0.0,0.0,0.0,0.0,0.0,0.0,0.0,0.0,0.0,0.0,0.0,0.0,0.0,0.0,0.0,0.0,0.0,0.0,0.0,0.0,0.0,0.0,0.0,0.0,0.0,0.0,0.0,0.0,0.0,21,0,D
486.0,665.2958651,6.959578518,466991.1504,2883016.278,0.0,186068.835,0.0,0.0,1246717.322,396001.9269,0.0,0.0,0.0,264080.897,0.0,0.0,0.0,0.0,637842.1083,841027.3731,0.0,0.0,0.0,0.0,0.0,253080.869,255639.46,0.0,907827.7544,0.0,0.0,0.0,0.0,0.0,0.0,0.0,0.0,0.0,0.0,0.0,0.0,0.0,0.0,0.0,0.0,0.0,0.0,0.0,0.0,0.0,0.0,0.0,0.0,0.0,0.0,0.0,0.0,0.0,15,0,D
505.0,533.3108635,9.394893463,0.0,1271136.144,0.0,437605.8232,0.0,0.0,0.0,0.0,0.0,0.0,437379.0732,1399152.773,686000000.0,0.0,0.0,463921.5438,0.0,0.0,0.0,0.0,0.0,0.0,0.0,570442.3955,1233212.784,0.0,2567244.556,0.0,68500000.0,79500000.0,0.0,578894.8956,0.0,0.0,0.0,0.0,516409.0698,21300000.0,0.0,0.0,0.0,0.0,0.0,349720.3582,0.0,0.0,0.0,0.0,0.0,0.0,0.0,0.0,0.0,0.0,0.0,2307648.992,0,9,MD
552.0,585.2696025,7.981102933,0.0,0.0,0.0,0.0,0.0,0.0,0.0,436501.4352,0.0,0.0,0.0,0.0,0.0,0.0,0.0,0.0,0.0,0.0,0.0,0.0,0.0,0.0,0.0,192200.3113,0.0,0.0,0.0,0.0,4451860.16,0.0,0.0,0.0,0.0,0.0,0.0,0.0,0.0,0.0,0.0,0.0,0.0,0.0,0.0,0.0,0.0,0.0,0.0,0.0,0.0,0.0,0.0,0.0,0.0,0.0,0.0,0.0,7,0,D
556.0,637.3367188,11.0176166,0.0,0.0,0.0,0.0,0.0,0.0,0.0,0.0,0.0,0.0,0.0,0.0,0.0,0.0,0.0,0.0,0.0,0.0,0.0,0.0,485535.8464,0.0,0.0,363168.8059,0.0,0.0,0.0,0.0,0.0,0.0,0.0,0.0,6876636.206,0.0,1193829.083,0.0,0.0,0.0,0.0,0.0,2889495.261,0.0,0.0,0.0,0.0,0.0,0.0,0.0,0.0,0.0,0.0,0.0,0.0,0.0,0.0,0.0,6,0,D
560.0,600.4175279,9.369099333,0.0,0.0,0.0,0.0,0.0,0.0,0.0,0.0,0.0,0.0,0.0,0.0,0.0,0.0,0.0,0.0,0.0,0.0,0.0,0.0,0.0,0.0,0.0,484708.0823,0.0,0.0,0.0,0.0,409777.8991,158313.6482,163000000.0,0.0,0.0,1384109.602,735029.6236,881145.7059,0.0,0.0,1343761.285,489814.418,0.0,0.0,0.0,0.0,0.0,0.0,0.0,0.0,0.0,0.0,0.0,0.0,0.0,0.0,0.0,0.0,12,0,D
562.0,639.3513055,13.10588842,224749.0039,151337.8431,0.0,366077.631,0.0,0.0,0.0,185134.7212,0.0,0.0,0.0,2640879.078,745944.3911,0.0,0.0,0.0,0.0,0.0,0.0,0.0,0.0,0.0,0.0,235852.3722,0.0,0.0,3227378.427,0.0,0.0,0.0,0.0,12900000.0,14600000.0,0.0,15300000.0,446165.416,0.0,7883357.116,3545707.267,0.0,6943599.292,721829.8244,23300000.0,0.0,11300000.0,0.0,487876.0108,0.0,0.0,0.0,0.0,0.0,0.0,0.0,0.0,0.0,17,13,D
574.0,655.3471924,11.23626513,995302.4695,0.0,0.0,421626.4677,0.0,0.0,0.0,436282.5314,0.0,0.0,0.0,1441221.7,0.0,0.0,0.0,471667.4268,641501.4301,0.0,0.0,638147.2414,0.0,0.0,0.0,204920.627,2613702.038,0.0,3379810.852,0.0,0.0,0.0,0.0,0.0,1474944.612,0.0,0.0,0.0,0.0,3017699.74,0.0,0.0,7384374.992,680259.5297,0.0,0.0,0.0,0.0,2799036.844,0.0,0.0,0.0,0.0,0.0,0.0,0.0,0.0,0.0,13,0,D
592.0,635.2657166,8.168631014,0.0,0.0,0.0,0.0,0.0,0.0,0.0,0.0,0.0,0.0,0.0,0.0,0.0,0.0,0.0,0.0,0.0,0.0,0.0,0.0,0.0,0.0,0.0,1195591.926,3532423.539,0.0,21300000.0,0.0,0.0,0.0,0.0,0.0,0.0,0.0,0.0,0.0,0.0,0.0,0.0,0.0,2210545.126,987258.0264,0.0,0.0,336663.0093,0.0,5104628.581,0.0,0.0,0.0,0.0,0.0,0.0,0.0,0.0,0.0,7,0,D
596.0,775.3683472,9.5867236,0.0,0.0,0.0,0.0,0.0,0.0,0.0,0.0,0.0,0.0,0.0,0.0,550413.2962,0.0,0.0,772492.0204,0.0,0.0,0.0,0.0,0.0,0.0,0.0,244876.4918,0.0,0.0,0.0,0.0,0.0,0.0,0.0,0.0,0.0,0.0,217529.9975,0.0,0.0,11800000.0,0.0,0.0,0.0,0.0,0.0,0.0,0.0,0.0,0.0,0.0,0.0,0.0,0.0,0.0,0.0,0.0,0.0,1125066.781,14,19,MD
608.0,617.2746548,8.3865699,1291143.553,0.0,0.0,0.0,0.0,0.0,0.0,0.0,0.0,0.0,406534.2687,0.0,0.0,0.0,0.0,0.0,0.0,0.0,0.0,0.0,399459.0053,0.0,0.0,284803.9365,0.0,0.0,15800000.0,0.0,0.0,0.0,0.0,0.0,256460.4055,0.0,218701.8842,0.0,0.0,0.0,0.0,0.0,173932.6435,0.0,536760.9541,0.0,0.0,0.0,0.0,0.0,0.0,0.0,0.0,0.0,0.0,0.0,0.0,0.0,6,0,D
628.0,792.3947398,9.592655567,0.0,0.0,0.0,0.0,0.0,0.0,0.0,0.0,0.0,0.0,0.0,0.0,0.0,0.0,0.0,882199.7784,0.0,0.0,0.0,0.0,0.0,0.0,0.0,218351.4579,0.0,0.0,0.0,0.0,0.0,0.0,0.0,0.0,0.0,0.0,244645.8108,0.0,173011.7096,15800000.0,0.0,0.0,0.0,0.0,0.0,0.0,0.0,0.0,0.0,0.0,0.0,0.0,0.0,0.0,0.0,0.0,0.0,620340.7141,0,13,MD
634.0,759.3738491,13.11188086,0.0,0.0,0.0,0.0,0.0,0.0,0.0,0.0,0.0,0.0,0.0,0.0,0.0,0.0,0.0,0.0,0.0,0.0,0.0,0.0,0.0,0.0,0.0,309932.9274,290418.7818,0.0,710156.2671,0.0,0.0,0.0,0.0,0.0,0.0,0.0,0.0,0.0,11200000.0,17200000.0,0.0,0.0,0.0,0.0,0.0,2432647.864,0.0,0.0,0.0,0.0,0.0,0.0,0.0,0.0,0.0,0.0,0.0,9414671.638,10,18,MD
644.0,667.3112488,10.8666796,0.0,0.0,0.0,1029459.108,0.0,0.0,0.0,381685.1929,0.0,0.0,0.0,2213961.481,64500000.0,855061.5424,0.0,1336657.189,476090.833,0.0,0.0,0.0,0.0,0.0,0.0,223150.1129,0.0,0.0,232891.6346,0.0,32400000.0,3813884.157,0.0,0.0,0.0,0.0,0.0,0.0,4099998.739,4288827.847,1124326.218,0.0,0.0,0.0,0.0,0.0,0.0,0.0,0.0,0.0,0.0,0.0,0.0,0.0,0.0,0.0,0.0,71300000.0,14,33,MD
646.0,647.2846026,9.325554843,2911492.441,1247720.529,0.0,577726.8907,0.0,0.0,1169440.308,0.0,518275.3553,0.0,0.0,0.0,0.0,0.0,0.0,0.0,590132.2239,0.0,0.0,0.0,0.0,0.0,0.0,148880.8241,0.0,0.0,0.0,0.0,0.0,0.0,0.0,0.0,0.0,0.0,0.0,0.0,0.0,0.0,0.0,0.0,0.0,0.0,0.0,0.0,0.0,0.0,0.0,0.0,0.0,0.0,0.0,0.0,0.0,0.0,0.0,0.0,8,0,D
660.0,655.3472799,12.19402,0.0,0.0,0.0,2648505.201,0.0,0.0,0.0,2926146.023,0.0,0.0,353514.1982,0.0,0.0,0.0,0.0,345997.9344,0.0,0.0,0.0,0.0,1921858.156,0.0,0.0,304709.5693,0.0,0.0,690264.8388,0.0,0.0,0.0,0.0,0.0,26300000.0,0.0,0.0,0.0,0.0,0.0,0.0,0.0,0.0,860998.0873,0.0,0.0,0.0,0.0,728286.9862,0.0,0.0,0.0,0.0,0.0,0.0,607685.1217,0.0,2629050.678,7,0,D
667.0,711.3365275,8.1302743,0.0,0.0,0.0,0.0,0.0,0.0,0.0,0.0,0.0,0.0,0.0,2261079.033,0.0,0.0,0.0,0.0,0.0,0.0,0.0,0.0,0.0,0.0,0.0,0.0,0.0,0.0,32800000.0,0.0,0.0,0.0,0.0,0.0,0.0,0.0,0.0,0.0,0.0,0.0,0.0,0.0,0.0,0.0,0.0,0.0,0.0,0.0,0.0,0.0,0.0,0.0,0.0,0.0,0.0,0.0,0.0,689412.6342,25,25,D
668.0,876.4155579,9.0792998,0.0,0.0,0.0,0.0,0.0,0.0,0.0,0.0,0.0,0.0,0.0,2462382.009,0.0,0.0,0.0,0.0,0.0,0.0,0.0,0.0,0.0,0.0,0.0,0.0,0.0,0.0,29300000.0,0.0,0.0,0.0,0.0,0.0,0.0,0.0,0.0,0.0,0.0,0.0,0.0,0.0,0.0,0.0,0.0,0.0,0.0,0.0,0.0,0.0,0.0,0.0,0.0,0.0,0.0,0.0,0.0,0.0,10,21,MD
669.0,833.3733114,8.0385806,0.0,0.0,0.0,0.0,0.0,0.0,0.0,0.0,0.0,0.0,0.0,0.0,0.0,0.0,0.0,0.0,0.0,0.0,0.0,0.0,0.0,0.0,0.0,0.0,0.0,0.0,24100000.0,0.0,0.0,0.0,0.0,0.0,0.0,0.0,0.0,0.0,0.0,1159111.66,0.0,0.0,0.0,0.0,0.0,0.0,0.0,0.0,0.0,0.0,0.0,0.0,0.0,0.0,0.0,0.0,0.0,667933.4346,18,26,MD
672.0,864.4141235,8.0740198,0.0,0.0,0.0,0.0,0.0,0.0,0.0,0.0,0.0,0.0,0.0,0.0,0.0,0.0,0.0,0.0,0.0,0.0,0.0,0.0,0.0,0.0,0.0,0.0,0.0,0.0,18600000.0,0.0,0.0,0.0,0.0,0.0,0.0,0.0,0.0,0.0,0.0,0.0,0.0,0.0,0.0,0.0,0.0,0.0,0.0,0.0,0.0,0.0,0.0,0.0,0.0,0.0,0.0,0.0,0.0,0.0,6,18,MD
680.0,876.4144287,8.1033741,0.0,0.0,0.0,0.0,0.0,0.0,0.0,0.0,0.0,0.0,0.0,0.0,0.0,0.0,0.0,0.0,0.0,0.0,0.0,0.0,0.0,0.0,0.0,0.0,0.0,0.0,10400000.0,0.0,0.0,0.0,0.0,0.0,0.0,0.0,0.0,0.0,0.0,0.0,0.0,0.0,0.0,0.0,0.0,0.0,0.0,0.0,0.0,0.0,0.0,0.0,0.0,0.0,0.0,0.0,0.0,0.0,0,14,MD
683.0,659.2835083,8.4713884,0.0,0.0,0.0,0.0,0.0,0.0,0.0,0.0,0.0,0.0,0.0,0.0,0.0,0.0,0.0,0.0,0.0,0.0,0.0,0.0,0.0,0.0,0.0,0.0,0.0,0.0,12700000.0,0.0,0.0,0.0,0.0,0.0,0.0,0.0,0.0,0.0,0.0,0.0,0.0,0.0,0.0,0.0,0.0,0.0,0.0,0.0,0.0,0.0,0.0,0.0,0.0,0.0,0.0,0.0,0.0,0.0,13,0,D
687.0,622.2999023,8.43726926,0.0,0.0,0.0,0.0,0.0,0.0,0.0,0.0,0.0,0.0,0.0,0.0,0.0,0.0,0.0,0.0,0.0,0.0,0.0,0.0,0.0,0.0,0.0,0.0,0.0,0.0,11900000.0,0.0,0.0,0.0,0.0,0.0,598766.4211,0.0,1128850.68,0.0,0.0,0.0,0.0,0.0,0.0,0.0,0.0,0.0,1441448.242,0.0,15200000.0,0.0,0.0,0.0,0.0,0.0,0.0,0.0,0.0,0.0,6,0,D
688.0,635.2848733,8.997034191,4511603.585,0.0,0.0,1895332.372,0.0,0.0,2387765.138,1403186.025,0.0,0.0,894968.5505,0.0,0.0,0.0,0.0,0.0,0.0,0.0,0.0,0.0,2235131.388,0.0,0.0,0.0,0.0,0.0,10100000.0,0.0,0.0,0.0,0.0,0.0,376107.83,0.0,195663.1189,0.0,0.0,0.0,0.0,0.0,2494497.07,0.0,0.0,0.0,2458552.057,0.0,0.0,0.0,0.0,0.0,0.0,0.0,0.0,0.0,0.0,0.0,19,0,D
692.0,801.3842529,11.0334472,0.0,0.0,0.0,0.0,0.0,0.0,0.0,0.0,0.0,0.0,1515890.113,0.0,0.0,0.0,0.0,7735004.947,0.0,0.0,0.0,0.0,0.0,0.0,0.0,0.0,0.0,0.0,9536761.631,0.0,8079632.823,942420.32,0.0,0.0,0.0,0.0,0.0,0.0,0.0,0.0,0.0,0.0,0.0,0.0,0.0,0.0,0.0,0.0,0.0,0.0,0.0,0.0,0.0,0.0,0.0,0.0,0.0,0.0,7,22,MD
699.0,739.3675842,8.3728973,0.0,0.0,0.0,0.0,0.0,0.0,0.0,0.0,0.0,0.0,0.0,0.0,0.0,0.0,0.0,0.0,0.0,0.0,0.0,0.0,0.0,0.0,0.0,0.0,0.0,0.0,6083347.835,0.0,3301313.284,0.0,0.0,0.0,0.0,0.0,0.0,0.0,0.0,0.0,0.0,0.0,0.0,0.0,0.0,0.0,0.0,0.0,0.0,0.0,0.0,0.0,0.0,0.0,0.0,0.0,0.0,0.0,6,20,MD
702.0,653.3310808,12.80650057,0.0,0.0,0.0,0.0,0.0,0.0,0.0,0.0,0.0,0.0,7214352.548,0.0,8301297.858,0.0,0.0,0.0,0.0,0.0,0.0,0.0,0.0,0.0,0.0,0.0,0.0,0.0,2308293.366,0.0,0.0,0.0,0.0,0.0,784387.6074,0.0,0.0,0.0,1184913.263,0.0,0.0,0.0,846199.6876,0.0,0.0,0.0,0.0,0.0,213525.4664,0.0,0.0,0.0,0.0,0.0,0.0,0.0,0.0,0.0,13,0,D
704.0,769.3946533,14.351642,0.0,0.0,0.0,0.0,0.0,0.0,0.0,0.0,0.0,0.0,0.0,0.0,0.0,0.0,0.0,0.0,0.0,0.0,0.0,0.0,0.0,0.0,0.0,0.0,0.0,0.0,4389625.911,0.0,0.0,0.0,0.0,0.0,0.0,0.0,0.0,0.0,0.0,0.0,0.0,0.0,0.0,0.0,0.0,0.0,0.0,0.0,0.0,0.0,0.0,0.0,0.0,0.0,0.0,0.0,0.0,0.0,6,0,D
707.0,1090.44294,10.26798325,0.0,0.0,0.0,0.0,0.0,0.0,0.0,0.0,0.0,0.0,0.0,1098458.746,0.0,1959953.754,0.0,0.0,0.0,0.0,0.0,0.0,2880181.294,600322.201,0.0,0.0,0.0,6469269.614,6019414.032,0.0,0.0,0.0,0.0,0.0,0.0,0.0,0.0,0.0,3120393.835,10800000.0,0.0,0.0,0.0,0.0,0.0,0.0,0.0,0.0,0.0,0.0,0.0,0.0,0.0,0.0,0.0,0.0,0.0,0.0,9,14,MD
709.0,505.2434235,4.066953046,1339888.411,0.0,0.0,0.0,361239.9837,0.0,4608460.354,995196.0705,0.0,0.0,0.0,0.0,0.0,1322852.75,0.0,0.0,1801540.963,0.0,188620.6299,0.0,3915020.875,0.0,0.0,0.0,59900000.0,0.0,5601675.829,0.0,0.0,0.0,0.0,0.0,0.0,0.0,0.0,0.0,0.0,0.0,0.0,0.0,5783235.437,2513340.597,0.0,0.0,0.0,0.0,1615172.807,0.0,0.0,0.0,0.0,0.0,0.0,0.0,0.0,0.0,15,0,D
715.0,737.3517456,9.03638275,0.0,0.0,0.0,0.0,0.0,0.0,0.0,0.0,0.0,0.0,0.0,0.0,0.0,0.0,0.0,0.0,0.0,0.0,0.0,0.0,0.0,0.0,0.0,0.0,0.0,0.0,4720133.368,0.0,0.0,0.0,0.0,0.0,0.0,0.0,0.0,0.0,0.0,0.0,0.0,0.0,0.0,0.0,0.0,0.0,0.0,0.0,0.0,0.0,0.0,2046585.371,0.0,0.0,0.0,0.0,0.0,0.0,13,14,MD
720.0,659.2834473,8.2668643,0.0,0.0,0.0,0.0,0.0,0.0,0.0,0.0,0.0,0.0,0.0,0.0,0.0,0.0,0.0,0.0,0.0,0.0,0.0,0.0,0.0,0.0,0.0,0.0,0.0,0.0,9029897.379,0.0,0.0,0.0,0.0,0.0,0.0,0.0,0.0,0.0,0.0,0.0,0.0,0.0,0.0,0.0,0.0,0.0,0.0,0.0,0.0,0.0,0.0,0.0,0.0,0.0,0.0,0.0,0.0,0.0,14,0,D
721.0,859.3881226,9.0589606,0.0,0.0,0.0,0.0,0.0,0.0,0.0,0.0,0.0,0.0,0.0,0.0,0.0,0.0,0.0,0.0,0.0,0.0,0.0,0.0,0.0,0.0,0.0,0.0,0.0,0.0,3565510.166,0.0,0.0,0.0,0.0,0.0,0.0,0.0,0.0,0.0,0.0,0.0,0.0,0.0,0.0,0.0,0.0,0.0,0.0,0.0,0.0,0.0,0.0,0.0,0.0,0.0,0.0,0.0,0.0,0.0,0,7,MD
723.0,890.4297485,8.1033741,0.0,0.0,0.0,0.0,0.0,0.0,0.0,0.0,0.0,0.0,0.0,0.0,0.0,0.0,0.0,0.0,0.0,0.0,0.0,0.0,0.0,0.0,0.0,0.0,0.0,0.0,3580922.289,0.0,0.0,0.0,0.0,0.0,0.0,0.0,0.0,0.0,0.0,0.0,0.0,0.0,0.0,0.0,0.0,0.0,0.0,0.0,0.0,0.0,0.0,0.0,0.0,0.0,0.0,0.0,0.0,0.0,0,7,MD
729.0,661.2999878,9.3279575,0.0,0.0,0.0,0.0,0.0,0.0,0.0,0.0,0.0,0.0,0.0,0.0,0.0,0.0,0.0,0.0,0.0,0.0,0.0,0.0,0.0,0.0,0.0,0.0,0.0,0.0,4677911.481,0.0,0.0,0.0,0.0,0.0,0.0,0.0,0.0,0.0,0.0,0.0,0.0,0.0,0.0,0.0,0.0,0.0,0.0,0.0,0.0,0.0,0.0,0.0,0.0,0.0,0.0,0.0,0.0,0.0,15,0,D
732.0,717.3633728,13.468409,0.0,0.0,0.0,0.0,0.0,0.0,0.0,0.0,0.0,0.0,0.0,0.0,0.0,0.0,0.0,0.0,0.0,0.0,0.0,0.0,0.0,0.0,0.0,0.0,0.0,0.0,3676545.193,0.0,0.0,0.0,0.0,0.0,0.0,0.0,0.0,0.0,0.0,0.0,0.0,0.0,0.0,0.0,0.0,0.0,0.0,0.0,0.0,0.0,0.0,0.0,0.0,0.0,0.0,0.0,0.0,0.0,6,0,D
737.0,609.3060455,11.06143533,27600000.0,1671012.302,0.0,0.0,1025194.341,0.0,2431791.349,7856348.331,2165376.607,0.0,13800000.0,17100000.0,0.0,0.0,0.0,0.0,0.0,0.0,0.0,0.0,0.0,0.0,0.0,0.0,0.0,0.0,3448722.928,0.0,0.0,0.0,0.0,0.0,160346.5466,0.0,0.0,0.0,0.0,0.0,0.0,0.0,18400000.0,0.0,0.0,0.0,0.0,0.0,750502.7628,0.0,0.0,0.0,0.0,0.0,0.0,0.0,0.0,0.0,14,0,D
749.0,850.4007263,7.2911071,0.0,0.0,0.0,0.0,0.0,0.0,0.0,0.0,0.0,0.0,0.0,0.0,0.0,0.0,0.0,0.0,0.0,0.0,0.0,0.0,0.0,0.0,0.0,0.0,0.0,0.0,2750084.393,0.0,0.0,0.0,0.0,0.0,0.0,0.0,0.0,0.0,0.0,0.0,0.0,0.0,0.0,0.0,0.0,0.0,0.0,0.0,0.0,0.0,0.0,0.0,0.0,0.0,0.0,0.0,0.0,181248.4525,0,8,MD
751.0,850.3999634,6.8549165,0.0,0.0,0.0,0.0,0.0,0.0,0.0,0.0,0.0,0.0,0.0,0.0,0.0,0.0,0.0,0.0,0.0,0.0,0.0,0.0,0.0,0.0,0.0,0.0,0.0,0.0,2053521.353,0.0,0.0,0.0,0.0,0.0,0.0,0.0,0.0,0.0,0.0,0.0,0.0,0.0,0.0,0.0,0.0,0.0,0.0,0.0,0.0,0.0,0.0,0.0,0.0,0.0,0.0,0.0,0.0,0.0,0,9,MD
760.0,636.3165436,8.37709365,0.0,0.0,0.0,0.0,0.0,0.0,0.0,0.0,0.0,0.0,0.0,0.0,0.0,0.0,0.0,0.0,151649.2459,0.0,0.0,0.0,0.0,0.0,0.0,0.0,0.0,0.0,2741980.494,0.0,0.0,0.0,0.0,0.0,0.0,0.0,0.0,0.0,0.0,0.0,0.0,0.0,0.0,0.0,0.0,0.0,1235459.699,0.0,21800000.0,0.0,0.0,0.0,0.0,0.0,0.0,0.0,0.0,0.0,6,0,D
767.0,485.217926,5.0441169,0.0,0.0,0.0,0.0,0.0,0.0,0.0,455155.3104,0.0,0.0,0.0,0.0,0.0,0.0,0.0,0.0,0.0,0.0,0.0,0.0,0.0,0.0,0.0,0.0,0.0,0.0,1581988.516,0.0,0.0,0.0,0.0,0.0,0.0,0.0,0.0,0.0,0.0,0.0,0.0,0.0,0.0,0.0,0.0,0.0,0.0,0.0,0.0,0.0,0.0,0.0,0.0,0.0,0.0,0.0,0.0,0.0,7,0,D
777.0,451.2109571,8.276410014,0.0,0.0,0.0,261978.9418,0.0,0.0,0.0,0.0,0.0,0.0,174465.084,465596.2257,0.0,0.0,0.0,0.0,344340.5699,0.0,0.0,0.0,0.0,0.0,0.0,0.0,17400000.0,0.0,1962643.99,0.0,0.0,0.0,0.0,0.0,0.0,0.0,0.0,0.0,0.0,0.0,0.0,0.0,0.0,0.0,0.0,0.0,0.0,0.0,1589278.359,0.0,0.0,0.0,0.0,0.0,0.0,0.0,0.0,0.0,7,0,D
780.0,651.3163893,7.970995233,1622000.175,0.0,0.0,1035102.999,0.0,0.0,0.0,0.0,0.0,0.0,2303145.96,6506344.594,0.0,0.0,0.0,0.0,0.0,0.0,0.0,0.0,0.0,0.0,0.0,0.0,825426.6368,0.0,1316713.081,0.0,0.0,0.0,0.0,0.0,2557926.138,0.0,0.0,0.0,0.0,0.0,0.0,0.0,3622269.113,0.0,0.0,0.0,0.0,0.0,0.0,0.0,0.0,0.0,0.0,0.0,0.0,0.0,0.0,224962.3454,11,0,D
785.0,833.3735962,9.6904611,0.0,0.0,0.0,0.0,0.0,0.0,0.0,0.0,0.0,0.0,0.0,0.0,0.0,0.0,0.0,0.0,0.0,0.0,0.0,0.0,0.0,0.0,0.0,0.0,0.0,0.0,1353693.798,0.0,0.0,0.0,0.0,0.0,0.0,0.0,0.0,0.0,0.0,0.0,0.0,0.0,0.0,0.0,0.0,0.0,0.0,0.0,0.0,0.0,0.0,0.0,0.0,0.0,0.0,0.0,0.0,0.0,0,6,MD
791.0,876.4159546,7.4750044,0.0,0.0,0.0,0.0,0.0,0.0,0.0,0.0,0.0,0.0,0.0,0.0,0.0,0.0,0.0,0.0,0.0,0.0,0.0,0.0,0.0,0.0,0.0,0.0,0.0,0.0,1144019.231,0.0,0.0,0.0,0.0,0.0,0.0,0.0,0.0,0.0,0.0,0.0,0.0,0.0,0.0,0.0,0.0,0.0,0.0,0.0,0.0,0.0,0.0,0.0,0.0,0.0,0.0,0.0,0.0,0.0,0,7,MD
793.0,627.3142133,10.894645,921546.2341,1117456.679,182769.8149,0.0,257661.4398,0.0,0.0,950919.1513,0.0,0.0,0.0,0.0,0.0,0.0,0.0,0.0,0.0,0.0,0.0,0.0,0.0,0.0,0.0,0.0,551656.0068,0.0,1643286.249,0.0,0.0,0.0,0.0,0.0,0.0,0.0,0.0,0.0,0.0,0.0,0.0,0.0,0.0,0.0,0.0,0.0,0.0,0.0,0.0,0.0,0.0,0.0,0.0,0.0,0.0,0.0,0.0,0.0,6,0,D
796.0,730.3791962,7.24069815,0.0,0.0,0.0,0.0,0.0,0.0,0.0,0.0,0.0,0.0,0.0,0.0,0.0,0.0,0.0,0.0,0.0,0.0,0.0,0.0,0.0,0.0,0.0,0.0,0.0,0.0,1200392.601,0.0,0.0,0.0,0.0,0.0,0.0,0.0,0.0,0.0,0.0,0.0,0.0,0.0,0.0,0.0,0.0,0.0,0.0,0.0,0.0,0.0,0.0,0.0,0.0,0.0,0.0,0.0,0.0,5344557.997,0,19,MD
799.0,669.3264291,8.597619143,0.0,0.0,0.0,0.0,0.0,0.0,0.0,0.0,0.0,0.0,0.0,454057.007,24100000.0,0.0,0.0,179185.2095,0.0,0.0,0.0,0.0,0.0,0.0,0.0,0.0,0.0,0.0,2183258.222,0.0,1827945.691,3298309.93,0.0,0.0,0.0,0.0,0.0,0.0,0.0,0.0,0.0,0.0,0.0,0.0,0.0,0.0,0.0,0.0,0.0,0.0,0.0,0.0,0.0,0.0,0.0,0.0,0.0,2702798.457,19,28,MD
800.0,635.2835083,8.5397876,185838.4112,0.0,0.0,0.0,0.0,0.0,0.0,0.0,0.0,0.0,396583.9966,0.0,0.0,0.0,0.0,0.0,0.0,0.0,0.0,0.0,0.0,0.0,0.0,0.0,0.0,0.0,631677.3558,0.0,0.0,0.0,0.0,0.0,0.0,0.0,0.0,0.0,0.0,0.0,0.0,0.0,0.0,0.0,0.0,0.0,0.0,0.0,0.0,0.0,0.0,0.0,0.0,0.0,0.0,0.0,0.0,0.0,6,0,D
806.0,653.3318441,10.34936287,12400000.0,0.0,0.0,0.0,0.0,0.0,453500.8958,0.0,0.0,0.0,0.0,1028642.326,34900000.0,955337.619,0.0,0.0,336025.731,0.0,0.0,0.0,1125409.227,0.0,0.0,0.0,0.0,0.0,463120.2559,0.0,13300000.0,1028243.894,0.0,0.0,0.0,0.0,0.0,0.0,1166685.134,6629317.642,0.0,0.0,4153625.112,0.0,0.0,0.0,0.0,0.0,229101.7002,0.0,0.0,0.0,0.0,0.0,0.0,0.0,0.0,19000000.0,0,14,MD
811.0,651.3161621,9.71839545,886539.3482,0.0,0.0,317885.8592,0.0,0.0,0.0,2182575.112,0.0,0.0,6265368.932,780200.5506,0.0,0.0,0.0,0.0,0.0,0.0,0.0,0.0,2928939.992,0.0,0.0,0.0,0.0,0.0,1014758.794,0.0,0.0,0.0,0.0,0.0,0.0,0.0,0.0,0.0,0.0,0.0,0.0,0.0,1519320.286,0.0,0.0,0.0,0.0,0.0,0.0,0.0,0.0,0.0,0.0,0.0,0.0,0.0,0.0,0.0,18,0,D
820.0,625.2990837,10.20583475,4478774.696,0.0,1317834.125,147535.3085,2068234.369,0.0,567780.016,0.0,0.0,0.0,8834845.927,1665032.764,0.0,0.0,0.0,0.0,0.0,0.0,0.0,0.0,0.0,0.0,0.0,0.0,0.0,0.0,944388.5815,0.0,0.0,0.0,0.0,0.0,0.0,0.0,0.0,0.0,0.0,0.0,0.0,0.0,0.0,0.0,0.0,0.0,0.0,0.0,0.0,0.0,0.0,0.0,0.0,0.0,0.0,0.0,0.0,0.0,13,0,D
822.0,631.2165833,7.8335459,0.0,0.0,0.0,0.0,0.0,0.0,0.0,0.0,0.0,0.0,0.0,0.0,0.0,0.0,0.0,0.0,0.0,0.0,0.0,0.0,0.0,0.0,0.0,0.0,0.0,0.0,515422.9571,0.0,0.0,0.0,0.0,0.0,0.0,0.0,0.0,0.0,0.0,0.0,0.0,0.0,0.0,0.0,0.0,0.0,0.0,0.0,0.0,0.0,0.0,0.0,0.0,0.0,0.0,0.0,0.0,0.0,14,0,D
841.0,485.2172496,4.523389578,3157950.155,0.0,0.0,0.0,0.0,0.0,5821500.326,32700000.0,0.0,0.0,8845067.321,0.0,0.0,176902.8835,0.0,0.0,0.0,0.0,0.0,438802.4534,0.0,0.0,0.0,0.0,0.0,0.0,309075.8358,0.0,0.0,0.0,0.0,0.0,218139.6643,0.0,691953.4759,0.0,0.0,0.0,0.0,0.0,0.0,0.0,0.0,0.0,0.0,0.0,0.0,0.0,0.0,0.0,0.0,0.0,0.0,0.0,0.0,0.0,9,0,D
847.0,653.3315868,8.359203963,4436946.458,213161.4227,0.0,5574841.049,0.0,0.0,679319.6811,2166241.423,1290884.131,0.0,2757890.625,6224255.411,604582.525,0.0,0.0,0.0,394965.6441,0.0,0.0,0.0,0.0,0.0,0.0,0.0,8606342.334,0.0,570473.995,0.0,0.0,0.0,0.0,0.0,0.0,0.0,0.0,0.0,0.0,330795.224,0.0,0.0,4950890.729,1068382.225,0.0,0.0,0.0,0.0,2019435.179,0.0,0.0,0.0,0.0,0.0,0.0,0.0,0.0,0.0,12,0,D
848.0,655.3471015,9.042130035,276694.2865,0.0,0.0,203813.348,0.0,0.0,0.0,0.0,0.0,0.0,240951.525,1520209.667,289686.9407,0.0,0.0,571331.0003,304805.9593,0.0,0.0,0.0,0.0,0.0,0.0,0.0,0.0,0.0,305302.3836,0.0,0.0,0.0,0.0,0.0,2716596.477,0.0,944499.276,0.0,0.0,16200000.0,0.0,0.0,4159624.723,2075173.173,11200000.0,0.0,3326132.679,0.0,11200000.0,0.0,0.0,0.0,0.0,0.0,0.0,0.0,0.0,204440.8969,10,15,MD
857.0,649.3006592,8.58175938,0.0,0.0,0.0,382871.8865,0.0,0.0,0.0,0.0,0.0,0.0,160837.3647,0.0,0.0,0.0,0.0,0.0,0.0,0.0,0.0,0.0,0.0,0.0,0.0,0.0,0.0,0.0,519051.6746,0.0,0.0,0.0,0.0,0.0,520997.9887,0.0,0.0,0.0,0.0,0.0,0.0,0.0,1010720.728,0.0,0.0,0.0,0.0,0.0,0.0,0.0,0.0,0.0,0.0,0.0,0.0,0.0,0.0,0.0,6,0,D
861.0,655.3472032,12.80555354,1213114.327,0.0,0.0,0.0,327658.2324,0.0,420176.6236,214151.3081,0.0,0.0,0.0,471194.9375,0.0,0.0,0.0,0.0,250898.5158,0.0,0.0,0.0,196293.385,0.0,0.0,0.0,0.0,0.0,525915.0338,0.0,0.0,0.0,0.0,0.0,0.0,0.0,0.0,0.0,0.0,574573.4286,0.0,0.0,11200000.0,1565810.114,0.0,0.0,0.0,0.0,2288367.302,0.0,0.0,0.0,0.0,0.0,0.0,0.0,0.0,308829.8096,10,0,D
873.0,451.2107582,7.45363015,0.0,0.0,0.0,0.0,0.0,0.0,0.0,0.0,0.0,0.0,0.0,0.0,0.0,0.0,0.0,0.0,174000.7802,0.0,0.0,0.0,0.0,0.0,0.0,0.0,14700000.0,0.0,273279.6462,0.0,0.0,0.0,0.0,0.0,0.0,0.0,0.0,0.0,0.0,0.0,0.0,0.0,0.0,0.0,0.0,0.0,0.0,0.0,208170.8685,0.0,0.0,0.0,0.0,0.0,0.0,0.0,0.0,0.0,7,0,D
885.0,627.3156637,10.086281,0.0,0.0,0.0,0.0,0.0,0.0,0.0,0.0,0.0,0.0,0.0,0.0,0.0,0.0,0.0,0.0,362221.7976,0.0,0.0,0.0,0.0,0.0,0.0,0.0,3328978.258,0.0,270012.1965,0.0,0.0,0.0,0.0,0.0,0.0,0.0,0.0,0.0,0.0,0.0,0.0,0.0,0.0,0.0,0.0,0.0,0.0,0.0,0.0,0.0,0.0,0.0,0.0,0.0,0.0,0.0,0.0,0.0,9,0,D
897.0,311.1636861,8.177182256,0.0,0.0,0.0,0.0,5592562.934,212424.41,0.0,0.0,0.0,0.0,0.0,0.0,0.0,0.0,0.0,0.0,0.0,0.0,0.0,0.0,0.0,0.0,0.0,0.0,2012394.462,0.0,180763.7731,0.0,659957.3176,33700000.0,0.0,0.0,2290390.315,0.0,661641.3779,0.0,0.0,0.0,0.0,0.0,0.0,0.0,0.0,0.0,1315307.137,0.0,0.0,0.0,0.0,0.0,0.0,0.0,0.0,0.0,0.0,0.0,14,0,D
898.0,627.3150984,10.21771986,1736698.64,0.0,0.0,721424.8857,0.0,0.0,0.0,714804.5762,0.0,0.0,518504.5544,0.0,0.0,0.0,0.0,0.0,0.0,0.0,0.0,0.0,0.0,0.0,0.0,0.0,0.0,0.0,256241.1675,0.0,0.0,0.0,0.0,0.0,0.0,0.0,0.0,0.0,0.0,0.0,0.0,0.0,1922430.837,0.0,0.0,0.0,0.0,0.0,509316.7832,0.0,0.0,0.0,0.0,0.0,0.0,0.0,0.0,0.0,8,0,D
901.0,609.2689311,7.545543467,0.0,0.0,0.0,0.0,0.0,0.0,0.0,0.0,0.0,0.0,0.0,0.0,0.0,0.0,0.0,0.0,0.0,0.0,0.0,0.0,0.0,0.0,0.0,0.0,3837176.939,0.0,191031.9125,0.0,0.0,0.0,0.0,0.0,0.0,0.0,0.0,0.0,0.0,0.0,0.0,0.0,0.0,0.0,0.0,0.0,0.0,0.0,980861.0666,0.0,0.0,0.0,0.0,0.0,0.0,0.0,0.0,0.0,18,0,D
902.0,633.2698212,7.1482956,0.0,0.0,0.0,0.0,0.0,0.0,0.0,0.0,0.0,0.0,2433775.066,0.0,0.0,0.0,0.0,0.0,0.0,0.0,0.0,0.0,0.0,0.0,0.0,0.0,0.0,0.0,256148.8988,0.0,0.0,0.0,0.0,0.0,0.0,0.0,0.0,0.0,0.0,0.0,0.0,0.0,0.0,0.0,0.0,0.0,0.0,0.0,0.0,0.0,0.0,0.0,0.0,0.0,0.0,0.0,0.0,0.0,15,0,D
962.0,485.217679,4.874224931,150000000.0,0.0,0.0,2878901.599,0.0,3208524.501,294000000.0,1200000000.0,8603032.67,0.0,358000000.0,0.0,0.0,8099640.041,0.0,0.0,0.0,0.0,0.0,0.0,0.0,0.0,0.0,0.0,0.0,0.0,0.0,0.0,0.0,0.0,0.0,2644398.384,14500000.0,0.0,44900000.0,0.0,0.0,0.0,0.0,1650710.591,0.0,1527120.892,0.0,2169304.515,2015660.014,0.0,1138803.783,0.0,0.0,0.0,0.0,0.0,0.0,0.0,0.0,0.0,6,0,D
963.0,543.2221375,4.4936056,0.0,0.0,0.0,0.0,0.0,0.0,0.0,413000000.0,0.0,0.0,0.0,0.0,0.0,0.0,0.0,0.0,0.0,0.0,0.0,0.0,0.0,0.0,0.0,0.0,0.0,0.0,0.0,0.0,0.0,0.0,0.0,0.0,0.0,0.0,0.0,0.0,0.0,0.0,0.0,0.0,0.0,0.0,0.0,0.0,0.0,0.0,0.0,0.0,0.0,0.0,0.0,0.0,0.0,0.0,0.0,0.0,21,0,D
968.0,501.2122231,2.5031036,1767930.235,0.0,0.0,0.0,0.0,0.0,35100000.0,123000000.0,0.0,0.0,30300000.0,0.0,0.0,0.0,0.0,0.0,0.0,0.0,0.0,0.0,0.0,0.0,0.0,0.0,0.0,0.0,0.0,0.0,0.0,0.0,0.0,0.0,0.0,0.0,0.0,0.0,0.0,0.0,0.0,0.0,0.0,0.0,0.0,0.0,0.0,0.0,0.0,0.0,0.0,0.0,0.0,0.0,0.0,0.0,0.0,0.0,8,0,D
971.0,541.2070109,4.297588633,0.0,0.0,393000000.0,0.0,0.0,0.0,0.0,52900000.0,0.0,0.0,7800636.794,0.0,0.0,0.0,0.0,0.0,0.0,0.0,0.0,0.0,0.0,0.0,0.0,0.0,0.0,0.0,0.0,0.0,0.0,0.0,0.0,0.0,0.0,0.0,0.0,0.0,0.0,0.0,0.0,0.0,0.0,0.0,0.0,0.0,0.0,0.0,0.0,0.0,0.0,0.0,0.0,0.0,0.0,0.0,0.0,0.0,17,0,D
975.0,585.3419865,13.56836079,0.0,0.0,0.0,0.0,0.0,0.0,0.0,42300000.0,0.0,0.0,0.0,0.0,365000000.0,0.0,0.0,0.0,0.0,0.0,0.0,0.0,0.0,0.0,0.0,0.0,0.0,0.0,0.0,233000000.0,302000000.0,491000000.0,0.0,7156921.566,0.0,0.0,7459077.43,0.0,37400000.0,268000000.0,0.0,0.0,0.0,0.0,4081459.972,12100000.0,0.0,0.0,0.0,0.0,0.0,2191578.685,0.0,0.0,0.0,0.0,257615.465,184000000.0,16,0,D
976.0,501.2128372,3.639874525,1325788.111,0.0,0.0,0.0,0.0,0.0,10400000.0,40500000.0,0.0,0.0,0.0,0.0,0.0,0.0,0.0,0.0,0.0,0.0,0.0,0.0,0.0,0.0,0.0,0.0,0.0,0.0,0.0,0.0,0.0,0.0,0.0,0.0,0.0,0.0,0.0,0.0,0.0,0.0,0.0,0.0,0.0,0.0,0.0,0.0,0.0,0.0,0.0,0.0,0.0,0.0,0.0,0.0,0.0,0.0,6383104.06,0.0,14,0,D
981.0,527.2639999,8.637586044,88900000.0,440000000.0,1231400.822,0.0,0.0,3066140.036,18000000.0,32700000.0,1458325.632,0.0,132000000.0,8841847.214,284801.7427,16100000.0,0.0,0.0,0.0,0.0,0.0,0.0,0.0,0.0,0.0,0.0,0.0,0.0,0.0,0.0,55000000.0,410000000.0,0.0,0.0,0.0,0.0,5464374.756,0.0,0.0,226875.5947,0.0,0.0,0.0,0.0,0.0,0.0,0.0,0.0,0.0,0.0,0.0,0.0,0.0,0.0,0.0,0.0,721189.8626,0.0,8,0,D
990.0,559.2171631,2.5230582,0.0,0.0,0.0,0.0,0.0,0.0,0.0,25100000.0,0.0,0.0,0.0,0.0,0.0,0.0,0.0,0.0,0.0,0.0,0.0,0.0,0.0,0.0,0.0,0.0,0.0,0.0,0.0,0.0,0.0,0.0,0.0,0.0,0.0,0.0,0.0,0.0,0.0,0.0,0.0,0.0,0.0,0.0,0.0,0.0,0.0,0.0,0.0,0.0,0.0,0.0,0.0,0.0,0.0,0.0,0.0,0.0,24,0,D
994.0,487.2326931,4.274781333,25100000.0,0.0,0.0,18800000.0,0.0,0.0,0.0,20000000.0,0.0,0.0,7280819.036,0.0,0.0,5856994.771,0.0,0.0,2127551.057,0.0,4433883.029,666286.0127,7814682.211,589357.4821,0.0,0.0,14300000.0,0.0,0.0,0.0,0.0,0.0,0.0,5687198.687,17700000.0,0.0,0.0,268396.8531,0.0,0.0,0.0,0.0,0.0,0.0,0.0,0.0,2925418.141,0.0,240894.6309,0.0,569993.3794,0.0,0.0,0.0,0.0,0.0,1511605.555,0.0,14,0,D
995.0,653.3318293,11.3225661,48700000.0,2155984.476,0.0,26600000.0,2806178.317,2364336.737,13400000.0,27100000.0,4323416.155,0.0,3060822.934,10400000.0,261652.2081,9368626.129,0.0,0.0,7314888.309,0.0,0.0,0.0,4504682.181,454173.4776,0.0,0.0,46100000.0,0.0,0.0,0.0,0.0,0.0,0.0,0.0,0.0,0.0,452560.9323,0.0,0.0,0.0,0.0,0.0,12400000.0,3364882.729,0.0,0.0,0.0,0.0,4497134.053,0.0,0.0,0.0,0.0,0.0,0.0,0.0,521438.9189,0.0,14,0,D
996.0,485.216864,2.6447654,0.0,0.0,0.0,0.0,0.0,0.0,654122.9672,13100000.0,0.0,0.0,1041143.629,0.0,0.0,0.0,0.0,0.0,0.0,0.0,0.0,0.0,0.0,0.0,0.0,0.0,0.0,0.0,0.0,0.0,0.0,0.0,0.0,0.0,0.0,0.0,168261.9032,0.0,0.0,0.0,0.0,0.0,0.0,0.0,0.0,0.0,0.0,0.0,210154.5246,0.0,0.0,0.0,0.0,0.0,0.0,0.0,0.0,0.0,7,0,D
998.0,643.3468292,13.1103983,0.0,0.0,0.0,0.0,0.0,0.0,0.0,18600000.0,0.0,0.0,0.0,0.0,0.0,0.0,0.0,0.0,0.0,0.0,0.0,0.0,0.0,0.0,0.0,0.0,0.0,0.0,0.0,14400000.0,800000000.0,644000000.0,0.0,0.0,0.0,0.0,190181.5228,0.0,4796218.728,0.0,11700000.0,4276296.357,0.0,0.0,0.0,1287474.829,0.0,0.0,0.0,0.0,0.0,0.0,0.0,0.0,0.0,0.0,0.0,574000000.0,17,0,D
1003.0,559.2187195,3.3123666,0.0,0.0,0.0,0.0,0.0,0.0,0.0,16000000.0,0.0,0.0,0.0,0.0,0.0,0.0,0.0,0.0,0.0,0.0,0.0,0.0,0.0,0.0,0.0,0.0,0.0,0.0,0.0,0.0,0.0,0.0,0.0,0.0,0.0,0.0,0.0,0.0,0.0,0.0,0.0,0.0,0.0,0.0,0.0,0.0,0.0,0.0,0.0,0.0,0.0,0.0,0.0,0.0,0.0,0.0,0.0,0.0,24,0,D
1011.0,485.2170054,2.33743095,0.0,0.0,0.0,0.0,0.0,0.0,2022843.768,8337530.31,0.0,0.0,1331405.183,0.0,0.0,0.0,0.0,0.0,0.0,0.0,2485066.19,0.0,0.0,0.0,2315510.252,0.0,0.0,0.0,0.0,0.0,0.0,0.0,0.0,0.0,0.0,0.0,0.0,0.0,0.0,0.0,0.0,0.0,0.0,0.0,0.0,0.0,0.0,0.0,188978.244,0.0,0.0,0.0,0.0,0.0,0.0,0.0,0.0,0.0,8,0,D
1023.0,599.3576965,14.39201309,0.0,0.0,7324569.964,0.0,0.0,0.0,0.0,8631923.879,0.0,0.0,0.0,0.0,113000000.0,0.0,0.0,0.0,0.0,0.0,0.0,0.0,0.0,0.0,0.0,0.0,0.0,0.0,0.0,0.0,1544179.777,45300000.0,0.0,0.0,0.0,0.0,4089746.433,0.0,0.0,45400000.0,946627.1058,0.0,0.0,0.0,4433756.592,0.0,0.0,0.0,0.0,0.0,0.0,935236.8271,0.0,0.0,0.0,0.0,0.0,46500000.0,12,0,D
1027.0,527.2648214,3.817230933,8915672.413,54800000.0,0.0,0.0,0.0,363371.4752,4112136.056,6362101.091,0.0,0.0,0.0,493255.892,0.0,1612849.188,0.0,0.0,0.0,0.0,0.0,0.0,0.0,0.0,0.0,0.0,0.0,0.0,0.0,0.0,0.0,26300000.0,0.0,0.0,0.0,0.0,2269065.804,0.0,0.0,0.0,0.0,0.0,0.0,0.0,0.0,0.0,0.0,0.0,0.0,0.0,0.0,0.0,0.0,0.0,0.0,0.0,0.0,0.0,7,0,D
1032.0,657.3633347,13.96485,0.0,0.0,0.0,0.0,0.0,0.0,0.0,8819619.559,0.0,0.0,0.0,0.0,0.0,0.0,0.0,0.0,0.0,0.0,0.0,0.0,0.0,0.0,0.0,0.0,0.0,0.0,0.0,0.0,0.0,0.0,0.0,0.0,0.0,0.0,0.0,0.0,0.0,1244382.069,0.0,269543.3642,0.0,0.0,0.0,0.0,0.0,0.0,0.0,0.0,0.0,0.0,0.0,0.0,0.0,0.0,0.0,69900000.0,17,0,D
1039.0,621.2333781,4.382122767,0.0,0.0,0.0,0.0,0.0,0.0,762837.0891,8811442.377,0.0,0.0,2312542.015,0.0,0.0,0.0,0.0,0.0,0.0,0.0,0.0,0.0,0.0,0.0,0.0,0.0,0.0,0.0,0.0,0.0,0.0,0.0,0.0,0.0,0.0,0.0,0.0,0.0,0.0,0.0,0.0,0.0,0.0,0.0,0.0,0.0,0.0,0.0,0.0,0.0,0.0,0.0,0.0,0.0,0.0,0.0,0.0,0.0,23,0,D
1047.0,772.4624736,13.29555033,0.0,0.0,0.0,0.0,0.0,0.0,2096929.455,8716872.274,0.0,0.0,230637.0789,0.0,0.0,0.0,0.0,0.0,0.0,0.0,0.0,0.0,0.0,0.0,0.0,0.0,0.0,0.0,0.0,0.0,0.0,0.0,0.0,0.0,0.0,0.0,0.0,0.0,0.0,0.0,0.0,0.0,0.0,0.0,0.0,0.0,0.0,0.0,0.0,0.0,0.0,0.0,0.0,0.0,0.0,0.0,0.0,0.0,7,0,D
1050.0,545.2750022,3.855324782,6209594.651,45100000.0,0.0,0.0,0.0,0.0,2973549.953,4601229.265,194273.8022,0.0,7350501.004,365729.0226,0.0,1166081.9,0.0,0.0,0.0,0.0,0.0,0.0,0.0,0.0,0.0,0.0,4127781.327,0.0,0.0,0.0,0.0,741146.6632,0.0,0.0,0.0,0.0,0.0,0.0,0.0,0.0,0.0,0.0,156360.458,0.0,0.0,0.0,0.0,0.0,0.0,0.0,0.0,0.0,0.0,0.0,0.0,0.0,0.0,0.0,9,0,D
1054.0,543.222168,2.591825,0.0,0.0,0.0,0.0,0.0,0.0,0.0,4230591.306,0.0,0.0,0.0,0.0,0.0,0.0,0.0,0.0,0.0,0.0,0.0,0.0,0.0,0.0,0.0,0.0,0.0,0.0,0.0,0.0,0.0,0.0,0.0,0.0,0.0,0.0,0.0,0.0,0.0,0.0,0.0,0.0,0.0,0.0,0.0,0.0,0.0,0.0,0.0,0.0,0.0,0.0,0.0,0.0,0.0,0.0,0.0,0.0,16,0,D
1056.0,587.2850934,9.048685882,6486681.607,1270385.503,0.0,0.0,2036869.089,0.0,2220836.342,6176894.941,0.0,0.0,0.0,38100000.0,0.0,3230468.783,0.0,0.0,7342344.903,0.0,3204300.159,0.0,8109501.452,0.0,0.0,0.0,4041853.505,0.0,0.0,0.0,182000000.0,290000000.0,0.0,0.0,0.0,0.0,0.0,0.0,0.0,0.0,0.0,0.0,0.0,0.0,0.0,0.0,8577615.205,0.0,0.0,0.0,0.0,0.0,52300000.0,0.0,0.0,1551284.06,0.0,3057208.867,20,0,D
1057.0,745.4301147,13.38273267,1324534.061,0.0,0.0,0.0,0.0,0.0,0.0,9138158.402,0.0,0.0,2161239.11,0.0,0.0,0.0,0.0,0.0,0.0,0.0,0.0,0.0,0.0,0.0,0.0,0.0,0.0,0.0,0.0,0.0,0.0,0.0,0.0,0.0,0.0,0.0,0.0,0.0,0.0,0.0,0.0,0.0,0.0,0.0,0.0,0.0,0.0,0.0,0.0,0.0,0.0,0.0,0.0,0.0,0.0,0.0,0.0,0.0,6,0,D
1064.0,761.4252625,13.60932,1173468.547,0.0,0.0,0.0,0.0,0.0,813860.9181,19700000.0,0.0,229121.2509,6123054.336,0.0,0.0,0.0,0.0,0.0,0.0,0.0,0.0,0.0,0.0,0.0,0.0,0.0,0.0,0.0,0.0,0.0,0.0,0.0,0.0,0.0,0.0,0.0,0.0,0.0,0.0,0.0,0.0,0.0,0.0,0.0,0.0,0.0,0.0,0.0,0.0,0.0,0.0,0.0,0.0,0.0,0.0,0.0,0.0,0.0,10,0,D
1073.0,501.212207,2.86522982,0.0,0.0,0.0,0.0,0.0,0.0,1374033.054,6807513.895,0.0,0.0,9445437.035,0.0,0.0,0.0,0.0,0.0,0.0,0.0,0.0,0.0,0.0,0.0,1009109.122,0.0,0.0,534449.1218,0.0,0.0,0.0,0.0,0.0,0.0,0.0,0.0,0.0,0.0,0.0,0.0,0.0,0.0,0.0,0.0,0.0,0.0,0.0,0.0,0.0,0.0,0.0,0.0,0.0,0.0,0.0,0.0,0.0,0.0,26,0,D
1078.0,763.441246,14.44409625,3631827.538,0.0,0.0,0.0,0.0,0.0,684002.1938,8808961.373,0.0,0.0,10600000.0,0.0,0.0,0.0,0.0,0.0,0.0,0.0,0.0,0.0,0.0,0.0,0.0,0.0,0.0,0.0,0.0,0.0,0.0,0.0,0.0,0.0,0.0,0.0,0.0,0.0,0.0,0.0,0.0,0.0,0.0,0.0,0.0,0.0,0.0,0.0,0.0,0.0,0.0,0.0,0.0,0.0,0.0,0.0,0.0,0.0,18,0,D
1080.0,483.2018066,4.5621484,343000000.0,0.0,36700000.0,58500000.0,0.0,9872199.974,209000000.0,5244105.065,8367403.419,2903505.897,289000000.0,0.0,0.0,0.0,0.0,0.0,0.0,0.0,0.0,0.0,0.0,0.0,0.0,0.0,23600000.0,0.0,0.0,0.0,0.0,0.0,0.0,23200000.0,30000000.0,0.0,138000000.0,0.0,0.0,0.0,0.0,0.0,0.0,0.0,0.0,0.0,5818420.362,0.0,18300000.0,0.0,0.0,0.0,0.0,0.0,0.0,0.0,0.0,0.0,14,0,D
1083.0,529.2077026,3.7266458,0.0,0.0,0.0,0.0,0.0,0.0,0.0,4641746.736,0.0,0.0,0.0,0.0,0.0,0.0,0.0,0.0,0.0,0.0,0.0,0.0,0.0,0.0,0.0,0.0,0.0,0.0,0.0,0.0,0.0,0.0,0.0,0.0,0.0,0.0,0.0,0.0,0.0,0.0,0.0,0.0,0.0,0.0,0.0,0.0,0.0,0.0,0.0,0.0,0.0,0.0,0.0,0.0,0.0,0.0,0.0,0.0,11,0,D
1085.0,665.2951538,7.91654662,863338.1594,0.0,0.0,0.0,0.0,0.0,3421395.431,5769952.915,0.0,0.0,1756010.13,461339.8855,0.0,0.0,0.0,0.0,0.0,0.0,0.0,0.0,0.0,0.0,0.0,0.0,0.0,0.0,0.0,0.0,0.0,0.0,0.0,0.0,0.0,0.0,0.0,0.0,0.0,0.0,0.0,0.0,0.0,0.0,0.0,0.0,0.0,0.0,0.0,0.0,0.0,0.0,0.0,0.0,0.0,0.0,0.0,0.0,17,0,D
1090.0,665.2957237,9.706184555,3633410.788,328353.5587,0.0,0.0,652402.6858,0.0,9442125.5,4409291.13,732089.3049,0.0,1910799.183,1873007.628,0.0,0.0,0.0,0.0,581832.1584,0.0,0.0,0.0,1484722.466,596420.8477,0.0,0.0,0.0,0.0,0.0,0.0,0.0,0.0,0.0,0.0,0.0,0.0,0.0,0.0,0.0,0.0,0.0,0.0,0.0,0.0,0.0,0.0,0.0,0.0,0.0,0.0,0.0,0.0,0.0,0.0,0.0,0.0,0.0,0.0,20,0,D
1095.0,621.2333298,5.5293387,0.0,0.0,0.0,0.0,0.0,0.0,799995.6342,6708074.638,0.0,0.0,8543243.948,0.0,0.0,0.0,0.0,0.0,0.0,0.0,0.0,0.0,0.0,0.0,0.0,0.0,4421554.227,0.0,0.0,0.0,0.0,0.0,0.0,0.0,0.0,0.0,0.0,0.0,0.0,0.0,0.0,0.0,0.0,0.0,0.0,0.0,0.0,0.0,0.0,0.0,0.0,0.0,0.0,0.0,0.0,0.0,0.0,0.0,20,0,D
1096.0,653.33243,7.037960153,3204239.89,0.0,0.0,868706.5069,0.0,0.0,1369320.736,4926978.934,372483.6776,0.0,1833455.32,1386076.882,0.0,200923.5714,0.0,0.0,37200000.0,0.0,0.0,0.0,1373679.473,3029255.494,0.0,0.0,0.0,0.0,0.0,0.0,0.0,0.0,0.0,0.0,0.0,0.0,0.0,0.0,0.0,281577.1054,0.0,0.0,484277.9485,749085.626,0.0,0.0,0.0,0.0,12400000.0,0.0,0.0,0.0,0.0,0.0,0.0,0.0,0.0,0.0,6,0,D
1100.0,786.4786682,13.310042,0.0,0.0,0.0,0.0,0.0,0.0,0.0,3260741.885,0.0,0.0,0.0,0.0,0.0,0.0,0.0,0.0,0.0,0.0,0.0,0.0,0.0,0.0,0.0,0.0,12000000.0,0.0,0.0,0.0,0.0,0.0,0.0,0.0,0.0,0.0,0.0,0.0,0.0,0.0,0.0,0.0,0.0,0.0,0.0,0.0,0.0,0.0,0.0,0.0,0.0,0.0,0.0,0.0,0.0,0.0,0.0,0.0,11,7,D
1111.0,585.3419876,8.795054158,0.0,0.0,0.0,0.0,0.0,0.0,0.0,3718628.701,0.0,0.0,0.0,0.0,14900000.0,0.0,0.0,0.0,0.0,0.0,0.0,0.0,0.0,0.0,0.0,0.0,0.0,0.0,0.0,1346847.134,153000000.0,97600000.0,0.0,268785.8322,0.0,0.0,638246.2102,0.0,6910469.544,16800000.0,0.0,0.0,0.0,0.0,0.0,1347175.001,0.0,0.0,0.0,0.0,0.0,0.0,1263800.182,0.0,0.0,0.0,0.0,21600000.0,16,0,D
1114.0,719.3055994,9.424482282,44000000.0,507000000.0,0.0,0.0,104000000.0,0.0,50500000.0,4156755.608,5685726.879,0.0,38000000.0,151000000.0,0.0,101000000.0,19500000.0,0.0,8440046.702,2662561.563,27800000.0,2077246.884,30000000.0,11300000.0,0.0,0.0,0.0,0.0,0.0,0.0,0.0,0.0,0.0,0.0,0.0,0.0,0.0,0.0,0.0,0.0,0.0,0.0,0.0,0.0,0.0,0.0,0.0,0.0,0.0,0.0,0.0,0.0,0.0,0.0,0.0,0.0,1472448.567,0.0,14,0,D
1120.0,813.4421387,14.402966,0.0,0.0,0.0,0.0,0.0,0.0,0.0,4690551.895,0.0,0.0,0.0,0.0,0.0,0.0,0.0,0.0,0.0,0.0,0.0,0.0,0.0,0.0,0.0,0.0,0.0,0.0,0.0,0.0,0.0,0.0,0.0,0.0,0.0,0.0,0.0,0.0,0.0,0.0,0.0,0.0,0.0,0.0,0.0,0.0,0.0,0.0,0.0,0.0,0.0,0.0,0.0,0.0,0.0,0.0,0.0,0.0,10,0,D
1123.0,743.4146118,12.58572033,0.0,0.0,0.0,0.0,0.0,0.0,180077.0941,5509109.646,0.0,0.0,1076717.223,0.0,0.0,0.0,0.0,0.0,0.0,0.0,0.0,0.0,0.0,0.0,0.0,0.0,0.0,0.0,0.0,0.0,0.0,0.0,0.0,0.0,0.0,0.0,0.0,0.0,0.0,0.0,0.0,0.0,0.0,0.0,0.0,0.0,0.0,0.0,0.0,0.0,0.0,0.0,0.0,0.0,0.0,0.0,0.0,0.0,10,0,D
1126.0,649.3007813,11.3547112,408979.1523,0.0,0.0,0.0,0.0,0.0,0.0,3278532.502,0.0,0.0,0.0,0.0,0.0,0.0,4711159.825,0.0,0.0,0.0,0.0,0.0,0.0,20500000.0,0.0,0.0,0.0,0.0,0.0,0.0,0.0,0.0,0.0,0.0,0.0,0.0,367048.3574,0.0,0.0,0.0,0.0,0.0,0.0,0.0,0.0,0.0,0.0,0.0,0.0,0.0,0.0,0.0,0.0,0.0,0.0,0.0,0.0,0.0,14,0,D
1139.0,653.3317769,12.04014617,7211070.719,0.0,0.0,3193215.128,685807.7477,0.0,2565407.285,3437701.862,199984.3396,0.0,666862.819,1796306.928,0.0,957165.2146,0.0,0.0,0.0,0.0,0.0,0.0,1424655.353,0.0,0.0,0.0,0.0,0.0,0.0,0.0,0.0,0.0,0.0,0.0,0.0,0.0,0.0,0.0,0.0,0.0,0.0,0.0,1170693.51,335191.1848,0.0,0.0,0.0,0.0,0.0,0.0,0.0,0.0,0.0,0.0,0.0,0.0,0.0,0.0,10,0,D
1152.0,503.2275085,3.6891612,0.0,0.0,0.0,0.0,0.0,0.0,0.0,2600046.986,0.0,0.0,0.0,0.0,0.0,0.0,0.0,0.0,0.0,0.0,0.0,0.0,0.0,0.0,0.0,0.0,0.0,0.0,0.0,0.0,0.0,0.0,0.0,0.0,0.0,0.0,0.0,0.0,0.0,0.0,0.0,0.0,0.0,0.0,0.0,0.0,0.0,0.0,0.0,0.0,0.0,0.0,0.0,0.0,0.0,0.0,0.0,0.0,17,0,D
1153.0,559.2185059,2.9183514,0.0,0.0,0.0,0.0,0.0,0.0,0.0,2412848.585,0.0,0.0,0.0,0.0,0.0,0.0,0.0,0.0,0.0,0.0,0.0,0.0,0.0,0.0,0.0,0.0,0.0,0.0,0.0,0.0,0.0,0.0,0.0,0.0,0.0,0.0,0.0,0.0,0.0,0.0,0.0,0.0,0.0,0.0,0.0,0.0,0.0,0.0,0.0,0.0,0.0,0.0,0.0,0.0,0.0,0.0,0.0,0.0,16,0,D
1165.0,781.4525146,14.141011,0.0,0.0,0.0,0.0,0.0,0.0,0.0,3604333.335,0.0,0.0,0.0,0.0,0.0,0.0,0.0,0.0,0.0,0.0,0.0,0.0,0.0,0.0,0.0,0.0,0.0,0.0,0.0,0.0,0.0,0.0,0.0,0.0,0.0,0.0,0.0,0.0,0.0,0.0,0.0,0.0,0.0,0.0,0.0,0.0,0.0,0.0,0.0,0.0,0.0,0.0,0.0,0.0,0.0,0.0,0.0,0.0,7,0,D
1172.0,457.3312334,10.76449769,769703.8296,1323875.503,1696494.74,1294006.925,1289909.076,1422992.811,0.0,1804639.076,1614177.703,403008.5148,0.0,895469.9048,1926154.153,416024.2415,992535.7678,606555.2913,486677.7923,0.0,0.0,0.0,141287.1019,1008271.217,0.0,0.0,0.0,0.0,0.0,0.0,1241325.297,2581502.384,0.0,0.0,0.0,0.0,217992.1698,1935594.075,1975673.077,234737.8305,0.0,171238.431,611877.0684,445064.2416,0.0,950776.7718,0.0,6768319.109,1149393.944,1239605.06,1198642.305,4838886.079,0.0,0.0,2285738.887,432339.7487,1369517.991,0.0,7,0,D
1182.0,651.3164673,7.4783491,8467862.786,0.0,0.0,5052422.042,0.0,0.0,494016.6926,4366315.435,219345.9891,0.0,7553249.249,0.0,0.0,218079.0743,0.0,0.0,0.0,0.0,0.0,0.0,354371.6745,0.0,0.0,0.0,1170122.164,0.0,0.0,0.0,0.0,0.0,0.0,0.0,1302208.062,0.0,0.0,0.0,0.0,0.0,0.0,0.0,0.0,0.0,0.0,0.0,0.0,0.0,0.0,0.0,0.0,0.0,0.0,0.0,0.0,0.0,0.0,0.0,9,0,D
1183.0,529.2792511,4.366488113,39000000.0,0.0,0.0,0.0,0.0,0.0,0.0,2316979.643,0.0,0.0,54900000.0,0.0,0.0,1359099.735,0.0,0.0,0.0,0.0,0.0,0.0,0.0,0.0,0.0,0.0,31900000.0,0.0,0.0,0.0,0.0,389136.6483,0.0,4865783.591,0.0,0.0,0.0,0.0,0.0,0.0,0.0,0.0,0.0,0.0,0.0,0.0,0.0,0.0,0.0,0.0,0.0,8200085.87,0.0,0.0,0.0,0.0,0.0,0.0,10,0,D
1189.0,777.4180501,12.53468633,1287837.028,0.0,0.0,0.0,0.0,0.0,0.0,3417414.956,0.0,0.0,310244.576,0.0,0.0,0.0,0.0,0.0,0.0,0.0,0.0,0.0,0.0,0.0,0.0,0.0,0.0,0.0,0.0,0.0,0.0,0.0,0.0,0.0,0.0,0.0,0.0,0.0,0.0,0.0,0.0,0.0,0.0,0.0,0.0,0.0,0.0,0.0,0.0,0.0,0.0,0.0,0.0,0.0,0.0,0.0,0.0,0.0,11,0,D
1195.0,675.3151661,11.46998882,5202166.387,0.0,0.0,2897321.823,0.0,0.0,1077491.37,2504702.766,0.0,0.0,1868850.563,425832.4794,0.0,494369.0762,0.0,0.0,0.0,1508454.743,4986484.726,5249127.14,0.0,0.0,0.0,0.0,0.0,0.0,0.0,0.0,0.0,0.0,0.0,0.0,0.0,0.0,0.0,0.0,0.0,0.0,0.0,0.0,586316.0568,0.0,0.0,0.0,0.0,0.0,0.0,0.0,0.0,0.0,0.0,0.0,0.0,0.0,0.0,0.0,12,0,D
1209.0,603.3524658,8.81850567,0.0,0.0,0.0,0.0,0.0,0.0,0.0,2708778.84,0.0,0.0,0.0,0.0,10200000.0,0.0,0.0,0.0,0.0,0.0,0.0,0.0,0.0,0.0,0.0,0.0,0.0,0.0,0.0,0.0,99900000.0,66100000.0,0.0,0.0,0.0,0.0,0.0,0.0,4963983.811,11500000.0,0.0,0.0,0.0,0.0,0.0,815943.1582,0.0,0.0,0.0,0.0,0.0,2238855.91,51000000.0,0.0,0.0,0.0,536317.1776,0.0,17,0,D
1213.0,496.2905038,1.862050991,224415.155,2261544.254,889529.1317,0.0,0.0,0.0,0.0,2686906.357,1413946.536,0.0,191702.7233,0.0,0.0,0.0,0.0,1116599.785,1121739.252,8328270.054,49000000.0,0.0,0.0,0.0,0.0,0.0,2688121.285,0.0,0.0,0.0,0.0,0.0,0.0,0.0,0.0,0.0,0.0,0.0,0.0,0.0,0.0,0.0,0.0,0.0,0.0,0.0,0.0,0.0,0.0,0.0,0.0,0.0,0.0,0.0,0.0,0.0,0.0,0.0,6,0,D
1223.0,543.2232056,2.81875,0.0,0.0,0.0,0.0,0.0,0.0,0.0,1405479.231,0.0,0.0,0.0,0.0,0.0,0.0,0.0,0.0,0.0,0.0,0.0,0.0,0.0,0.0,0.0,0.0,0.0,0.0,0.0,0.0,0.0,0.0,0.0,0.0,0.0,0.0,0.0,0.0,0.0,0.0,0.0,0.0,0.0,0.0,0.0,0.0,0.0,0.0,0.0,0.0,0.0,0.0,0.0,0.0,0.0,0.0,0.0,0.0,12,0,D
1228.0,665.2958099,7.66361334,481694.582,0.0,0.0,1928980.206,234451.6341,0.0,169139.2045,1603546.956,0.0,0.0,3570187.096,0.0,0.0,0.0,0.0,0.0,0.0,617372.2685,0.0,0.0,6113991.552,603190.4714,0.0,0.0,236366.8513,0.0,0.0,0.0,0.0,0.0,0.0,0.0,0.0,0.0,0.0,0.0,0.0,0.0,0.0,0.0,0.0,0.0,0.0,0.0,0.0,0.0,0.0,0.0,0.0,0.0,0.0,0.0,0.0,0.0,0.0,0.0,22,0,D
1241.0,529.208252,3.0953472,0.0,0.0,0.0,0.0,0.0,0.0,0.0,1845312.242,0.0,0.0,0.0,0.0,0.0,0.0,0.0,0.0,0.0,0.0,0.0,0.0,0.0,0.0,0.0,0.0,0.0,0.0,0.0,0.0,0.0,0.0,0.0,0.0,0.0,0.0,0.0,0.0,0.0,0.0,0.0,0.0,0.0,0.0,0.0,0.0,0.0,0.0,0.0,0.0,0.0,0.0,0.0,0.0,0.0,0.0,0.0,0.0,15,0,D
1256.0,761.4258041,14.44455975,279991.6175,0.0,0.0,0.0,0.0,0.0,194262.5495,1622418.498,0.0,0.0,675251.3829,0.0,0.0,0.0,0.0,0.0,0.0,0.0,0.0,0.0,0.0,0.0,0.0,0.0,0.0,0.0,0.0,0.0,0.0,0.0,0.0,0.0,0.0,0.0,0.0,0.0,0.0,0.0,0.0,0.0,0.0,0.0,0.0,0.0,0.0,0.0,0.0,0.0,0.0,0.0,0.0,0.0,0.0,0.0,0.0,0.0,6,0,D
1257.0,665.2952779,8.884450117,216312.8221,0.0,0.0,0.0,0.0,0.0,1266177.064,1762911.611,0.0,0.0,672145.8488,0.0,0.0,0.0,0.0,0.0,0.0,0.0,1776129.769,0.0,1489263.805,0.0,0.0,0.0,0.0,0.0,0.0,0.0,0.0,0.0,0.0,0.0,0.0,0.0,0.0,0.0,0.0,0.0,0.0,0.0,0.0,0.0,0.0,0.0,0.0,0.0,0.0,0.0,0.0,0.0,0.0,0.0,0.0,0.0,0.0,0.0,12,0,D
1267.0,777.4196655,13.1777092,11600000.0,0.0,0.0,0.0,0.0,0.0,239886.7956,2091827.905,0.0,0.0,12300000.0,0.0,0.0,0.0,0.0,0.0,0.0,0.0,0.0,0.0,0.0,0.0,0.0,0.0,157142.4864,0.0,0.0,0.0,0.0,0.0,0.0,0.0,0.0,0.0,0.0,0.0,0.0,0.0,0.0,0.0,0.0,0.0,0.0,0.0,0.0,0.0,0.0,0.0,0.0,0.0,0.0,0.0,0.0,0.0,0.0,0.0,14,0,D
1274.0,649.3007507,8.319844086,1544260.295,315453.9558,0.0,1467091.502,0.0,0.0,1016866.39,2020765.07,695619.4701,0.0,1656613.77,7029365.645,0.0,182935.952,0.0,0.0,0.0,0.0,0.0,0.0,1511087.865,167038.6435,0.0,0.0,1378553.555,0.0,0.0,0.0,0.0,0.0,0.0,0.0,538727.7757,0.0,0.0,0.0,0.0,0.0,0.0,0.0,2229096.975,0.0,0.0,0.0,0.0,0.0,0.0,0.0,0.0,0.0,0.0,0.0,0.0,0.0,0.0,0.0,17,0,D
1295.0,665.2948303,9.2811037,0.0,0.0,0.0,584612.9639,0.0,0.0,0.0,1186813.079,0.0,0.0,230671.5018,0.0,1150530.544,0.0,0.0,0.0,0.0,0.0,2103189.396,0.0,3194556.526,0.0,0.0,0.0,0.0,0.0,0.0,0.0,0.0,0.0,0.0,0.0,0.0,0.0,0.0,0.0,0.0,0.0,0.0,0.0,0.0,0.0,0.0,0.0,0.0,0.0,0.0,0.0,0.0,0.0,0.0,0.0,0.0,0.0,0.0,0.0,9,0,D
1304.0,669.3276435,5.685113556,2007743.966,0.0,0.0,1289880.008,0.0,0.0,1030593.857,4221562.482,0.0,0.0,563577.1656,3233933.612,41400000.0,0.0,0.0,0.0,0.0,0.0,0.0,0.0,0.0,0.0,0.0,0.0,1442171.415,0.0,0.0,0.0,0.0,0.0,0.0,0.0,0.0,0.0,0.0,0.0,0.0,0.0,0.0,0.0,956315.4669,0.0,0.0,0.0,0.0,0.0,0.0,0.0,0.0,0.0,0.0,0.0,0.0,0.0,0.0,0.0,20,22,MD
1307.0,358.2581207,2.061018447,0.0,484253.4614,1430492.592,438845.8932,0.0,0.0,0.0,457904.1409,435695.003,0.0,800463.2483,262471.7073,0.0,5399470.832,0.0,0.0,0.0,318298.8326,0.0,0.0,0.0,0.0,0.0,0.0,0.0,638975.8371,0.0,0.0,0.0,0.0,0.0,0.0,0.0,0.0,0.0,0.0,0.0,0.0,614905.1073,192599.6813,0.0,0.0,0.0,0.0,0.0,0.0,0.0,191100.4016,0.0,0.0,0.0,0.0,280275.4184,0.0,2989498.414,0.0,6,0,D
1316.0,681.2909568,4.708489171,3602446.202,2078425.823,1497185.452,0.0,714606.9839,0.0,24700000.0,1548289.543,4133314.472,0.0,4918563.441,2384451.101,0.0,242992.2369,0.0,0.0,11300000.0,0.0,0.0,0.0,1201156.417,676387.9913,0.0,0.0,742332.7938,0.0,0.0,0.0,0.0,0.0,0.0,0.0,0.0,0.0,0.0,0.0,0.0,0.0,0.0,0.0,0.0,0.0,0.0,0.0,0.0,0.0,0.0,0.0,0.0,0.0,0.0,0.0,0.0,0.0,0.0,0.0,17,0,D
1356.0,792.4678955,12.596222,0.0,0.0,0.0,0.0,0.0,0.0,0.0,1942589.581,0.0,0.0,0.0,0.0,0.0,0.0,0.0,0.0,0.0,0.0,0.0,0.0,0.0,0.0,0.0,0.0,0.0,0.0,0.0,0.0,0.0,0.0,0.0,0.0,0.0,0.0,0.0,0.0,0.0,0.0,0.0,0.0,0.0,0.0,0.0,0.0,0.0,0.0,0.0,0.0,0.0,0.0,0.0,0.0,0.0,0.0,0.0,0.0,7,0,D
1377.0,503.2286377,4.2618973,0.0,0.0,0.0,0.0,0.0,0.0,0.0,1052428.381,0.0,0.0,0.0,0.0,0.0,0.0,0.0,0.0,0.0,0.0,0.0,0.0,0.0,0.0,0.0,0.0,0.0,0.0,0.0,0.0,0.0,0.0,0.0,0.0,0.0,0.0,0.0,0.0,0.0,0.0,0.0,0.0,0.0,0.0,0.0,0.0,0.0,0.0,0.0,0.0,0.0,0.0,0.0,0.0,0.0,0.0,0.0,0.0,11,0,D
1389.0,545.2744293,3.71009865,634617.0342,0.0,0.0,0.0,0.0,0.0,3824834.148,975752.0553,0.0,0.0,521585.9783,0.0,0.0,630074.7074,0.0,0.0,0.0,0.0,0.0,0.0,0.0,0.0,0.0,0.0,0.0,0.0,0.0,0.0,268275.9837,22000000.0,0.0,0.0,0.0,0.0,1547925.053,0.0,0.0,0.0,0.0,0.0,0.0,0.0,0.0,0.0,283760.0969,0.0,0.0,0.0,504955.9246,0.0,0.0,0.0,0.0,0.0,0.0,0.0,14,0,D
1432.0,344.2431846,2.556738207,0.0,2048226.49,3673959.604,0.0,2306294.165,851632.8828,902468.6806,1165005.636,3544192.358,0.0,0.0,1251636.31,5090442.13,3652214.472,1996544.723,1523492.843,1975099.648,0.0,0.0,0.0,649998.3709,1001720.619,3223155.56,0.0,0.0,1450226.332,0.0,380242.3506,0.0,450796.6876,0.0,0.0,0.0,319893.676,0.0,562825.0791,0.0,0.0,0.0,171455.1889,800091.2145,0.0,0.0,0.0,7183677.712,7852490.172,0.0,0.0,0.0,4831610.429,0.0,1049392.327,0.0,9091626.607,18300000.0,0.0,6,0,D
1433.0,599.3577372,9.912247889,0.0,0.0,1168644.816,0.0,0.0,0.0,0.0,755491.7675,0.0,0.0,0.0,0.0,5156677.509,0.0,0.0,0.0,0.0,0.0,0.0,0.0,0.0,0.0,0.0,0.0,0.0,0.0,0.0,0.0,552958.0051,7328160.243,0.0,0.0,0.0,0.0,221070.1216,0.0,0.0,2729871.577,0.0,0.0,0.0,0.0,0.0,0.0,0.0,0.0,0.0,0.0,0.0,489440.4469,0.0,0.0,0.0,0.0,0.0,6705724.755,15,0,D
1437.0,663.2794685,7.061984738,0.0,0.0,0.0,351253.6901,0.0,0.0,0.0,856063.4086,0.0,0.0,208456.2497,240852.153,0.0,0.0,0.0,0.0,0.0,0.0,892721.6069,0.0,1388880.71,916798.5415,0.0,0.0,370518.5459,0.0,0.0,0.0,0.0,0.0,0.0,0.0,0.0,0.0,0.0,0.0,0.0,0.0,0.0,0.0,0.0,0.0,0.0,0.0,0.0,0.0,0.0,0.0,0.0,0.0,0.0,0.0,0.0,0.0,0.0,0.0,8,0,D
1445.0,591.2588065,8.454772371,3734323.515,0.0,183690.3808,947959.0112,923891.8721,0.0,314343.2484,751374.2416,0.0,0.0,0.0,713502.6571,0.0,1128892.586,0.0,1638440.224,2156167.164,0.0,0.0,0.0,0.0,0.0,0.0,0.0,84600000.0,0.0,0.0,0.0,0.0,0.0,0.0,2175291.961,0.0,0.0,0.0,0.0,0.0,0.0,0.0,0.0,0.0,0.0,225154.7436,0.0,17300000.0,0.0,0.0,0.0,0.0,0.0,0.0,0.0,0.0,0.0,0.0,0.0,6,0,D
1448.0,795.5217508,12.75904535,2207664.988,0.0,3056817.134,3914042.698,3173315.257,0.0,961811.9256,2513360.296,2481295.735,0.0,3070534.219,0.0,885297.2518,2958538.948,0.0,0.0,0.0,0.0,5804473.32,3377347.638,0.0,0.0,0.0,0.0,0.0,1666316.784,0.0,0.0,355400.3872,416641.4144,0.0,3409039.3,1958672.661,1839478.709,5401052.394,0.0,3515355.311,2187460.791,6226984.575,6026664.381,3806612.693,3127046.657,1325172.103,0.0,0.0,0.0,0.0,0.0,0.0,0.0,0.0,0.0,0.0,0.0,0.0,0.0,0,6,MD
1504.0,501.2123718,2.3507874,0.0,0.0,0.0,0.0,0.0,0.0,0.0,360894.2646,0.0,0.0,0.0,0.0,0.0,0.0,0.0,0.0,0.0,0.0,0.0,0.0,0.0,0.0,0.0,0.0,0.0,0.0,0.0,0.0,0.0,0.0,0.0,0.0,0.0,0.0,0.0,0.0,0.0,0.0,0.0,0.0,0.0,0.0,0.0,0.0,0.0,0.0,0.0,0.0,0.0,0.0,0.0,0.0,0.0,0.0,0.0,0.0,7,0,D
1505.0,647.2854858,7.2428808,446355.1503,301262.5074,0.0,1190586.128,0.0,0.0,305634.302,342991.4347,964409.8056,0.0,1314505.75,1754845.329,0.0,0.0,0.0,0.0,5616246.111,0.0,190448.5304,0.0,0.0,0.0,0.0,0.0,0.0,0.0,0.0,0.0,0.0,0.0,0.0,0.0,0.0,0.0,0.0,0.0,0.0,0.0,0.0,0.0,0.0,0.0,0.0,0.0,0.0,0.0,0.0,0.0,0.0,0.0,0.0,0.0,0.0,0.0,0.0,0.0,10,0,D
1513.0,510.3060989,1.823849388,0.0,693796.1452,0.0,0.0,0.0,0.0,0.0,1328804.23,0.0,0.0,0.0,0.0,0.0,0.0,0.0,887168.904,814386.2149,1043247.512,11500000.0,0.0,0.0,0.0,0.0,0.0,451578.6824,0.0,0.0,0.0,0.0,0.0,0.0,0.0,0.0,0.0,0.0,0.0,0.0,0.0,0.0,0.0,0.0,0.0,0.0,0.0,0.0,0.0,0.0,0.0,0.0,0.0,0.0,0.0,287070.2887,0.0,0.0,0.0,6,0,D
1521.0,543.2591414,6.184301109,30500000.0,4662457.052,0.0,0.0,8471152.718,0.0,7133589.198,344056.0348,417747.2305,0.0,4259050.171,0.0,0.0,5313371.342,0.0,0.0,0.0,0.0,396607.1589,0.0,702713.8477,0.0,0.0,0.0,0.0,0.0,0.0,0.0,0.0,448583.2047,0.0,0.0,0.0,0.0,0.0,0.0,0.0,0.0,0.0,0.0,0.0,0.0,0.0,0.0,0.0,0.0,0.0,0.0,0.0,0.0,0.0,0.0,0.0,0.0,0.0,0.0,9,0,D
1528.0,501.21315,2.9911182,0.0,0.0,0.0,0.0,0.0,0.0,0.0,286243.2493,0.0,0.0,0.0,0.0,0.0,0.0,0.0,0.0,0.0,0.0,0.0,0.0,0.0,0.0,0.0,0.0,0.0,0.0,0.0,0.0,0.0,0.0,0.0,0.0,0.0,0.0,0.0,0.0,0.0,0.0,0.0,0.0,0.0,0.0,0.0,0.0,0.0,0.0,0.0,0.0,0.0,0.0,0.0,0.0,0.0,0.0,0.0,0.0,21,0,D
1541.0,619.2753296,2.1932535,0.0,0.0,0.0,0.0,0.0,0.0,0.0,1113582.789,0.0,0.0,0.0,0.0,0.0,0.0,0.0,0.0,0.0,0.0,0.0,0.0,0.0,0.0,0.0,0.0,0.0,0.0,0.0,0.0,1682163.184,2583255.946,0.0,0.0,0.0,0.0,0.0,0.0,0.0,0.0,0.0,0.0,0.0,0.0,0.0,0.0,0.0,0.0,0.0,0.0,0.0,0.0,0.0,0.0,0.0,0.0,0.0,0.0,10,0,D
1555.0,665.2955221,6.46324575,0.0,0.0,0.0,0.0,0.0,0.0,1580970.27,971612.6134,0.0,0.0,2226792.066,0.0,0.0,0.0,0.0,0.0,0.0,0.0,0.0,0.0,1510718.797,657221.2692,0.0,0.0,1294771.002,0.0,0.0,0.0,0.0,0.0,0.0,0.0,0.0,0.0,0.0,0.0,0.0,0.0,0.0,0.0,0.0,0.0,0.0,0.0,0.0,0.0,0.0,0.0,0.0,0.0,0.0,0.0,0.0,0.0,0.0,0.0,9,0,D
1556.0,663.2802993,6.264491992,12800000.0,18600000.0,3617498.432,10100000.0,1754742.488,0.0,26900000.0,7031112.848,0.0,0.0,28100000.0,25000000.0,0.0,982827.4556,0.0,0.0,10700000.0,0.0,1422944.564,0.0,0.0,721911.8001,0.0,0.0,0.0,0.0,0.0,0.0,0.0,0.0,0.0,0.0,0.0,0.0,0.0,0.0,0.0,0.0,0.0,0.0,0.0,0.0,0.0,0.0,0.0,0.0,0.0,0.0,0.0,0.0,0.0,0.0,0.0,0.0,0.0,0.0,14,0,D
1580.0,617.3102635,7.525843071,479760.0691,0.0,0.0,0.0,0.0,0.0,0.0,303585.8515,0.0,0.0,412181.6774,943322.9969,0.0,0.0,0.0,0.0,2122593.95,0.0,0.0,0.0,0.0,0.0,0.0,0.0,14300000.0,0.0,0.0,0.0,0.0,0.0,0.0,0.0,0.0,0.0,0.0,0.0,0.0,0.0,0.0,0.0,0.0,0.0,0.0,0.0,0.0,0.0,189420.3389,0.0,0.0,0.0,0.0,0.0,0.0,0.0,0.0,0.0,6,0,D
1614.0,665.2952538,8.710807113,2350386.579,0.0,0.0,0.0,0.0,0.0,2044415.848,913877.7842,0.0,0.0,16100000.0,767979.4867,495249.2273,0.0,0.0,0.0,0.0,0.0,0.0,0.0,551273.5708,521815.2718,0.0,0.0,0.0,0.0,0.0,0.0,0.0,0.0,0.0,0.0,0.0,0.0,0.0,0.0,0.0,0.0,0.0,0.0,0.0,0.0,0.0,0.0,0.0,0.0,0.0,0.0,0.0,0.0,0.0,0.0,0.0,0.0,0.0,0.0,12,0,D
1618.0,633.3059133,11.73680867,10100000.0,0.0,0.0,15000000.0,0.0,0.0,0.0,517600.4955,2743246.021,0.0,0.0,36100000.0,0.0,0.0,0.0,0.0,0.0,0.0,0.0,0.0,0.0,0.0,0.0,0.0,0.0,0.0,0.0,0.0,0.0,0.0,0.0,0.0,0.0,0.0,0.0,0.0,0.0,0.0,0.0,0.0,521266.1522,0.0,0.0,0.0,0.0,0.0,0.0,0.0,0.0,0.0,0.0,0.0,0.0,0.0,0.0,0.0,16,0,D
1637.0,325.1429884,2.664040211,0.0,0.0,0.0,0.0,0.0,0.0,0.0,277018.3861,2498647.188,0.0,3047146.785,0.0,0.0,0.0,396608.2839,0.0,0.0,0.0,0.0,0.0,0.0,2706535.809,0.0,0.0,0.0,0.0,0.0,0.0,0.0,0.0,0.0,0.0,572338.5343,0.0,0.0,0.0,2533769.506,186494.1904,0.0,0.0,0.0,0.0,0.0,0.0,0.0,1597092.021,0.0,0.0,0.0,0.0,0.0,0.0,0.0,0.0,0.0,0.0,6,0,D
1647.0,655.3476868,7.769629427,440821.6323,0.0,0.0,0.0,0.0,0.0,281900.8463,270841.4548,0.0,0.0,267742.6307,981761.2447,2302491.111,0.0,0.0,337327.0868,11700000.0,0.0,0.0,0.0,311634.197,0.0,0.0,0.0,0.0,0.0,0.0,0.0,0.0,588793.4141,0.0,0.0,0.0,0.0,201976.2658,0.0,0.0,16800000.0,0.0,0.0,3297876.817,1783167.252,0.0,0.0,610351.6039,0.0,0.0,0.0,0.0,0.0,0.0,0.0,0.0,0.0,0.0,0.0,10,0,D
1680.0,663.2802673,7.21926316,0.0,0.0,0.0,0.0,0.0,0.0,586607.2481,520463.2868,0.0,0.0,724723.6761,0.0,0.0,0.0,0.0,0.0,0.0,0.0,632891.8233,0.0,348633.5478,0.0,0.0,0.0,0.0,0.0,0.0,0.0,0.0,0.0,0.0,0.0,0.0,0.0,0.0,0.0,0.0,0.0,0.0,0.0,0.0,0.0,0.0,0.0,0.0,0.0,0.0,0.0,0.0,0.0,0.0,0.0,0.0,0.0,0.0,0.0,8,0,D
1698.0,767.5090976,14.01903767,0.0,0.0,0.0,0.0,0.0,2099647.132,0.0,804431.2659,0.0,0.0,150000000.0,6831951.941,0.0,0.0,0.0,0.0,0.0,0.0,0.0,0.0,0.0,0.0,0.0,0.0,0.0,0.0,0.0,0.0,0.0,0.0,0.0,0.0,13100000.0,229451.5793,0.0,41000000.0,0.0,0.0,0.0,0.0,0.0,0.0,0.0,0.0,235392.8722,0.0,0.0,0.0,0.0,0.0,4542832.39,0.0,0.0,0.0,0.0,0.0,10,0,D
1701.0,501.2123667,3.2438664,3128672.343,0.0,0.0,0.0,0.0,0.0,0.0,191456.6151,0.0,0.0,38200000.0,0.0,0.0,0.0,0.0,0.0,0.0,0.0,165131.7868,0.0,0.0,0.0,0.0,0.0,264274.4061,0.0,0.0,0.0,0.0,0.0,0.0,0.0,0.0,0.0,0.0,0.0,0.0,0.0,0.0,0.0,0.0,0.0,0.0,0.0,0.0,0.0,0.0,0.0,0.0,0.0,0.0,0.0,0.0,0.0,271130.1089,0.0,12,0,D
1711.0,681.2912038,4.90413955,2381237.638,1177675.962,1204876.676,17700000.0,0.0,0.0,1128369.177,202270.6132,3069791.988,0.0,4130386.642,2027253.143,0.0,0.0,0.0,0.0,0.0,0.0,0.0,0.0,655418.696,1622138.175,0.0,0.0,408312.8831,0.0,0.0,0.0,0.0,0.0,0.0,0.0,0.0,0.0,0.0,0.0,0.0,0.0,0.0,0.0,0.0,0.0,0.0,0.0,0.0,0.0,0.0,0.0,0.0,0.0,0.0,0.0,0.0,0.0,0.0,0.0,14,0,D
1719.0,617.3683908,9.921389486,0.0,0.0,367821.5755,0.0,0.0,0.0,0.0,410266.8552,0.0,0.0,0.0,0.0,3907056.309,0.0,0.0,0.0,0.0,0.0,0.0,0.0,0.0,0.0,0.0,0.0,0.0,0.0,0.0,0.0,0.0,5598460.066,0.0,0.0,0.0,0.0,0.0,0.0,648020.9141,2235901.74,0.0,0.0,0.0,0.0,0.0,0.0,0.0,0.0,0.0,0.0,0.0,0.0,0.0,0.0,0.0,0.0,0.0,10400000.0,18,0,D
1750.0,501.2125397,4.9893224,0.0,0.0,0.0,0.0,0.0,0.0,0.0,234240.4622,0.0,0.0,2393119.325,0.0,0.0,0.0,0.0,0.0,0.0,0.0,0.0,0.0,0.0,0.0,0.0,0.0,0.0,0.0,0.0,0.0,0.0,0.0,0.0,0.0,0.0,0.0,0.0,0.0,0.0,0.0,0.0,0.0,0.0,0.0,0.0,0.0,0.0,0.0,0.0,0.0,0.0,0.0,0.0,0.0,0.0,0.0,0.0,0.0,8,0,D
1763.0,621.2692998,8.778054775,11000000.0,12700000.0,2131197.439,775337.1536,1756929.014,469120.7966,0.0,244177.5389,10400000.0,0.0,5533649.342,24200000.0,0.0,0.0,0.0,0.0,6954018.707,0.0,0.0,0.0,0.0,0.0,0.0,0.0,2099108.439,0.0,0.0,0.0,0.0,0.0,0.0,0.0,0.0,0.0,0.0,0.0,0.0,0.0,0.0,0.0,0.0,0.0,0.0,0.0,0.0,0.0,0.0,0.0,0.0,0.0,0.0,0.0,0.0,0.0,0.0,0.0,15,0,D
1795.0,681.2907166,4.08007242,0.0,225373.4941,0.0,0.0,0.0,0.0,1572623.877,182810.5661,0.0,0.0,0.0,0.0,0.0,0.0,0.0,0.0,0.0,0.0,1609847.036,0.0,11400000.0,0.0,0.0,0.0,0.0,0.0,0.0,0.0,0.0,0.0,0.0,0.0,0.0,0.0,0.0,0.0,0.0,0.0,0.0,0.0,0.0,0.0,0.0,0.0,0.0,0.0,0.0,0.0,0.0,0.0,0.0,0.0,0.0,0.0,0.0,0.0,14,0,D
1810.0,655.3462009,7.534164725,1211137.308,0.0,1692273.141,2960703.078,567802.1788,0.0,0.0,193203.9466,248607.9993,0.0,0.0,1471841.272,0.0,0.0,0.0,835891.8283,5894917.707,0.0,0.0,0.0,0.0,0.0,0.0,0.0,0.0,0.0,0.0,0.0,0.0,247983.6595,0.0,0.0,979727.5861,0.0,286875.4299,0.0,0.0,0.0,0.0,0.0,1807448.427,1084897.728,0.0,0.0,699619.8035,0.0,121000000.0,0.0,0.0,0.0,0.0,0.0,0.0,0.0,0.0,0.0,10,0,D
1823.0,675.3161774,11.92231888,84600000.0,6597012.128,0.0,14700000.0,464871.5237,1965301.45,12200000.0,185066.5273,0.0,0.0,66700000.0,0.0,0.0,6915169.941,2673033.126,0.0,0.0,24800000.0,190000000.0,0.0,24700000.0,9936938.919,0.0,0.0,1079434.921,0.0,0.0,0.0,0.0,0.0,0.0,0.0,0.0,0.0,0.0,0.0,0.0,0.0,0.0,0.0,0.0,0.0,0.0,0.0,0.0,0.0,0.0,0.0,0.0,0.0,4639293.426,0.0,0.0,0.0,0.0,0.0,15,0,D
1853.0,527.2642568,8.131725717,0.0,0.0,0.0,0.0,0.0,0.0,460043.4925,289323.7892,0.0,150382.102,0.0,0.0,0.0,0.0,0.0,0.0,0.0,0.0,0.0,0.0,0.0,0.0,0.0,0.0,1599443.747,0.0,0.0,0.0,4380050.502,19800000.0,0.0,0.0,0.0,0.0,0.0,0.0,0.0,0.0,0.0,0.0,0.0,0.0,0.0,0.0,0.0,0.0,0.0,0.0,0.0,0.0,0.0,0.0,0.0,0.0,0.0,0.0,12,0,D
1861.0,561.2697983,2.30150125,0.0,1635860.707,0.0,0.0,0.0,0.0,0.0,770385.5914,0.0,0.0,0.0,0.0,0.0,0.0,0.0,0.0,0.0,0.0,0.0,0.0,0.0,0.0,0.0,0.0,0.0,0.0,0.0,0.0,0.0,2837041.508,0.0,0.0,0.0,0.0,0.0,0.0,0.0,0.0,0.0,0.0,624491.5779,0.0,0.0,0.0,0.0,0.0,0.0,0.0,0.0,0.0,0.0,0.0,0.0,0.0,0.0,0.0,8,0,D
1876.0,487.2325211,3.36741195,0.0,0.0,0.0,0.0,0.0,0.0,0.0,201805.7428,0.0,0.0,0.0,0.0,0.0,0.0,0.0,0.0,0.0,0.0,0.0,0.0,0.0,0.0,0.0,0.0,557942.5699,0.0,0.0,0.0,0.0,0.0,0.0,0.0,0.0,0.0,0.0,0.0,0.0,0.0,0.0,0.0,0.0,0.0,0.0,0.0,0.0,0.0,0.0,0.0,0.0,0.0,0.0,0.0,0.0,0.0,0.0,0.0,7,0,D
1923.0,585.2698975,7.8059849,0.0,0.0,0.0,0.0,0.0,0.0,0.0,248463.8624,0.0,0.0,0.0,0.0,0.0,0.0,0.0,0.0,0.0,0.0,0.0,0.0,0.0,0.0,0.0,0.0,0.0,0.0,0.0,0.0,9821303.269,0.0,0.0,0.0,0.0,0.0,0.0,0.0,0.0,0.0,0.0,0.0,0.0,0.0,0.0,0.0,0.0,0.0,0.0,0.0,0.0,0.0,0.0,0.0,0.0,0.0,0.0,0.0,11,0,D
1944.0,721.3214501,10.255844,111000000.0,35700000.0,0.0,918667.6514,25900000.0,4142314.762,28300000.0,0.0,1195521.763,0.0,78200000.0,267000000.0,0.0,27000000.0,13800000.0,0.0,54200000.0,27700000.0,150000000.0,5853388.402,60700000.0,21100000.0,0.0,0.0,0.0,0.0,0.0,0.0,0.0,0.0,0.0,0.0,0.0,0.0,0.0,0.0,0.0,0.0,0.0,0.0,0.0,0.0,0.0,0.0,0.0,0.0,0.0,0.0,0.0,0.0,0.0,0.0,0.0,0.0,1860768.455,0.0,16,0,D
1946.0,693.3632304,13.47704675,81100000.0,36000000.0,0.0,0.0,10900000.0,0.0,10700000.0,0.0,0.0,0.0,8899053.516,53600000.0,0.0,4484016.405,347387.3333,0.0,5453353.65,2425817.372,0.0,0.0,20400000.0,2825925.643,0.0,0.0,0.0,0.0,0.0,0.0,0.0,0.0,0.0,0.0,0.0,0.0,0.0,0.0,0.0,0.0,0.0,0.0,0.0,0.0,0.0,0.0,0.0,0.0,0.0,0.0,0.0,0.0,0.0,0.0,0.0,0.0,0.0,0.0,17,7,D
1947.0,545.2749023,7.0449953,57700000.0,928113.0625,0.0,0.0,6772471.254,0.0,5887437.075,0.0,449592.8116,0.0,7708441.186,2514446.094,0.0,1739196.52,627601.2894,0.0,0.0,0.0,0.0,0.0,3639556.391,0.0,0.0,0.0,1814546.032,0.0,0.0,0.0,0.0,2010375.186,0.0,0.0,0.0,0.0,0.0,0.0,0.0,0.0,0.0,0.0,0.0,0.0,0.0,0.0,0.0,0.0,0.0,0.0,0.0,1733457.536,1122600.21,0.0,0.0,0.0,0.0,0.0,15,0,D
1949.0,673.3004761,11.15979864,20100000.0,72100000.0,0.0,5619528.608,0.0,0.0,10800000.0,0.0,0.0,0.0,26900000.0,0.0,0.0,8192782.709,1750084.807,0.0,0.0,2153639.027,77500000.0,0.0,6289033.854,2554203.111,0.0,0.0,0.0,0.0,0.0,0.0,0.0,0.0,0.0,0.0,0.0,0.0,0.0,0.0,0.0,0.0,0.0,0.0,0.0,0.0,0.0,0.0,0.0,0.0,0.0,0.0,0.0,0.0,0.0,0.0,0.0,0.0,0.0,0.0,14,0,D
1950.0,547.2894073,4.4675687,19200000.0,0.0,0.0,0.0,0.0,0.0,2629409.923,0.0,0.0,0.0,27400000.0,0.0,330741.4533,0.0,654762.8583,0.0,0.0,0.0,0.0,0.0,0.0,0.0,923212.201,0.0,0.0,679485.2504,0.0,0.0,0.0,0.0,0.0,1894089.319,0.0,0.0,0.0,0.0,0.0,0.0,0.0,0.0,0.0,0.0,0.0,0.0,8142256.014,0.0,0.0,0.0,0.0,1772745.692,0.0,0.0,0.0,0.0,0.0,0.0,15,0,D
1954.0,675.2437256,5.81491836,9854586.472,0.0,0.0,0.0,0.0,0.0,4564334.301,0.0,0.0,0.0,40800000.0,58300000.0,0.0,0.0,0.0,0.0,18500000.0,0.0,0.0,0.0,0.0,0.0,0.0,0.0,0.0,0.0,0.0,0.0,0.0,0.0,0.0,0.0,0.0,0.0,0.0,0.0,0.0,0.0,0.0,0.0,0.0,0.0,0.0,0.0,0.0,0.0,0.0,0.0,0.0,0.0,0.0,0.0,0.0,0.0,0.0,0.0,15,0,D
1956.0,525.2470771,10.02938664,10900000.0,4408251.949,980063.7037,692580.154,0.0,0.0,4202218.764,0.0,3246620.278,0.0,14300000.0,14200000.0,0.0,0.0,0.0,0.0,815762.4803,0.0,0.0,0.0,0.0,0.0,0.0,0.0,0.0,0.0,0.0,0.0,0.0,0.0,0.0,0.0,0.0,0.0,0.0,0.0,0.0,0.0,0.0,0.0,0.0,0.0,0.0,0.0,0.0,0.0,0.0,0.0,0.0,0.0,0.0,0.0,0.0,0.0,0.0,0.0,11,0,D
1960.0,691.3096161,9.986771183,8687989.08,0.0,0.0,0.0,0.0,0.0,1756908.506,0.0,0.0,0.0,12000000.0,20900000.0,0.0,0.0,0.0,0.0,4570939.648,22000000.0,136000000.0,5366019.2,15500000.0,6359519.557,0.0,0.0,296112.558,0.0,0.0,0.0,0.0,0.0,0.0,0.0,0.0,0.0,0.0,0.0,0.0,0.0,0.0,0.0,0.0,0.0,0.0,0.0,0.0,0.0,0.0,0.0,0.0,0.0,5544135.427,0.0,0.0,0.0,0.0,0.0,13,0,D
1961.0,691.3471741,12.851532,9611270.006,131000000.0,0.0,0.0,14400000.0,0.0,5642409.573,0.0,290736.4601,0.0,2317105.093,10000000.0,0.0,9192250.971,946888.1253,0.0,0.0,0.0,0.0,0.0,5501202.198,0.0,0.0,0.0,0.0,0.0,0.0,0.0,0.0,0.0,0.0,0.0,0.0,0.0,0.0,0.0,0.0,0.0,0.0,0.0,0.0,0.0,0.0,0.0,0.0,0.0,0.0,0.0,0.0,0.0,0.0,0.0,0.0,0.0,0.0,0.0,14,0,D
1967.0,499.1964874,2.711727386,2102382.475,0.0,0.0,23500000.0,0.0,0.0,13800000.0,0.0,7836797.827,0.0,15700000.0,0.0,0.0,0.0,0.0,0.0,9147366.243,0.0,0.0,0.0,0.0,0.0,0.0,0.0,3829195.841,0.0,0.0,0.0,0.0,0.0,0.0,0.0,0.0,0.0,0.0,0.0,0.0,0.0,0.0,0.0,0.0,0.0,0.0,0.0,0.0,0.0,0.0,0.0,0.0,0.0,0.0,0.0,0.0,0.0,0.0,0.0,22,0,D
1970.0,623.2124547,4.2856234,4640179.88,0.0,0.0,7253406.846,0.0,0.0,13600000.0,0.0,4203780.048,0.0,0.0,2773325.953,0.0,0.0,0.0,0.0,4036628.804,0.0,0.0,0.0,0.0,0.0,0.0,0.0,1488767.023,0.0,0.0,0.0,0.0,0.0,0.0,0.0,0.0,0.0,0.0,0.0,0.0,0.0,0.0,0.0,0.0,0.0,0.0,0.0,0.0,0.0,0.0,0.0,0.0,0.0,0.0,0.0,0.0,0.0,0.0,0.0,18,0,D
1972.0,939.4902598,14.73420517,10000000.0,6413624.327,1188214.753,0.0,0.0,0.0,568027.401,0.0,0.0,0.0,17600000.0,5061484.183,0.0,0.0,0.0,0.0,0.0,0.0,0.0,0.0,0.0,0.0,0.0,0.0,0.0,0.0,0.0,0.0,0.0,0.0,0.0,0.0,0.0,0.0,0.0,0.0,0.0,0.0,0.0,0.0,0.0,0.0,0.0,0.0,0.0,0.0,0.0,0.0,0.0,0.0,0.0,0.0,0.0,0.0,0.0,0.0,13,0,D
1975.0,611.2263387,7.7448613,3916210.384,0.0,0.0,19700000.0,0.0,0.0,0.0,0.0,0.0,0.0,18600000.0,0.0,0.0,0.0,0.0,0.0,0.0,0.0,0.0,0.0,0.0,0.0,0.0,0.0,0.0,0.0,0.0,0.0,0.0,0.0,0.0,0.0,0.0,0.0,0.0,0.0,0.0,0.0,0.0,0.0,0.0,0.0,0.0,0.0,0.0,0.0,0.0,0.0,0.0,0.0,0.0,0.0,0.0,0.0,0.0,0.0,15,0,D
1996.0,633.2694659,9.099235043,2704227.433,1364131.547,0.0,0.0,0.0,0.0,1617010.454,0.0,972322.4088,0.0,5249566.833,5185944.067,0.0,0.0,0.0,0.0,249675.1789,0.0,0.0,0.0,0.0,0.0,0.0,0.0,0.0,0.0,0.0,0.0,0.0,0.0,0.0,0.0,0.0,0.0,0.0,0.0,0.0,0.0,0.0,0.0,0.0,0.0,0.0,0.0,0.0,0.0,0.0,0.0,0.0,0.0,0.0,0.0,0.0,0.0,0.0,0.0,13,0,D
2002.0,511.2688789,4.403500438,2404351.662,985703.6866,0.0,0.0,0.0,0.0,0.0,0.0,0.0,0.0,3957984.129,0.0,0.0,0.0,0.0,0.0,0.0,0.0,0.0,0.0,0.0,0.0,0.0,0.0,1514641.81,0.0,0.0,0.0,0.0,3289232.225,0.0,270635.5055,796906.6967,0.0,5131918.388,0.0,0.0,0.0,0.0,0.0,0.0,0.0,0.0,0.0,0.0,0.0,0.0,0.0,0.0,0.0,0.0,0.0,0.0,0.0,0.0,0.0,11,0,D
2005.0,578.3320872,4.3425303,2381327.459,0.0,0.0,0.0,0.0,0.0,0.0,0.0,0.0,7714910.535,0.0,0.0,0.0,0.0,0.0,0.0,0.0,0.0,0.0,0.0,0.0,0.0,0.0,0.0,1558633.716,0.0,0.0,0.0,0.0,4046192.505,0.0,0.0,0.0,0.0,0.0,0.0,0.0,0.0,0.0,0.0,0.0,0.0,0.0,0.0,3994217.434,0.0,0.0,0.0,0.0,2373304.792,0.0,0.0,0.0,0.0,0.0,0.0,10,0,D
2007.0,739.4414063,14.5161335,2325400.669,0.0,1602243.093,0.0,0.0,0.0,0.0,0.0,0.0,0.0,0.0,0.0,0.0,0.0,0.0,0.0,0.0,0.0,0.0,0.0,0.0,0.0,0.0,0.0,0.0,0.0,0.0,0.0,0.0,0.0,0.0,0.0,0.0,0.0,0.0,0.0,0.0,0.0,0.0,0.0,0.0,0.0,0.0,0.0,0.0,0.0,0.0,0.0,0.0,0.0,0.0,0.0,0.0,0.0,0.0,0.0,11,0,D
2019.0,905.4854492,14.945748,4179163.644,5105469.756,0.0,0.0,0.0,0.0,2761325.194,0.0,0.0,0.0,5844797.268,4671732.914,0.0,0.0,0.0,0.0,0.0,0.0,0.0,0.0,0.0,0.0,0.0,0.0,0.0,0.0,0.0,0.0,0.0,0.0,0.0,0.0,0.0,0.0,0.0,0.0,0.0,0.0,0.0,0.0,0.0,0.0,0.0,0.0,0.0,0.0,0.0,0.0,0.0,0.0,0.0,0.0,0.0,0.0,0.0,0.0,11,0,D
2020.0,543.2954508,10.62222167,2058351.043,0.0,0.0,0.0,0.0,0.0,0.0,0.0,0.0,0.0,4958555.645,0.0,0.0,0.0,0.0,0.0,0.0,0.0,0.0,0.0,0.0,0.0,0.0,0.0,0.0,0.0,0.0,0.0,0.0,1885096.341,0.0,0.0,0.0,0.0,0.0,0.0,0.0,0.0,0.0,0.0,0.0,0.0,0.0,0.0,0.0,0.0,0.0,0.0,0.0,0.0,0.0,0.0,0.0,0.0,0.0,0.0,11,0,D
2023.0,721.3213473,9.773409209,2534406.866,862512.2866,0.0,0.0,0.0,0.0,439492.5813,0.0,0.0,0.0,2292061.677,6712290.978,0.0,0.0,561435.1757,0.0,3162885.787,5824107.518,11500000.0,396146.3925,383270.9469,0.0,0.0,0.0,0.0,0.0,0.0,0.0,0.0,0.0,0.0,0.0,0.0,0.0,0.0,0.0,0.0,0.0,0.0,0.0,0.0,0.0,0.0,0.0,0.0,0.0,0.0,0.0,0.0,0.0,0.0,0.0,0.0,0.0,0.0,0.0,12,0,D
2026.0,661.2641576,6.955443283,2523942.079,4898806.324,0.0,1793589.461,0.0,0.0,8353465.526,0.0,4016166.799,0.0,4626373.206,6045982.513,0.0,209360.3547,0.0,0.0,3108446.38,0.0,138654.8355,0.0,555600.512,1122735.403,0.0,0.0,0.0,0.0,0.0,0.0,0.0,0.0,0.0,0.0,0.0,0.0,0.0,0.0,0.0,0.0,0.0,0.0,0.0,0.0,0.0,0.0,0.0,0.0,0.0,0.0,0.0,0.0,0.0,0.0,0.0,0.0,0.0,0.0,16,0,D
2032.0,547.2903839,4.27240892,2137645.689,0.0,0.0,0.0,0.0,0.0,3226900.404,0.0,0.0,0.0,853930.9121,0.0,183125.148,0.0,0.0,0.0,0.0,0.0,0.0,0.0,0.0,0.0,0.0,0.0,27200000.0,0.0,0.0,0.0,242533.8939,28100000.0,0.0,0.0,0.0,0.0,36200000.0,0.0,0.0,0.0,0.0,0.0,0.0,0.0,0.0,0.0,2364754.781,0.0,0.0,0.0,0.0,4610866.292,0.0,0.0,0.0,0.0,0.0,0.0,18,0,D
2039.0,693.3628802,10.541915,1358275.038,0.0,0.0,0.0,0.0,0.0,151600.8425,0.0,0.0,0.0,0.0,438502.3099,0.0,0.0,0.0,0.0,943351.9713,0.0,0.0,0.0,675688.2163,217244.4291,0.0,0.0,215699.6653,0.0,0.0,0.0,0.0,0.0,0.0,0.0,0.0,0.0,0.0,0.0,0.0,0.0,0.0,0.0,0.0,0.0,0.0,0.0,0.0,0.0,0.0,0.0,0.0,0.0,0.0,0.0,0.0,0.0,0.0,0.0,7,0,D
2045.0,485.2168121,3.984053273,1310513.064,0.0,0.0,3037038.362,0.0,0.0,0.0,0.0,217962.441,0.0,0.0,0.0,0.0,0.0,0.0,0.0,1529691.533,0.0,0.0,1371628.108,0.0,0.0,0.0,0.0,913969.0681,0.0,0.0,0.0,0.0,0.0,0.0,885480.8301,1039062.277,0.0,422459.1684,0.0,0.0,0.0,0.0,0.0,0.0,179132.4599,0.0,0.0,0.0,0.0,6044838.268,0.0,0.0,0.0,0.0,0.0,0.0,0.0,0.0,0.0,16,0,D
2049.0,970.5313212,14.71385083,2516157.448,1488588.31,0.0,0.0,0.0,0.0,0.0,0.0,807257.9135,0.0,8830789.381,2523050.403,0.0,0.0,0.0,0.0,594502.5209,0.0,0.0,0.0,0.0,0.0,0.0,0.0,0.0,0.0,0.0,0.0,0.0,0.0,0.0,0.0,0.0,0.0,0.0,0.0,0.0,0.0,0.0,0.0,0.0,0.0,0.0,0.0,0.0,0.0,0.0,0.0,0.0,0.0,0.0,0.0,0.0,0.0,0.0,0.0,13,0,D
2051.0,513.2845328,4.0675851,1242481.357,0.0,0.0,0.0,0.0,0.0,0.0,0.0,0.0,6786386.159,1559864.383,0.0,0.0,0.0,0.0,1176405.499,0.0,0.0,0.0,0.0,0.0,0.0,0.0,0.0,1177281.77,0.0,0.0,0.0,0.0,767859.2048,0.0,0.0,0.0,0.0,0.0,0.0,0.0,0.0,0.0,0.0,0.0,0.0,0.0,0.0,1535383.434,0.0,0.0,0.0,0.0,0.0,0.0,0.0,0.0,0.0,0.0,0.0,7,0,D
2063.0,775.4056244,12.4899165,2089003.826,0.0,0.0,0.0,0.0,0.0,0.0,0.0,0.0,0.0,2389555.505,0.0,0.0,0.0,0.0,0.0,0.0,0.0,0.0,0.0,0.0,0.0,0.0,0.0,0.0,0.0,0.0,0.0,0.0,0.0,0.0,0.0,0.0,0.0,0.0,0.0,0.0,0.0,0.0,0.0,0.0,0.0,0.0,0.0,0.0,0.0,0.0,0.0,0.0,0.0,0.0,0.0,0.0,0.0,0.0,0.0,8,0,D
2067.0,663.2799835,10.05156942,1223900.748,0.0,0.0,1021647.007,0.0,0.0,1096356.612,0.0,443019.6119,0.0,12000000.0,491933.4607,0.0,0.0,0.0,0.0,0.0,0.0,0.0,0.0,0.0,0.0,0.0,0.0,0.0,0.0,0.0,0.0,0.0,0.0,0.0,0.0,0.0,0.0,0.0,0.0,0.0,0.0,0.0,0.0,0.0,0.0,0.0,0.0,0.0,0.0,0.0,0.0,0.0,0.0,0.0,0.0,0.0,0.0,0.0,0.0,9,0,D
2070.0,633.269989,6.4811502,958236.9609,0.0,0.0,0.0,0.0,0.0,0.0,0.0,0.0,0.0,568940.1301,0.0,0.0,0.0,0.0,0.0,0.0,0.0,0.0,0.0,0.0,0.0,0.0,0.0,0.0,0.0,0.0,0.0,0.0,0.0,0.0,0.0,0.0,0.0,0.0,0.0,0.0,0.0,0.0,0.0,0.0,0.0,0.0,0.0,0.0,0.0,0.0,0.0,0.0,0.0,0.0,0.0,0.0,0.0,0.0,0.0,7,0,D
2081.0,819.4678345,14.471652,1587296.754,11900000.0,0.0,0.0,0.0,0.0,0.0,0.0,0.0,0.0,2530044.935,0.0,0.0,0.0,0.0,0.0,0.0,0.0,0.0,0.0,0.0,0.0,0.0,0.0,0.0,0.0,0.0,0.0,0.0,0.0,0.0,0.0,0.0,0.0,0.0,0.0,0.0,0.0,0.0,0.0,0.0,0.0,0.0,0.0,0.0,0.0,0.0,0.0,0.0,0.0,0.0,0.0,0.0,0.0,0.0,0.0,8,0,D
2082.0,885.4795227,14.90483367,1389771.624,0.0,0.0,0.0,0.0,0.0,0.0,0.0,0.0,0.0,0.0,0.0,0.0,0.0,0.0,0.0,0.0,0.0,0.0,0.0,0.0,0.0,0.0,0.0,0.0,0.0,0.0,0.0,0.0,0.0,0.0,0.0,0.0,0.0,0.0,0.0,0.0,0.0,0.0,0.0,6070899.392,3115538.058,0.0,0.0,0.0,0.0,0.0,0.0,0.0,0.0,0.0,0.0,0.0,0.0,0.0,0.0,6,0,D
2083.0,679.2742666,8.19993535,1342343.361,978077.997,0.0,0.0,0.0,0.0,0.0,0.0,0.0,0.0,5149367.347,2539147.603,0.0,0.0,0.0,0.0,5693067.78,0.0,68700000.0,0.0,0.0,0.0,0.0,0.0,0.0,0.0,0.0,0.0,0.0,0.0,0.0,0.0,0.0,0.0,0.0,0.0,0.0,0.0,0.0,0.0,0.0,0.0,0.0,0.0,0.0,0.0,0.0,0.0,0.0,0.0,0.0,0.0,0.0,0.0,0.0,0.0,17,0,D
2085.0,529.2796249,8.9581942,849538.4278,1255695.644,0.0,0.0,0.0,0.0,0.0,0.0,0.0,0.0,2467353.041,0.0,2445861.376,0.0,0.0,0.0,0.0,0.0,0.0,0.0,0.0,0.0,0.0,0.0,1957195.028,0.0,0.0,0.0,3773403.849,14400000.0,0.0,0.0,0.0,0.0,0.0,0.0,0.0,345308.1384,0.0,0.0,0.0,0.0,0.0,0.0,0.0,0.0,0.0,0.0,0.0,0.0,0.0,0.0,0.0,0.0,0.0,0.0,10,0,D
2103.0,721.3221269,6.360192091,687260.4011,305919.9205,0.0,0.0,0.0,0.0,317092.7083,0.0,0.0,0.0,508320.7182,3520560.381,0.0,228985.8536,1579468.936,0.0,17300000.0,2099222.167,0.0,0.0,1545855.122,1622107.198,0.0,0.0,0.0,0.0,0.0,0.0,0.0,0.0,0.0,0.0,0.0,0.0,0.0,0.0,0.0,0.0,0.0,0.0,0.0,0.0,0.0,0.0,0.0,0.0,0.0,0.0,0.0,0.0,0.0,0.0,0.0,0.0,0.0,0.0,9,0,D
2111.0,639.3520218,13.33192205,781242.8176,790136.5448,0.0,0.0,0.0,0.0,0.0,0.0,0.0,0.0,0.0,2470606.407,1706108.637,0.0,0.0,267000000.0,0.0,0.0,0.0,0.0,0.0,0.0,0.0,0.0,0.0,0.0,0.0,0.0,0.0,0.0,0.0,415223.914,7114098.036,0.0,180000000.0,7005395.635,31300000.0,319000000.0,9785268.054,4259313.511,1332733.026,495083.7838,78300000.0,33000000.0,20200000.0,4466744.68,0.0,0.0,0.0,0.0,0.0,0.0,0.0,0.0,0.0,345000000.0,13,16,MD
2116.0,505.2441711,3.4558632,357673.7084,0.0,0.0,0.0,0.0,0.0,387133.232,0.0,0.0,0.0,0.0,0.0,0.0,0.0,0.0,0.0,0.0,0.0,0.0,0.0,157747.3752,0.0,0.0,0.0,10500000.0,0.0,0.0,0.0,0.0,0.0,0.0,0.0,0.0,0.0,0.0,0.0,0.0,0.0,0.0,0.0,0.0,0.0,0.0,0.0,0.0,0.0,0.0,0.0,0.0,0.0,0.0,0.0,0.0,0.0,0.0,0.0,22,0,D
2117.0,607.253479,7.9023198,701526.8963,0.0,0.0,1279482.908,0.0,0.0,0.0,0.0,0.0,0.0,8139244.238,0.0,0.0,0.0,0.0,0.0,0.0,0.0,0.0,0.0,0.0,0.0,0.0,0.0,0.0,0.0,0.0,0.0,0.0,0.0,0.0,0.0,0.0,0.0,0.0,0.0,0.0,0.0,0.0,0.0,0.0,0.0,0.0,0.0,0.0,0.0,1798838.952,0.0,0.0,0.0,0.0,0.0,0.0,0.0,0.0,0.0,14,0,D
2118.0,543.2590088,5.77788954,698729.8292,0.0,0.0,0.0,0.0,0.0,365706.6818,0.0,0.0,0.0,200386.5015,0.0,0.0,0.0,0.0,0.0,0.0,0.0,0.0,0.0,0.0,0.0,0.0,0.0,861466.8441,0.0,0.0,0.0,0.0,314122.3354,0.0,0.0,0.0,0.0,0.0,0.0,0.0,0.0,0.0,0.0,0.0,0.0,0.0,0.0,0.0,0.0,0.0,0.0,0.0,0.0,0.0,0.0,0.0,0.0,0.0,0.0,10,0,D
2127.0,663.2807655,4.713975,308180.9481,223088.9381,0.0,1433838.798,0.0,0.0,2213268.261,0.0,359849.2012,0.0,378387.8798,276416.4165,0.0,0.0,0.0,0.0,699821.8358,0.0,0.0,0.0,0.0,0.0,0.0,0.0,0.0,0.0,0.0,0.0,0.0,0.0,0.0,0.0,0.0,0.0,0.0,0.0,0.0,0.0,0.0,0.0,0.0,0.0,0.0,0.0,0.0,0.0,0.0,0.0,0.0,0.0,0.0,0.0,0.0,0.0,0.0,0.0,12,0,D
2130.0,517.3158162,11.38020633,1411545.112,0.0,0.0,774990.5303,0.0,0.0,0.0,0.0,0.0,0.0,0.0,0.0,200254.0958,0.0,0.0,0.0,0.0,0.0,0.0,0.0,0.0,0.0,0.0,0.0,0.0,0.0,0.0,0.0,0.0,0.0,0.0,0.0,0.0,0.0,0.0,0.0,0.0,0.0,0.0,0.0,57600000.0,4340284.167,0.0,0.0,0.0,0.0,9197879.503,0.0,0.0,0.0,0.0,0.0,0.0,0.0,0.0,0.0,12,0,D
2132.0,661.263972,9.332480683,910947.9828,238715.6669,0.0,0.0,0.0,0.0,0.0,0.0,0.0,0.0,1445261.066,822378.5393,0.0,0.0,0.0,0.0,4466910.126,0.0,479153.4319,0.0,0.0,0.0,0.0,0.0,0.0,0.0,0.0,0.0,0.0,0.0,0.0,0.0,0.0,0.0,0.0,0.0,0.0,0.0,0.0,0.0,0.0,0.0,0.0,0.0,0.0,0.0,0.0,0.0,0.0,0.0,0.0,0.0,0.0,0.0,0.0,0.0,11,0,D
2139.0,645.2697678,6.267661825,992315.9293,2030386.511,0.0,843146.6561,0.0,0.0,1448436.371,0.0,354732.8629,0.0,1175459.927,2627029.749,0.0,0.0,0.0,0.0,635836.5705,0.0,0.0,0.0,0.0,0.0,0.0,0.0,0.0,0.0,0.0,0.0,0.0,0.0,0.0,0.0,0.0,0.0,0.0,0.0,0.0,0.0,0.0,0.0,0.0,0.0,0.0,0.0,0.0,0.0,0.0,0.0,0.0,0.0,0.0,0.0,0.0,0.0,0.0,0.0,9,0,D
2141.0,561.2703064,2.9022566,501048.1072,0.0,0.0,0.0,1050766.261,0.0,378457.0023,0.0,0.0,242505.5961,0.0,0.0,0.0,0.0,0.0,0.0,0.0,0.0,0.0,0.0,343326.1562,0.0,0.0,0.0,0.0,0.0,0.0,0.0,0.0,0.0,0.0,0.0,0.0,0.0,0.0,0.0,0.0,0.0,0.0,0.0,0.0,0.0,0.0,0.0,0.0,0.0,0.0,0.0,0.0,0.0,0.0,0.0,0.0,0.0,0.0,0.0,8,0,D
2157.0,719.3056068,9.295076025,700720.3366,0.0,0.0,0.0,0.0,0.0,1165820.487,0.0,0.0,0.0,530276.2778,0.0,0.0,371135.551,0.0,0.0,216732.9603,440446.0754,72900000.0,0.0,0.0,687715.0511,0.0,0.0,0.0,0.0,0.0,0.0,0.0,0.0,0.0,0.0,0.0,0.0,0.0,0.0,0.0,0.0,0.0,0.0,0.0,0.0,0.0,0.0,0.0,0.0,0.0,0.0,0.0,0.0,0.0,0.0,0.0,0.0,0.0,0.0,15,0,D
2158.0,693.3644714,13.90052325,250763.9934,161132.4217,0.0,0.0,0.0,0.0,0.0,0.0,0.0,0.0,0.0,4352483.699,0.0,0.0,0.0,0.0,189104.7436,0.0,0.0,0.0,0.0,0.0,0.0,0.0,0.0,0.0,0.0,0.0,0.0,0.0,0.0,0.0,0.0,0.0,0.0,0.0,0.0,0.0,0.0,0.0,0.0,0.0,0.0,0.0,0.0,0.0,0.0,0.0,0.0,0.0,0.0,0.0,0.0,0.0,0.0,0.0,9,0,D
2161.0,513.2846756,9.643958075,326856.0413,0.0,0.0,0.0,0.0,0.0,0.0,0.0,0.0,0.0,528357.7306,0.0,0.0,0.0,0.0,0.0,0.0,0.0,0.0,0.0,0.0,0.0,0.0,0.0,0.0,0.0,0.0,0.0,228417.4417,421889.5659,0.0,0.0,0.0,0.0,0.0,0.0,0.0,0.0,0.0,0.0,21400000.0,1346846.395,0.0,0.0,0.0,0.0,2498166.789,0.0,3420757.015,0.0,0.0,0.0,0.0,0.0,0.0,0.0,14,0,D
2178.0,529.2800167,4.378869924,256134.1952,13500000.0,0.0,433007.7297,0.0,459791.9866,6734893.044,0.0,222821.4286,0.0,487536.2557,2430800.083,271075.7267,0.0,0.0,0.0,3874010.157,0.0,0.0,0.0,0.0,0.0,0.0,0.0,0.0,0.0,0.0,0.0,798007.882,46900000.0,192579.4542,0.0,553243.5283,0.0,67400000.0,0.0,0.0,0.0,0.0,0.0,0.0,0.0,0.0,0.0,16900000.0,0.0,0.0,0.0,0.0,0.0,347697.9684,0.0,0.0,0.0,0.0,0.0,19,11,D
2200.0,635.2849426,4.393116767,222536.7534,0.0,0.0,0.0,0.0,0.0,0.0,0.0,0.0,0.0,209984.1,0.0,0.0,0.0,0.0,380256.9021,0.0,0.0,0.0,0.0,270242.3438,0.0,0.0,0.0,387797.2645,0.0,0.0,0.0,0.0,0.0,0.0,0.0,0.0,0.0,0.0,0.0,0.0,0.0,0.0,0.0,0.0,0.0,0.0,0.0,1652844.246,0.0,0.0,0.0,0.0,0.0,0.0,0.0,0.0,0.0,0.0,0.0,6,0,D
2202.0,607.254097,8.055680275,233552.8047,0.0,0.0,501353.7222,0.0,0.0,0.0,0.0,0.0,0.0,0.0,216226.2179,0.0,0.0,0.0,0.0,0.0,0.0,0.0,0.0,0.0,0.0,0.0,0.0,0.0,0.0,0.0,0.0,0.0,0.0,0.0,0.0,0.0,0.0,0.0,0.0,0.0,0.0,0.0,0.0,0.0,0.0,0.0,0.0,0.0,0.0,1377368.978,0.0,0.0,0.0,0.0,0.0,0.0,0.0,0.0,0.0,7,0,D
2221.0,629.2388153,7.285956525,206979.4505,0.0,0.0,5952744.133,0.0,0.0,273868.1142,0.0,0.0,0.0,2809527.082,0.0,0.0,0.0,0.0,0.0,0.0,0.0,0.0,0.0,0.0,0.0,0.0,0.0,0.0,0.0,0.0,0.0,0.0,0.0,0.0,0.0,0.0,0.0,0.0,0.0,0.0,0.0,0.0,0.0,0.0,0.0,0.0,0.0,0.0,0.0,0.0,0.0,0.0,0.0,0.0,0.0,0.0,0.0,0.0,0.0,13,0,D
2223.0,663.2800064,8.031812088,1750971.067,1172715.484,0.0,0.0,0.0,0.0,678234.445,0.0,0.0,0.0,1839030.112,1669403.394,0.0,0.0,0.0,0.0,888381.7742,0.0,0.0,0.0,3879436.925,0.0,0.0,0.0,752142.9115,0.0,0.0,0.0,0.0,0.0,0.0,0.0,0.0,0.0,0.0,0.0,0.0,0.0,0.0,0.0,0.0,0.0,0.0,0.0,0.0,0.0,0.0,0.0,0.0,0.0,0.0,0.0,0.0,0.0,0.0,0.0,14,0,D
2229.0,481.1858768,6.278990012,1085510.747,1737162.877,280800.9044,8799496.171,0.0,0.0,1489317.791,0.0,0.0,0.0,2067302.043,2466461.352,0.0,0.0,0.0,0.0,3766338.346,0.0,0.0,0.0,0.0,0.0,0.0,0.0,0.0,0.0,0.0,0.0,0.0,0.0,0.0,0.0,0.0,0.0,0.0,0.0,0.0,0.0,0.0,0.0,0.0,0.0,0.0,0.0,0.0,0.0,0.0,0.0,0.0,0.0,0.0,0.0,0.0,0.0,0.0,0.0,17,0,D
2230.0,719.3065247,5.74562064,219658.7184,10400000.0,0.0,0.0,1404357.19,0.0,0.0,0.0,0.0,0.0,367348.0703,2657736.769,0.0,2092990.09,6459280.204,0.0,6433371.703,0.0,0.0,0.0,1463418.896,651283.1332,0.0,0.0,0.0,0.0,0.0,0.0,0.0,0.0,0.0,0.0,0.0,0.0,0.0,0.0,0.0,0.0,0.0,0.0,0.0,0.0,0.0,0.0,0.0,0.0,0.0,0.0,0.0,0.0,0.0,0.0,0.0,0.0,0.0,0.0,8,0,D
2237.0,695.3792725,13.9185155,461992.093,0.0,0.0,0.0,0.0,0.0,0.0,0.0,0.0,0.0,0.0,0.0,0.0,0.0,0.0,0.0,0.0,0.0,0.0,0.0,0.0,0.0,0.0,0.0,1649551.362,0.0,0.0,0.0,0.0,0.0,0.0,0.0,0.0,0.0,0.0,0.0,0.0,0.0,0.0,0.0,0.0,0.0,0.0,0.0,0.0,0.0,0.0,0.0,0.0,0.0,0.0,0.0,0.0,0.0,0.0,0.0,6,0,D
2261.0,669.3269043,7.164204129,578155.2982,0.0,0.0,0.0,0.0,0.0,0.0,0.0,0.0,0.0,0.0,633314.3604,25800000.0,0.0,0.0,0.0,0.0,0.0,0.0,0.0,0.0,0.0,0.0,0.0,1351194.728,0.0,0.0,0.0,1577798.403,686089.7585,0.0,0.0,0.0,0.0,0.0,0.0,0.0,628304.5152,0.0,0.0,0.0,0.0,0.0,0.0,0.0,0.0,0.0,0.0,0.0,0.0,0.0,0.0,0.0,0.0,0.0,0.0,0,14,MD
2275.0,679.2753823,5.301453482,700219.672,1826496.813,585737.3365,2151820.861,0.0,0.0,742542.4073,0.0,825192.2328,0.0,2392196.11,3440486.148,0.0,0.0,0.0,0.0,564405.8041,0.0,2380927.669,0.0,249933.7744,0.0,0.0,0.0,0.0,0.0,0.0,0.0,0.0,0.0,0.0,0.0,0.0,0.0,0.0,0.0,0.0,0.0,0.0,0.0,0.0,0.0,0.0,0.0,0.0,0.0,0.0,0.0,0.0,0.0,0.0,0.0,0.0,0.0,0.0,0.0,11,0,D
2284.0,633.3050944,11.57855533,216220.9994,0.0,0.0,0.0,0.0,0.0,0.0,0.0,0.0,0.0,0.0,473053.8048,0.0,0.0,0.0,0.0,2330043.256,0.0,0.0,0.0,0.0,0.0,0.0,0.0,0.0,0.0,0.0,0.0,0.0,0.0,0.0,0.0,0.0,0.0,0.0,0.0,0.0,0.0,0.0,0.0,0.0,0.0,0.0,0.0,0.0,0.0,0.0,0.0,0.0,0.0,0.0,0.0,0.0,0.0,0.0,0.0,14,0,D
2346.0,535.3268204,10.85162825,0.0,0.0,0.0,0.0,0.0,0.0,4226169.558,0.0,0.0,0.0,0.0,0.0,448272.2984,0.0,0.0,0.0,0.0,0.0,0.0,0.0,0.0,0.0,0.0,0.0,0.0,0.0,0.0,0.0,832093.9953,1319530.187,0.0,0.0,0.0,0.0,0.0,0.0,0.0,0.0,0.0,0.0,0.0,0.0,0.0,0.0,0.0,0.0,0.0,0.0,0.0,0.0,0.0,0.0,0.0,0.0,0.0,0.0,16,0,D
2351.0,895.3174095,8.127199338,0.0,5346920.142,0.0,0.0,0.0,0.0,4555085.409,0.0,382804.0102,0.0,0.0,329408.9631,0.0,1606462.918,0.0,0.0,0.0,1415087.73,0.0,0.0,1662660.219,4542677.659,0.0,0.0,0.0,0.0,0.0,0.0,0.0,0.0,0.0,0.0,0.0,0.0,0.0,0.0,0.0,0.0,0.0,0.0,0.0,0.0,0.0,0.0,0.0,0.0,0.0,0.0,0.0,0.0,0.0,0.0,0.0,0.0,0.0,0.0,11,0,D
2354.0,689.2953796,9.226419914,0.0,44000000.0,837886.5037,0.0,2140653.683,0.0,2531106.379,0.0,3126093.19,0.0,4111618.202,9366831.195,252103.4036,12400000.0,0.0,0.0,0.0,1799685.066,88100000.0,661382.262,8126016.984,1416031.183,0.0,0.0,0.0,0.0,0.0,0.0,0.0,0.0,0.0,0.0,0.0,0.0,0.0,0.0,0.0,0.0,0.0,0.0,0.0,0.0,0.0,0.0,0.0,0.0,0.0,0.0,0.0,0.0,0.0,0.0,0.0,0.0,0.0,0.0,16,0,D
2366.0,703.2742737,7.18369972,0.0,7094429.055,0.0,0.0,0.0,0.0,2745221.966,0.0,0.0,0.0,2616095.24,0.0,2060198.284,0.0,0.0,0.0,0.0,0.0,3498536.347,0.0,0.0,0.0,0.0,0.0,0.0,0.0,0.0,0.0,0.0,0.0,0.0,0.0,0.0,0.0,0.0,0.0,0.0,0.0,0.0,0.0,0.0,0.0,0.0,0.0,0.0,0.0,0.0,0.0,0.0,0.0,0.0,0.0,0.0,0.0,0.0,0.0,9,0,D
2376.0,903.5243454,13.6434525,0.0,0.0,0.0,0.0,0.0,0.0,13900000.0,0.0,190541.6223,0.0,2096679.659,29800000.0,0.0,0.0,0.0,0.0,0.0,0.0,0.0,0.0,0.0,0.0,0.0,0.0,0.0,0.0,0.0,0.0,0.0,0.0,0.0,0.0,0.0,0.0,0.0,0.0,0.0,0.0,0.0,0.0,0.0,0.0,0.0,0.0,0.0,0.0,0.0,0.0,0.0,0.0,0.0,0.0,0.0,0.0,0.0,0.0,16,0,D
2377.0,665.2952919,7.000953112,0.0,0.0,0.0,1028147.979,0.0,0.0,3565697.671,0.0,0.0,0.0,366321.0417,0.0,0.0,0.0,0.0,0.0,1524235.61,879286.2107,1508113.332,0.0,4036631.691,0.0,0.0,0.0,571965.1645,0.0,0.0,0.0,0.0,0.0,0.0,0.0,0.0,0.0,0.0,0.0,0.0,0.0,0.0,0.0,0.0,0.0,0.0,0.0,0.0,0.0,0.0,0.0,0.0,0.0,0.0,0.0,0.0,0.0,0.0,0.0,15,0,D
2383.0,621.2335968,6.59332715,0.0,0.0,0.0,0.0,0.0,0.0,1391332.942,0.0,0.0,0.0,0.0,0.0,0.0,0.0,0.0,0.0,0.0,0.0,0.0,0.0,0.0,0.0,0.0,0.0,10600000.0,0.0,0.0,0.0,0.0,0.0,0.0,0.0,0.0,0.0,0.0,0.0,0.0,0.0,0.0,0.0,0.0,0.0,0.0,0.0,0.0,0.0,0.0,0.0,0.0,0.0,0.0,0.0,0.0,0.0,0.0,0.0,20,0,D
2391.0,481.1856842,7.027848343,0.0,788324.9667,0.0,671962.3678,0.0,0.0,1273604.668,0.0,362168.7982,0.0,711212.6534,1003034.574,0.0,0.0,0.0,0.0,188167.1284,0.0,0.0,0.0,0.0,0.0,0.0,0.0,0.0,0.0,0.0,0.0,0.0,0.0,0.0,0.0,0.0,0.0,0.0,0.0,0.0,0.0,0.0,0.0,0.0,0.0,0.0,0.0,0.0,0.0,0.0,0.0,0.0,0.0,0.0,0.0,0.0,0.0,0.0,0.0,9,0,D
2397.0,823.2959849,9.205559083,0.0,2788510.95,0.0,0.0,0.0,0.0,3192518.677,0.0,282350.7671,0.0,1061587.512,0.0,0.0,0.0,0.0,0.0,0.0,0.0,0.0,0.0,12800000.0,3116936.035,0.0,0.0,0.0,0.0,0.0,0.0,0.0,0.0,0.0,0.0,0.0,0.0,0.0,0.0,0.0,0.0,0.0,0.0,0.0,0.0,0.0,0.0,0.0,0.0,0.0,0.0,0.0,0.0,0.0,0.0,0.0,0.0,0.0,0.0,11,0,D
2402.0,649.300276,7.473360733,0.0,0.0,0.0,596835.2872,0.0,0.0,1007046.024,0.0,0.0,0.0,166918.6695,925076.2169,0.0,0.0,0.0,0.0,5074952.478,1251850.995,0.0,0.0,9656574.874,1250581.857,0.0,0.0,26900000.0,0.0,0.0,0.0,0.0,0.0,0.0,0.0,0.0,0.0,0.0,0.0,0.0,0.0,0.0,0.0,0.0,0.0,0.0,0.0,0.0,0.0,0.0,0.0,0.0,0.0,0.0,0.0,0.0,0.0,0.0,0.0,13,0,D
2417.0,663.2799072,4.8847421,0.0,0.0,0.0,3064291.975,0.0,0.0,1417346.998,0.0,0.0,0.0,175114.1788,0.0,0.0,0.0,0.0,0.0,609754.1573,0.0,0.0,0.0,0.0,0.0,0.0,0.0,0.0,0.0,0.0,0.0,0.0,0.0,0.0,0.0,0.0,0.0,0.0,0.0,0.0,0.0,0.0,0.0,0.0,0.0,0.0,0.0,0.0,0.0,0.0,0.0,0.0,0.0,0.0,0.0,0.0,0.0,0.0,0.0,12,0,D
2421.0,647.2850291,6.806186217,0.0,2558897.571,0.0,0.0,0.0,0.0,474210.8304,0.0,0.0,0.0,0.0,231751.4349,0.0,0.0,0.0,0.0,1394822.806,0.0,0.0,0.0,4304343.728,455243.6082,0.0,0.0,0.0,0.0,0.0,0.0,0.0,0.0,0.0,0.0,0.0,0.0,0.0,0.0,0.0,0.0,0.0,0.0,0.0,0.0,0.0,0.0,0.0,0.0,0.0,0.0,0.0,0.0,0.0,0.0,0.0,0.0,0.0,0.0,7,0,D
2423.0,505.2429771,1.799122425,0.0,0.0,0.0,0.0,0.0,0.0,320014.3675,0.0,0.0,0.0,0.0,0.0,0.0,0.0,0.0,0.0,325934.7007,0.0,0.0,0.0,0.0,0.0,0.0,0.0,20600000.0,0.0,0.0,0.0,0.0,0.0,0.0,0.0,0.0,0.0,0.0,0.0,0.0,0.0,0.0,0.0,0.0,0.0,0.0,0.0,0.0,0.0,768844.0746,0.0,0.0,0.0,0.0,0.0,0.0,0.0,0.0,0.0,12,0,D
2424.0,645.2696126,9.509753633,0.0,0.0,0.0,1042279.301,0.0,0.0,1134578.624,0.0,0.0,0.0,0.0,0.0,0.0,0.0,0.0,0.0,0.0,0.0,0.0,0.0,216007.3078,0.0,0.0,0.0,0.0,0.0,0.0,0.0,0.0,0.0,0.0,0.0,0.0,0.0,0.0,0.0,0.0,0.0,0.0,0.0,0.0,0.0,0.0,0.0,0.0,0.0,0.0,0.0,0.0,0.0,0.0,0.0,0.0,0.0,0.0,0.0,8,0,D
2430.0,507.2006569,7.75763425,0.0,0.0,0.0,6159039.215,0.0,0.0,450512.3207,0.0,0.0,0.0,5382501.277,0.0,0.0,0.0,0.0,0.0,0.0,528655.668,0.0,0.0,0.0,0.0,0.0,0.0,0.0,0.0,0.0,0.0,0.0,0.0,0.0,0.0,0.0,0.0,0.0,0.0,0.0,0.0,0.0,0.0,0.0,0.0,0.0,0.0,0.0,0.0,0.0,0.0,0.0,0.0,0.0,0.0,0.0,0.0,0.0,0.0,14,0,D
2432.0,667.3109063,7.456097944,0.0,0.0,0.0,197810.3687,0.0,0.0,729373.3627,0.0,0.0,0.0,0.0,410894.4078,0.0,0.0,205736.801,0.0,3411191.468,1537419.212,0.0,0.0,5959352.69,861042.0354,0.0,0.0,30800000.0,0.0,0.0,0.0,0.0,0.0,0.0,0.0,0.0,0.0,0.0,0.0,0.0,0.0,0.0,0.0,0.0,0.0,0.0,0.0,0.0,0.0,0.0,0.0,0.0,0.0,0.0,0.0,0.0,0.0,0.0,0.0,19,0,D
2439.0,623.2128372,3.974223125,0.0,0.0,0.0,14500000.0,0.0,0.0,1056449.59,0.0,708865.2888,0.0,0.0,0.0,0.0,0.0,0.0,0.0,259096.0243,0.0,0.0,0.0,0.0,0.0,0.0,0.0,0.0,0.0,0.0,0.0,0.0,0.0,0.0,0.0,0.0,0.0,0.0,0.0,0.0,0.0,0.0,0.0,0.0,0.0,0.0,0.0,0.0,0.0,0.0,0.0,0.0,0.0,0.0,0.0,0.0,0.0,0.0,0.0,9,0,D
2455.0,651.3162842,7.352702411,0.0,0.0,0.0,0.0,0.0,0.0,809722.5644,0.0,306678.6505,0.0,0.0,14000000.0,184396.5231,231441.1376,0.0,0.0,0.0,0.0,0.0,0.0,295398.0022,0.0,0.0,0.0,230363.894,0.0,0.0,0.0,0.0,0.0,0.0,0.0,1184300.354,0.0,0.0,0.0,0.0,0.0,0.0,0.0,4561191.699,0.0,0.0,0.0,0.0,0.0,0.0,0.0,0.0,0.0,0.0,0.0,0.0,0.0,0.0,0.0,9,0,D
2457.0,677.2591073,6.784753714,0.0,364947.8826,0.0,4808859.506,0.0,0.0,709746.8928,0.0,0.0,0.0,478784.8199,798624.3304,0.0,0.0,0.0,0.0,3488938.668,0.0,816217.1042,0.0,0.0,0.0,0.0,0.0,0.0,0.0,0.0,0.0,0.0,0.0,0.0,0.0,0.0,0.0,0.0,0.0,0.0,0.0,0.0,0.0,0.0,0.0,0.0,0.0,0.0,0.0,0.0,0.0,0.0,0.0,0.0,0.0,0.0,0.0,0.0,0.0,11,0,D
2464.0,625.2310791,4.5412985,0.0,0.0,0.0,0.0,0.0,0.0,592074.6951,0.0,0.0,0.0,0.0,0.0,0.0,0.0,0.0,0.0,0.0,0.0,0.0,0.0,0.0,0.0,0.0,0.0,0.0,0.0,0.0,0.0,0.0,0.0,0.0,0.0,0.0,0.0,0.0,0.0,0.0,0.0,0.0,0.0,0.0,0.0,0.0,0.0,0.0,0.0,0.0,0.0,0.0,0.0,0.0,0.0,0.0,0.0,0.0,0.0,9,0,D
2478.0,897.3327993,8.822563733,0.0,0.0,0.0,0.0,0.0,0.0,663968.1548,0.0,0.0,0.0,1141816.595,0.0,0.0,0.0,0.0,0.0,0.0,552643.208,1234676.184,319820.3589,378734.7844,0.0,0.0,0.0,0.0,0.0,0.0,0.0,0.0,0.0,0.0,0.0,0.0,0.0,0.0,0.0,0.0,0.0,0.0,0.0,0.0,0.0,0.0,0.0,0.0,0.0,0.0,0.0,0.0,0.0,0.0,0.0,0.0,0.0,0.0,0.0,6,0,D
2479.0,667.3113159,11.4330762,0.0,0.0,0.0,0.0,0.0,0.0,598787.1803,0.0,0.0,0.0,0.0,0.0,0.0,0.0,0.0,0.0,0.0,7554522.319,0.0,0.0,13900000.0,180753.6032,0.0,0.0,2854696.358,0.0,0.0,0.0,0.0,0.0,0.0,0.0,0.0,0.0,0.0,0.0,0.0,0.0,0.0,0.0,0.0,0.0,0.0,0.0,0.0,0.0,0.0,0.0,0.0,0.0,0.0,0.0,0.0,0.0,0.0,0.0,17,0,D
2482.0,663.2796875,8.9550168,0.0,0.0,0.0,879202.6159,0.0,0.0,628990.7065,0.0,0.0,0.0,1170330.716,173527.1457,0.0,0.0,0.0,0.0,0.0,0.0,0.0,0.0,2215332.752,0.0,0.0,0.0,0.0,0.0,0.0,0.0,0.0,0.0,0.0,0.0,0.0,0.0,0.0,0.0,0.0,0.0,0.0,0.0,0.0,0.0,0.0,0.0,0.0,0.0,0.0,0.0,0.0,0.0,0.0,0.0,0.0,0.0,0.0,0.0,7,0,D
2486.0,573.2475542,5.038793943,0.0,0.0,0.0,0.0,0.0,0.0,294166.1587,0.0,0.0,0.0,273193.6753,0.0,0.0,0.0,0.0,0.0,0.0,0.0,0.0,0.0,0.0,0.0,0.0,0.0,390156.3116,0.0,0.0,0.0,0.0,0.0,0.0,0.0,0.0,0.0,3980857.777,0.0,0.0,0.0,0.0,0.0,10000000.0,11100000.0,0.0,0.0,0.0,0.0,2319819.467,0.0,0.0,0.0,0.0,0.0,0.0,0.0,0.0,0.0,7,0,D
2510.0,737.3171234,5.74192521,0.0,2526191.962,0.0,0.0,276149.4126,0.0,884711.2102,0.0,0.0,0.0,0.0,820070.497,0.0,1234643.607,0.0,0.0,2018849.668,2489031.275,0.0,0.0,1345332.995,792681.2169,0.0,0.0,0.0,0.0,0.0,0.0,0.0,0.0,0.0,0.0,0.0,0.0,0.0,0.0,0.0,0.0,158890.384,0.0,0.0,0.0,0.0,0.0,0.0,0.0,0.0,0.0,0.0,0.0,0.0,0.0,0.0,0.0,0.0,0.0,10,0,D
2517.0,653.330925,11.84509738,0.0,0.0,0.0,0.0,0.0,0.0,493300.2909,0.0,0.0,0.0,370550.049,796497.6216,0.0,0.0,0.0,0.0,275202.9552,0.0,0.0,0.0,629813.2203,0.0,0.0,0.0,10200000.0,0.0,0.0,0.0,0.0,0.0,0.0,0.0,0.0,0.0,0.0,0.0,0.0,0.0,0.0,0.0,1176206.3,0.0,0.0,0.0,0.0,0.0,399642.4228,0.0,0.0,0.0,0.0,0.0,0.0,0.0,0.0,0.0,9,0,D
2520.0,609.2688395,8.745184978,0.0,0.0,0.0,0.0,0.0,0.0,433490.8765,0.0,0.0,0.0,0.0,0.0,0.0,433861.3231,0.0,0.0,0.0,0.0,0.0,0.0,0.0,0.0,0.0,0.0,13100000.0,0.0,0.0,0.0,355174.6834,0.0,0.0,0.0,779515.0276,0.0,0.0,0.0,0.0,0.0,0.0,0.0,860699.0645,883701.527,0.0,0.0,600805.6692,0.0,6010504.669,0.0,0.0,0.0,0.0,0.0,0.0,0.0,0.0,0.0,6,0,D
2530.0,665.2956325,10.47598171,0.0,0.0,0.0,4431054.93,0.0,0.0,245623.1523,0.0,0.0,0.0,168161.5109,0.0,157617.1724,0.0,0.0,0.0,0.0,627870.4868,157530.6741,0.0,5195383.791,0.0,0.0,0.0,0.0,0.0,0.0,0.0,0.0,0.0,0.0,0.0,0.0,0.0,0.0,0.0,0.0,0.0,0.0,0.0,0.0,0.0,0.0,0.0,0.0,0.0,0.0,0.0,0.0,0.0,0.0,0.0,0.0,0.0,0.0,0.0,17,0,D
2550.0,681.2902222,7.3457919,0.0,0.0,0.0,0.0,0.0,0.0,1130485.151,0.0,0.0,0.0,3065881.377,0.0,0.0,0.0,0.0,0.0,0.0,0.0,5875790.473,0.0,2805852.763,0.0,0.0,0.0,0.0,0.0,0.0,0.0,0.0,0.0,0.0,0.0,0.0,0.0,0.0,0.0,0.0,0.0,0.0,0.0,0.0,0.0,0.0,0.0,0.0,0.0,0.0,0.0,0.0,0.0,0.0,0.0,0.0,0.0,0.0,0.0,12,0,D
2552.0,665.2947632,6.72865972,0.0,0.0,0.0,0.0,0.0,0.0,188045.9369,0.0,0.0,0.0,0.0,0.0,0.0,0.0,0.0,0.0,1936994.453,0.0,0.0,0.0,15700000.0,649150.213,0.0,0.0,1748096.306,0.0,0.0,0.0,0.0,0.0,0.0,0.0,0.0,0.0,0.0,0.0,0.0,0.0,0.0,0.0,0.0,0.0,0.0,0.0,0.0,0.0,0.0,0.0,0.0,0.0,0.0,0.0,0.0,0.0,0.0,0.0,15,0,D
2567.0,499.1960831,4.63603055,0.0,0.0,0.0,0.0,0.0,0.0,175385.7282,0.0,0.0,0.0,3603092.657,0.0,0.0,0.0,0.0,0.0,0.0,0.0,0.0,0.0,0.0,0.0,0.0,0.0,0.0,0.0,0.0,0.0,0.0,0.0,0.0,0.0,0.0,0.0,0.0,0.0,0.0,0.0,0.0,0.0,0.0,0.0,0.0,0.0,0.0,0.0,0.0,0.0,0.0,0.0,0.0,0.0,0.0,0.0,0.0,0.0,11,0,D
2576.0,527.2637329,3.836970856,0.0,0.0,0.0,0.0,0.0,308164.6047,408598.3325,0.0,1351817.943,0.0,11800000.0,0.0,0.0,0.0,0.0,0.0,0.0,0.0,0.0,0.0,0.0,0.0,0.0,0.0,1196021.274,0.0,0.0,0.0,267738.2394,665280.1999,0.0,0.0,0.0,0.0,0.0,0.0,0.0,0.0,0.0,0.0,6634156.38,0.0,0.0,0.0,3422358.883,0.0,0.0,0.0,0.0,0.0,0.0,0.0,0.0,0.0,0.0,0.0,7,0,D
2599.0,661.2639465,6.47484855,0.0,333111.3688,0.0,0.0,0.0,0.0,155393.4607,0.0,0.0,0.0,0.0,0.0,0.0,0.0,0.0,0.0,973809.2647,0.0,594767.6244,0.0,3136032.986,210500.4804,0.0,0.0,0.0,0.0,0.0,0.0,0.0,0.0,0.0,0.0,0.0,0.0,0.0,0.0,0.0,0.0,0.0,0.0,0.0,0.0,0.0,0.0,0.0,0.0,0.0,0.0,0.0,0.0,0.0,0.0,0.0,0.0,0.0,0.0,12,0,D
2600.0,655.3470493,8.091789256,0.0,0.0,0.0,0.0,0.0,0.0,153371.0726,0.0,0.0,0.0,0.0,205001.8891,0.0,0.0,0.0,166626.7042,6460397.582,0.0,0.0,0.0,0.0,0.0,0.0,0.0,0.0,0.0,0.0,0.0,0.0,0.0,0.0,0.0,1169858.326,0.0,0.0,0.0,0.0,620249.7168,0.0,0.0,2026745.128,2168754.549,0.0,0.0,540121.0172,0.0,0.0,0.0,0.0,0.0,0.0,0.0,0.0,0.0,0.0,0.0,10,0,D
2611.0,523.1958008,4.2826794,0.0,0.0,13700000.0,0.0,0.0,0.0,0.0,0.0,0.0,0.0,0.0,0.0,0.0,0.0,0.0,0.0,0.0,0.0,0.0,0.0,0.0,0.0,0.0,0.0,0.0,0.0,0.0,0.0,0.0,0.0,0.0,0.0,0.0,0.0,0.0,0.0,0.0,0.0,0.0,0.0,0.0,0.0,0.0,0.0,0.0,0.0,0.0,0.0,0.0,0.0,0.0,0.0,0.0,0.0,0.0,0.0,13,0,D
2614.0,505.1847534,4.2826794,0.0,0.0,6555853.712,0.0,0.0,0.0,0.0,0.0,0.0,0.0,0.0,0.0,0.0,0.0,0.0,0.0,0.0,0.0,0.0,0.0,0.0,0.0,0.0,0.0,0.0,0.0,0.0,0.0,0.0,0.0,0.0,0.0,0.0,0.0,0.0,0.0,0.0,0.0,0.0,0.0,0.0,0.0,0.0,0.0,0.0,0.0,0.0,0.0,0.0,0.0,0.0,0.0,0.0,0.0,0.0,0.0,9,0,D
2620.0,680.2906901,1.551654133,0.0,0.0,4494737.898,2513391.032,0.0,0.0,0.0,0.0,0.0,0.0,0.0,1704455.896,0.0,0.0,0.0,0.0,0.0,0.0,0.0,0.0,0.0,0.0,0.0,0.0,0.0,0.0,0.0,0.0,0.0,0.0,0.0,0.0,0.0,0.0,0.0,0.0,0.0,0.0,0.0,0.0,0.0,0.0,0.0,0.0,0.0,0.0,0.0,0.0,0.0,0.0,0.0,0.0,0.0,0.0,0.0,0.0,15,0,D
2629.0,680.2911275,1.081204733,0.0,0.0,4640179.017,798955.5878,0.0,0.0,0.0,0.0,0.0,0.0,0.0,974616.3895,0.0,0.0,0.0,0.0,0.0,0.0,0.0,0.0,0.0,0.0,0.0,0.0,0.0,0.0,0.0,0.0,0.0,0.0,0.0,0.0,0.0,0.0,0.0,0.0,0.0,0.0,0.0,0.0,0.0,0.0,0.0,0.0,0.0,0.0,0.0,0.0,0.0,0.0,0.0,0.0,0.0,0.0,0.0,0.0,10,0,D
2630.0,629.2736155,10.53321267,0.0,484443.3247,3227061.04,27000000.0,0.0,0.0,0.0,0.0,877408.1116,0.0,211949.8897,2773682.278,0.0,0.0,0.0,0.0,0.0,0.0,0.0,0.0,0.0,0.0,0.0,0.0,0.0,0.0,0.0,0.0,0.0,0.0,0.0,0.0,0.0,0.0,0.0,0.0,0.0,0.0,0.0,0.0,0.0,0.0,0.0,0.0,0.0,0.0,0.0,0.0,0.0,0.0,0.0,0.0,0.0,0.0,0.0,0.0,12,0,D
2685.0,601.3367208,11.44626083,0.0,0.0,968781.5011,0.0,0.0,0.0,0.0,0.0,10700000.0,0.0,0.0,0.0,3819103.195,0.0,0.0,0.0,0.0,0.0,0.0,0.0,0.0,0.0,0.0,0.0,0.0,0.0,0.0,8721996.052,0.0,36800000.0,0.0,0.0,0.0,0.0,0.0,0.0,1064942.282,12200000.0,0.0,0.0,0.0,0.0,0.0,0.0,0.0,0.0,0.0,0.0,4976999.757,41100000.0,14500000.0,0.0,0.0,0.0,16000000.0,19800000.0,27,18,D
2716.0,629.3310343,12.31632433,0.0,0.0,776004.5782,0.0,0.0,0.0,0.0,0.0,0.0,0.0,0.0,0.0,0.0,0.0,0.0,0.0,0.0,0.0,0.0,0.0,0.0,0.0,0.0,0.0,0.0,0.0,0.0,0.0,0.0,3126910.171,0.0,0.0,0.0,0.0,0.0,0.0,0.0,0.0,0.0,0.0,0.0,0.0,0.0,0.0,0.0,0.0,0.0,0.0,0.0,0.0,0.0,0.0,0.0,0.0,0.0,3077900.62,8,0,D
2731.0,481.1861216,5.959060017,0.0,189064.68,312849.881,8799767.664,0.0,0.0,0.0,0.0,0.0,0.0,529654.2552,361903.9898,0.0,0.0,0.0,0.0,382693.6567,0.0,0.0,0.0,0.0,0.0,0.0,0.0,0.0,0.0,0.0,0.0,0.0,0.0,0.0,0.0,0.0,0.0,0.0,0.0,0.0,0.0,0.0,0.0,0.0,0.0,0.0,0.0,0.0,0.0,0.0,0.0,0.0,0.0,0.0,0.0,0.0,0.0,0.0,0.0,17,0,D
2752.0,663.280899,6.061576733,0.0,206941.4882,273169.4905,7153213.268,0.0,0.0,0.0,0.0,9091912.389,0.0,0.0,359878.5146,0.0,0.0,0.0,0.0,0.0,0.0,0.0,0.0,0.0,0.0,0.0,0.0,956780.4955,0.0,0.0,0.0,0.0,0.0,0.0,0.0,0.0,0.0,0.0,0.0,0.0,0.0,0.0,0.0,0.0,0.0,0.0,0.0,0.0,0.0,0.0,0.0,0.0,0.0,0.0,0.0,0.0,0.0,0.0,0.0,14,0,D
2768.0,445.2950012,10.8217656,0.0,156102.3871,1376642.391,0.0,0.0,0.0,0.0,0.0,0.0,0.0,1318713.732,0.0,0.0,0.0,0.0,0.0,0.0,0.0,0.0,0.0,0.0,0.0,0.0,0.0,0.0,0.0,0.0,0.0,0.0,0.0,0.0,0.0,0.0,0.0,0.0,0.0,0.0,0.0,0.0,0.0,1768425.684,0.0,0.0,0.0,0.0,0.0,6681005.633,0.0,0.0,0.0,0.0,0.0,0.0,0.0,0.0,0.0,6,0,D
2815.0,501.3562419,13.82697,0.0,0.0,1062690.547,0.0,0.0,0.0,0.0,0.0,0.0,0.0,174353.1279,0.0,0.0,0.0,0.0,0.0,0.0,0.0,0.0,0.0,0.0,348760.4255,0.0,0.0,0.0,0.0,0.0,0.0,0.0,0.0,214202.3986,0.0,0.0,0.0,0.0,0.0,0.0,0.0,0.0,0.0,3940037.461,0.0,0.0,0.0,0.0,0.0,2912495.177,0.0,0.0,0.0,0.0,0.0,0.0,0.0,0.0,0.0,6,0,D
2829.0,457.3300184,13.48480608,0.0,4686910.714,1936638.274,199783.3542,295297.8944,0.0,0.0,0.0,0.0,0.0,0.0,0.0,1143404.886,0.0,0.0,0.0,0.0,0.0,0.0,0.0,0.0,199118.1661,0.0,0.0,0.0,0.0,0.0,0.0,0.0,249524.4846,0.0,0.0,182429.7567,0.0,0.0,0.0,2051210.318,0.0,0.0,0.0,4273499.165,0.0,0.0,0.0,0.0,0.0,4696726.136,0.0,0.0,0.0,0.0,0.0,1194145.479,0.0,0.0,0.0,7,0,D
2864.0,679.2745667,8.9234974,0.0,0.0,193777.2112,0.0,0.0,0.0,0.0,0.0,0.0,0.0,0.0,0.0,0.0,0.0,0.0,0.0,2909058.075,0.0,1109774.153,0.0,0.0,0.0,0.0,0.0,0.0,0.0,0.0,0.0,0.0,0.0,0.0,0.0,0.0,0.0,0.0,0.0,0.0,0.0,0.0,0.0,0.0,0.0,0.0,0.0,0.0,0.0,0.0,0.0,0.0,0.0,0.0,0.0,0.0,0.0,0.0,0.0,11,0,D
2951.0,821.4827881,14.9795975,0.0,12700000.0,0.0,0.0,0.0,0.0,0.0,0.0,0.0,0.0,2140857.224,0.0,0.0,0.0,0.0,0.0,0.0,0.0,0.0,0.0,0.0,0.0,0.0,0.0,0.0,0.0,0.0,0.0,0.0,0.0,0.0,0.0,0.0,0.0,0.0,0.0,0.0,0.0,0.0,0.0,0.0,0.0,0.0,0.0,0.0,0.0,0.0,0.0,0.0,0.0,0.0,0.0,0.0,0.0,0.0,0.0,11,0,D
2959.0,693.3631363,13.10110825,0.0,7549482.4,0.0,0.0,0.0,0.0,0.0,0.0,0.0,0.0,0.0,1394748.929,0.0,147415.4692,0.0,0.0,0.0,0.0,11200000.0,0.0,0.0,0.0,0.0,0.0,0.0,0.0,0.0,0.0,0.0,0.0,0.0,0.0,0.0,0.0,0.0,0.0,0.0,0.0,0.0,0.0,0.0,0.0,0.0,0.0,0.0,0.0,0.0,0.0,0.0,0.0,0.0,0.0,0.0,0.0,0.0,0.0,14,0,D
2969.0,343.15389,3.783160833,0.0,3866336.507,0.0,0.0,0.0,0.0,0.0,0.0,0.0,0.0,751094.4439,0.0,0.0,0.0,0.0,0.0,0.0,0.0,0.0,0.0,0.0,0.0,0.0,0.0,0.0,0.0,0.0,0.0,0.0,1691766.402,0.0,0.0,0.0,0.0,0.0,0.0,0.0,0.0,0.0,0.0,0.0,0.0,0.0,0.0,0.0,0.0,0.0,0.0,0.0,0.0,0.0,0.0,0.0,0.0,0.0,0.0,10,0,D
2973.0,803.4723206,14.616594,0.0,7994352.597,0.0,0.0,0.0,0.0,0.0,0.0,0.0,0.0,0.0,0.0,0.0,0.0,0.0,0.0,0.0,0.0,0.0,0.0,0.0,0.0,0.0,0.0,0.0,0.0,0.0,0.0,0.0,0.0,0.0,0.0,0.0,0.0,0.0,0.0,0.0,0.0,0.0,0.0,0.0,0.0,0.0,0.0,0.0,0.0,0.0,0.0,0.0,0.0,0.0,0.0,0.0,0.0,0.0,0.0,14,0,D
2980.0,559.254659,5.936131967,0.0,4155069.485,0.0,0.0,0.0,0.0,0.0,0.0,0.0,0.0,1252606.714,0.0,0.0,0.0,0.0,0.0,0.0,0.0,0.0,0.0,0.0,0.0,0.0,0.0,0.0,0.0,0.0,0.0,0.0,6336074.13,0.0,0.0,0.0,0.0,0.0,0.0,0.0,0.0,0.0,0.0,0.0,0.0,0.0,0.0,0.0,0.0,0.0,0.0,0.0,0.0,0.0,0.0,0.0,0.0,0.0,0.0,11,0,D
2986.0,543.2589233,3.74914782,0.0,3882804.39,0.0,0.0,0.0,0.0,0.0,0.0,0.0,751418.2298,558064.2738,0.0,0.0,0.0,0.0,0.0,0.0,0.0,0.0,0.0,0.0,0.0,0.0,0.0,0.0,0.0,0.0,0.0,0.0,210247.0938,0.0,0.0,0.0,0.0,0.0,0.0,0.0,0.0,0.0,0.0,2760483.297,0.0,0.0,0.0,0.0,0.0,0.0,0.0,0.0,0.0,0.0,0.0,0.0,0.0,0.0,0.0,6,0,D
2987.0,751.2955856,6.7963917,0.0,4690891.965,0.0,0.0,0.0,0.0,0.0,0.0,0.0,0.0,0.0,0.0,0.0,0.0,5497305.699,0.0,0.0,0.0,2981711.521,2243828.491,0.0,0.0,0.0,0.0,0.0,0.0,0.0,0.0,0.0,0.0,0.0,0.0,0.0,0.0,0.0,0.0,0.0,0.0,0.0,0.0,0.0,0.0,0.0,0.0,0.0,0.0,0.0,0.0,0.0,0.0,0.0,0.0,0.0,0.0,0.0,0.0,13,0,D
3013.0,691.3473002,9.857731433,0.0,1696450.173,0.0,0.0,0.0,0.0,0.0,0.0,0.0,0.0,0.0,0.0,0.0,0.0,164572.09,0.0,0.0,0.0,0.0,0.0,0.0,0.0,0.0,0.0,3854337.205,0.0,0.0,0.0,0.0,0.0,0.0,0.0,0.0,0.0,0.0,0.0,0.0,0.0,0.0,0.0,0.0,0.0,0.0,0.0,0.0,0.0,0.0,0.0,0.0,0.0,0.0,0.0,0.0,0.0,0.0,0.0,10,0,D
3014.0,343.1538798,5.279573,0.0,1833102.364,0.0,0.0,0.0,0.0,0.0,0.0,0.0,0.0,266029.5397,0.0,0.0,0.0,0.0,0.0,0.0,0.0,0.0,0.0,0.0,0.0,0.0,0.0,0.0,0.0,0.0,0.0,0.0,585171.662,0.0,0.0,0.0,0.0,0.0,0.0,0.0,0.0,0.0,0.0,0.0,0.0,0.0,0.0,0.0,0.0,0.0,0.0,0.0,0.0,0.0,0.0,0.0,0.0,0.0,0.0,14,0,D
3015.0,679.2744141,7.963115667,0.0,1770740.957,0.0,0.0,0.0,0.0,0.0,0.0,0.0,0.0,0.0,147093.1569,0.0,0.0,0.0,0.0,1989261.919,0.0,0.0,0.0,0.0,0.0,0.0,0.0,0.0,0.0,0.0,0.0,0.0,0.0,0.0,0.0,0.0,0.0,0.0,0.0,0.0,0.0,0.0,0.0,0.0,0.0,0.0,0.0,0.0,0.0,0.0,0.0,0.0,0.0,0.0,0.0,0.0,0.0,0.0,0.0,10,0,D
3042.0,673.2996521,10.94599,0.0,568968.4334,0.0,0.0,0.0,0.0,0.0,0.0,0.0,0.0,0.0,0.0,0.0,0.0,0.0,0.0,0.0,0.0,0.0,0.0,190679.1833,160458.6136,0.0,0.0,0.0,0.0,0.0,0.0,0.0,0.0,0.0,0.0,0.0,0.0,0.0,0.0,0.0,0.0,0.0,0.0,0.0,0.0,0.0,0.0,0.0,0.0,0.0,0.0,0.0,0.0,0.0,0.0,0.0,0.0,0.0,0.0,10,0,D
3049.0,1054.44458,7.9894345,0.0,1124764.726,0.0,0.0,0.0,0.0,0.0,0.0,0.0,0.0,0.0,0.0,0.0,0.0,0.0,0.0,0.0,0.0,0.0,0.0,0.0,0.0,0.0,0.0,0.0,0.0,0.0,0.0,0.0,0.0,0.0,0.0,0.0,0.0,0.0,0.0,0.0,0.0,0.0,0.0,0.0,0.0,0.0,0.0,0.0,0.0,0.0,0.0,0.0,0.0,0.0,0.0,0.0,0.0,0.0,0.0,0,6,MD
3051.0,733.2854513,5.5007957,0.0,1100267.343,0.0,0.0,0.0,0.0,0.0,0.0,0.0,0.0,0.0,0.0,0.0,0.0,0.0,0.0,0.0,0.0,151612.0918,0.0,0.0,418751.8972,0.0,0.0,0.0,0.0,0.0,0.0,0.0,0.0,0.0,0.0,0.0,0.0,0.0,0.0,0.0,0.0,0.0,0.0,0.0,0.0,0.0,0.0,0.0,0.0,0.0,0.0,0.0,0.0,0.0,0.0,0.0,0.0,0.0,0.0,6,0,D
3081.0,531.2952271,10.1681344,0.0,1217491.79,0.0,0.0,0.0,0.0,0.0,0.0,0.0,0.0,1597423.55,371188.3732,6260035.451,0.0,0.0,0.0,0.0,0.0,0.0,0.0,0.0,0.0,0.0,0.0,0.0,0.0,0.0,2370476.274,5292032.231,20500000.0,0.0,0.0,0.0,0.0,0.0,0.0,1236956.983,10600000.0,0.0,0.0,0.0,0.0,0.0,0.0,0.0,0.0,0.0,0.0,0.0,0.0,0.0,0.0,0.0,0.0,0.0,486206.7959,14,0,D
3089.0,317.2109244,1.853409843,0.0,694819.8781,0.0,0.0,0.0,0.0,0.0,0.0,560079.8477,0.0,0.0,0.0,0.0,0.0,0.0,0.0,0.0,2421151.664,12000000.0,0.0,0.0,0.0,0.0,0.0,1014750.137,0.0,0.0,0.0,0.0,0.0,0.0,0.0,0.0,0.0,0.0,0.0,0.0,0.0,0.0,0.0,0.0,0.0,0.0,0.0,0.0,0.0,0.0,0.0,0.0,0.0,0.0,0.0,140807.6797,0.0,212961.0576,0.0,6,0,D
3096.0,649.300293,10.78280837,0.0,1116457.486,0.0,0.0,0.0,285695.4434,0.0,0.0,0.0,0.0,0.0,0.0,229610.1808,0.0,0.0,0.0,0.0,933938.7459,3907042.068,0.0,1982224.862,1493854.453,0.0,0.0,6799936.935,0.0,0.0,0.0,0.0,0.0,0.0,0.0,0.0,0.0,0.0,0.0,0.0,0.0,0.0,0.0,0.0,0.0,0.0,0.0,0.0,0.0,0.0,0.0,0.0,0.0,0.0,0.0,0.0,0.0,0.0,0.0,11,0,D
3099.0,315.1955185,3.4386563,0.0,468619.8106,0.0,0.0,0.0,0.0,0.0,0.0,0.0,0.0,0.0,0.0,0.0,0.0,0.0,0.0,0.0,0.0,0.0,0.0,0.0,0.0,0.0,0.0,0.0,0.0,0.0,0.0,0.0,0.0,0.0,0.0,0.0,0.0,0.0,0.0,0.0,0.0,0.0,0.0,0.0,0.0,0.0,0.0,0.0,0.0,0.0,0.0,0.0,0.0,0.0,0.0,0.0,0.0,710447.3954,0.0,6,0,D
3123.0,529.2794533,9.010049125,0.0,337028.5097,0.0,0.0,0.0,0.0,0.0,0.0,0.0,0.0,258473.5988,202557.8225,8679729.467,0.0,0.0,0.0,0.0,0.0,0.0,0.0,0.0,0.0,0.0,0.0,0.0,0.0,0.0,0.0,1784158.402,370923.195,0.0,0.0,0.0,0.0,183196.3893,0.0,0.0,1981007.777,0.0,0.0,0.0,0.0,0.0,0.0,0.0,0.0,0.0,0.0,0.0,0.0,0.0,0.0,0.0,0.0,0.0,0.0,10,0,D
3128.0,705.289093,8.6696307,0.0,667899.8414,0.0,0.0,0.0,0.0,0.0,0.0,0.0,0.0,0.0,0.0,0.0,0.0,0.0,0.0,0.0,0.0,358411.4015,1429991.19,0.0,0.0,0.0,0.0,0.0,0.0,0.0,0.0,0.0,0.0,0.0,0.0,0.0,0.0,0.0,0.0,0.0,0.0,0.0,0.0,0.0,0.0,0.0,0.0,0.0,0.0,0.0,0.0,0.0,0.0,0.0,0.0,0.0,0.0,0.0,0.0,12,0,D
3170.0,661.2642288,7.04917935,0.0,212775.1063,0.0,14200000.0,0.0,0.0,0.0,0.0,0.0,0.0,0.0,707151.8092,0.0,0.0,0.0,0.0,0.0,0.0,817454.6804,0.0,0.0,0.0,0.0,0.0,0.0,0.0,0.0,0.0,0.0,0.0,0.0,0.0,0.0,0.0,0.0,0.0,0.0,0.0,0.0,0.0,0.0,0.0,0.0,0.0,0.0,0.0,0.0,0.0,0.0,0.0,0.0,0.0,0.0,0.0,0.0,0.0,12,0,D
3176.0,703.2745361,7.8041909,0.0,475331.5855,0.0,0.0,0.0,0.0,0.0,0.0,0.0,0.0,0.0,0.0,0.0,0.0,0.0,0.0,0.0,0.0,687303.6857,0.0,0.0,0.0,0.0,0.0,0.0,0.0,0.0,0.0,0.0,0.0,0.0,0.0,0.0,0.0,0.0,0.0,0.0,0.0,0.0,0.0,0.0,0.0,0.0,0.0,0.0,0.0,0.0,0.0,0.0,0.0,0.0,0.0,0.0,0.0,0.0,0.0,8,0,D
3190.0,343.1538348,5.974270643,0.0,315353.6363,0.0,0.0,0.0,0.0,0.0,0.0,0.0,0.0,2056037.464,0.0,0.0,0.0,0.0,0.0,0.0,0.0,0.0,0.0,0.0,0.0,0.0,0.0,941234.6026,0.0,0.0,0.0,0.0,1876853.474,0.0,0.0,0.0,0.0,1996566.498,0.0,0.0,0.0,0.0,0.0,0.0,0.0,0.0,0.0,641059.0677,0.0,0.0,0.0,0.0,206193.277,0.0,0.0,0.0,0.0,0.0,0.0,10,0,D
3231.0,427.2456551,11.21644163,0.0,420563.1206,0.0,0.0,0.0,0.0,0.0,0.0,0.0,0.0,0.0,0.0,0.0,0.0,0.0,0.0,0.0,0.0,0.0,348184.2916,317077.4297,0.0,371053.5153,0.0,0.0,0.0,0.0,0.0,0.0,0.0,0.0,0.0,1117651.266,0.0,452857.4258,0.0,0.0,0.0,165079.2541,1407516.693,0.0,0.0,0.0,0.0,0.0,0.0,0.0,0.0,0.0,0.0,0.0,0.0,0.0,0.0,0.0,0.0,6,0,D
3233.0,705.291153,4.5996416,0.0,232174.0801,0.0,0.0,0.0,0.0,0.0,0.0,0.0,0.0,0.0,0.0,0.0,0.0,0.0,0.0,0.0,0.0,1997105.962,0.0,0.0,0.0,0.0,0.0,0.0,0.0,0.0,0.0,0.0,0.0,0.0,0.0,0.0,0.0,0.0,0.0,0.0,0.0,0.0,0.0,0.0,0.0,0.0,0.0,0.0,0.0,0.0,0.0,0.0,0.0,0.0,0.0,0.0,0.0,0.0,0.0,6,0,D
3250.0,497.2887993,10.81780475,0.0,167642.9811,0.0,0.0,0.0,0.0,0.0,0.0,0.0,716506.1424,0.0,0.0,0.0,0.0,0.0,0.0,0.0,0.0,0.0,0.0,0.0,0.0,0.0,0.0,0.0,0.0,0.0,0.0,0.0,0.0,0.0,0.0,0.0,0.0,0.0,0.0,0.0,0.0,0.0,0.0,2318219.433,268879.9106,0.0,0.0,0.0,0.0,0.0,0.0,0.0,0.0,0.0,0.0,0.0,0.0,0.0,0.0,6,0,D
3261.0,327.1586151,9.30977862,0.0,187915.7648,0.0,0.0,0.0,0.0,0.0,0.0,0.0,0.0,0.0,0.0,11400000.0,0.0,0.0,0.0,0.0,0.0,0.0,0.0,0.0,0.0,0.0,0.0,0.0,0.0,0.0,0.0,0.0,0.0,0.0,0.0,1081672.811,0.0,0.0,0.0,0.0,0.0,0.0,0.0,1605339.424,0.0,0.0,0.0,0.0,0.0,0.0,0.0,0.0,0.0,0.0,0.0,0.0,0.0,1548389.61,0.0,10,0,D
3277.0,895.3162435,8.258069267,0.0,311399.3947,0.0,0.0,0.0,0.0,0.0,0.0,0.0,0.0,0.0,0.0,0.0,0.0,0.0,0.0,0.0,0.0,6336282.544,1427306.683,0.0,0.0,0.0,0.0,0.0,0.0,0.0,0.0,0.0,0.0,0.0,0.0,0.0,0.0,0.0,0.0,0.0,0.0,0.0,0.0,0.0,0.0,0.0,0.0,0.0,0.0,0.0,0.0,0.0,0.0,0.0,0.0,0.0,0.0,0.0,0.0,7,0,D
3334.0,389.1959635,7.318024333,0.0,0.0,0.0,0.0,44800000.0,0.0,0.0,0.0,0.0,0.0,0.0,0.0,0.0,0.0,0.0,0.0,0.0,0.0,0.0,0.0,0.0,0.0,0.0,0.0,0.0,0.0,0.0,0.0,238427.6331,31500000.0,0.0,0.0,0.0,0.0,0.0,0.0,0.0,0.0,0.0,0.0,0.0,0.0,0.0,0.0,0.0,0.0,0.0,0.0,0.0,0.0,0.0,0.0,0.0,0.0,0.0,0.0,7,0,D
3342.0,649.408905,14.687814,0.0,0.0,0.0,0.0,15900000.0,0.0,0.0,0.0,0.0,0.0,0.0,0.0,0.0,0.0,0.0,0.0,0.0,0.0,0.0,0.0,0.0,0.0,0.0,0.0,0.0,0.0,0.0,0.0,0.0,0.0,0.0,0.0,0.0,0.0,0.0,0.0,0.0,0.0,0.0,0.0,0.0,0.0,0.0,0.0,0.0,0.0,0.0,0.0,0.0,0.0,0.0,0.0,0.0,0.0,0.0,0.0,8,0,D
3352.0,311.1638794,3.794821433,0.0,0.0,0.0,0.0,5361100.838,0.0,0.0,0.0,0.0,0.0,0.0,0.0,0.0,0.0,0.0,0.0,0.0,0.0,0.0,0.0,0.0,0.0,0.0,0.0,0.0,0.0,0.0,0.0,395815.1409,21600000.0,0.0,0.0,0.0,0.0,0.0,0.0,0.0,0.0,0.0,0.0,424633.7287,0.0,0.0,0.0,0.0,0.0,270853.1435,4549249.899,0.0,0.0,0.0,0.0,0.0,0.0,0.0,0.0,16,0,D
3355.0,389.1954765,8.15924045,0.0,0.0,0.0,0.0,5930510.008,0.0,0.0,0.0,0.0,0.0,0.0,0.0,0.0,0.0,0.0,0.0,0.0,0.0,0.0,0.0,0.0,0.0,0.0,0.0,0.0,0.0,0.0,0.0,151238.5131,17300000.0,0.0,0.0,0.0,0.0,0.0,0.0,0.0,0.0,0.0,0.0,0.0,0.0,0.0,0.0,1630086.615,0.0,0.0,0.0,0.0,0.0,0.0,0.0,0.0,0.0,0.0,0.0,7,0,D
3365.0,371.1850662,7.26196135,0.0,0.0,0.0,0.0,2947700.838,0.0,0.0,0.0,0.0,0.0,0.0,0.0,0.0,0.0,0.0,0.0,0.0,0.0,0.0,0.0,0.0,0.0,0.0,0.0,0.0,0.0,0.0,0.0,0.0,146336.2629,0.0,0.0,0.0,0.0,0.0,0.0,0.0,0.0,0.0,0.0,0.0,0.0,0.0,0.0,0.0,0.0,0.0,0.0,0.0,0.0,0.0,0.0,0.0,0.0,0.0,0.0,6,0,D
3393.0,389.1962357,7.56196315,0.0,0.0,0.0,0.0,1775019.585,0.0,0.0,0.0,0.0,0.0,0.0,0.0,0.0,0.0,0.0,0.0,0.0,0.0,0.0,0.0,0.0,0.0,0.0,0.0,0.0,0.0,0.0,0.0,0.0,633073.9269,0.0,0.0,0.0,0.0,0.0,0.0,0.0,0.0,0.0,0.0,0.0,0.0,0.0,0.0,0.0,0.0,0.0,0.0,0.0,0.0,0.0,0.0,0.0,0.0,0.0,0.0,7,0,D
3409.0,389.1958008,3.712531533,0.0,0.0,0.0,0.0,984341.941,0.0,0.0,0.0,0.0,0.0,0.0,0.0,0.0,0.0,0.0,0.0,0.0,0.0,0.0,0.0,0.0,0.0,0.0,0.0,0.0,0.0,0.0,0.0,0.0,7695524.782,0.0,0.0,0.0,0.0,0.0,0.0,0.0,0.0,0.0,0.0,0.0,0.0,0.0,0.0,0.0,0.0,0.0,1267551.941,0.0,0.0,0.0,0.0,0.0,0.0,0.0,0.0,6,0,D
3416.0,389.1960526,2.84895345,0.0,0.0,0.0,0.0,689648.8222,0.0,0.0,0.0,0.0,0.0,0.0,0.0,0.0,0.0,0.0,0.0,0.0,0.0,0.0,0.0,0.0,0.0,0.0,0.0,0.0,0.0,0.0,0.0,0.0,7629297.851,0.0,0.0,0.0,0.0,0.0,0.0,0.0,0.0,0.0,0.0,0.0,0.0,0.0,0.0,0.0,0.0,0.0,0.0,0.0,0.0,0.0,0.0,0.0,0.0,0.0,0.0,6,0,D
3435.0,389.1957499,7.798154867,0.0,0.0,0.0,0.0,750193.4431,0.0,0.0,0.0,0.0,0.0,0.0,0.0,0.0,0.0,0.0,0.0,0.0,0.0,0.0,0.0,0.0,0.0,0.0,0.0,0.0,0.0,0.0,0.0,0.0,7367781.662,0.0,0.0,0.0,0.0,0.0,0.0,0.0,0.0,0.0,0.0,0.0,0.0,0.0,0.0,560655.6781,0.0,0.0,0.0,0.0,0.0,0.0,0.0,0.0,0.0,0.0,0.0,6,0,D
3466.0,311.1641744,4.540248,0.0,0.0,0.0,0.0,212363.205,0.0,0.0,0.0,0.0,583759.9172,0.0,0.0,0.0,0.0,0.0,0.0,0.0,0.0,0.0,0.0,0.0,0.0,0.0,0.0,0.0,0.0,0.0,0.0,445560.4641,48000000.0,0.0,591545.2021,2939494.18,0.0,0.0,0.0,0.0,0.0,0.0,0.0,0.0,0.0,0.0,0.0,0.0,0.0,0.0,0.0,0.0,0.0,0.0,0.0,0.0,0.0,0.0,0.0,14,0,D
3478.0,367.2626394,9.739832022,0.0,0.0,0.0,437997.5207,211052.4255,1286356.046,0.0,0.0,0.0,0.0,0.0,257016.4945,0.0,1063195.884,0.0,0.0,0.0,0.0,0.0,0.0,0.0,0.0,0.0,0.0,0.0,0.0,0.0,0.0,6449146.222,236809.1368,1925639.416,0.0,0.0,0.0,0.0,0.0,0.0,0.0,432256.109,0.0,0.0,0.0,0.0,0.0,0.0,0.0,0.0,0.0,0.0,0.0,0.0,0.0,0.0,0.0,0.0,0.0,7,0,D
3495.0,311.1641061,9.216405314,0.0,0.0,0.0,0.0,202036.1167,0.0,0.0,0.0,0.0,1066294.326,0.0,0.0,0.0,0.0,0.0,0.0,0.0,0.0,0.0,0.0,0.0,0.0,0.0,0.0,0.0,0.0,0.0,0.0,720519.1916,15700000.0,0.0,285791.8841,0.0,0.0,0.0,0.0,0.0,0.0,0.0,0.0,655185.7556,0.0,0.0,0.0,211345.0514,0.0,0.0,0.0,0.0,0.0,0.0,0.0,0.0,0.0,0.0,0.0,10,0,D
3501.0,389.1957932,4.56922555,0.0,0.0,0.0,0.0,159062.3834,0.0,0.0,0.0,0.0,0.0,0.0,0.0,0.0,0.0,0.0,0.0,0.0,0.0,0.0,0.0,0.0,0.0,0.0,0.0,0.0,0.0,0.0,0.0,0.0,54900000.0,0.0,0.0,0.0,0.0,0.0,0.0,0.0,0.0,0.0,0.0,0.0,0.0,0.0,0.0,0.0,0.0,0.0,0.0,0.0,0.0,0.0,0.0,0.0,0.0,0.0,0.0,7,0,D
3512.0,389.1960754,5.94175615,0.0,0.0,0.0,0.0,203928.0245,0.0,0.0,0.0,0.0,0.0,0.0,0.0,0.0,0.0,0.0,0.0,0.0,0.0,0.0,0.0,0.0,0.0,0.0,0.0,0.0,0.0,0.0,0.0,0.0,6603178.376,0.0,0.0,0.0,0.0,0.0,0.0,0.0,0.0,0.0,0.0,0.0,0.0,0.0,0.0,0.0,0.0,0.0,0.0,0.0,0.0,0.0,0.0,0.0,0.0,0.0,0.0,7,0,D
3519.0,547.2900529,9.136428255,0.0,0.0,0.0,0.0,0.0,0.0,0.0,0.0,0.0,0.0,0.0,0.0,404000000.0,0.0,0.0,1418718.358,0.0,0.0,0.0,0.0,0.0,0.0,0.0,0.0,0.0,0.0,0.0,0.0,217000000.0,345000000.0,0.0,195087.6697,0.0,0.0,3238331.038,289897.0714,7061427.013,43300000.0,0.0,0.0,0.0,0.0,0.0,926370.0299,0.0,0.0,0.0,0.0,0.0,0.0,0.0,0.0,0.0,0.0,0.0,29200000.0,0,14,MD
3520.0,549.3056274,5.60676284,0.0,0.0,0.0,0.0,0.0,0.0,0.0,0.0,0.0,0.0,0.0,0.0,356000000.0,0.0,0.0,0.0,0.0,0.0,0.0,0.0,0.0,0.0,0.0,0.0,0.0,0.0,0.0,0.0,38400000.0,70500000.0,0.0,0.0,0.0,0.0,0.0,0.0,0.0,7622217.171,0.0,0.0,0.0,0.0,0.0,0.0,0.0,0.0,0.0,0.0,0.0,0.0,0.0,0.0,0.0,0.0,0.0,9598352.223,0,11,MD
3521.0,806.3734741,8.5304775,0.0,0.0,0.0,0.0,0.0,0.0,0.0,0.0,0.0,0.0,0.0,0.0,122000000.0,0.0,0.0,0.0,0.0,0.0,0.0,0.0,0.0,0.0,0.0,0.0,0.0,0.0,0.0,0.0,0.0,0.0,0.0,0.0,0.0,0.0,0.0,0.0,0.0,0.0,0.0,0.0,0.0,0.0,0.0,0.0,0.0,0.0,0.0,0.0,0.0,0.0,0.0,0.0,0.0,0.0,0.0,0.0,0,8,MD
3523.0,565.3010254,6.74227724,0.0,0.0,0.0,0.0,0.0,0.0,0.0,0.0,0.0,0.0,0.0,0.0,71200000.0,0.0,0.0,0.0,0.0,0.0,0.0,0.0,0.0,0.0,0.0,0.0,0.0,0.0,0.0,0.0,766207.2072,76600000.0,0.0,0.0,0.0,0.0,0.0,0.0,555805.413,2571302.123,0.0,0.0,0.0,0.0,0.0,0.0,0.0,0.0,0.0,0.0,0.0,0.0,0.0,0.0,0.0,0.0,0.0,0.0,10,19,MD
3524.0,547.2900085,8.5595558,0.0,0.0,0.0,0.0,0.0,0.0,0.0,0.0,0.0,0.0,0.0,0.0,64000000.0,0.0,0.0,0.0,0.0,0.0,0.0,0.0,0.0,0.0,0.0,0.0,0.0,0.0,0.0,0.0,24000000.0,78300000.0,0.0,0.0,0.0,0.0,649241.59,0.0,0.0,1143121.143,0.0,0.0,0.0,0.0,0.0,0.0,0.0,0.0,0.0,0.0,0.0,0.0,0.0,0.0,0.0,0.0,0.0,0.0,6,25,MD
3526.0,804.3572998,11.261206,0.0,0.0,0.0,0.0,0.0,0.0,0.0,0.0,0.0,0.0,0.0,0.0,59700000.0,0.0,0.0,0.0,0.0,0.0,0.0,0.0,0.0,0.0,0.0,0.0,0.0,0.0,0.0,0.0,0.0,0.0,0.0,0.0,0.0,0.0,0.0,0.0,0.0,0.0,0.0,0.0,0.0,0.0,0.0,0.0,0.0,0.0,0.0,0.0,0.0,0.0,0.0,0.0,0.0,0.0,0.0,0.0,0,13,MD
3527.0,578.331992,9.112172671,0.0,0.0,0.0,0.0,0.0,0.0,0.0,0.0,0.0,0.0,0.0,0.0,60300000.0,0.0,0.0,499025.2111,0.0,0.0,0.0,0.0,0.0,0.0,0.0,0.0,0.0,0.0,0.0,0.0,30700000.0,54100000.0,0.0,0.0,0.0,0.0,0.0,0.0,1860570.459,11000000.0,0.0,0.0,0.0,0.0,0.0,0.0,0.0,0.0,0.0,0.0,0.0,0.0,0.0,0.0,0.0,0.0,0.0,4199341.803,0,8,MD
3528.0,773.3527985,11.2677975,0.0,0.0,0.0,0.0,0.0,0.0,0.0,0.0,0.0,0.0,0.0,1408136.413,50400000.0,0.0,0.0,0.0,0.0,0.0,0.0,0.0,0.0,0.0,0.0,0.0,0.0,0.0,0.0,0.0,0.0,0.0,0.0,0.0,0.0,0.0,0.0,0.0,0.0,0.0,0.0,0.0,0.0,0.0,0.0,0.0,0.0,0.0,0.0,0.0,0.0,0.0,0.0,0.0,0.0,0.0,0.0,0.0,13,17,MD
3529.0,547.3267125,12.67358943,0.0,0.0,0.0,0.0,0.0,0.0,0.0,0.0,0.0,514527.2327,182611.1696,1657014.298,32800000.0,0.0,0.0,0.0,0.0,0.0,0.0,0.0,0.0,0.0,0.0,0.0,0.0,0.0,0.0,0.0,0.0,8159498.951,0.0,0.0,0.0,0.0,0.0,0.0,0.0,18300000.0,0.0,0.0,0.0,0.0,0.0,0.0,0.0,0.0,0.0,0.0,0.0,0.0,0.0,0.0,0.0,0.0,0.0,3955382.323,15,0,D
3532.0,566.3681183,9.4055535,0.0,0.0,0.0,0.0,0.0,0.0,0.0,0.0,0.0,0.0,0.0,0.0,27600000.0,0.0,0.0,339680.7486,0.0,0.0,0.0,0.0,0.0,0.0,0.0,0.0,0.0,0.0,0.0,0.0,0.0,0.0,0.0,0.0,0.0,0.0,0.0,0.0,0.0,0.0,0.0,0.0,0.0,0.0,0.0,0.0,0.0,0.0,0.0,0.0,0.0,0.0,0.0,0.0,0.0,0.0,0.0,0.0,13,0,D
3533.0,561.3418854,13.6511487,0.0,0.0,0.0,0.0,0.0,0.0,0.0,0.0,0.0,11300000.0,0.0,243984.57,33900000.0,0.0,0.0,0.0,0.0,0.0,0.0,0.0,0.0,0.0,0.0,0.0,0.0,0.0,0.0,0.0,156058.5158,1925646.615,0.0,1089883.835,0.0,0.0,1875041.063,0.0,993387.9594,0.0,0.0,0.0,0.0,0.0,0.0,0.0,0.0,0.0,0.0,0.0,0.0,3706631.025,0.0,0.0,0.0,0.0,0.0,1891422.009,17,0,D
3534.0,790.380127,11.1293215,0.0,0.0,0.0,0.0,0.0,0.0,0.0,0.0,0.0,0.0,0.0,0.0,31200000.0,0.0,0.0,0.0,0.0,0.0,0.0,0.0,0.0,0.0,0.0,0.0,0.0,0.0,0.0,0.0,0.0,0.0,0.0,0.0,0.0,0.0,0.0,0.0,0.0,157885.5558,0.0,0.0,0.0,0.0,0.0,0.0,0.0,0.0,0.0,0.0,0.0,0.0,0.0,0.0,0.0,0.0,0.0,0.0,0,12,MD
3535.0,1028.427782,8.217635944,0.0,0.0,0.0,2911384.042,0.0,0.0,0.0,0.0,0.0,0.0,0.0,0.0,28800000.0,4388356.492,0.0,0.0,0.0,0.0,0.0,0.0,17600000.0,9479773.293,0.0,0.0,0.0,0.0,0.0,0.0,0.0,0.0,0.0,0.0,0.0,0.0,9883264.516,0.0,10100000.0,4541094.945,0.0,0.0,0.0,0.0,0.0,2256942.789,0.0,0.0,0.0,0.0,0.0,0.0,0.0,0.0,0.0,0.0,0.0,0.0,15,16,MD
3537.0,564.3165894,8.54372195,0.0,0.0,0.0,0.0,0.0,0.0,0.0,0.0,0.0,0.0,0.0,0.0,28400000.0,0.0,0.0,0.0,0.0,0.0,0.0,0.0,0.0,0.0,0.0,0.0,0.0,0.0,0.0,0.0,13900000.0,45900000.0,0.0,0.0,0.0,0.0,0.0,0.0,0.0,241233.7167,0.0,0.0,0.0,0.0,0.0,0.0,0.0,0.0,0.0,0.0,0.0,0.0,0.0,0.0,0.0,0.0,0.0,0.0,0,10,MD
3538.0,617.3306885,11.5663316,0.0,0.0,0.0,0.0,0.0,0.0,0.0,0.0,0.0,0.0,0.0,0.0,31100000.0,0.0,0.0,0.0,0.0,0.0,0.0,0.0,0.0,0.0,0.0,0.0,0.0,0.0,0.0,7059183.07,0.0,457169.8066,0.0,0.0,0.0,0.0,0.0,0.0,11600000.0,3544700.217,0.0,0.0,0.0,0.0,0.0,0.0,0.0,0.0,0.0,0.0,0.0,0.0,0.0,0.0,0.0,0.0,0.0,0.0,21,0,D
3539.0,549.3062897,5.963083967,0.0,0.0,0.0,0.0,0.0,0.0,0.0,0.0,0.0,0.0,0.0,0.0,31500000.0,0.0,0.0,0.0,0.0,0.0,0.0,0.0,0.0,0.0,0.0,0.0,0.0,0.0,0.0,0.0,5624117.672,39200000.0,0.0,0.0,0.0,0.0,0.0,0.0,489441.755,5859016.459,0.0,0.0,0.0,0.0,0.0,0.0,0.0,0.0,0.0,0.0,0.0,0.0,0.0,0.0,0.0,0.0,0.0,176320.2335,0,6,MD
3540.0,634.3580933,11.6375185,0.0,0.0,0.0,0.0,0.0,0.0,0.0,0.0,0.0,0.0,0.0,0.0,45700000.0,0.0,0.0,0.0,0.0,0.0,0.0,0.0,0.0,0.0,0.0,0.0,0.0,0.0,0.0,15800000.0,0.0,927226.644,0.0,0.0,0.0,0.0,0.0,0.0,23500000.0,6467373.214,0.0,0.0,0.0,0.0,0.0,182535.1484,0.0,0.0,0.0,0.0,0.0,0.0,0.0,0.0,0.0,0.0,0.0,0.0,20,0,D
3541.0,519.2954468,10.3882022,0.0,0.0,0.0,0.0,0.0,0.0,0.0,0.0,0.0,0.0,0.0,0.0,25200000.0,0.0,0.0,0.0,0.0,0.0,0.0,0.0,0.0,0.0,0.0,0.0,0.0,0.0,0.0,0.0,979131.6589,5339841.797,0.0,0.0,0.0,0.0,0.0,0.0,0.0,6117428.937,0.0,0.0,0.0,0.0,0.0,0.0,0.0,0.0,0.0,0.0,0.0,0.0,0.0,0.0,0.0,0.0,0.0,1383033.299,13,0,D
3542.0,806.3745728,9.4034503,0.0,0.0,0.0,0.0,0.0,0.0,0.0,0.0,0.0,0.0,0.0,0.0,23500000.0,0.0,0.0,0.0,0.0,0.0,0.0,0.0,0.0,0.0,0.0,0.0,0.0,0.0,0.0,0.0,0.0,0.0,0.0,0.0,0.0,0.0,0.0,0.0,0.0,0.0,0.0,0.0,0.0,0.0,0.0,0.0,0.0,0.0,0.0,0.0,0.0,0.0,0.0,0.0,0.0,0.0,0.0,0.0,0,14,MD
3543.0,519.295433,8.122564375,0.0,0.0,0.0,0.0,0.0,0.0,0.0,0.0,0.0,0.0,0.0,0.0,27600000.0,0.0,0.0,0.0,0.0,0.0,0.0,0.0,0.0,0.0,0.0,0.0,0.0,0.0,0.0,0.0,9009714.288,32300000.0,0.0,0.0,0.0,0.0,0.0,0.0,0.0,1148414.433,0.0,0.0,0.0,0.0,0.0,0.0,0.0,0.0,0.0,0.0,0.0,0.0,0.0,0.0,0.0,0.0,0.0,0.0,6,13,MD
3545.0,587.3570608,12.86889467,0.0,0.0,0.0,0.0,0.0,0.0,0.0,0.0,0.0,0.0,0.0,0.0,20000000.0,0.0,0.0,0.0,0.0,0.0,0.0,0.0,0.0,0.0,0.0,0.0,0.0,0.0,0.0,0.0,0.0,4896463.978,0.0,1453877.782,0.0,0.0,0.0,0.0,0.0,0.0,0.0,0.0,0.0,0.0,0.0,0.0,0.0,0.0,0.0,0.0,0.0,1415737.315,5765724.807,0.0,0.0,0.0,484561.3319,0.0,14,0,D
3546.0,517.3153076,9.4669134,0.0,0.0,0.0,0.0,0.0,0.0,0.0,0.0,0.0,0.0,0.0,0.0,20200000.0,0.0,0.0,0.0,0.0,0.0,0.0,0.0,0.0,0.0,0.0,0.0,0.0,0.0,0.0,0.0,0.0,0.0,0.0,0.0,0.0,0.0,0.0,0.0,0.0,0.0,0.0,0.0,0.0,0.0,0.0,0.0,0.0,0.0,0.0,0.0,0.0,0.0,0.0,0.0,0.0,0.0,0.0,0.0,7,0,D
3548.0,531.294548,5.44016575,0.0,0.0,0.0,0.0,0.0,0.0,0.0,0.0,0.0,0.0,0.0,0.0,19500000.0,0.0,0.0,0.0,0.0,0.0,0.0,0.0,0.0,0.0,0.0,0.0,0.0,0.0,0.0,0.0,1220621.738,1473566.851,0.0,0.0,0.0,0.0,0.0,0.0,0.0,0.0,0.0,0.0,225431.1922,0.0,0.0,0.0,0.0,0.0,0.0,0.0,0.0,0.0,0.0,0.0,0.0,0.0,0.0,0.0,0,15,MD
3549.0,578.3319906,8.5217507,0.0,0.0,0.0,0.0,0.0,0.0,0.0,0.0,0.0,0.0,0.0,0.0,18700000.0,0.0,0.0,0.0,0.0,0.0,0.0,0.0,0.0,0.0,0.0,0.0,0.0,0.0,0.0,0.0,5934792.842,18400000.0,0.0,0.0,0.0,0.0,0.0,0.0,0.0,0.0,0.0,0.0,0.0,0.0,0.0,0.0,0.0,0.0,0.0,0.0,0.0,0.0,0.0,0.0,0.0,0.0,0.0,0.0,0,11,MD
3550.0,669.3263931,6.990347,0.0,0.0,0.0,0.0,0.0,0.0,0.0,0.0,0.0,0.0,0.0,246602.587,17600000.0,0.0,0.0,0.0,0.0,0.0,0.0,0.0,0.0,0.0,0.0,0.0,1977555.175,0.0,0.0,0.0,0.0,0.0,0.0,0.0,0.0,0.0,0.0,0.0,0.0,0.0,0.0,0.0,0.0,0.0,0.0,0.0,0.0,0.0,0.0,0.0,0.0,0.0,0.0,0.0,0.0,0.0,0.0,648905.2546,16,28,MD
3551.0,345.1689148,9.4669134,0.0,0.0,0.0,0.0,0.0,0.0,0.0,0.0,0.0,0.0,0.0,0.0,18700000.0,0.0,0.0,0.0,0.0,0.0,0.0,0.0,0.0,0.0,0.0,0.0,0.0,0.0,0.0,0.0,0.0,0.0,0.0,0.0,0.0,0.0,0.0,0.0,0.0,0.0,0.0,0.0,0.0,0.0,0.0,0.0,0.0,0.0,0.0,0.0,0.0,0.0,0.0,0.0,0.0,0.0,0.0,0.0,9,0,D
3552.0,698.3534677,10.83894257,0.0,0.0,0.0,0.0,0.0,0.0,0.0,0.0,0.0,0.0,0.0,0.0,21600000.0,0.0,0.0,1899487.487,0.0,0.0,0.0,0.0,0.0,0.0,0.0,0.0,0.0,0.0,0.0,0.0,7098487.346,1185805.264,0.0,0.0,0.0,0.0,0.0,0.0,942964.0704,807471.3177,0.0,0.0,0.0,0.0,0.0,0.0,0.0,0.0,0.0,0.0,0.0,0.0,0.0,0.0,0.0,0.0,0.0,12900000.0,0,6,MD
3554.0,789.3475342,9.4034503,0.0,0.0,0.0,0.0,0.0,0.0,0.0,0.0,0.0,0.0,0.0,0.0,15800000.0,0.0,0.0,0.0,0.0,0.0,0.0,0.0,0.0,0.0,0.0,0.0,0.0,0.0,0.0,0.0,0.0,0.0,0.0,0.0,0.0,0.0,0.0,0.0,0.0,0.0,0.0,0.0,0.0,0.0,0.0,0.0,0.0,0.0,0.0,0.0,0.0,0.0,0.0,0.0,0.0,0.0,0.0,0.0,12,20,MD
3555.0,499.3043365,9.4669134,0.0,0.0,0.0,0.0,0.0,0.0,0.0,0.0,0.0,0.0,0.0,0.0,16100000.0,0.0,0.0,0.0,0.0,0.0,0.0,0.0,0.0,0.0,0.0,0.0,0.0,0.0,0.0,0.0,0.0,0.0,0.0,0.0,0.0,0.0,0.0,0.0,0.0,0.0,0.0,0.0,0.0,0.0,0.0,0.0,0.0,0.0,0.0,0.0,0.0,0.0,0.0,0.0,0.0,0.0,0.0,0.0,9,0,D
3561.0,547.2900879,6.66813116,0.0,0.0,0.0,0.0,0.0,0.0,0.0,0.0,0.0,0.0,0.0,0.0,13100000.0,0.0,0.0,0.0,0.0,0.0,0.0,0.0,0.0,0.0,0.0,0.0,0.0,0.0,0.0,0.0,3048137.341,9370690.269,0.0,0.0,0.0,0.0,0.0,0.0,0.0,1073709.321,0.0,0.0,0.0,0.0,0.0,0.0,0.0,0.0,0.0,0.0,0.0,0.0,0.0,0.0,0.0,0.0,0.0,450511.7555,6,15,MD
3563.0,565.3004354,6.591264467,0.0,0.0,0.0,0.0,0.0,0.0,0.0,0.0,0.0,0.0,0.0,0.0,13200000.0,0.0,0.0,0.0,0.0,0.0,0.0,0.0,0.0,0.0,0.0,0.0,0.0,0.0,0.0,0.0,20300000.0,0.0,0.0,0.0,0.0,0.0,0.0,0.0,0.0,0.0,0.0,0.0,0.0,0.0,0.0,0.0,0.0,0.0,0.0,0.0,0.0,0.0,0.0,0.0,0.0,0.0,0.0,3199956.96,9,18,MD
3565.0,822.3687134,9.4034503,0.0,0.0,0.0,0.0,0.0,0.0,0.0,0.0,0.0,0.0,0.0,0.0,14400000.0,0.0,0.0,0.0,0.0,0.0,0.0,0.0,0.0,0.0,0.0,0.0,0.0,0.0,0.0,0.0,0.0,0.0,0.0,0.0,0.0,0.0,0.0,0.0,0.0,0.0,0.0,0.0,0.0,0.0,0.0,0.0,0.0,0.0,0.0,0.0,0.0,0.0,0.0,0.0,0.0,0.0,0.0,0.0,0,10,MD
3566.0,557.3108597,11.6884295,0.0,0.0,0.0,0.0,0.0,0.0,0.0,0.0,0.0,0.0,4264473.736,0.0,14900000.0,0.0,0.0,0.0,0.0,0.0,0.0,0.0,0.0,0.0,0.0,0.0,0.0,0.0,0.0,3796508.498,0.0,10300000.0,0.0,1785500.065,0.0,0.0,1118311.696,0.0,0.0,14700000.0,0.0,0.0,0.0,0.0,0.0,0.0,0.0,0.0,0.0,0.0,0.0,0.0,0.0,0.0,0.0,0.0,0.0,8627490.834,10,0,D
3568.0,789.3468323,8.5304775,0.0,0.0,0.0,0.0,0.0,0.0,0.0,0.0,0.0,0.0,0.0,0.0,9757017.087,0.0,0.0,0.0,0.0,0.0,0.0,0.0,0.0,0.0,0.0,0.0,0.0,0.0,0.0,0.0,0.0,0.0,0.0,0.0,0.0,0.0,0.0,0.0,0.0,0.0,0.0,0.0,0.0,0.0,0.0,0.0,0.0,0.0,0.0,0.0,0.0,0.0,0.0,0.0,0.0,0.0,0.0,0.0,0,15,MD
3570.0,686.3539124,7.2879698,0.0,0.0,0.0,0.0,0.0,0.0,0.0,0.0,0.0,0.0,0.0,0.0,10600000.0,0.0,0.0,0.0,0.0,0.0,0.0,0.0,0.0,0.0,0.0,0.0,0.0,0.0,0.0,0.0,0.0,0.0,0.0,0.0,0.0,0.0,0.0,0.0,0.0,0.0,0.0,0.0,0.0,0.0,0.0,0.0,0.0,0.0,0.0,0.0,0.0,0.0,0.0,0.0,0.0,0.0,0.0,0.0,0,22,MD
3571.0,648.3738607,12.66098833,0.0,0.0,0.0,0.0,0.0,0.0,0.0,0.0,0.0,0.0,0.0,0.0,12200000.0,0.0,0.0,0.0,0.0,0.0,0.0,0.0,0.0,0.0,0.0,0.0,0.0,0.0,0.0,0.0,0.0,0.0,0.0,0.0,0.0,0.0,0.0,0.0,4929925.761,951629.0152,0.0,0.0,0.0,0.0,0.0,0.0,0.0,0.0,0.0,0.0,0.0,0.0,0.0,0.0,0.0,0.0,0.0,0.0,24,0,D
3579.0,505.2796021,9.2335642,0.0,0.0,0.0,0.0,0.0,0.0,0.0,0.0,0.0,0.0,0.0,0.0,10000000.0,0.0,0.0,0.0,0.0,0.0,0.0,0.0,0.0,0.0,0.0,0.0,0.0,0.0,0.0,0.0,0.0,0.0,0.0,0.0,0.0,0.0,0.0,0.0,0.0,0.0,0.0,0.0,0.0,0.0,0.0,0.0,0.0,0.0,0.0,0.0,0.0,0.0,0.0,0.0,0.0,0.0,0.0,0.0,13,0,D
3582.0,685.3208008,4.1121178,0.0,0.0,0.0,0.0,0.0,0.0,0.0,0.0,0.0,0.0,0.0,0.0,8700948.276,0.0,0.0,0.0,0.0,0.0,0.0,0.0,0.0,0.0,0.0,0.0,0.0,0.0,0.0,0.0,0.0,0.0,0.0,0.0,0.0,0.0,0.0,0.0,0.0,0.0,0.0,0.0,0.0,0.0,0.0,0.0,0.0,0.0,0.0,0.0,0.0,0.0,0.0,0.0,0.0,0.0,0.0,0.0,13,18,MD
3585.0,639.3521881,14.504333,0.0,0.0,0.0,0.0,0.0,0.0,0.0,0.0,0.0,0.0,0.0,0.0,8603960.238,0.0,0.0,557003.4263,0.0,0.0,0.0,0.0,0.0,0.0,0.0,0.0,0.0,0.0,0.0,0.0,0.0,0.0,0.0,0.0,229583.3041,0.0,2061897.295,0.0,280621.347,6346492.77,0.0,0.0,0.0,0.0,0.0,0.0,0.0,0.0,0.0,0.0,0.0,0.0,0.0,0.0,0.0,0.0,0.0,0.0,18,0,D
3589.0,648.3735123,11.65017675,0.0,0.0,0.0,0.0,0.0,0.0,0.0,0.0,0.0,0.0,0.0,0.0,15800000.0,0.0,0.0,0.0,0.0,0.0,0.0,0.0,0.0,0.0,0.0,0.0,0.0,0.0,0.0,3639319.385,0.0,0.0,0.0,0.0,0.0,0.0,0.0,0.0,13200000.0,3366138.278,0.0,0.0,0.0,0.0,0.0,0.0,0.0,0.0,0.0,0.0,0.0,0.0,0.0,0.0,0.0,0.0,0.0,0.0,20,0,D
3591.0,515.2996292,9.470532325,0.0,0.0,0.0,0.0,0.0,0.0,0.0,0.0,372734.9153,0.0,0.0,0.0,8929468.473,0.0,0.0,0.0,0.0,0.0,0.0,0.0,0.0,0.0,0.0,0.0,143586.6674,0.0,0.0,0.0,0.0,174723.682,0.0,0.0,0.0,0.0,0.0,0.0,0.0,0.0,0.0,0.0,0.0,0.0,0.0,0.0,0.0,0.0,0.0,0.0,0.0,0.0,0.0,0.0,0.0,0.0,0.0,0.0,0,8,MD
3595.0,583.3655701,13.790102,0.0,0.0,0.0,0.0,0.0,0.0,0.0,0.0,0.0,0.0,0.0,0.0,8075163.651,0.0,0.0,0.0,0.0,0.0,0.0,0.0,0.0,0.0,0.0,0.0,0.0,0.0,0.0,0.0,0.0,0.0,0.0,0.0,0.0,0.0,0.0,0.0,0.0,0.0,0.0,0.0,0.0,0.0,0.0,0.0,0.0,0.0,0.0,0.0,0.0,0.0,0.0,0.0,0.0,0.0,0.0,0.0,10,0,D
3599.0,549.3057912,8.281305367,0.0,0.0,0.0,0.0,0.0,0.0,0.0,0.0,0.0,0.0,0.0,0.0,6894114.267,0.0,0.0,144183.0505,0.0,0.0,0.0,0.0,0.0,0.0,0.0,0.0,0.0,0.0,0.0,6047778.576,601339.6347,702329.4457,0.0,0.0,0.0,0.0,0.0,0.0,0.0,1183633.948,0.0,0.0,0.0,0.0,0.0,0.0,0.0,0.0,0.0,0.0,0.0,0.0,0.0,0.0,0.0,0.0,0.0,0.0,12,0,D
3603.0,592.3466644,8.92540455,0.0,0.0,0.0,0.0,0.0,0.0,0.0,0.0,0.0,558349.9644,0.0,0.0,6152709.737,0.0,0.0,0.0,0.0,0.0,0.0,0.0,0.0,0.0,0.0,0.0,0.0,0.0,0.0,0.0,0.0,0.0,0.0,0.0,0.0,0.0,0.0,0.0,0.0,0.0,0.0,0.0,0.0,0.0,0.0,0.0,0.0,0.0,0.0,0.0,0.0,0.0,0.0,0.0,0.0,0.0,0.0,0.0,0,7,MD
3604.0,587.3580566,14.0953015,0.0,0.0,0.0,0.0,0.0,0.0,0.0,0.0,0.0,0.0,0.0,0.0,5707347.627,0.0,0.0,0.0,0.0,0.0,0.0,0.0,0.0,0.0,0.0,0.0,0.0,0.0,0.0,0.0,0.0,1242685.983,0.0,422528.7234,0.0,0.0,0.0,0.0,1524972.418,4261803.789,0.0,0.0,0.0,0.0,273968.3816,0.0,0.0,0.0,0.0,0.0,219527.0154,59300000.0,17900000.0,0.0,0.0,0.0,7399578.635,0.0,13,0,D
3611.0,585.3414961,13.10009943,0.0,0.0,0.0,0.0,0.0,0.0,0.0,0.0,0.0,0.0,0.0,0.0,4041323.084,0.0,0.0,0.0,0.0,0.0,0.0,0.0,0.0,0.0,0.0,0.0,0.0,0.0,0.0,1149600.055,9191623.067,4417567.929,0.0,0.0,0.0,0.0,0.0,0.0,944228.6239,10700000.0,0.0,0.0,0.0,0.0,0.0,0.0,0.0,0.0,0.0,0.0,0.0,0.0,0.0,0.0,0.0,0.0,0.0,3878499.73,16,0,D
3621.0,685.3216248,8.0757766,0.0,0.0,0.0,0.0,0.0,0.0,0.0,0.0,0.0,0.0,0.0,0.0,5852191.128,0.0,0.0,0.0,0.0,0.0,0.0,0.0,0.0,0.0,0.0,0.0,0.0,0.0,0.0,0.0,692871.5436,0.0,0.0,0.0,0.0,0.0,0.0,0.0,0.0,0.0,0.0,0.0,0.0,0.0,0.0,0.0,0.0,0.0,0.0,0.0,0.0,0.0,0.0,0.0,0.0,0.0,0.0,0.0,7,17,MD
3622.0,685.3228149,3.8218833,0.0,0.0,0.0,0.0,0.0,0.0,0.0,0.0,0.0,0.0,0.0,0.0,3495005.652,0.0,0.0,0.0,0.0,0.0,0.0,0.0,0.0,0.0,0.0,0.0,0.0,0.0,0.0,0.0,0.0,0.0,0.0,0.0,0.0,0.0,0.0,0.0,0.0,0.0,0.0,0.0,0.0,0.0,0.0,0.0,0.0,0.0,0.0,0.0,0.0,0.0,0.0,0.0,0.0,0.0,0.0,0.0,0,8,MD
3626.0,619.3837891,13.345512,0.0,0.0,0.0,0.0,0.0,0.0,0.0,0.0,0.0,0.0,0.0,0.0,6847860.224,0.0,0.0,0.0,0.0,0.0,0.0,0.0,0.0,0.0,0.0,0.0,0.0,0.0,0.0,0.0,0.0,0.0,0.0,0.0,0.0,0.0,0.0,0.0,0.0,0.0,0.0,0.0,0.0,0.0,0.0,0.0,0.0,0.0,0.0,0.0,0.0,0.0,0.0,0.0,0.0,0.0,0.0,0.0,10,0,D
3628.0,669.3267822,7.92107292,0.0,0.0,0.0,0.0,0.0,0.0,0.0,0.0,0.0,0.0,0.0,993517.508,5082627.906,0.0,0.0,0.0,0.0,0.0,0.0,0.0,0.0,0.0,0.0,0.0,0.0,0.0,0.0,0.0,0.0,0.0,0.0,0.0,0.0,0.0,0.0,0.0,0.0,521331.2285,0.0,0.0,300584.3458,0.0,0.0,0.0,0.0,0.0,0.0,0.0,0.0,0.0,0.0,0.0,0.0,0.0,0.0,19300000.0,14,30,MD
3631.0,513.2832794,5.537069633,0.0,0.0,0.0,0.0,0.0,0.0,0.0,0.0,0.0,6767308.893,0.0,0.0,5518739.821,0.0,0.0,0.0,0.0,0.0,0.0,0.0,0.0,0.0,0.0,0.0,0.0,0.0,0.0,0.0,179240.3634,0.0,0.0,0.0,0.0,0.0,0.0,0.0,0.0,0.0,0.0,0.0,456745.7792,0.0,0.0,0.0,326369.8248,0.0,0.0,0.0,5098434.94,0.0,0.0,0.0,0.0,0.0,0.0,0.0,0,6,MD
3632.0,605.3684387,12.301679,0.0,0.0,0.0,0.0,0.0,0.0,0.0,0.0,0.0,0.0,0.0,0.0,5522323.118,0.0,0.0,0.0,0.0,0.0,0.0,0.0,0.0,0.0,0.0,0.0,0.0,0.0,0.0,0.0,0.0,0.0,0.0,0.0,0.0,0.0,0.0,0.0,0.0,0.0,0.0,0.0,0.0,0.0,0.0,0.0,0.0,0.0,0.0,0.0,0.0,0.0,0.0,0.0,0.0,0.0,0.0,0.0,9,0,D
3635.0,565.3008423,6.39868875,0.0,0.0,0.0,0.0,0.0,0.0,0.0,0.0,0.0,0.0,0.0,0.0,4003529.728,0.0,0.0,0.0,0.0,0.0,0.0,0.0,0.0,0.0,0.0,0.0,0.0,0.0,0.0,0.0,3899415.6,0.0,0.0,0.0,0.0,0.0,0.0,0.0,0.0,0.0,0.0,0.0,0.0,0.0,0.0,0.0,0.0,0.0,0.0,0.0,0.0,0.0,0.0,0.0,0.0,0.0,0.0,0.0,0,15,MD
3638.0,559.3269552,12.32978267,0.0,0.0,0.0,0.0,0.0,0.0,0.0,0.0,0.0,171914.8441,0.0,0.0,4959631.271,0.0,0.0,0.0,0.0,0.0,0.0,0.0,0.0,0.0,0.0,0.0,0.0,0.0,0.0,0.0,0.0,1375196.197,0.0,474789.4775,0.0,0.0,0.0,0.0,712618.4277,3351036.282,0.0,0.0,0.0,0.0,0.0,0.0,0.0,0.0,0.0,0.0,0.0,0.0,0.0,0.0,0.0,0.0,0.0,0.0,14,0,D
3643.0,685.3213562,7.70614012,0.0,0.0,0.0,0.0,0.0,0.0,0.0,0.0,0.0,0.0,0.0,0.0,4787010.03,0.0,0.0,0.0,0.0,2681141.204,0.0,0.0,0.0,0.0,0.0,0.0,3325703.368,0.0,0.0,0.0,2186483.192,0.0,0.0,0.0,0.0,0.0,0.0,0.0,0.0,0.0,0.0,0.0,0.0,0.0,0.0,0.0,0.0,0.0,0.0,0.0,0.0,0.0,0.0,0.0,0.0,0.0,0.0,4426545.323,9,22,MD
3644.0,639.3165894,9.9955189,0.0,0.0,0.0,0.0,0.0,0.0,0.0,0.0,0.0,0.0,0.0,0.0,3041774.222,0.0,0.0,0.0,0.0,0.0,0.0,0.0,0.0,0.0,0.0,0.0,0.0,0.0,0.0,0.0,2141781.328,0.0,0.0,0.0,0.0,0.0,0.0,0.0,0.0,0.0,0.0,0.0,0.0,0.0,0.0,0.0,0.0,0.0,0.0,0.0,0.0,0.0,0.0,0.0,0.0,0.0,0.0,0.0,0,14,MD
3646.0,551.3218323,11.8457084,0.0,0.0,0.0,0.0,0.0,0.0,0.0,0.0,0.0,0.0,0.0,0.0,4831413.881,0.0,0.0,0.0,0.0,0.0,0.0,0.0,0.0,0.0,0.0,0.0,0.0,0.0,0.0,0.0,610743.2356,3306800.319,0.0,0.0,0.0,0.0,0.0,0.0,0.0,4592304.585,0.0,0.0,0.0,0.0,0.0,0.0,0.0,0.0,0.0,0.0,0.0,0.0,0.0,0.0,0.0,0.0,0.0,2126630.354,18,0,D
3647.0,662.3900452,12.66098833,0.0,0.0,0.0,0.0,0.0,0.0,0.0,0.0,0.0,0.0,0.0,0.0,3450406.663,0.0,0.0,0.0,0.0,0.0,0.0,0.0,0.0,0.0,0.0,0.0,0.0,0.0,0.0,0.0,0.0,0.0,0.0,0.0,0.0,0.0,0.0,0.0,3766318.71,170986.8416,0.0,0.0,0.0,0.0,0.0,0.0,0.0,0.0,0.0,0.0,0.0,0.0,0.0,0.0,0.0,0.0,0.0,0.0,14,0,D
3650.0,631.3479309,12.5987135,0.0,0.0,0.0,0.0,0.0,0.0,0.0,0.0,0.0,0.0,0.0,0.0,5788208.093,0.0,0.0,0.0,0.0,0.0,0.0,0.0,0.0,0.0,0.0,0.0,0.0,0.0,0.0,0.0,0.0,0.0,0.0,0.0,0.0,0.0,0.0,0.0,1895714.929,0.0,0.0,0.0,0.0,0.0,0.0,0.0,0.0,0.0,0.0,0.0,0.0,0.0,0.0,0.0,0.0,0.0,0.0,0.0,18,0,D
3657.0,684.3386536,6.6758361,0.0,0.0,0.0,0.0,0.0,0.0,0.0,0.0,0.0,0.0,0.0,0.0,3214517.746,0.0,0.0,0.0,0.0,0.0,0.0,0.0,0.0,0.0,0.0,0.0,0.0,0.0,0.0,0.0,0.0,0.0,0.0,0.0,0.0,0.0,0.0,0.0,0.0,0.0,0.0,0.0,0.0,0.0,0.0,0.0,0.0,0.0,0.0,0.0,0.0,0.0,0.0,0.0,0.0,0.0,0.0,0.0,0,13,MD
3660.0,583.3112793,5.785501,0.0,0.0,0.0,0.0,0.0,0.0,0.0,0.0,0.0,0.0,0.0,0.0,2885670.833,0.0,0.0,0.0,0.0,0.0,0.0,0.0,0.0,0.0,0.0,0.0,0.0,0.0,0.0,0.0,0.0,0.0,0.0,0.0,0.0,0.0,0.0,0.0,0.0,0.0,0.0,0.0,0.0,0.0,0.0,0.0,0.0,0.0,0.0,0.0,0.0,0.0,0.0,0.0,0.0,0.0,0.0,0.0,0,12,MD
3663.0,547.2909953,6.054962933,0.0,0.0,0.0,0.0,0.0,0.0,0.0,0.0,0.0,0.0,0.0,0.0,3528116.997,0.0,0.0,0.0,0.0,0.0,0.0,0.0,0.0,0.0,0.0,0.0,0.0,0.0,0.0,0.0,0.0,1666355.0,0.0,0.0,0.0,0.0,0.0,0.0,0.0,220850.7018,0.0,0.0,0.0,0.0,0.0,0.0,0.0,0.0,0.0,0.0,0.0,0.0,0.0,0.0,0.0,0.0,0.0,0.0,0,9,MD
3668.0,687.4105988,14.582035,0.0,0.0,0.0,0.0,0.0,0.0,0.0,0.0,0.0,0.0,0.0,0.0,4713801.949,0.0,0.0,0.0,0.0,0.0,0.0,0.0,0.0,0.0,0.0,0.0,0.0,0.0,0.0,0.0,0.0,0.0,0.0,0.0,0.0,0.0,0.0,0.0,0.0,2379790.641,0.0,0.0,0.0,0.0,0.0,0.0,0.0,0.0,0.0,0.0,0.0,0.0,0.0,0.0,0.0,0.0,0.0,0.0,8,0,D
3675.0,533.3109325,9.593547364,0.0,0.0,0.0,0.0,0.0,0.0,0.0,0.0,0.0,6539493.279,0.0,0.0,4377964.764,0.0,0.0,0.0,364610.7771,0.0,0.0,0.0,0.0,0.0,0.0,0.0,202381.5614,0.0,0.0,0.0,0.0,551295.8543,1787413.454,0.0,1021197.441,0.0,11800000.0,1871452.008,0.0,0.0,0.0,0.0,0.0,0.0,593802.3068,0.0,0.0,0.0,5295916.079,0.0,0.0,0.0,0.0,0.0,0.0,0.0,0.0,0.0,0,12,MD
3682.0,686.3531799,7.08739615,0.0,0.0,0.0,0.0,0.0,0.0,0.0,0.0,0.0,0.0,0.0,0.0,2761095.05,0.0,0.0,0.0,0.0,0.0,0.0,0.0,0.0,0.0,0.0,0.0,0.0,0.0,0.0,0.0,1154143.571,0.0,0.0,0.0,0.0,0.0,0.0,0.0,0.0,0.0,0.0,0.0,0.0,0.0,0.0,0.0,0.0,0.0,0.0,0.0,0.0,0.0,0.0,0.0,0.0,0.0,0.0,0.0,0,19,MD
3686.0,547.2903366,9.905628,0.0,0.0,0.0,0.0,0.0,0.0,0.0,0.0,0.0,0.0,0.0,0.0,3341601.809,0.0,0.0,0.0,0.0,0.0,0.0,0.0,0.0,0.0,0.0,0.0,0.0,0.0,0.0,0.0,1376198.35,4286051.512,0.0,0.0,0.0,0.0,0.0,0.0,0.0,626289.6539,0.0,0.0,0.0,0.0,0.0,0.0,0.0,0.0,0.0,0.0,0.0,0.0,0.0,0.0,0.0,0.0,0.0,0.0,0,10,MD
3690.0,565.3011169,6.0639899,0.0,0.0,0.0,0.0,0.0,0.0,0.0,0.0,0.0,0.0,0.0,0.0,2356780.2,0.0,0.0,0.0,0.0,0.0,0.0,0.0,0.0,0.0,0.0,0.0,0.0,0.0,0.0,0.0,0.0,1158549.894,0.0,0.0,0.0,0.0,0.0,0.0,0.0,0.0,0.0,0.0,0.0,0.0,0.0,0.0,0.0,0.0,0.0,0.0,0.0,0.0,0.0,0.0,0.0,0.0,0.0,0.0,0,12,MD
3696.0,553.3370361,8.7306712,0.0,0.0,0.0,0.0,0.0,0.0,0.0,0.0,0.0,0.0,0.0,0.0,3063220.506,0.0,0.0,0.0,0.0,0.0,0.0,0.0,0.0,0.0,0.0,0.0,0.0,0.0,0.0,0.0,0.0,0.0,0.0,0.0,0.0,0.0,0.0,0.0,0.0,0.0,0.0,0.0,0.0,0.0,0.0,0.0,0.0,0.0,0.0,0.0,0.0,0.0,0.0,0.0,0.0,0.0,0.0,0.0,10,0,D
3700.0,519.2950134,8.5783213,0.0,0.0,0.0,0.0,0.0,0.0,0.0,0.0,0.0,0.0,0.0,0.0,2910250.726,0.0,0.0,0.0,0.0,0.0,0.0,0.0,0.0,0.0,0.0,0.0,0.0,0.0,0.0,0.0,0.0,140022.0521,0.0,0.0,0.0,0.0,0.0,0.0,0.0,0.0,0.0,0.0,0.0,0.0,0.0,0.0,0.0,0.0,0.0,0.0,0.0,0.0,0.0,0.0,0.0,0.0,0.0,0.0,0,9,MD
3702.0,686.3530579,6.8291943,0.0,0.0,0.0,0.0,0.0,0.0,0.0,0.0,0.0,0.0,0.0,0.0,1895613.145,0.0,0.0,0.0,0.0,0.0,0.0,0.0,0.0,0.0,0.0,0.0,0.0,0.0,0.0,0.0,916769.9301,0.0,0.0,0.0,0.0,0.0,0.0,0.0,0.0,0.0,0.0,0.0,0.0,0.0,0.0,0.0,0.0,0.0,0.0,0.0,0.0,0.0,0.0,0.0,0.0,0.0,0.0,0.0,0,8,MD
3704.0,802.545874,14.4657512,0.0,0.0,0.0,0.0,0.0,0.0,0.0,0.0,0.0,0.0,0.0,0.0,10100000.0,0.0,0.0,0.0,0.0,0.0,0.0,0.0,0.0,0.0,0.0,0.0,0.0,0.0,0.0,0.0,7655109.525,25400000.0,0.0,0.0,0.0,0.0,0.0,0.0,13900000.0,0.0,0.0,0.0,0.0,0.0,0.0,0.0,0.0,0.0,0.0,0.0,0.0,0.0,0.0,0.0,0.0,0.0,0.0,5602949.544,0,10,MD
3705.0,639.3169454,10.40231333,0.0,0.0,0.0,0.0,0.0,0.0,0.0,0.0,0.0,0.0,0.0,0.0,2513289.306,0.0,0.0,0.0,0.0,0.0,0.0,0.0,0.0,0.0,0.0,0.0,0.0,0.0,0.0,0.0,2435678.104,3619843.162,0.0,0.0,0.0,0.0,0.0,0.0,0.0,0.0,0.0,0.0,0.0,0.0,0.0,0.0,0.0,0.0,0.0,0.0,0.0,0.0,0.0,0.0,0.0,0.0,0.0,0.0,0,11,MD
3710.0,533.2741699,8.137393,0.0,0.0,0.0,0.0,0.0,0.0,0.0,0.0,0.0,0.0,0.0,0.0,2072344.944,0.0,0.0,0.0,0.0,0.0,0.0,0.0,0.0,0.0,0.0,0.0,0.0,0.0,0.0,0.0,0.0,0.0,0.0,0.0,0.0,0.0,0.0,0.0,0.0,0.0,0.0,0.0,0.0,0.0,0.0,0.0,0.0,0.0,0.0,0.0,0.0,0.0,0.0,0.0,0.0,0.0,0.0,0.0,10,12,MD
3714.0,700.3690796,7.2879698,0.0,0.0,0.0,0.0,0.0,0.0,0.0,0.0,0.0,0.0,0.0,0.0,1657695.981,0.0,0.0,0.0,0.0,0.0,0.0,0.0,0.0,0.0,0.0,0.0,0.0,0.0,0.0,0.0,0.0,0.0,0.0,0.0,0.0,0.0,0.0,0.0,0.0,0.0,0.0,0.0,0.0,0.0,0.0,0.0,0.0,0.0,0.0,0.0,0.0,0.0,0.0,0.0,0.0,0.0,0.0,0.0,0,7,MD
3719.0,563.2846375,5.5888964,0.0,0.0,0.0,0.0,0.0,0.0,0.0,0.0,0.0,0.0,0.0,0.0,6296880.84,0.0,0.0,0.0,0.0,0.0,0.0,0.0,0.0,0.0,0.0,0.0,0.0,0.0,0.0,0.0,0.0,0.0,0.0,0.0,0.0,0.0,0.0,0.0,0.0,0.0,0.0,0.0,0.0,0.0,0.0,0.0,0.0,0.0,0.0,0.0,0.0,0.0,0.0,0.0,0.0,0.0,0.0,0.0,10,0,D
3728.0,547.2903544,6.457194633,0.0,0.0,0.0,0.0,0.0,0.0,0.0,0.0,0.0,0.0,0.0,0.0,1882525.381,0.0,0.0,0.0,0.0,0.0,0.0,0.0,0.0,0.0,0.0,0.0,0.0,0.0,0.0,0.0,506643.2355,2579754.247,0.0,0.0,0.0,0.0,0.0,0.0,0.0,0.0,0.0,0.0,0.0,0.0,0.0,0.0,0.0,0.0,0.0,0.0,0.0,0.0,0.0,0.0,0.0,0.0,0.0,0.0,0,9,MD
3730.0,551.3221741,8.7042025,0.0,0.0,0.0,0.0,0.0,0.0,0.0,0.0,0.0,0.0,0.0,0.0,2845539.721,0.0,0.0,0.0,0.0,0.0,0.0,0.0,0.0,0.0,0.0,0.0,650633.2133,0.0,0.0,0.0,0.0,0.0,0.0,0.0,0.0,0.0,0.0,0.0,0.0,0.0,0.0,0.0,0.0,0.0,0.0,0.0,0.0,0.0,0.0,0.0,0.0,0.0,0.0,0.0,0.0,0.0,0.0,0.0,0,11,MD
3746.0,700.3328857,5.9196756,0.0,0.0,0.0,0.0,0.0,0.0,0.0,0.0,0.0,0.0,0.0,0.0,1479400.734,0.0,0.0,0.0,0.0,0.0,0.0,0.0,0.0,0.0,0.0,0.0,0.0,0.0,0.0,0.0,0.0,0.0,0.0,0.0,0.0,0.0,0.0,0.0,0.0,0.0,0.0,0.0,0.0,0.0,0.0,0.0,0.0,0.0,0.0,0.0,0.0,0.0,0.0,0.0,0.0,0.0,0.0,0.0,0,7,MD
3762.0,549.3058395,9.3373539,0.0,0.0,0.0,0.0,0.0,0.0,0.0,0.0,0.0,0.0,0.0,0.0,5052322.364,0.0,0.0,0.0,0.0,0.0,0.0,0.0,0.0,0.0,0.0,0.0,0.0,0.0,0.0,0.0,971862.3061,1509901.118,0.0,0.0,0.0,0.0,0.0,0.0,0.0,6692455.323,0.0,0.0,0.0,0.0,0.0,0.0,0.0,0.0,0.0,0.0,0.0,0.0,0.0,0.0,0.0,0.0,0.0,0.0,15,0,D
3773.0,700.3339233,4.9306485,0.0,0.0,0.0,0.0,0.0,0.0,0.0,0.0,0.0,0.0,0.0,0.0,1375345.607,0.0,0.0,0.0,0.0,0.0,0.0,0.0,0.0,0.0,0.0,0.0,0.0,0.0,0.0,0.0,0.0,0.0,0.0,0.0,0.0,0.0,0.0,0.0,0.0,0.0,0.0,0.0,0.0,0.0,0.0,0.0,0.0,0.0,0.0,0.0,0.0,0.0,0.0,0.0,0.0,0.0,0.0,0.0,0,8,MD
3780.0,565.3010254,2.762989775,0.0,0.0,0.0,0.0,0.0,0.0,0.0,0.0,0.0,0.0,0.0,0.0,1519345.28,0.0,0.0,0.0,0.0,0.0,0.0,0.0,0.0,0.0,0.0,0.0,0.0,0.0,0.0,0.0,204554.3791,257764.4989,0.0,0.0,0.0,0.0,0.0,0.0,0.0,292872.2212,0.0,0.0,0.0,0.0,0.0,0.0,0.0,0.0,0.0,0.0,0.0,0.0,0.0,0.0,0.0,0.0,0.0,0.0,6,0,D
3782.0,473.2895573,9.851921457,0.0,0.0,0.0,0.0,0.0,0.0,0.0,0.0,0.0,57300000.0,0.0,0.0,1967998.081,0.0,0.0,15200000.0,0.0,0.0,0.0,0.0,0.0,0.0,0.0,0.0,0.0,0.0,0.0,0.0,0.0,0.0,0.0,154000000.0,227898.2603,0.0,0.0,0.0,0.0,0.0,0.0,0.0,0.0,0.0,0.0,0.0,0.0,0.0,0.0,0.0,0.0,0.0,0.0,0.0,0.0,0.0,1570101.706,14800000.0,6,0,D
3788.0,617.3320084,9.55467075,0.0,0.0,0.0,0.0,0.0,0.0,0.0,0.0,0.0,0.0,0.0,0.0,1091229.846,0.0,0.0,0.0,0.0,0.0,0.0,0.0,0.0,0.0,0.0,0.0,0.0,0.0,0.0,4804014.628,0.0,0.0,0.0,0.0,0.0,0.0,0.0,0.0,158812.2459,280947.9247,0.0,0.0,0.0,0.0,0.0,0.0,0.0,0.0,0.0,0.0,0.0,0.0,0.0,0.0,0.0,0.0,0.0,0.0,8,0,D
3793.0,816.5608826,14.453018,0.0,0.0,0.0,0.0,0.0,0.0,0.0,0.0,0.0,0.0,0.0,0.0,4521445.039,0.0,0.0,0.0,0.0,0.0,0.0,0.0,0.0,0.0,0.0,0.0,0.0,0.0,0.0,0.0,1244648.879,18800000.0,0.0,0.0,0.0,0.0,0.0,0.0,6806796.447,0.0,0.0,0.0,0.0,0.0,0.0,0.0,0.0,0.0,0.0,0.0,0.0,0.0,0.0,0.0,0.0,0.0,0.0,1894548.689,0,9,MD
3823.0,789.3486938,10.483087,0.0,0.0,0.0,0.0,0.0,0.0,0.0,0.0,0.0,0.0,0.0,0.0,782570.3233,0.0,0.0,0.0,0.0,0.0,0.0,0.0,0.0,0.0,0.0,0.0,0.0,0.0,0.0,0.0,0.0,0.0,0.0,0.0,0.0,0.0,0.0,0.0,0.0,0.0,0.0,0.0,0.0,0.0,0.0,0.0,0.0,0.0,0.0,0.0,0.0,0.0,0.0,0.0,0.0,0.0,0.0,0.0,0,7,MD
3825.0,533.3101705,5.518631867,0.0,0.0,0.0,0.0,0.0,0.0,0.0,0.0,0.0,0.0,0.0,0.0,640485.7424,0.0,0.0,0.0,0.0,0.0,0.0,0.0,0.0,0.0,0.0,0.0,0.0,0.0,0.0,0.0,0.0,1099909.199,0.0,0.0,0.0,0.0,0.0,0.0,0.0,911925.3022,0.0,0.0,0.0,0.0,0.0,0.0,0.0,0.0,0.0,0.0,0.0,0.0,0.0,0.0,0.0,0.0,0.0,0.0,14,0,D
3826.0,549.3056844,9.8573704,0.0,0.0,0.0,0.0,0.0,0.0,0.0,0.0,0.0,0.0,0.0,0.0,1022214.343,0.0,0.0,0.0,0.0,0.0,0.0,0.0,0.0,0.0,0.0,0.0,0.0,0.0,0.0,865411.362,0.0,0.0,0.0,0.0,0.0,0.0,0.0,0.0,0.0,343223.4064,0.0,0.0,0.0,0.0,0.0,0.0,0.0,0.0,0.0,0.0,0.0,0.0,0.0,0.0,0.0,0.0,0.0,0.0,12,0,D
3834.0,567.3162842,5.2085004,0.0,0.0,0.0,0.0,0.0,0.0,0.0,0.0,0.0,0.0,0.0,0.0,894873.6201,0.0,0.0,0.0,0.0,0.0,0.0,0.0,0.0,0.0,0.0,0.0,0.0,0.0,0.0,0.0,0.0,0.0,0.0,0.0,0.0,0.0,0.0,0.0,0.0,0.0,0.0,0.0,0.0,0.0,0.0,0.0,0.0,0.0,0.0,0.0,0.0,0.0,0.0,0.0,0.0,0.0,0.0,0.0,0,6,MD
3841.0,669.326004,9.343320225,0.0,0.0,0.0,0.0,0.0,0.0,0.0,0.0,0.0,0.0,0.0,0.0,827066.167,0.0,0.0,0.0,0.0,0.0,0.0,0.0,198133.1346,0.0,0.0,0.0,1464900.347,0.0,0.0,0.0,0.0,0.0,0.0,0.0,0.0,0.0,0.0,0.0,0.0,0.0,0.0,0.0,0.0,0.0,0.0,0.0,0.0,0.0,0.0,0.0,0.0,0.0,0.0,0.0,0.0,0.0,0.0,5375946.131,9,18,MD
3842.0,639.3506673,9.933909667,0.0,0.0,0.0,0.0,0.0,0.0,0.0,0.0,0.0,0.0,0.0,0.0,589760.1336,0.0,0.0,0.0,0.0,0.0,0.0,0.0,0.0,0.0,0.0,0.0,0.0,0.0,0.0,0.0,0.0,0.0,0.0,0.0,0.0,0.0,0.0,0.0,0.0,291485.1401,0.0,0.0,0.0,0.0,0.0,0.0,0.0,0.0,0.0,0.0,0.0,0.0,0.0,0.0,0.0,0.0,0.0,547713.1754,0,14,MD
3844.0,545.2748617,4.530376678,0.0,0.0,0.0,0.0,0.0,0.0,0.0,0.0,0.0,0.0,527314.508,0.0,1470047.379,0.0,0.0,0.0,0.0,0.0,257148.4562,0.0,0.0,0.0,0.0,0.0,850856.3565,0.0,0.0,0.0,1138536.088,6293489.379,0.0,0.0,0.0,0.0,1243221.873,0.0,0.0,338378.1931,0.0,0.0,758141.5007,0.0,0.0,0.0,0.0,0.0,0.0,0.0,0.0,0.0,0.0,0.0,0.0,0.0,0.0,0.0,9,0,D
3848.0,669.3271688,6.689558233,0.0,0.0,0.0,0.0,0.0,0.0,0.0,0.0,0.0,0.0,0.0,0.0,875253.1445,0.0,0.0,0.0,0.0,0.0,0.0,0.0,0.0,0.0,0.0,0.0,348927.8148,0.0,0.0,0.0,5102555.854,0.0,0.0,0.0,0.0,0.0,0.0,0.0,0.0,0.0,0.0,0.0,0.0,0.0,0.0,0.0,0.0,0.0,0.0,0.0,0.0,0.0,0.0,0.0,0.0,0.0,0.0,0.0,0,9,MD
3851.0,533.3105774,8.129780075,0.0,0.0,0.0,0.0,0.0,0.0,0.0,0.0,0.0,0.0,0.0,0.0,1406865.171,0.0,0.0,0.0,0.0,0.0,0.0,0.0,0.0,0.0,0.0,0.0,7352208.693,0.0,0.0,0.0,0.0,0.0,0.0,0.0,0.0,0.0,0.0,0.0,0.0,0.0,0.0,0.0,927697.639,0.0,0.0,0.0,0.0,0.0,3308430.672,0.0,0.0,0.0,0.0,0.0,0.0,0.0,0.0,0.0,8,0,D
3854.0,591.3171692,7.29690015,0.0,0.0,0.0,0.0,0.0,0.0,0.0,0.0,0.0,0.0,0.0,0.0,951612.2986,0.0,0.0,0.0,0.0,0.0,0.0,0.0,0.0,0.0,0.0,0.0,0.0,0.0,0.0,0.0,364875.3425,0.0,0.0,0.0,0.0,0.0,0.0,0.0,0.0,0.0,0.0,0.0,0.0,0.0,0.0,0.0,0.0,0.0,0.0,0.0,0.0,0.0,0.0,0.0,0.0,0.0,0.0,0.0,9,0,D
3858.0,390.2482649,2.224822557,0.0,0.0,0.0,0.0,0.0,0.0,0.0,0.0,0.0,0.0,228371.7574,0.0,958845.0399,0.0,4095343.913,5167572.64,0.0,0.0,4090619.782,0.0,0.0,0.0,3507515.208,0.0,1044425.288,2468998.819,0.0,0.0,0.0,0.0,0.0,0.0,0.0,0.0,0.0,0.0,2265193.242,0.0,0.0,0.0,0.0,0.0,0.0,0.0,9752629.147,9185752.581,0.0,0.0,0.0,4597656.659,0.0,0.0,19600000.0,0.0,904481.828,0.0,7,0,D
3863.0,683.3063507,4.86181665,0.0,0.0,0.0,0.0,0.0,0.0,0.0,0.0,0.0,0.0,0.0,0.0,567901.0382,0.0,0.0,0.0,0.0,0.0,0.0,0.0,5134694.933,1006559.534,0.0,0.0,2691817.771,0.0,0.0,0.0,0.0,0.0,0.0,0.0,0.0,0.0,0.0,0.0,0.0,0.0,0.0,0.0,0.0,0.0,0.0,0.0,0.0,0.0,0.0,0.0,0.0,0.0,0.0,0.0,0.0,0.0,0.0,0.0,14,0,D
3915.0,575.3574066,14.5047435,0.0,0.0,0.0,0.0,0.0,0.0,0.0,0.0,0.0,0.0,0.0,0.0,908281.815,0.0,0.0,0.0,0.0,0.0,0.0,0.0,0.0,0.0,0.0,0.0,0.0,0.0,0.0,0.0,0.0,0.0,0.0,0.0,0.0,0.0,0.0,0.0,0.0,0.0,0.0,0.0,0.0,0.0,0.0,0.0,0.0,0.0,0.0,0.0,0.0,1634663.375,0.0,0.0,0.0,0.0,0.0,0.0,12,0,D
3917.0,531.2948547,8.82327088,0.0,0.0,0.0,0.0,0.0,0.0,0.0,0.0,0.0,0.0,0.0,319277.4264,1193133.275,0.0,0.0,0.0,560083.2478,0.0,0.0,0.0,0.0,0.0,0.0,0.0,0.0,0.0,0.0,0.0,1128472.651,2007498.696,0.0,0.0,0.0,0.0,0.0,0.0,0.0,0.0,0.0,0.0,0.0,0.0,0.0,0.0,0.0,0.0,0.0,0.0,0.0,0.0,0.0,0.0,0.0,0.0,0.0,0.0,9,0,D
3920.0,549.3067932,3.695485033,0.0,0.0,0.0,0.0,0.0,0.0,0.0,0.0,0.0,0.0,0.0,0.0,368470.2715,0.0,0.0,0.0,0.0,0.0,0.0,0.0,0.0,0.0,0.0,0.0,0.0,0.0,0.0,0.0,172611.2964,0.0,0.0,0.0,0.0,0.0,0.0,0.0,0.0,1483391.042,0.0,0.0,0.0,0.0,0.0,0.0,0.0,0.0,0.0,0.0,0.0,0.0,0.0,0.0,0.0,0.0,0.0,0.0,0,9,MD
3935.0,549.3066203,5.010126533,0.0,0.0,0.0,0.0,0.0,0.0,0.0,0.0,0.0,0.0,0.0,0.0,314788.4371,0.0,0.0,0.0,0.0,0.0,0.0,0.0,0.0,0.0,0.0,0.0,0.0,0.0,0.0,0.0,0.0,470267.8495,0.0,0.0,0.0,0.0,0.0,0.0,0.0,3974105.415,0.0,0.0,0.0,0.0,0.0,0.0,0.0,0.0,0.0,0.0,0.0,0.0,0.0,0.0,0.0,0.0,0.0,0.0,12,0,D
3945.0,580.308075,5.5888964,0.0,0.0,0.0,0.0,0.0,0.0,0.0,0.0,0.0,0.0,0.0,0.0,248374.6601,0.0,0.0,0.0,0.0,0.0,0.0,0.0,0.0,0.0,0.0,0.0,0.0,0.0,0.0,0.0,0.0,0.0,0.0,0.0,0.0,0.0,0.0,0.0,0.0,0.0,0.0,0.0,0.0,0.0,0.0,0.0,0.0,0.0,0.0,0.0,0.0,0.0,0.0,0.0,0.0,0.0,0.0,0.0,0,6,MD
3953.0,639.3138123,14.413547,0.0,0.0,0.0,0.0,0.0,0.0,0.0,0.0,0.0,0.0,0.0,0.0,263303.0062,0.0,0.0,0.0,0.0,0.0,0.0,0.0,0.0,0.0,0.0,0.0,0.0,0.0,0.0,0.0,0.0,0.0,0.0,0.0,0.0,0.0,0.0,0.0,0.0,0.0,0.0,0.0,0.0,0.0,0.0,0.0,0.0,0.0,0.0,0.0,0.0,0.0,0.0,0.0,0.0,0.0,0.0,0.0,18,0,D
3963.0,587.3574158,11.9033068,0.0,0.0,0.0,0.0,0.0,0.0,0.0,0.0,0.0,0.0,0.0,0.0,543858.3238,0.0,0.0,0.0,0.0,0.0,0.0,0.0,0.0,0.0,0.0,0.0,0.0,0.0,0.0,0.0,0.0,0.0,0.0,0.0,0.0,0.0,0.0,0.0,0.0,0.0,0.0,0.0,0.0,0.0,0.0,0.0,0.0,0.0,0.0,0.0,5580738.717,5917329.339,181000000.0,0.0,0.0,0.0,17800000.0,0.0,13,13,D
3986.0,343.1538696,10.52277729,0.0,0.0,0.0,0.0,0.0,0.0,0.0,0.0,0.0,0.0,0.0,0.0,337166.5211,0.0,0.0,0.0,0.0,0.0,0.0,0.0,0.0,0.0,0.0,0.0,0.0,0.0,0.0,0.0,15900000.0,9479035.971,0.0,0.0,0.0,0.0,0.0,0.0,754917.151,1035119.131,660176.8038,0.0,0.0,0.0,0.0,0.0,0.0,0.0,0.0,0.0,0.0,0.0,0.0,0.0,0.0,0.0,0.0,1586067.081,14,0,D
4002.0,545.2746582,7.356709025,0.0,0.0,0.0,0.0,0.0,0.0,0.0,0.0,0.0,0.0,0.0,0.0,492452.2607,0.0,0.0,0.0,0.0,0.0,4599688.886,0.0,0.0,0.0,0.0,0.0,0.0,0.0,0.0,0.0,518145.0463,421929.6712,0.0,0.0,0.0,0.0,0.0,0.0,0.0,0.0,0.0,0.0,0.0,0.0,0.0,0.0,0.0,0.0,0.0,0.0,0.0,0.0,0.0,0.0,0.0,0.0,0.0,0.0,14,0,D
4019.0,773.3527222,10.6411795,0.0,0.0,0.0,0.0,0.0,0.0,0.0,0.0,0.0,0.0,0.0,0.0,419678.3511,0.0,0.0,0.0,0.0,0.0,0.0,0.0,0.0,0.0,0.0,0.0,0.0,0.0,0.0,0.0,0.0,0.0,0.0,0.0,0.0,0.0,0.0,0.0,0.0,3865825.977,0.0,0.0,0.0,0.0,0.0,0.0,0.0,0.0,0.0,0.0,0.0,0.0,0.0,0.0,0.0,0.0,0.0,0.0,10,15,MD
4021.0,361.1639038,8.7591783,0.0,0.0,0.0,0.0,0.0,0.0,0.0,0.0,0.0,0.0,0.0,0.0,399532.5708,0.0,0.0,0.0,0.0,0.0,0.0,0.0,0.0,0.0,0.0,0.0,0.0,0.0,0.0,0.0,4804703.843,3024966.353,0.0,0.0,0.0,0.0,0.0,0.0,0.0,465708.3767,0.0,0.0,0.0,0.0,0.0,0.0,0.0,0.0,0.0,0.0,0.0,0.0,0.0,0.0,0.0,0.0,0.0,648644.3671,11,0,D
4026.0,343.153537,8.7591783,0.0,0.0,0.0,0.0,0.0,0.0,0.0,0.0,0.0,0.0,0.0,0.0,395612.8716,0.0,0.0,0.0,0.0,0.0,0.0,0.0,0.0,0.0,0.0,0.0,0.0,0.0,0.0,0.0,5195867.901,3082599.588,0.0,0.0,0.0,0.0,0.0,0.0,0.0,551573.317,0.0,0.0,0.0,0.0,0.0,0.0,0.0,0.0,0.0,0.0,0.0,0.0,0.0,0.0,0.0,0.0,0.0,647864.5684,10,0,D
4034.0,601.3370552,8.9213114,0.0,0.0,0.0,0.0,0.0,0.0,0.0,0.0,0.0,0.0,0.0,0.0,258613.3062,0.0,0.0,0.0,0.0,0.0,0.0,0.0,0.0,0.0,0.0,0.0,0.0,0.0,0.0,0.0,2172818.493,3105664.798,0.0,0.0,0.0,0.0,0.0,0.0,1612053.487,4950006.503,0.0,0.0,0.0,0.0,0.0,0.0,0.0,0.0,0.0,0.0,0.0,9021427.386,2198152.317,0.0,0.0,0.0,666584.7248,0.0,8,0,D
4049.0,669.3282674,4.9150954,0.0,0.0,0.0,0.0,0.0,0.0,0.0,0.0,0.0,0.0,0.0,0.0,231715.0808,0.0,0.0,0.0,0.0,0.0,0.0,0.0,0.0,0.0,0.0,0.0,1333611.424,0.0,0.0,0.0,0.0,0.0,0.0,0.0,0.0,0.0,0.0,0.0,0.0,558986.7079,0.0,0.0,0.0,0.0,0.0,0.0,0.0,0.0,0.0,0.0,0.0,0.0,0.0,0.0,0.0,0.0,0.0,0.0,6,0,D
4074.0,601.3369141,10.6680718,0.0,0.0,0.0,0.0,0.0,0.0,0.0,0.0,0.0,0.0,0.0,0.0,238854.7788,0.0,0.0,0.0,0.0,0.0,0.0,0.0,0.0,0.0,0.0,0.0,0.0,0.0,0.0,896611.1912,500435.7464,332645.5957,0.0,0.0,0.0,0.0,0.0,0.0,0.0,621903.4382,0.0,0.0,0.0,0.0,0.0,0.0,0.0,0.0,0.0,0.0,0.0,0.0,0.0,0.0,0.0,0.0,0.0,0.0,6,0,D
4091.0,529.2795258,5.839227325,0.0,0.0,0.0,0.0,0.0,0.0,0.0,0.0,0.0,0.0,286044.2401,0.0,789348.2082,0.0,0.0,0.0,0.0,0.0,215394.7993,0.0,0.0,0.0,0.0,0.0,142124.1231,0.0,0.0,0.0,0.0,466889.2293,0.0,0.0,0.0,0.0,497880.8383,0.0,0.0,0.0,0.0,0.0,1463058.447,7480313.771,0.0,0.0,0.0,0.0,0.0,0.0,0.0,0.0,0.0,0.0,0.0,0.0,0.0,0.0,6,0,D
4097.0,511.2685496,8.477294667,0.0,0.0,0.0,0.0,0.0,0.0,0.0,0.0,0.0,0.0,0.0,0.0,239034.9725,0.0,0.0,0.0,0.0,0.0,0.0,0.0,0.0,0.0,0.0,0.0,0.0,0.0,0.0,0.0,0.0,547832.4606,0.0,0.0,0.0,0.0,0.0,0.0,0.0,0.0,0.0,0.0,1431602.648,0.0,0.0,0.0,0.0,0.0,0.0,0.0,0.0,0.0,0.0,0.0,0.0,0.0,0.0,0.0,7,0,D
4120.0,615.3527603,12.59535975,0.0,0.0,0.0,0.0,0.0,0.0,0.0,0.0,7821599.119,0.0,0.0,0.0,599607.6884,0.0,0.0,0.0,0.0,0.0,0.0,0.0,0.0,0.0,0.0,0.0,0.0,0.0,0.0,0.0,0.0,0.0,0.0,0.0,0.0,0.0,0.0,0.0,0.0,1792206.608,0.0,0.0,0.0,0.0,0.0,0.0,0.0,0.0,0.0,0.0,0.0,0.0,0.0,0.0,0.0,0.0,0.0,12800000.0,17,0,D
4124.0,557.3114197,10.865629,0.0,0.0,0.0,0.0,0.0,0.0,0.0,0.0,0.0,0.0,156750.4268,0.0,207088.6969,0.0,0.0,0.0,0.0,0.0,0.0,0.0,0.0,0.0,0.0,0.0,0.0,0.0,0.0,0.0,0.0,1788779.585,0.0,741846.2566,0.0,0.0,0.0,0.0,0.0,1012730.583,0.0,0.0,0.0,0.0,0.0,0.0,0.0,0.0,0.0,0.0,0.0,0.0,0.0,0.0,0.0,0.0,0.0,0.0,7,0,D
4132.0,669.3240356,7.6666288,0.0,0.0,0.0,0.0,0.0,0.0,0.0,0.0,0.0,0.0,0.0,0.0,205499.5653,0.0,0.0,0.0,0.0,0.0,0.0,0.0,0.0,0.0,0.0,0.0,511874.7695,0.0,0.0,0.0,0.0,0.0,0.0,0.0,0.0,0.0,0.0,0.0,0.0,0.0,0.0,0.0,0.0,0.0,0.0,0.0,0.0,0.0,0.0,0.0,0.0,0.0,0.0,0.0,0.0,0.0,0.0,0.0,10,19,MD
4138.0,551.3701782,11.854446,0.0,0.0,0.0,0.0,0.0,0.0,0.0,0.0,0.0,0.0,0.0,0.0,531562.409,0.0,0.0,0.0,0.0,0.0,0.0,0.0,0.0,0.0,0.0,0.0,0.0,0.0,0.0,0.0,0.0,0.0,0.0,0.0,0.0,0.0,0.0,0.0,0.0,0.0,0.0,0.0,0.0,0.0,0.0,0.0,0.0,0.0,0.0,0.0,0.0,0.0,0.0,0.0,0.0,0.0,0.0,0.0,18,0,D
4158.0,563.3222351,5.72268,0.0,0.0,0.0,0.0,0.0,0.0,0.0,0.0,0.0,0.0,0.0,0.0,164974.472,0.0,0.0,0.0,0.0,0.0,0.0,0.0,0.0,0.0,0.0,0.0,0.0,0.0,0.0,0.0,0.0,0.0,0.0,0.0,0.0,0.0,0.0,0.0,0.0,0.0,0.0,0.0,0.0,0.0,0.0,0.0,0.0,0.0,0.0,0.0,0.0,0.0,0.0,0.0,0.0,0.0,0.0,0.0,10,0,D
4162.0,549.306783,5.3280273,0.0,0.0,0.0,0.0,0.0,0.0,0.0,0.0,0.0,0.0,0.0,0.0,196072.0036,0.0,0.0,0.0,0.0,0.0,0.0,0.0,0.0,0.0,0.0,0.0,0.0,0.0,0.0,4408866.394,0.0,0.0,0.0,0.0,0.0,0.0,0.0,0.0,0.0,1371944.008,0.0,0.0,0.0,0.0,0.0,0.0,0.0,0.0,0.0,0.0,0.0,0.0,0.0,0.0,0.0,0.0,0.0,0.0,0,12,MD
4168.0,567.3170776,5.8078485,0.0,0.0,0.0,0.0,0.0,0.0,0.0,0.0,0.0,0.0,0.0,0.0,159599.9116,0.0,0.0,0.0,0.0,0.0,0.0,0.0,0.0,0.0,0.0,0.0,0.0,0.0,0.0,0.0,0.0,0.0,0.0,0.0,0.0,0.0,0.0,0.0,0.0,4061592.743,0.0,0.0,0.0,0.0,0.0,0.0,0.0,0.0,0.0,0.0,0.0,0.0,0.0,0.0,0.0,0.0,0.0,0.0,12,0,D
4176.0,605.3671875,12.486584,0.0,0.0,0.0,0.0,0.0,0.0,0.0,0.0,0.0,0.0,0.0,0.0,447778.4582,0.0,0.0,0.0,0.0,0.0,0.0,0.0,0.0,0.0,0.0,0.0,0.0,0.0,0.0,0.0,0.0,0.0,0.0,0.0,0.0,0.0,0.0,0.0,0.0,0.0,0.0,0.0,0.0,0.0,0.0,0.0,0.0,0.0,0.0,0.0,0.0,7096730.318,0.0,0.0,0.0,0.0,0.0,0.0,15,0,D
4200.0,481.2945836,11.00486833,0.0,0.0,0.0,0.0,0.0,0.0,0.0,0.0,7180242.576,0.0,0.0,0.0,0.0,0.0,0.0,0.0,0.0,0.0,0.0,0.0,0.0,0.0,0.0,0.0,0.0,0.0,0.0,0.0,0.0,0.0,0.0,0.0,744944.4071,0.0,0.0,0.0,0.0,0.0,0.0,0.0,6617557.975,558819.8019,0.0,0.0,0.0,0.0,154368.9551,0.0,1176327.505,0.0,0.0,0.0,0.0,0.0,0.0,0.0,0,6,MD
4222.0,498.3216934,10.80731675,0.0,0.0,0.0,0.0,0.0,0.0,0.0,0.0,4526225.342,1736715.013,264118.2581,0.0,0.0,0.0,0.0,0.0,0.0,0.0,0.0,0.0,0.0,0.0,0.0,0.0,0.0,0.0,0.0,0.0,0.0,0.0,0.0,0.0,0.0,0.0,0.0,0.0,0.0,0.0,0.0,0.0,0.0,0.0,0.0,0.0,569498.1654,0.0,0.0,0.0,0.0,0.0,0.0,0.0,0.0,0.0,0.0,0.0,0,7,MD
4233.0,439.320755,11.17783867,0.0,0.0,0.0,434351.9427,0.0,0.0,0.0,0.0,2225421.981,3139257.748,372090.6659,0.0,0.0,0.0,0.0,0.0,0.0,0.0,0.0,0.0,0.0,0.0,0.0,0.0,0.0,0.0,0.0,0.0,0.0,0.0,0.0,0.0,247839.0677,163733.4599,0.0,0.0,0.0,0.0,0.0,0.0,0.0,174482.3339,2086085.086,0.0,0.0,0.0,0.0,0.0,557657.5637,0.0,0.0,0.0,0.0,0.0,0.0,0.0,6,0,D
4235.0,498.3219376,11.161713,0.0,0.0,0.0,0.0,0.0,0.0,0.0,0.0,4293971.494,1900757.039,0.0,0.0,0.0,0.0,0.0,0.0,0.0,0.0,0.0,0.0,0.0,0.0,0.0,0.0,0.0,0.0,0.0,0.0,0.0,0.0,0.0,0.0,0.0,0.0,0.0,0.0,0.0,0.0,0.0,0.0,0.0,0.0,0.0,0.0,0.0,0.0,0.0,0.0,0.0,0.0,0.0,0.0,0.0,0.0,0.0,0.0,0,7,MD
4248.0,526.317276,3.3477741,0.0,0.0,0.0,0.0,0.0,0.0,0.0,0.0,536251.847,0.0,0.0,0.0,0.0,0.0,0.0,0.0,0.0,0.0,0.0,0.0,0.0,0.0,0.0,0.0,0.0,0.0,0.0,0.0,0.0,0.0,0.0,0.0,0.0,0.0,0.0,0.0,0.0,0.0,0.0,0.0,0.0,0.0,0.0,0.0,191073.0449,0.0,0.0,0.0,0.0,0.0,0.0,0.0,0.0,0.0,0.0,0.0,0,7,MD
4249.0,514.3174744,6.48448706,0.0,0.0,0.0,0.0,0.0,0.0,0.0,0.0,10500000.0,0.0,0.0,0.0,0.0,0.0,0.0,0.0,0.0,0.0,0.0,0.0,3767175.401,0.0,0.0,0.0,0.0,0.0,0.0,0.0,0.0,0.0,0.0,0.0,0.0,0.0,0.0,0.0,0.0,0.0,0.0,0.0,0.0,205815.199,0.0,0.0,0.0,0.0,221425.0127,0.0,3498693.881,0.0,0.0,0.0,0.0,0.0,0.0,0.0,0,8,MD
4305.0,482.3268661,11.5865445,0.0,0.0,0.0,0.0,0.0,0.0,0.0,0.0,1198634.374,0.0,0.0,0.0,0.0,0.0,0.0,0.0,0.0,0.0,0.0,0.0,0.0,0.0,0.0,0.0,0.0,0.0,0.0,0.0,0.0,0.0,0.0,0.0,0.0,0.0,0.0,0.0,0.0,0.0,0.0,0.0,0.0,0.0,0.0,0.0,0.0,0.0,0.0,0.0,1748408.034,0.0,0.0,0.0,0.0,0.0,0.0,0.0,0,6,MD
4332.0,635.3214518,12.43153233,0.0,0.0,0.0,1540557.395,0.0,0.0,0.0,0.0,558329.1364,517627.8614,604229.0206,5287537.167,0.0,0.0,0.0,0.0,843446.723,0.0,0.0,0.0,0.0,0.0,0.0,0.0,501628.0042,0.0,0.0,0.0,0.0,0.0,0.0,0.0,0.0,0.0,0.0,0.0,0.0,0.0,0.0,0.0,1312558.97,0.0,0.0,0.0,0.0,0.0,754201.3434,0.0,0.0,0.0,0.0,0.0,0.0,0.0,0.0,0.0,11,0,D
4340.0,485.2189026,3.555335,0.0,0.0,0.0,0.0,0.0,0.0,0.0,0.0,332067.1666,0.0,0.0,0.0,0.0,0.0,0.0,0.0,0.0,0.0,0.0,0.0,0.0,0.0,0.0,0.0,0.0,0.0,0.0,0.0,0.0,0.0,0.0,0.0,0.0,0.0,0.0,0.0,0.0,0.0,0.0,0.0,0.0,0.0,0.0,0.0,0.0,0.0,0.0,0.0,0.0,0.0,0.0,0.0,0.0,0.0,0.0,0.0,9,0,D
4374.0,513.2847334,6.139653586,0.0,0.0,0.0,0.0,0.0,0.0,0.0,0.0,698681.4684,0.0,0.0,0.0,0.0,0.0,0.0,0.0,0.0,0.0,0.0,0.0,0.0,0.0,0.0,0.0,0.0,0.0,0.0,0.0,0.0,461768.918,0.0,0.0,1831550.687,0.0,0.0,0.0,0.0,0.0,0.0,0.0,167000000.0,19600000.0,0.0,0.0,0.0,0.0,262665.0454,0.0,1200702.348,0.0,0.0,0.0,0.0,0.0,0.0,0.0,0,7,MD
4375.0,527.2634155,2.73971546,0.0,0.0,0.0,0.0,0.0,0.0,0.0,0.0,180273.3082,36100000.0,0.0,0.0,0.0,0.0,0.0,0.0,0.0,0.0,0.0,0.0,0.0,0.0,0.0,0.0,0.0,0.0,0.0,0.0,0.0,0.0,0.0,0.0,0.0,0.0,0.0,0.0,0.0,0.0,0.0,0.0,199950.2155,0.0,0.0,0.0,7958612.814,0.0,0.0,0.0,17400000.0,0.0,0.0,0.0,0.0,0.0,0.0,0.0,0,6,MD
4385.0,479.2792225,10.00460456,0.0,0.0,0.0,177804.0931,0.0,0.0,0.0,0.0,482249.2954,0.0,0.0,0.0,0.0,0.0,0.0,0.0,0.0,0.0,0.0,0.0,3749701.347,0.0,0.0,0.0,0.0,0.0,0.0,0.0,0.0,0.0,0.0,0.0,886913.5118,0.0,0.0,0.0,0.0,0.0,0.0,0.0,8328136.103,854290.3793,0.0,0.0,0.0,0.0,0.0,0.0,12400000.0,0.0,0.0,0.0,0.0,0.0,142803.7777,0.0,6,0,D
4412.0,497.2894135,7.20273265,0.0,0.0,0.0,0.0,0.0,0.0,0.0,0.0,2592408.032,910792.8484,0.0,0.0,0.0,0.0,0.0,0.0,0.0,0.0,0.0,0.0,0.0,0.0,0.0,0.0,0.0,0.0,0.0,0.0,0.0,0.0,0.0,0.0,0.0,0.0,0.0,0.0,0.0,0.0,0.0,0.0,0.0,0.0,0.0,0.0,0.0,0.0,0.0,0.0,0.0,0.0,0.0,0.0,0.0,0.0,0.0,0.0,0,11,MD
4430.0,498.3219757,7.096638583,0.0,0.0,0.0,0.0,0.0,0.0,0.0,0.0,182462.422,8277950.092,0.0,0.0,0.0,0.0,0.0,361392.2307,0.0,0.0,0.0,0.0,1444346.186,0.0,0.0,0.0,0.0,0.0,0.0,0.0,0.0,0.0,0.0,0.0,0.0,0.0,0.0,0.0,0.0,0.0,0.0,0.0,0.0,0.0,192827.8615,0.0,500516.7974,0.0,0.0,0.0,0.0,0.0,0.0,0.0,0.0,0.0,0.0,0.0,0,7,MD
4437.0,647.2850952,9.87729608,0.0,0.0,0.0,716271.1825,0.0,43500000.0,0.0,0.0,188875.8458,0.0,0.0,0.0,0.0,0.0,0.0,0.0,0.0,151309.5793,0.0,0.0,0.0,0.0,0.0,0.0,7772752.551,0.0,0.0,0.0,0.0,0.0,0.0,0.0,0.0,0.0,0.0,0.0,0.0,0.0,0.0,0.0,0.0,0.0,0.0,0.0,0.0,0.0,0.0,0.0,0.0,0.0,0.0,0.0,0.0,0.0,0.0,0.0,12,0,D
4455.0,313.1796646,7.9622352,0.0,0.0,0.0,0.0,0.0,629629.3648,0.0,0.0,0.0,134000000.0,0.0,0.0,0.0,0.0,0.0,0.0,0.0,0.0,0.0,0.0,0.0,0.0,0.0,0.0,0.0,0.0,0.0,0.0,0.0,0.0,0.0,14100000.0,15700000.0,0.0,0.0,0.0,0.0,0.0,0.0,0.0,0.0,0.0,0.0,0.0,0.0,0.0,0.0,0.0,0.0,0.0,0.0,0.0,0.0,0.0,0.0,0.0,6,0,D
4486.0,455.278492,9.966243475,0.0,0.0,0.0,0.0,0.0,0.0,0.0,0.0,0.0,9634499.862,0.0,0.0,0.0,0.0,0.0,1970695.743,0.0,0.0,0.0,0.0,0.0,0.0,0.0,0.0,0.0,0.0,0.0,0.0,0.0,0.0,0.0,26800000.0,111000000.0,0.0,0.0,0.0,0.0,0.0,0.0,0.0,0.0,0.0,0.0,0.0,0.0,0.0,0.0,0.0,0.0,0.0,0.0,0.0,0.0,0.0,0.0,0.0,7,0,D
4491.0,313.1796061,2.036654133,0.0,0.0,0.0,0.0,0.0,974724.1445,0.0,0.0,0.0,5068059.552,0.0,0.0,0.0,0.0,0.0,0.0,0.0,0.0,0.0,0.0,0.0,0.0,0.0,0.0,0.0,0.0,0.0,0.0,0.0,0.0,0.0,0.0,2060965.522,0.0,0.0,0.0,0.0,0.0,0.0,0.0,0.0,0.0,0.0,0.0,0.0,0.0,0.0,0.0,0.0,0.0,0.0,0.0,0.0,0.0,0.0,0.0,6,0,D
4522.0,313.1796875,6.7614303,0.0,0.0,0.0,0.0,0.0,2036986.896,0.0,0.0,0.0,5083344.623,0.0,0.0,0.0,0.0,0.0,0.0,0.0,0.0,0.0,0.0,0.0,0.0,0.0,0.0,0.0,0.0,0.0,0.0,0.0,0.0,0.0,376999.5668,0.0,0.0,0.0,0.0,0.0,0.0,0.0,0.0,0.0,0.0,0.0,0.0,0.0,0.0,0.0,0.0,0.0,0.0,0.0,0.0,0.0,0.0,0.0,0.0,6,0,D
4524.0,331.1897329,7.959050467,0.0,0.0,0.0,0.0,0.0,0.0,0.0,0.0,0.0,4211459.801,0.0,0.0,0.0,0.0,0.0,0.0,0.0,0.0,0.0,0.0,0.0,0.0,0.0,0.0,0.0,0.0,0.0,0.0,0.0,0.0,0.0,256020.8804,402759.1161,0.0,0.0,0.0,0.0,0.0,0.0,0.0,0.0,0.0,0.0,0.0,0.0,0.0,0.0,0.0,0.0,0.0,0.0,0.0,0.0,0.0,0.0,0.0,13,0,D
4533.0,513.2844282,3.730630571,0.0,0.0,0.0,0.0,0.0,1021544.615,0.0,0.0,0.0,28200000.0,0.0,0.0,0.0,0.0,0.0,0.0,0.0,0.0,0.0,0.0,1249697.637,0.0,0.0,0.0,0.0,0.0,0.0,0.0,0.0,0.0,0.0,0.0,0.0,0.0,0.0,0.0,0.0,0.0,0.0,0.0,0.0,426588.4905,0.0,0.0,7851946.09,0.0,1056139.21,0.0,28800000.0,0.0,0.0,0.0,0.0,0.0,0.0,0.0,0,9,MD
4559.0,564.31663,4.25934955,0.0,0.0,0.0,0.0,0.0,0.0,0.0,0.0,0.0,9750941.689,0.0,0.0,0.0,0.0,0.0,0.0,186510.7628,0.0,173643.5338,0.0,0.0,0.0,0.0,0.0,1926015.986,0.0,0.0,0.0,0.0,3941734.584,0.0,0.0,0.0,0.0,0.0,0.0,0.0,0.0,0.0,0.0,0.0,0.0,0.0,0.0,1286319.901,0.0,0.0,0.0,0.0,0.0,0.0,0.0,0.0,0.0,0.0,0.0,10,0,D
4570.0,313.1797333,7.5878311,0.0,0.0,0.0,0.0,0.0,455157.4293,0.0,0.0,0.0,3037381.804,0.0,0.0,0.0,0.0,0.0,0.0,0.0,0.0,0.0,0.0,0.0,0.0,0.0,0.0,0.0,0.0,0.0,0.0,0.0,0.0,0.0,0.0,0.0,0.0,0.0,0.0,0.0,0.0,0.0,0.0,0.0,0.0,0.0,0.0,0.0,0.0,0.0,0.0,0.0,0.0,0.0,0.0,0.0,0.0,0.0,0.0,6,0,D
4582.0,518.3475952,9.2492352,0.0,0.0,0.0,0.0,0.0,0.0,0.0,0.0,0.0,7741565.395,0.0,0.0,0.0,0.0,0.0,0.0,0.0,0.0,0.0,0.0,0.0,0.0,0.0,0.0,0.0,0.0,0.0,0.0,0.0,0.0,0.0,0.0,0.0,0.0,0.0,0.0,0.0,0.0,0.0,0.0,0.0,0.0,0.0,0.0,0.0,0.0,0.0,0.0,0.0,0.0,0.0,0.0,0.0,0.0,0.0,0.0,0,7,MD
4583.0,530.3124695,3.4833681,0.0,0.0,0.0,0.0,0.0,0.0,0.0,0.0,0.0,12000000.0,0.0,0.0,0.0,0.0,0.0,0.0,0.0,0.0,0.0,0.0,765709.6153,0.0,0.0,0.0,0.0,0.0,0.0,0.0,0.0,0.0,0.0,0.0,0.0,0.0,0.0,0.0,0.0,0.0,0.0,0.0,0.0,0.0,0.0,0.0,0.0,0.0,0.0,0.0,1174110.475,0.0,0.0,0.0,0.0,0.0,0.0,0.0,0,6,MD
4586.0,561.3302002,2.678102,0.0,0.0,0.0,0.0,0.0,0.0,0.0,0.0,0.0,1722345.89,0.0,0.0,0.0,0.0,0.0,0.0,0.0,0.0,0.0,0.0,0.0,0.0,0.0,0.0,0.0,0.0,0.0,0.0,0.0,0.0,0.0,0.0,0.0,0.0,0.0,0.0,0.0,0.0,0.0,0.0,0.0,0.0,0.0,0.0,0.0,0.0,0.0,0.0,0.0,0.0,0.0,0.0,0.0,0.0,0.0,0.0,0,9,MD
4595.0,497.2888641,6.5490982,0.0,0.0,0.0,0.0,0.0,0.0,0.0,0.0,0.0,5535414.075,0.0,0.0,0.0,0.0,0.0,0.0,0.0,0.0,0.0,0.0,479224.6112,0.0,0.0,0.0,0.0,0.0,0.0,0.0,0.0,0.0,0.0,0.0,0.0,0.0,0.0,0.0,0.0,0.0,0.0,0.0,0.0,0.0,0.0,0.0,0.0,0.0,0.0,0.0,0.0,0.0,0.0,0.0,0.0,0.0,0.0,0.0,0,7,MD
4603.0,313.1796417,8.95638305,0.0,0.0,0.0,0.0,0.0,3339063.591,0.0,0.0,0.0,2051222.201,0.0,0.0,0.0,0.0,0.0,0.0,0.0,0.0,0.0,0.0,0.0,0.0,0.0,0.0,0.0,0.0,0.0,0.0,0.0,0.0,0.0,0.0,0.0,0.0,0.0,0.0,0.0,0.0,0.0,0.0,0.0,0.0,0.0,0.0,0.0,0.0,0.0,0.0,0.0,0.0,0.0,0.0,0.0,0.0,0.0,0.0,7,0,D
4604.0,313.179657,6.6228737,0.0,0.0,0.0,0.0,0.0,0.0,0.0,0.0,0.0,1537873.499,0.0,0.0,0.0,0.0,0.0,0.0,0.0,0.0,0.0,0.0,0.0,0.0,0.0,0.0,0.0,0.0,0.0,0.0,0.0,0.0,0.0,0.0,0.0,0.0,0.0,0.0,0.0,0.0,0.0,0.0,0.0,0.0,0.0,0.0,0.0,0.0,0.0,0.0,0.0,0.0,0.0,0.0,0.0,0.0,0.0,0.0,6,0,D
4612.0,514.3169454,3.063856867,0.0,0.0,0.0,0.0,0.0,0.0,0.0,0.0,0.0,1259318.673,0.0,0.0,0.0,0.0,0.0,1490245.597,0.0,0.0,0.0,0.0,0.0,0.0,0.0,0.0,0.0,0.0,0.0,0.0,0.0,0.0,0.0,0.0,0.0,0.0,0.0,0.0,0.0,0.0,0.0,0.0,0.0,0.0,0.0,0.0,1850686.419,0.0,0.0,0.0,0.0,0.0,0.0,0.0,0.0,0.0,0.0,0.0,0,6,MD
4638.0,473.2896423,13.73233267,0.0,0.0,0.0,0.0,0.0,0.0,0.0,0.0,0.0,1095902.098,0.0,0.0,0.0,0.0,0.0,0.0,0.0,0.0,0.0,0.0,0.0,0.0,0.0,0.0,0.0,0.0,0.0,0.0,0.0,0.0,0.0,732640.1062,4696694.152,0.0,0.0,0.0,0.0,0.0,0.0,0.0,0.0,0.0,0.0,0.0,0.0,0.0,0.0,0.0,0.0,0.0,0.0,0.0,0.0,0.0,0.0,0.0,6,0,D
4651.0,528.3321228,3.1411024,0.0,0.0,0.0,0.0,0.0,0.0,0.0,0.0,0.0,878446.388,0.0,0.0,0.0,0.0,0.0,0.0,0.0,0.0,0.0,0.0,0.0,0.0,0.0,0.0,0.0,0.0,0.0,0.0,0.0,0.0,0.0,0.0,0.0,0.0,0.0,0.0,0.0,0.0,0.0,0.0,0.0,0.0,0.0,0.0,0.0,0.0,0.0,0.0,0.0,0.0,0.0,0.0,0.0,0.0,0.0,0.0,0,6,MD
4666.0,499.3050435,11.03201667,0.0,0.0,0.0,0.0,0.0,0.0,0.0,0.0,0.0,396279.3963,0.0,0.0,0.0,0.0,0.0,0.0,0.0,0.0,0.0,0.0,159482.9598,0.0,0.0,0.0,0.0,0.0,0.0,0.0,0.0,0.0,0.0,0.0,725690.5531,0.0,0.0,0.0,0.0,0.0,0.0,0.0,35500000.0,3685717.883,0.0,0.0,0.0,0.0,2025452.404,0.0,0.0,0.0,0.0,0.0,0.0,0.0,0.0,0.0,6,0,D
4680.0,483.3100194,12.00419,0.0,0.0,0.0,0.0,0.0,0.0,0.0,0.0,0.0,2748450.853,0.0,0.0,0.0,0.0,0.0,0.0,0.0,0.0,0.0,0.0,0.0,0.0,0.0,0.0,0.0,0.0,0.0,0.0,0.0,0.0,0.0,820642.4586,2976385.653,0.0,0.0,0.0,0.0,0.0,0.0,0.0,17200000.0,2667067.871,0.0,0.0,0.0,0.0,587785.5914,0.0,0.0,0.0,0.0,0.0,0.0,0.0,0.0,1114010.113,6,0,D
4682.0,497.2891541,7.8623294,0.0,0.0,0.0,0.0,0.0,0.0,0.0,0.0,0.0,1018475.099,0.0,0.0,0.0,0.0,0.0,0.0,0.0,0.0,0.0,0.0,0.0,0.0,0.0,0.0,0.0,0.0,0.0,0.0,0.0,0.0,0.0,0.0,0.0,0.0,0.0,0.0,0.0,0.0,0.0,0.0,0.0,0.0,0.0,0.0,0.0,0.0,0.0,0.0,0.0,0.0,0.0,0.0,0.0,0.0,0.0,0.0,0,6,MD
4697.0,487.3057048,10.976154,0.0,0.0,0.0,0.0,0.0,0.0,0.0,0.0,0.0,454265.0103,0.0,0.0,0.0,0.0,0.0,260052.9752,0.0,0.0,0.0,0.0,0.0,0.0,0.0,0.0,0.0,0.0,0.0,0.0,0.0,0.0,0.0,0.0,7825451.95,0.0,0.0,0.0,0.0,0.0,0.0,0.0,0.0,0.0,0.0,0.0,0.0,0.0,0.0,0.0,0.0,0.0,0.0,0.0,0.0,0.0,0.0,0.0,6,0,D
4701.0,471.2741623,8.752398625,0.0,0.0,0.0,0.0,0.0,0.0,0.0,0.0,0.0,727358.656,0.0,0.0,0.0,0.0,0.0,0.0,0.0,0.0,0.0,0.0,0.0,0.0,0.0,0.0,0.0,0.0,0.0,0.0,0.0,0.0,0.0,1667174.734,9495937.004,0.0,0.0,0.0,0.0,0.0,0.0,0.0,0.0,0.0,0.0,0.0,0.0,0.0,0.0,0.0,0.0,0.0,0.0,0.0,0.0,0.0,691565.2375,0.0,6,0,D
4709.0,497.2888489,8.694539,0.0,0.0,0.0,0.0,0.0,0.0,0.0,0.0,0.0,1855057.329,0.0,0.0,0.0,0.0,0.0,0.0,0.0,0.0,0.0,0.0,0.0,0.0,0.0,0.0,0.0,0.0,0.0,0.0,0.0,0.0,0.0,0.0,0.0,0.0,0.0,0.0,0.0,0.0,0.0,0.0,0.0,0.0,0.0,0.0,0.0,0.0,0.0,0.0,854110.8716,0.0,0.0,0.0,0.0,0.0,0.0,0.0,0,6,MD
4710.0,501.3204324,11.90190529,0.0,0.0,0.0,0.0,0.0,0.0,0.0,0.0,0.0,676764.4442,0.0,0.0,0.0,0.0,0.0,596988.8999,0.0,0.0,0.0,0.0,0.0,0.0,0.0,0.0,0.0,0.0,0.0,0.0,0.0,0.0,0.0,6810022.967,317074.1962,0.0,0.0,0.0,0.0,0.0,0.0,0.0,109000000.0,14500000.0,0.0,0.0,0.0,0.0,0.0,0.0,0.0,0.0,0.0,0.0,0.0,0.0,0.0,10200000.0,6,0,D
4727.0,473.2900238,4.535027033,0.0,0.0,0.0,0.0,0.0,0.0,0.0,0.0,0.0,495299.7377,0.0,0.0,0.0,0.0,0.0,0.0,0.0,0.0,0.0,0.0,0.0,0.0,0.0,0.0,0.0,0.0,0.0,0.0,0.0,0.0,0.0,488776.7973,3369472.223,0.0,0.0,0.0,0.0,0.0,0.0,0.0,0.0,0.0,0.0,0.0,0.0,0.0,0.0,0.0,0.0,0.0,0.0,0.0,0.0,0.0,0.0,0.0,6,0,D
4741.0,313.1797409,7.12129175,0.0,0.0,0.0,0.0,0.0,3030742.049,0.0,0.0,0.0,387186.125,0.0,0.0,0.0,0.0,0.0,0.0,0.0,0.0,0.0,0.0,0.0,0.0,0.0,0.0,0.0,0.0,0.0,0.0,0.0,0.0,0.0,0.0,0.0,0.0,0.0,0.0,0.0,0.0,0.0,0.0,0.0,0.0,0.0,0.0,0.0,0.0,0.0,0.0,0.0,0.0,0.0,0.0,0.0,0.0,0.0,0.0,6,0,D
4742.0,560.3218384,2.75366695,0.0,0.0,0.0,0.0,0.0,0.0,0.0,0.0,0.0,1889235.406,0.0,0.0,0.0,0.0,0.0,0.0,0.0,0.0,0.0,0.0,0.0,0.0,0.0,0.0,0.0,0.0,0.0,0.0,0.0,0.0,0.0,0.0,0.0,0.0,0.0,0.0,0.0,0.0,0.0,0.0,0.0,0.0,0.0,0.0,5761634.644,0.0,0.0,0.0,0.0,0.0,0.0,0.0,0.0,0.0,0.0,0.0,0,9,MD
4745.0,485.2545929,6.4549115,0.0,0.0,0.0,0.0,0.0,0.0,0.0,0.0,0.0,936074.0632,0.0,0.0,0.0,0.0,0.0,0.0,0.0,0.0,0.0,0.0,0.0,0.0,0.0,0.0,0.0,0.0,0.0,0.0,0.0,0.0,0.0,0.0,0.0,0.0,0.0,0.0,0.0,0.0,0.0,0.0,0.0,0.0,0.0,0.0,0.0,0.0,0.0,0.0,0.0,0.0,0.0,0.0,0.0,0.0,0.0,0.0,0,7,MD
4750.0,511.2694794,7.15220742,0.0,0.0,0.0,0.0,0.0,233852.2461,0.0,0.0,0.0,1663546.71,0.0,0.0,0.0,0.0,0.0,0.0,0.0,0.0,0.0,0.0,0.0,0.0,0.0,0.0,0.0,0.0,0.0,0.0,0.0,0.0,0.0,0.0,0.0,0.0,0.0,0.0,0.0,0.0,0.0,0.0,25800000.0,1896013.382,0.0,0.0,0.0,0.0,888579.2185,0.0,0.0,0.0,0.0,0.0,0.0,0.0,0.0,0.0,7,6,D
4759.0,544.3275859,3.462000467,0.0,0.0,0.0,0.0,0.0,985386.6411,0.0,0.0,0.0,5272799.864,0.0,0.0,0.0,0.0,0.0,325777.9951,0.0,0.0,0.0,0.0,0.0,0.0,0.0,0.0,0.0,0.0,0.0,0.0,0.0,0.0,0.0,0.0,0.0,0.0,0.0,0.0,0.0,0.0,0.0,0.0,0.0,0.0,0.0,0.0,0.0,0.0,0.0,0.0,0.0,0.0,0.0,0.0,0.0,0.0,0.0,0.0,0,6,MD
4779.0,497.2868347,3.5733201,0.0,0.0,0.0,0.0,0.0,0.0,0.0,0.0,0.0,269399.9355,0.0,0.0,0.0,0.0,0.0,0.0,0.0,0.0,0.0,0.0,0.0,0.0,0.0,0.0,0.0,0.0,0.0,0.0,0.0,0.0,0.0,0.0,0.0,0.0,0.0,0.0,0.0,0.0,0.0,0.0,0.0,0.0,0.0,0.0,257860.8601,0.0,0.0,0.0,0.0,0.0,0.0,0.0,0.0,0.0,0.0,0.0,0,7,MD
4782.0,640.3108826,5.100493378,0.0,0.0,0.0,0.0,0.0,0.0,0.0,0.0,0.0,490362.2072,0.0,0.0,0.0,0.0,0.0,239794.5543,198233.3238,0.0,0.0,0.0,0.0,0.0,0.0,0.0,2670221.551,0.0,0.0,0.0,0.0,0.0,0.0,0.0,3247200.881,0.0,4869731.408,0.0,0.0,0.0,0.0,0.0,13400000.0,18600000.0,0.0,0.0,2632595.588,0.0,0.0,0.0,0.0,0.0,0.0,0.0,0.0,0.0,0.0,0.0,17,0,D
4783.0,640.3111084,3.43555414,0.0,0.0,0.0,0.0,0.0,0.0,0.0,0.0,0.0,232818.4547,0.0,0.0,0.0,0.0,0.0,559477.9342,0.0,0.0,0.0,0.0,0.0,0.0,0.0,0.0,20600000.0,0.0,0.0,0.0,0.0,0.0,0.0,0.0,0.0,0.0,0.0,0.0,0.0,0.0,0.0,0.0,0.0,0.0,0.0,0.0,237547.9526,0.0,37000000.0,0.0,0.0,0.0,0.0,0.0,0.0,0.0,0.0,0.0,10,0,D
4784.0,499.3044205,6.3134776,0.0,0.0,0.0,0.0,0.0,0.0,0.0,0.0,0.0,5089042.71,0.0,0.0,0.0,0.0,0.0,0.0,0.0,0.0,0.0,0.0,0.0,0.0,0.0,0.0,0.0,0.0,0.0,0.0,0.0,0.0,0.0,0.0,0.0,0.0,0.0,0.0,0.0,0.0,0.0,0.0,0.0,0.0,0.0,0.0,0.0,0.0,0.0,0.0,1640627.322,0.0,0.0,0.0,0.0,0.0,0.0,0.0,0,7,MD
4815.0,899.5657087,14.872875,0.0,0.0,0.0,0.0,0.0,0.0,0.0,0.0,0.0,438553.1105,0.0,0.0,0.0,0.0,0.0,0.0,0.0,0.0,0.0,0.0,0.0,0.0,0.0,0.0,0.0,0.0,0.0,0.0,0.0,0.0,0.0,0.0,464683.0755,35100000.0,0.0,5650955.119,0.0,0.0,0.0,0.0,9808172.414,0.0,16500000.0,0.0,0.0,0.0,1068062.03,0.0,0.0,0.0,0.0,0.0,0.0,0.0,0.0,0.0,7,0,D
4820.0,530.3108978,8.0204928,0.0,0.0,0.0,0.0,0.0,0.0,0.0,0.0,0.0,966677.5094,0.0,0.0,0.0,0.0,0.0,0.0,0.0,0.0,0.0,0.0,0.0,0.0,0.0,0.0,0.0,0.0,0.0,0.0,0.0,0.0,0.0,0.0,0.0,0.0,0.0,0.0,0.0,0.0,0.0,0.0,0.0,0.0,0.0,0.0,0.0,0.0,0.0,0.0,1349467.912,0.0,0.0,0.0,0.0,0.0,0.0,0.0,0,6,MD
4824.0,514.3165283,9.4499015,0.0,0.0,0.0,0.0,0.0,0.0,0.0,0.0,0.0,746384.9319,0.0,0.0,0.0,0.0,0.0,0.0,0.0,0.0,0.0,0.0,0.0,0.0,0.0,0.0,0.0,0.0,0.0,0.0,0.0,0.0,0.0,0.0,0.0,0.0,0.0,0.0,0.0,0.0,0.0,0.0,0.0,0.0,0.0,0.0,0.0,0.0,0.0,0.0,0.0,0.0,0.0,0.0,0.0,0.0,0.0,0.0,0,6,MD
4829.0,497.2896627,9.794007467,0.0,0.0,0.0,0.0,0.0,0.0,0.0,0.0,0.0,438386.4046,0.0,0.0,0.0,0.0,0.0,0.0,0.0,0.0,0.0,0.0,0.0,0.0,0.0,0.0,0.0,0.0,0.0,0.0,0.0,0.0,0.0,1096858.133,5450139.09,0.0,0.0,0.0,0.0,0.0,0.0,0.0,0.0,0.0,0.0,0.0,0.0,0.0,0.0,0.0,0.0,0.0,0.0,0.0,0.0,0.0,0.0,0.0,6,0,D
4833.0,497.2898916,10.22025967,0.0,0.0,0.0,0.0,0.0,646134.2019,0.0,0.0,0.0,529905.6123,0.0,0.0,0.0,0.0,0.0,0.0,0.0,0.0,0.0,0.0,0.0,0.0,0.0,0.0,0.0,0.0,0.0,0.0,0.0,0.0,0.0,0.0,984158.3289,0.0,0.0,0.0,0.0,0.0,0.0,0.0,52800000.0,5537809.558,0.0,0.0,0.0,0.0,1845563.028,0.0,0.0,0.0,0.0,0.0,0.0,0.0,0.0,0.0,6,0,D
4845.0,497.2888489,8.1133124,0.0,0.0,0.0,0.0,0.0,0.0,0.0,0.0,0.0,208613.6518,0.0,0.0,0.0,0.0,0.0,0.0,0.0,0.0,0.0,0.0,0.0,0.0,0.0,0.0,9998541.478,0.0,0.0,0.0,0.0,0.0,0.0,0.0,0.0,0.0,0.0,0.0,0.0,0.0,0.0,0.0,0.0,0.0,0.0,0.0,0.0,0.0,3039377.872,0.0,0.0,0.0,0.0,0.0,0.0,0.0,0.0,0.0,12,0,D
4848.0,530.3480021,5.395411133,0.0,0.0,0.0,0.0,0.0,0.0,0.0,0.0,0.0,2970960.124,0.0,0.0,0.0,0.0,0.0,0.0,0.0,0.0,0.0,0.0,0.0,0.0,0.0,0.0,0.0,0.0,0.0,0.0,0.0,0.0,0.0,0.0,0.0,0.0,0.0,0.0,0.0,0.0,0.0,0.0,0.0,0.0,0.0,0.0,0.0,323498.4506,0.0,0.0,755203.1968,0.0,0.0,0.0,0.0,0.0,0.0,0.0,0,6,MD
4855.0,471.2746684,9.103950433,0.0,0.0,0.0,0.0,0.0,0.0,0.0,0.0,0.0,217405.484,0.0,0.0,0.0,0.0,0.0,0.0,0.0,0.0,0.0,0.0,0.0,0.0,0.0,0.0,0.0,0.0,0.0,0.0,0.0,0.0,0.0,544710.0923,4958483.3,0.0,0.0,0.0,0.0,0.0,0.0,0.0,0.0,0.0,0.0,0.0,0.0,0.0,0.0,0.0,0.0,0.0,0.0,0.0,0.0,0.0,0.0,0.0,8,0,D
4856.0,473.2899272,10.59662367,0.0,0.0,0.0,0.0,0.0,0.0,0.0,0.0,0.0,187324.0777,0.0,0.0,0.0,0.0,0.0,0.0,0.0,0.0,0.0,0.0,0.0,0.0,0.0,0.0,0.0,0.0,0.0,0.0,0.0,0.0,0.0,2834550.623,15200000.0,0.0,0.0,0.0,0.0,0.0,0.0,0.0,0.0,0.0,0.0,0.0,0.0,0.0,0.0,0.0,0.0,0.0,0.0,0.0,0.0,0.0,0.0,0.0,6,0,D
4857.0,528.2966919,3.2382153,0.0,0.0,0.0,0.0,0.0,0.0,0.0,0.0,0.0,1021204.235,0.0,0.0,0.0,0.0,0.0,0.0,0.0,0.0,0.0,0.0,0.0,0.0,0.0,0.0,0.0,0.0,0.0,0.0,0.0,0.0,0.0,0.0,0.0,0.0,0.0,0.0,0.0,0.0,0.0,0.0,0.0,0.0,0.0,0.0,0.0,0.0,0.0,0.0,0.0,0.0,0.0,0.0,0.0,0.0,0.0,0.0,0,8,MD
4858.0,361.1993561,5.28428095,0.0,0.0,0.0,0.0,0.0,0.0,0.0,0.0,0.0,188440.0802,0.0,0.0,0.0,0.0,0.0,0.0,0.0,0.0,0.0,0.0,0.0,0.0,0.0,0.0,0.0,0.0,0.0,0.0,0.0,0.0,0.0,0.0,0.0,0.0,1680476.787,0.0,0.0,0.0,0.0,0.0,0.0,0.0,0.0,0.0,0.0,0.0,0.0,0.0,0.0,0.0,0.0,0.0,0.0,0.0,0.0,0.0,7,0,D
4859.0,499.3052419,10.91820717,0.0,0.0,0.0,0.0,0.0,0.0,0.0,0.0,0.0,193573.8224,0.0,0.0,0.0,0.0,0.0,0.0,0.0,0.0,0.0,0.0,0.0,0.0,0.0,0.0,0.0,0.0,0.0,0.0,0.0,0.0,0.0,1232040.265,3826152.769,0.0,0.0,0.0,0.0,0.0,0.0,0.0,9168747.51,534066.504,0.0,0.0,0.0,0.0,0.0,0.0,0.0,0.0,0.0,0.0,0.0,0.0,0.0,1589640.388,6,0,D
4861.0,471.2744789,9.365746175,0.0,0.0,0.0,0.0,0.0,0.0,0.0,0.0,0.0,177898.1249,0.0,0.0,0.0,0.0,0.0,473380.4442,0.0,0.0,0.0,0.0,0.0,0.0,0.0,0.0,0.0,0.0,0.0,0.0,0.0,0.0,0.0,576528.4009,3842194.301,0.0,0.0,0.0,0.0,0.0,0.0,0.0,0.0,0.0,0.0,0.0,0.0,0.0,0.0,0.0,0.0,0.0,0.0,0.0,0.0,0.0,0.0,0.0,6,0,D
4869.0,311.1637845,12.00199356,0.0,0.0,0.0,0.0,0.0,897855.8753,0.0,0.0,0.0,158625.2418,0.0,0.0,0.0,0.0,0.0,0.0,0.0,0.0,0.0,0.0,0.0,0.0,0.0,0.0,0.0,0.0,0.0,0.0,0.0,2887746.291,0.0,3845907.121,13200000.0,0.0,0.0,0.0,0.0,0.0,0.0,0.0,52000000.0,6390795.895,0.0,0.0,0.0,0.0,1550135.513,0.0,0.0,0.0,0.0,0.0,0.0,0.0,0.0,3462117.947,13,0,D
4884.0,459.2739105,8.9503448,0.0,0.0,0.0,0.0,0.0,0.0,0.0,0.0,0.0,0.0,0.0,0.0,0.0,0.0,0.0,0.0,0.0,0.0,0.0,0.0,0.0,0.0,0.0,0.0,0.0,0.0,0.0,0.0,0.0,0.0,0.0,4749849.011,13600000.0,0.0,0.0,0.0,0.0,0.0,0.0,0.0,0.0,0.0,0.0,0.0,0.0,0.0,0.0,0.0,0.0,0.0,0.0,0.0,0.0,0.0,0.0,0.0,6,0,D
4895.0,641.3682912,14.07906767,0.0,0.0,0.0,0.0,0.0,0.0,0.0,0.0,0.0,0.0,0.0,1138869.716,0.0,0.0,0.0,0.0,0.0,0.0,0.0,0.0,0.0,0.0,0.0,0.0,0.0,0.0,0.0,0.0,0.0,0.0,0.0,2840797.306,3993602.698,0.0,5062556.62,0.0,0.0,0.0,0.0,0.0,2869571.535,0.0,0.0,0.0,0.0,0.0,363464.3754,0.0,0.0,0.0,0.0,0.0,0.0,0.0,0.0,0.0,19,0,D
4909.0,501.3206482,12.0584435,0.0,0.0,0.0,0.0,0.0,1010240.932,0.0,0.0,0.0,0.0,0.0,0.0,0.0,0.0,0.0,0.0,0.0,0.0,0.0,0.0,0.0,0.0,0.0,0.0,0.0,0.0,0.0,0.0,0.0,0.0,0.0,1503818.595,18300000.0,0.0,0.0,0.0,0.0,0.0,0.0,0.0,0.0,0.0,0.0,0.0,0.0,0.0,5281943.438,0.0,0.0,0.0,0.0,0.0,0.0,0.0,0.0,0.0,6,0,D
4937.0,489.285085,8.555559833,0.0,0.0,0.0,0.0,0.0,0.0,0.0,0.0,0.0,0.0,0.0,0.0,0.0,0.0,0.0,531969.082,0.0,0.0,0.0,0.0,0.0,0.0,0.0,0.0,0.0,0.0,0.0,0.0,0.0,0.0,0.0,869118.2117,2330791.637,0.0,0.0,0.0,0.0,0.0,0.0,0.0,0.0,0.0,0.0,0.0,0.0,0.0,0.0,0.0,0.0,0.0,0.0,0.0,0.0,0.0,0.0,0.0,8,0,D
4939.0,489.2848969,9.4369975,0.0,0.0,0.0,0.0,0.0,0.0,0.0,0.0,0.0,0.0,0.0,149436.9675,0.0,0.0,0.0,1253380.177,0.0,0.0,0.0,0.0,0.0,0.0,0.0,0.0,0.0,0.0,0.0,0.0,0.0,0.0,0.0,1015921.208,7647087.957,0.0,0.0,0.0,0.0,0.0,0.0,0.0,0.0,0.0,0.0,0.0,0.0,0.0,0.0,0.0,0.0,0.0,0.0,0.0,0.0,0.0,0.0,0.0,10,0,D
4942.0,473.2897797,11.19863,0.0,0.0,0.0,0.0,0.0,0.0,0.0,0.0,0.0,0.0,0.0,0.0,0.0,0.0,0.0,0.0,0.0,0.0,0.0,0.0,0.0,0.0,0.0,0.0,0.0,0.0,0.0,0.0,0.0,0.0,0.0,873369.5589,14200000.0,0.0,0.0,0.0,0.0,0.0,0.0,0.0,0.0,0.0,0.0,0.0,0.0,0.0,0.0,0.0,0.0,0.0,0.0,0.0,0.0,0.0,0.0,0.0,6,0,D
4953.0,473.2898865,13.4693025,0.0,0.0,0.0,0.0,0.0,0.0,0.0,0.0,0.0,0.0,0.0,0.0,0.0,0.0,0.0,0.0,0.0,0.0,0.0,0.0,0.0,0.0,0.0,0.0,0.0,0.0,0.0,0.0,0.0,0.0,0.0,719159.5876,7924148.296,0.0,0.0,0.0,0.0,0.0,0.0,0.0,0.0,0.0,0.0,0.0,0.0,0.0,0.0,0.0,0.0,0.0,0.0,0.0,0.0,0.0,0.0,0.0,6,0,D
4972.0,489.2850037,6.70773375,0.0,0.0,0.0,0.0,0.0,0.0,0.0,0.0,0.0,0.0,0.0,0.0,0.0,0.0,0.0,0.0,0.0,0.0,0.0,0.0,0.0,0.0,0.0,0.0,0.0,0.0,0.0,0.0,0.0,0.0,0.0,232312.8588,2323068.744,0.0,0.0,0.0,0.0,0.0,0.0,0.0,0.0,0.0,0.0,0.0,0.0,0.0,0.0,0.0,0.0,0.0,0.0,0.0,0.0,0.0,0.0,0.0,8,0,D
4976.0,591.2580668,4.017909833,0.0,0.0,0.0,0.0,0.0,0.0,0.0,0.0,0.0,0.0,0.0,0.0,0.0,0.0,0.0,235448.0728,2187434.6,0.0,0.0,0.0,0.0,0.0,0.0,0.0,0.0,0.0,0.0,0.0,0.0,0.0,0.0,222141.3103,1199485.021,0.0,445380.0965,0.0,0.0,0.0,0.0,0.0,7234421.067,11400000.0,0.0,0.0,491733.0282,0.0,204000000.0,0.0,0.0,0.0,0.0,0.0,0.0,0.0,0.0,0.0,12,0,D
4980.0,473.2896973,10.04722906,0.0,0.0,0.0,0.0,0.0,0.0,0.0,0.0,0.0,0.0,0.0,0.0,0.0,0.0,0.0,0.0,0.0,0.0,0.0,0.0,0.0,0.0,0.0,0.0,0.0,0.0,0.0,0.0,0.0,0.0,4813389.804,492388.9139,675000000.0,0.0,0.0,1249017.006,0.0,0.0,0.0,0.0,1114204.166,0.0,0.0,0.0,0.0,0.0,0.0,0.0,0.0,0.0,0.0,0.0,0.0,0.0,0.0,0.0,6,0,D
4988.0,589.24343,7.7277003,0.0,0.0,0.0,1172594.078,0.0,0.0,0.0,0.0,0.0,0.0,0.0,248815.7277,0.0,0.0,0.0,0.0,0.0,0.0,0.0,0.0,0.0,0.0,0.0,0.0,0.0,0.0,0.0,0.0,0.0,0.0,0.0,220242.0412,182529.0863,0.0,220369.1422,0.0,0.0,0.0,0.0,0.0,170317.8167,0.0,0.0,0.0,0.0,0.0,450056.2234,0.0,0.0,0.0,0.0,0.0,0.0,0.0,0.0,0.0,10,0,D
5004.0,487.2688497,9.0345828,0.0,0.0,0.0,0.0,0.0,0.0,0.0,0.0,0.0,0.0,0.0,488222.505,0.0,0.0,0.0,0.0,0.0,0.0,0.0,0.0,0.0,0.0,0.0,0.0,0.0,0.0,0.0,0.0,0.0,0.0,0.0,218347.9697,3221275.868,0.0,0.0,0.0,0.0,0.0,0.0,0.0,0.0,0.0,0.0,0.0,0.0,0.0,0.0,0.0,0.0,0.0,0.0,0.0,0.0,0.0,0.0,0.0,6,0,D
5006.0,473.3259311,12.36164611,0.0,0.0,0.0,0.0,0.0,0.0,0.0,0.0,0.0,0.0,0.0,0.0,0.0,0.0,0.0,1825848.028,0.0,0.0,0.0,551794.0811,0.0,3101308.809,0.0,0.0,0.0,0.0,0.0,0.0,0.0,0.0,0.0,401677.7572,0.0,0.0,0.0,0.0,0.0,0.0,0.0,0.0,14100000.0,0.0,0.0,0.0,1164718.821,439847.9753,18000000.0,476713.2384,0.0,0.0,0.0,0.0,0.0,0.0,0.0,0.0,6,0,D
5014.0,501.3206978,12.47859425,0.0,0.0,0.0,0.0,0.0,0.0,0.0,0.0,0.0,0.0,0.0,0.0,0.0,0.0,0.0,0.0,0.0,0.0,0.0,0.0,0.0,0.0,0.0,0.0,0.0,0.0,0.0,0.0,0.0,0.0,0.0,200333.9439,1877714.305,0.0,0.0,0.0,0.0,0.0,0.0,0.0,6975379.832,1206838.505,0.0,0.0,0.0,0.0,0.0,0.0,0.0,0.0,0.0,0.0,0.0,0.0,0.0,0.0,6,0,D
5015.0,600.4673462,9.701193133,0.0,0.0,0.0,0.0,0.0,0.0,0.0,0.0,0.0,0.0,0.0,0.0,0.0,0.0,0.0,0.0,0.0,0.0,499768.2123,0.0,0.0,0.0,0.0,0.0,0.0,0.0,0.0,0.0,0.0,0.0,403150.4941,1802144.668,0.0,0.0,0.0,0.0,0.0,0.0,0.0,0.0,0.0,0.0,0.0,0.0,0.0,0.0,0.0,0.0,0.0,0.0,0.0,0.0,0.0,0.0,0.0,0.0,11,0,D
5038.0,593.2159119,7.7471641,0.0,0.0,0.0,5582185.536,0.0,0.0,0.0,0.0,0.0,0.0,5009300.163,0.0,0.0,0.0,0.0,0.0,0.0,0.0,0.0,0.0,0.0,0.0,0.0,0.0,0.0,0.0,0.0,0.0,0.0,0.0,0.0,0.0,0.0,0.0,0.0,0.0,0.0,0.0,0.0,0.0,0.0,0.0,0.0,0.0,0.0,0.0,0.0,0.0,0.0,0.0,0.0,0.0,0.0,0.0,0.0,0.0,7,0,D
5042.0,923.4577332,14.23954,0.0,0.0,0.0,0.0,0.0,0.0,0.0,0.0,0.0,0.0,4487357.3,0.0,0.0,0.0,0.0,0.0,0.0,0.0,0.0,0.0,0.0,0.0,0.0,0.0,0.0,0.0,0.0,0.0,0.0,0.0,0.0,0.0,0.0,0.0,0.0,0.0,0.0,0.0,0.0,0.0,0.0,0.0,0.0,0.0,0.0,0.0,0.0,0.0,0.0,0.0,0.0,0.0,0.0,0.0,0.0,0.0,12,0,D
5045.0,645.2313538,7.7868427,0.0,0.0,0.0,0.0,0.0,0.0,0.0,0.0,0.0,0.0,3009251.939,0.0,0.0,0.0,0.0,0.0,0.0,0.0,0.0,0.0,0.0,0.0,0.0,0.0,0.0,0.0,0.0,0.0,0.0,0.0,0.0,0.0,0.0,0.0,0.0,0.0,0.0,0.0,0.0,0.0,0.0,0.0,0.0,0.0,0.0,0.0,0.0,0.0,0.0,0.0,0.0,0.0,0.0,0.0,0.0,0.0,10,0,D
5051.0,996.4378967,9.8203121,0.0,0.0,0.0,1857867.171,0.0,0.0,0.0,0.0,0.0,0.0,2916313.874,7638239.879,0.0,0.0,0.0,0.0,1065013.629,0.0,0.0,0.0,0.0,0.0,0.0,0.0,0.0,0.0,0.0,0.0,0.0,0.0,0.0,0.0,0.0,0.0,0.0,0.0,0.0,0.0,0.0,0.0,0.0,0.0,0.0,0.0,0.0,0.0,0.0,0.0,0.0,0.0,0.0,0.0,0.0,0.0,0.0,0.0,0,17,MD
5052.0,653.2585297,5.861798,0.0,0.0,0.0,0.0,0.0,0.0,0.0,0.0,0.0,0.0,2191516.209,570177.3079,0.0,0.0,0.0,0.0,0.0,0.0,0.0,0.0,0.0,0.0,0.0,0.0,0.0,0.0,0.0,0.0,0.0,0.0,0.0,0.0,0.0,0.0,0.0,0.0,0.0,0.0,0.0,0.0,0.0,0.0,0.0,0.0,0.0,0.0,0.0,0.0,0.0,0.0,0.0,0.0,0.0,0.0,0.0,0.0,11,0,D
5054.0,463.2321472,4.8207739,0.0,0.0,0.0,0.0,0.0,0.0,0.0,0.0,0.0,0.0,3252177.869,0.0,0.0,0.0,0.0,0.0,0.0,0.0,0.0,0.0,0.0,0.0,0.0,0.0,0.0,0.0,0.0,0.0,0.0,0.0,0.0,0.0,0.0,0.0,0.0,0.0,0.0,0.0,0.0,0.0,0.0,0.0,0.0,0.0,0.0,0.0,0.0,0.0,0.0,0.0,0.0,0.0,0.0,0.0,0.0,0.0,12,0,D
5056.0,361.1641846,5.957490775,0.0,0.0,0.0,0.0,0.0,0.0,0.0,0.0,0.0,0.0,1981933.862,0.0,0.0,0.0,0.0,0.0,0.0,0.0,0.0,0.0,0.0,0.0,0.0,0.0,873778.5303,0.0,0.0,0.0,0.0,1659982.193,0.0,0.0,0.0,0.0,0.0,0.0,0.0,0.0,0.0,0.0,0.0,0.0,0.0,0.0,0.0,0.0,0.0,0.0,0.0,192808.3349,0.0,0.0,0.0,0.0,0.0,0.0,10,0,D
5066.0,677.2587585,5.9358992,0.0,0.0,0.0,0.0,0.0,0.0,0.0,0.0,0.0,0.0,1434639.866,0.0,0.0,0.0,0.0,0.0,0.0,0.0,4928837.073,0.0,0.0,0.0,0.0,0.0,0.0,0.0,0.0,0.0,0.0,0.0,0.0,0.0,0.0,0.0,0.0,0.0,0.0,0.0,0.0,0.0,0.0,0.0,0.0,0.0,0.0,0.0,0.0,0.0,0.0,0.0,0.0,0.0,0.0,0.0,0.0,0.0,13,0,D
5074.0,645.2337646,5.6465341,0.0,0.0,0.0,0.0,0.0,0.0,0.0,0.0,0.0,0.0,1259916.014,0.0,0.0,0.0,0.0,0.0,0.0,0.0,0.0,0.0,0.0,0.0,0.0,0.0,0.0,0.0,0.0,0.0,0.0,0.0,0.0,0.0,0.0,0.0,0.0,0.0,0.0,0.0,0.0,0.0,0.0,0.0,0.0,0.0,0.0,0.0,0.0,0.0,0.0,0.0,0.0,0.0,0.0,0.0,0.0,0.0,10,0,D
5076.0,691.3102809,9.552037171,0.0,0.0,0.0,0.0,0.0,0.0,0.0,0.0,0.0,0.0,1096362.287,1840751.387,0.0,0.0,0.0,0.0,305561.1949,9038236.473,16800000.0,2285833.95,0.0,235222.9035,0.0,0.0,0.0,0.0,0.0,0.0,0.0,0.0,0.0,0.0,0.0,0.0,0.0,0.0,0.0,0.0,0.0,0.0,0.0,0.0,0.0,0.0,0.0,0.0,0.0,0.0,0.0,0.0,0.0,0.0,0.0,0.0,0.0,0.0,15,0,D
5078.0,541.2803955,9.2238469,0.0,0.0,0.0,0.0,0.0,0.0,0.0,0.0,0.0,0.0,1122893.606,0.0,0.0,0.0,0.0,0.0,0.0,0.0,0.0,0.0,0.0,0.0,0.0,0.0,0.0,0.0,0.0,0.0,0.0,0.0,0.0,0.0,0.0,0.0,0.0,0.0,0.0,0.0,0.0,0.0,0.0,0.0,0.0,0.0,0.0,0.0,0.0,0.0,0.0,0.0,0.0,0.0,0.0,0.0,0.0,0.0,8,0,D
5118.0,607.2543742,6.6262366,0.0,0.0,0.0,0.0,0.0,0.0,0.0,0.0,0.0,0.0,319817.8517,0.0,0.0,0.0,0.0,0.0,0.0,0.0,0.0,0.0,0.0,0.0,0.0,0.0,0.0,0.0,0.0,0.0,0.0,0.0,0.0,0.0,0.0,0.0,0.0,0.0,0.0,0.0,0.0,0.0,449093.5036,0.0,0.0,0.0,0.0,0.0,299476.1817,0.0,0.0,0.0,0.0,0.0,0.0,0.0,0.0,0.0,12,0,D
5124.0,629.2374776,4.829079833,0.0,0.0,0.0,1276793.326,0.0,0.0,0.0,0.0,0.0,0.0,312198.7789,0.0,0.0,0.0,0.0,0.0,275311.6616,0.0,0.0,0.0,0.0,0.0,0.0,0.0,0.0,0.0,0.0,0.0,0.0,0.0,0.0,0.0,0.0,0.0,0.0,0.0,0.0,0.0,0.0,0.0,0.0,0.0,0.0,0.0,0.0,0.0,0.0,0.0,0.0,0.0,0.0,0.0,0.0,0.0,0.0,0.0,10,0,D
5156.0,637.2254944,12.7529095,0.0,0.0,0.0,0.0,0.0,0.0,0.0,0.0,0.0,0.0,169595.3206,0.0,0.0,0.0,0.0,0.0,0.0,0.0,0.0,0.0,0.0,0.0,0.0,0.0,0.0,0.0,0.0,0.0,0.0,0.0,0.0,0.0,543901.7094,0.0,0.0,0.0,0.0,0.0,0.0,0.0,0.0,0.0,0.0,0.0,0.0,0.0,0.0,0.0,0.0,0.0,0.0,0.0,0.0,0.0,0.0,0.0,15,0,D
5168.0,637.3358205,8.225273417,0.0,0.0,0.0,0.0,0.0,0.0,0.0,0.0,0.0,0.0,154672.7075,281139.3231,0.0,0.0,0.0,0.0,3736751.836,0.0,0.0,0.0,0.0,0.0,0.0,0.0,127000000.0,0.0,0.0,0.0,0.0,0.0,0.0,0.0,0.0,0.0,0.0,0.0,0.0,0.0,0.0,0.0,212066.8104,0.0,0.0,0.0,0.0,0.0,13700000.0,0.0,0.0,0.0,0.0,0.0,0.0,0.0,0.0,0.0,7,0,D
5178.0,996.4384613,9.238996125,0.0,0.0,0.0,493104.9252,0.0,0.0,0.0,0.0,0.0,0.0,553293.7267,3031413.344,0.0,0.0,0.0,0.0,450172.1264,0.0,0.0,0.0,0.0,0.0,0.0,0.0,0.0,0.0,0.0,0.0,0.0,0.0,0.0,0.0,0.0,0.0,0.0,0.0,0.0,0.0,0.0,0.0,0.0,0.0,0.0,0.0,0.0,0.0,0.0,0.0,0.0,0.0,0.0,0.0,0.0,0.0,0.0,0.0,0,6,MD
5188.0,1310.587036,10.057263,0.0,0.0,0.0,0.0,0.0,0.0,0.0,0.0,0.0,0.0,0.0,71900000.0,0.0,0.0,0.0,0.0,0.0,0.0,0.0,0.0,0.0,0.0,0.0,0.0,0.0,0.0,0.0,0.0,0.0,0.0,0.0,0.0,0.0,0.0,0.0,0.0,0.0,0.0,0.0,0.0,0.0,0.0,0.0,0.0,0.0,0.0,0.0,0.0,0.0,0.0,0.0,0.0,0.0,0.0,0.0,0.0,14,0,D
5203.0,1032.437195,11.147553,0.0,0.0,0.0,0.0,0.0,0.0,0.0,0.0,0.0,0.0,0.0,4718192.752,0.0,0.0,0.0,0.0,0.0,0.0,0.0,0.0,0.0,0.0,0.0,0.0,0.0,0.0,0.0,0.0,0.0,0.0,0.0,0.0,0.0,0.0,0.0,0.0,0.0,0.0,0.0,0.0,0.0,0.0,0.0,0.0,0.0,0.0,0.0,0.0,0.0,0.0,0.0,0.0,0.0,0.0,0.0,0.0,0,14,MD
5216.0,912.4162292,10.7193214,0.0,0.0,0.0,0.0,0.0,0.0,0.0,0.0,0.0,0.0,0.0,2060686.403,0.0,2037022.316,0.0,0.0,0.0,0.0,0.0,0.0,0.0,0.0,0.0,0.0,0.0,0.0,0.0,0.0,0.0,0.0,0.0,0.0,0.0,0.0,0.0,0.0,2483588.881,37000000.0,0.0,0.0,0.0,0.0,0.0,0.0,0.0,0.0,0.0,0.0,0.0,0.0,0.0,0.0,0.0,0.0,0.0,3990404.801,11,23,MD
5221.0,707.3047587,9.031706867,0.0,0.0,0.0,0.0,0.0,0.0,0.0,0.0,0.0,0.0,0.0,2544127.464,0.0,0.0,0.0,0.0,0.0,593101.5805,1730634.427,0.0,0.0,0.0,0.0,0.0,0.0,0.0,0.0,0.0,0.0,0.0,0.0,0.0,0.0,0.0,0.0,0.0,0.0,0.0,0.0,0.0,0.0,0.0,0.0,0.0,0.0,0.0,0.0,0.0,0.0,0.0,0.0,0.0,0.0,0.0,0.0,0.0,9,0,D
5255.0,679.2753906,6.7344304,0.0,0.0,0.0,0.0,0.0,0.0,0.0,0.0,0.0,0.0,0.0,717824.879,0.0,0.0,0.0,0.0,0.0,0.0,0.0,0.0,0.0,0.0,0.0,0.0,0.0,0.0,0.0,0.0,0.0,0.0,0.0,0.0,0.0,0.0,0.0,0.0,0.0,0.0,0.0,0.0,0.0,0.0,0.0,0.0,0.0,0.0,0.0,0.0,0.0,0.0,0.0,0.0,0.0,0.0,0.0,0.0,7,0,D
5258.0,619.2538147,8.1673385,0.0,0.0,0.0,0.0,0.0,0.0,0.0,0.0,0.0,0.0,0.0,375426.774,0.0,0.0,0.0,0.0,0.0,0.0,0.0,0.0,0.0,0.0,0.0,0.0,0.0,0.0,0.0,0.0,0.0,0.0,0.0,0.0,0.0,0.0,0.0,0.0,0.0,0.0,0.0,0.0,0.0,0.0,0.0,0.0,0.0,0.0,0.0,0.0,0.0,0.0,0.0,0.0,0.0,0.0,0.0,0.0,7,0,D
5263.0,609.2690263,3.958706564,0.0,0.0,0.0,0.0,0.0,0.0,0.0,0.0,0.0,0.0,0.0,245119.253,0.0,0.0,0.0,8896837.448,7150023.448,0.0,0.0,0.0,0.0,1690753.812,0.0,0.0,61400000.0,0.0,0.0,0.0,0.0,0.0,0.0,0.0,2326263.346,0.0,5349961.566,0.0,0.0,0.0,0.0,0.0,14200000.0,23800000.0,0.0,0.0,11900000.0,0.0,520000000.0,0.0,0.0,0.0,0.0,0.0,0.0,0.0,0.0,0.0,18,0,D
5266.0,649.3005931,7.502678183,0.0,0.0,0.0,170658.7185,0.0,0.0,0.0,0.0,0.0,0.0,0.0,704177.5013,0.0,0.0,451270.0461,0.0,0.0,723828.6017,301841.2809,0.0,1323534.51,0.0,0.0,0.0,0.0,0.0,0.0,0.0,0.0,0.0,0.0,0.0,0.0,0.0,0.0,0.0,0.0,0.0,0.0,0.0,0.0,0.0,0.0,0.0,0.0,0.0,0.0,0.0,0.0,0.0,0.0,0.0,0.0,0.0,0.0,0.0,6,0,D
5293.0,775.3684845,10.3039365,0.0,0.0,0.0,0.0,0.0,0.0,0.0,0.0,0.0,0.0,0.0,440674.467,0.0,0.0,0.0,0.0,0.0,0.0,0.0,0.0,0.0,3710363.829,0.0,0.0,0.0,0.0,0.0,0.0,28200000.0,0.0,0.0,0.0,0.0,0.0,24900000.0,0.0,0.0,0.0,0.0,0.0,0.0,0.0,0.0,0.0,0.0,0.0,0.0,0.0,0.0,0.0,0.0,0.0,0.0,0.0,0.0,0.0,0,17,MD
5297.0,455.2794189,11.2841885,0.0,0.0,0.0,0.0,0.0,0.0,0.0,0.0,0.0,0.0,0.0,214984.7134,0.0,0.0,0.0,0.0,0.0,0.0,0.0,0.0,0.0,0.0,0.0,0.0,0.0,0.0,0.0,0.0,0.0,0.0,0.0,0.0,3260534.771,0.0,0.0,0.0,0.0,0.0,0.0,0.0,0.0,0.0,0.0,0.0,0.0,0.0,0.0,0.0,0.0,0.0,0.0,0.0,0.0,0.0,0.0,0.0,6,0,D
5304.0,609.2696872,10.95157467,0.0,0.0,0.0,0.0,0.0,917668.3832,0.0,0.0,0.0,0.0,0.0,223793.7545,0.0,1451836.054,0.0,0.0,0.0,0.0,0.0,0.0,0.0,0.0,0.0,0.0,0.0,0.0,0.0,0.0,954949.2365,0.0,973038.6241,0.0,0.0,185118.6685,0.0,365907.6965,220383.9307,0.0,234189.6649,0.0,0.0,0.0,0.0,0.0,0.0,0.0,0.0,0.0,0.0,0.0,0.0,0.0,0.0,0.0,0.0,0.0,14,0,D
5313.0,629.2745667,9.931554,0.0,0.0,0.0,0.0,0.0,0.0,0.0,0.0,0.0,0.0,0.0,210601.9182,0.0,0.0,0.0,0.0,0.0,0.0,0.0,0.0,0.0,0.0,0.0,0.0,0.0,0.0,0.0,0.0,0.0,0.0,0.0,0.0,0.0,0.0,0.0,0.0,0.0,0.0,0.0,0.0,0.0,0.0,0.0,0.0,0.0,0.0,0.0,0.0,0.0,0.0,0.0,0.0,0.0,0.0,0.0,0.0,12,0,D
5318.0,609.2699541,5.038236943,0.0,0.0,0.0,214501.7021,0.0,0.0,0.0,0.0,0.0,0.0,0.0,181423.2122,0.0,0.0,0.0,0.0,0.0,0.0,0.0,0.0,0.0,0.0,0.0,0.0,4931289.578,0.0,0.0,0.0,0.0,0.0,0.0,0.0,0.0,0.0,5594156.473,0.0,0.0,0.0,0.0,0.0,16800000.0,2303354.249,0.0,0.0,219266.7539,0.0,0.0,0.0,0.0,0.0,0.0,0.0,0.0,0.0,0.0,0.0,14,0,D
5320.0,684.3734741,7.475685675,0.0,0.0,0.0,0.0,0.0,0.0,0.0,0.0,0.0,0.0,0.0,182386.3385,0.0,0.0,0.0,0.0,5804025.493,0.0,0.0,0.0,0.0,0.0,0.0,0.0,14100000.0,0.0,0.0,0.0,0.0,0.0,0.0,0.0,0.0,0.0,0.0,0.0,0.0,0.0,0.0,0.0,0.0,0.0,0.0,0.0,0.0,0.0,1626859.172,0.0,0.0,0.0,0.0,0.0,0.0,0.0,0.0,0.0,10,0,D
5322.0,591.2582855,5.071383663,0.0,0.0,0.0,233224.3976,0.0,0.0,0.0,0.0,0.0,0.0,0.0,181468.0621,0.0,0.0,0.0,0.0,0.0,0.0,0.0,0.0,0.0,0.0,0.0,0.0,3366347.814,0.0,0.0,0.0,0.0,0.0,0.0,0.0,2596694.685,0.0,0.0,0.0,0.0,0.0,0.0,0.0,15600000.0,16300000.0,0.0,0.0,728698.2916,0.0,25100000.0,0.0,0.0,0.0,0.0,0.0,0.0,0.0,0.0,0.0,20,0,D
5337.0,481.1849518,9.9237714,0.0,0.0,0.0,0.0,0.0,0.0,0.0,0.0,0.0,0.0,0.0,181049.8419,0.0,0.0,0.0,0.0,3052616.22,0.0,0.0,0.0,0.0,0.0,0.0,0.0,0.0,0.0,0.0,0.0,0.0,0.0,0.0,0.0,0.0,0.0,0.0,0.0,0.0,0.0,0.0,0.0,0.0,0.0,0.0,0.0,0.0,0.0,0.0,0.0,0.0,0.0,0.0,0.0,0.0,0.0,0.0,0.0,16,0,D
5341.0,847.5361099,14.58810625,0.0,0.0,0.0,0.0,0.0,0.0,0.0,0.0,0.0,0.0,0.0,533070.1708,0.0,0.0,0.0,0.0,0.0,0.0,0.0,0.0,0.0,0.0,0.0,0.0,1130553.54,0.0,0.0,0.0,0.0,0.0,0.0,0.0,0.0,0.0,0.0,0.0,0.0,0.0,0.0,0.0,1005917.739,0.0,17900000.0,0.0,0.0,0.0,0.0,0.0,0.0,0.0,0.0,0.0,0.0,0.0,0.0,0.0,6,0,D
5366.0,643.3469772,9.542467575,0.0,0.0,0.0,0.0,0.0,0.0,0.0,0.0,0.0,0.0,0.0,0.0,0.0,0.0,0.0,1180906.599,0.0,0.0,0.0,0.0,0.0,0.0,0.0,0.0,0.0,0.0,0.0,0.0,0.0,0.0,0.0,0.0,0.0,0.0,3681471.398,0.0,0.0,0.0,0.0,0.0,0.0,0.0,3499750.968,0.0,0.0,0.0,0.0,0.0,0.0,0.0,0.0,0.0,0.0,0.0,0.0,4336169.68,0,15,MD
5373.0,714.3843994,12.472513,0.0,0.0,0.0,0.0,0.0,0.0,0.0,0.0,0.0,0.0,0.0,0.0,0.0,0.0,0.0,0.0,0.0,0.0,0.0,0.0,0.0,0.0,0.0,0.0,0.0,0.0,0.0,0.0,0.0,0.0,0.0,0.0,0.0,0.0,0.0,0.0,0.0,0.0,0.0,0.0,0.0,0.0,2912439.462,0.0,0.0,0.0,0.0,0.0,0.0,0.0,0.0,0.0,0.0,0.0,0.0,0.0,0,6,MD
5375.0,665.3691203,13.80280333,0.0,0.0,0.0,0.0,0.0,0.0,0.0,0.0,0.0,0.0,0.0,0.0,0.0,0.0,0.0,9509038.912,0.0,0.0,0.0,0.0,0.0,0.0,0.0,0.0,0.0,0.0,0.0,0.0,0.0,0.0,0.0,0.0,0.0,0.0,711857.1603,0.0,0.0,0.0,0.0,0.0,0.0,0.0,3578848.941,0.0,0.0,0.0,0.0,0.0,0.0,0.0,0.0,0.0,0.0,0.0,0.0,0.0,6,11,MD
5419.0,639.3521678,13.85023,0.0,0.0,0.0,0.0,0.0,0.0,0.0,0.0,0.0,0.0,0.0,0.0,0.0,0.0,0.0,0.0,0.0,0.0,0.0,0.0,0.0,0.0,0.0,0.0,0.0,0.0,0.0,0.0,0.0,0.0,0.0,0.0,193998.9936,0.0,1028287.948,0.0,325505.7286,2608299.216,0.0,0.0,0.0,0.0,643597.6178,0.0,0.0,0.0,0.0,0.0,0.0,0.0,0.0,0.0,0.0,0.0,0.0,650286.9386,7,10,MD
5440.0,639.3518846,12.30128033,0.0,0.0,0.0,0.0,0.0,0.0,0.0,0.0,0.0,0.0,0.0,0.0,0.0,0.0,0.0,7953652.412,0.0,0.0,0.0,0.0,0.0,0.0,0.0,0.0,0.0,0.0,0.0,0.0,0.0,0.0,0.0,0.0,1410732.072,0.0,2027787.356,0.0,0.0,6056590.195,0.0,0.0,752471.0498,0.0,495812.4614,0.0,284766.6386,0.0,837604.2802,0.0,0.0,0.0,0.0,0.0,0.0,0.0,0.0,40900000.0,0,8,MD
5486.0,313.1794739,8.594059,0.0,0.0,0.0,0.0,0.0,25400000.0,0.0,0.0,0.0,0.0,0.0,0.0,0.0,0.0,0.0,0.0,0.0,0.0,0.0,0.0,0.0,0.0,0.0,0.0,0.0,0.0,0.0,0.0,0.0,0.0,0.0,0.0,0.0,0.0,0.0,0.0,0.0,0.0,0.0,0.0,0.0,0.0,0.0,0.0,0.0,0.0,0.0,0.0,0.0,0.0,0.0,0.0,0.0,0.0,0.0,0.0,6,0,D
5535.0,313.1797485,4.2549207,0.0,0.0,0.0,0.0,0.0,7989077.487,0.0,0.0,0.0,0.0,0.0,0.0,0.0,0.0,0.0,0.0,0.0,0.0,0.0,0.0,0.0,0.0,0.0,0.0,0.0,0.0,0.0,0.0,0.0,0.0,0.0,0.0,0.0,0.0,0.0,0.0,0.0,0.0,0.0,0.0,0.0,0.0,0.0,0.0,0.0,0.0,0.0,0.0,0.0,0.0,0.0,0.0,0.0,0.0,0.0,0.0,6,0,D
5541.0,553.3527222,13.905704,0.0,0.0,0.0,0.0,0.0,3374490.969,0.0,0.0,0.0,0.0,0.0,0.0,0.0,0.0,0.0,0.0,0.0,0.0,0.0,0.0,0.0,0.0,0.0,0.0,0.0,0.0,0.0,0.0,0.0,0.0,0.0,0.0,0.0,0.0,0.0,0.0,0.0,0.0,0.0,0.0,0.0,0.0,0.0,0.0,0.0,0.0,0.0,0.0,0.0,0.0,0.0,0.0,0.0,0.0,0.0,0.0,6,0,D
5590.0,313.1800232,5.3041269,0.0,0.0,0.0,0.0,0.0,1649987.159,0.0,0.0,0.0,0.0,0.0,0.0,0.0,0.0,0.0,0.0,0.0,0.0,0.0,0.0,0.0,0.0,0.0,0.0,0.0,0.0,0.0,0.0,0.0,0.0,0.0,0.0,0.0,0.0,0.0,0.0,0.0,0.0,0.0,0.0,0.0,0.0,0.0,0.0,0.0,0.0,0.0,0.0,0.0,0.0,0.0,0.0,0.0,0.0,0.0,0.0,8,0,D
5608.0,487.3415909,8.6460057,0.0,0.0,0.0,0.0,0.0,953928.1523,0.0,0.0,0.0,0.0,0.0,0.0,0.0,0.0,526002.4047,0.0,0.0,0.0,0.0,0.0,0.0,0.0,0.0,0.0,0.0,0.0,0.0,0.0,355828.474,0.0,0.0,0.0,0.0,0.0,0.0,0.0,386627.0262,0.0,0.0,0.0,0.0,0.0,0.0,0.0,0.0,0.0,0.0,0.0,0.0,0.0,0.0,0.0,0.0,0.0,0.0,0.0,0,7,MD
5645.0,709.3200836,10.0797714,0.0,0.0,0.0,0.0,0.0,335203.1911,0.0,0.0,0.0,0.0,0.0,0.0,0.0,0.0,0.0,0.0,0.0,4745863.897,0.0,0.0,0.0,0.0,0.0,0.0,0.0,0.0,0.0,0.0,0.0,0.0,0.0,0.0,0.0,0.0,0.0,0.0,0.0,0.0,0.0,0.0,0.0,0.0,0.0,0.0,0.0,0.0,0.0,0.0,0.0,0.0,0.0,0.0,0.0,0.0,0.0,0.0,14,0,D
5712.0,515.3369141,12.9352305,0.0,0.0,0.0,0.0,0.0,428299.8183,0.0,0.0,0.0,0.0,0.0,0.0,0.0,0.0,0.0,0.0,0.0,0.0,0.0,0.0,0.0,0.0,0.0,0.0,0.0,0.0,0.0,0.0,0.0,0.0,0.0,0.0,0.0,0.0,0.0,0.0,0.0,0.0,0.0,0.0,3422842.483,0.0,0.0,0.0,0.0,0.0,0.0,0.0,0.0,0.0,0.0,0.0,0.0,0.0,0.0,0.0,6,0,D
5822.0,408.2660294,6.5054074,0.0,0.0,0.0,0.0,0.0,0.0,0.0,0.0,0.0,0.0,0.0,0.0,0.0,0.0,0.0,0.0,0.0,0.0,0.0,0.0,0.0,0.0,0.0,0.0,0.0,0.0,0.0,0.0,648001.6001,0.0,1603118.88,0.0,0.0,0.0,0.0,0.0,0.0,0.0,0.0,0.0,0.0,0.0,0.0,0.0,0.0,0.0,0.0,0.0,0.0,0.0,0.0,0.0,0.0,0.0,0.0,0.0,8,0,D
5827.0,391.2628403,6.6348966,0.0,0.0,0.0,0.0,0.0,0.0,0.0,0.0,0.0,0.0,0.0,0.0,0.0,0.0,0.0,0.0,0.0,0.0,0.0,0.0,0.0,0.0,0.0,0.0,0.0,0.0,0.0,0.0,496399.3461,0.0,1503352.109,0.0,0.0,0.0,0.0,0.0,0.0,0.0,0.0,0.0,0.0,0.0,0.0,0.0,0.0,0.0,0.0,0.0,0.0,0.0,0.0,0.0,0.0,0.0,0.0,0.0,6,0,D
5917.0,305.1746826,2.820834043,0.0,0.0,0.0,0.0,0.0,0.0,0.0,0.0,0.0,0.0,0.0,0.0,0.0,0.0,0.0,0.0,0.0,259005.7535,0.0,0.0,0.0,0.0,1053443.654,0.0,4716405.312,1301808.034,0.0,0.0,0.0,0.0,206938.2538,0.0,0.0,0.0,0.0,0.0,502327.3058,0.0,0.0,0.0,0.0,0.0,0.0,0.0,0.0,0.0,0.0,0.0,0.0,0.0,0.0,758543.1817,0.0,0.0,0.0,0.0,6,0,D
6012.0,599.321401,10.141672,0.0,0.0,0.0,0.0,0.0,0.0,0.0,0.0,0.0,0.0,0.0,0.0,0.0,0.0,0.0,0.0,0.0,0.0,0.0,0.0,0.0,0.0,0.0,0.0,0.0,0.0,0.0,0.0,0.0,720406.4971,0.0,0.0,0.0,0.0,0.0,0.0,3285554.755,7510572.111,0.0,0.0,0.0,0.0,0.0,0.0,0.0,0.0,0.0,0.0,0.0,0.0,0.0,0.0,0.0,0.0,0.0,0.0,17,0,D
6013.0,621.3414001,13.18645767,0.0,0.0,0.0,0.0,0.0,0.0,0.0,0.0,0.0,0.0,0.0,0.0,0.0,0.0,0.0,5776624.068,0.0,0.0,0.0,0.0,0.0,0.0,0.0,0.0,1008552.748,0.0,0.0,0.0,0.0,0.0,0.0,0.0,0.0,0.0,3716890.127,0.0,0.0,7565000.676,0.0,0.0,542605.4537,0.0,0.0,0.0,0.0,0.0,0.0,0.0,0.0,0.0,0.0,0.0,0.0,0.0,0.0,6615142.603,9,11,MD
6017.0,672.3738174,7.867485,0.0,0.0,0.0,0.0,0.0,0.0,0.0,0.0,0.0,0.0,0.0,0.0,0.0,0.0,0.0,0.0,1206738.14,0.0,0.0,0.0,0.0,0.0,0.0,0.0,793751.1942,0.0,0.0,0.0,0.0,0.0,0.0,0.0,0.0,0.0,0.0,0.0,0.0,6104462.342,0.0,0.0,0.0,0.0,0.0,0.0,0.0,0.0,6846143.288,0.0,0.0,0.0,0.0,0.0,0.0,0.0,0.0,0.0,0,12,MD
6021.0,583.3266907,12.13500675,0.0,0.0,0.0,0.0,0.0,0.0,0.0,0.0,0.0,0.0,0.0,0.0,0.0,0.0,0.0,0.0,0.0,0.0,0.0,0.0,0.0,0.0,0.0,0.0,0.0,0.0,0.0,0.0,3390689.221,18300000.0,0.0,0.0,0.0,0.0,0.0,0.0,0.0,5980472.298,0.0,0.0,0.0,0.0,0.0,0.0,0.0,0.0,0.0,0.0,0.0,0.0,0.0,0.0,0.0,0.0,0.0,5584324.537,15,0,D
6032.0,926.4308472,10.738124,0.0,0.0,0.0,0.0,0.0,0.0,0.0,0.0,0.0,0.0,0.0,0.0,0.0,0.0,0.0,0.0,0.0,0.0,0.0,0.0,0.0,0.0,0.0,0.0,0.0,0.0,0.0,0.0,0.0,0.0,0.0,0.0,0.0,0.0,0.0,0.0,0.0,2763383.952,0.0,0.0,0.0,0.0,0.0,0.0,0.0,0.0,0.0,0.0,0.0,0.0,0.0,0.0,0.0,0.0,0.0,0.0,0,13,MD
6034.0,657.3622567,13.51315129,0.0,0.0,0.0,0.0,0.0,0.0,0.0,0.0,0.0,0.0,0.0,0.0,0.0,0.0,0.0,8017853.828,0.0,0.0,0.0,0.0,0.0,0.0,0.0,0.0,0.0,0.0,0.0,0.0,0.0,0.0,0.0,0.0,0.0,0.0,654688.8241,0.0,1744316.721,6904132.85,0.0,0.0,0.0,0.0,0.0,372052.8567,448651.6255,0.0,0.0,0.0,0.0,0.0,0.0,0.0,0.0,0.0,0.0,32300000.0,6,18,MD
6035.0,653.3311768,9.536628333,0.0,0.0,0.0,0.0,0.0,0.0,0.0,0.0,0.0,0.0,0.0,0.0,0.0,0.0,0.0,0.0,0.0,0.0,0.0,0.0,0.0,0.0,0.0,0.0,727300.8102,0.0,0.0,0.0,0.0,0.0,0.0,0.0,0.0,0.0,0.0,0.0,0.0,4020130.677,0.0,0.0,0.0,0.0,0.0,0.0,0.0,0.0,531654.8047,0.0,0.0,0.0,0.0,0.0,0.0,0.0,0.0,0.0,10,11,MD
6039.0,895.388916,10.738124,0.0,0.0,0.0,0.0,0.0,0.0,0.0,0.0,0.0,0.0,0.0,0.0,0.0,0.0,0.0,0.0,0.0,0.0,0.0,0.0,0.0,0.0,0.0,0.0,0.0,0.0,0.0,0.0,0.0,0.0,0.0,0.0,0.0,0.0,0.0,0.0,0.0,2649179.447,0.0,0.0,0.0,0.0,0.0,0.0,0.0,0.0,0.0,0.0,0.0,0.0,0.0,0.0,0.0,0.0,0.0,0.0,0,6,MD
6040.0,634.3589478,8.1516387,0.0,0.0,0.0,0.0,0.0,0.0,0.0,0.0,0.0,0.0,0.0,0.0,0.0,0.0,0.0,0.0,0.0,0.0,0.0,0.0,0.0,0.0,0.0,0.0,0.0,0.0,0.0,0.0,0.0,0.0,0.0,0.0,0.0,0.0,0.0,0.0,1219900.416,3374351.714,0.0,0.0,0.0,0.0,0.0,0.0,0.0,0.0,0.0,0.0,0.0,0.0,0.0,0.0,0.0,0.0,0.0,0.0,18,0,D
6045.0,571.326767,12.679701,0.0,0.0,0.0,0.0,0.0,0.0,0.0,0.0,0.0,0.0,0.0,0.0,0.0,0.0,0.0,0.0,0.0,0.0,0.0,0.0,0.0,0.0,0.0,0.0,0.0,0.0,0.0,0.0,0.0,2504155.474,0.0,0.0,0.0,0.0,0.0,0.0,0.0,3272188.709,0.0,0.0,0.0,0.0,0.0,0.0,0.0,0.0,0.0,0.0,0.0,0.0,0.0,0.0,0.0,0.0,0.0,0.0,11,0,D
6051.0,655.347524,10.517753,0.0,0.0,0.0,0.0,0.0,0.0,0.0,0.0,0.0,0.0,0.0,0.0,0.0,0.0,0.0,0.0,0.0,0.0,0.0,0.0,0.0,0.0,0.0,0.0,11300000.0,0.0,0.0,0.0,0.0,0.0,0.0,0.0,0.0,0.0,0.0,0.0,0.0,2609326.891,0.0,0.0,0.0,0.0,0.0,0.0,0.0,0.0,3154863.439,0.0,0.0,0.0,0.0,0.0,0.0,0.0,0.0,0.0,7,0,D
6059.0,551.3216858,10.475782,0.0,0.0,0.0,0.0,0.0,0.0,0.0,0.0,0.0,0.0,0.0,0.0,0.0,0.0,0.0,0.0,0.0,0.0,0.0,0.0,0.0,0.0,0.0,0.0,0.0,0.0,0.0,0.0,0.0,0.0,0.0,0.0,0.0,0.0,0.0,0.0,0.0,5367278.245,0.0,0.0,0.0,0.0,0.0,0.0,0.0,0.0,0.0,0.0,0.0,0.0,0.0,0.0,0.0,0.0,0.0,0.0,18,0,D
6062.0,619.3482564,6.909469067,0.0,0.0,0.0,0.0,0.0,0.0,0.0,0.0,0.0,0.0,0.0,0.0,0.0,0.0,0.0,0.0,0.0,0.0,0.0,0.0,0.0,0.0,0.0,0.0,0.0,0.0,0.0,0.0,0.0,598176.0846,0.0,0.0,0.0,0.0,0.0,0.0,0.0,3791443.438,0.0,0.0,0.0,0.0,0.0,0.0,0.0,0.0,0.0,0.0,0.0,0.0,197588.5727,0.0,0.0,0.0,0.0,0.0,12,0,D
6067.0,686.3555298,5.0299502,0.0,0.0,0.0,0.0,0.0,0.0,0.0,0.0,0.0,0.0,0.0,0.0,0.0,0.0,0.0,0.0,0.0,0.0,0.0,0.0,0.0,0.0,0.0,0.0,0.0,0.0,0.0,0.0,0.0,0.0,0.0,0.0,0.0,0.0,0.0,0.0,0.0,1972824.442,0.0,0.0,0.0,0.0,0.0,0.0,0.0,0.0,0.0,0.0,0.0,0.0,0.0,0.0,0.0,0.0,0.0,0.0,0,9,MD
6070.0,641.331781,11.679752,0.0,0.0,0.0,0.0,0.0,0.0,0.0,0.0,0.0,0.0,0.0,0.0,0.0,0.0,0.0,0.0,0.0,0.0,0.0,0.0,0.0,0.0,0.0,0.0,0.0,0.0,0.0,0.0,341437.2981,11900000.0,0.0,0.0,0.0,0.0,0.0,0.0,2105711.486,1469485.281,0.0,0.0,0.0,0.0,0.0,0.0,0.0,0.0,0.0,0.0,0.0,0.0,0.0,0.0,0.0,0.0,0.0,10400000.0,14,0,D
6073.0,790.3787842,9.2213505,0.0,0.0,0.0,0.0,0.0,0.0,0.0,0.0,0.0,0.0,0.0,0.0,0.0,0.0,0.0,0.0,0.0,0.0,0.0,0.0,0.0,0.0,0.0,0.0,0.0,0.0,0.0,0.0,0.0,0.0,0.0,0.0,0.0,0.0,0.0,0.0,0.0,1840630.299,0.0,0.0,0.0,0.0,0.0,0.0,0.0,0.0,0.0,0.0,0.0,0.0,0.0,0.0,0.0,0.0,0.0,0.0,0,6,MD
6074.0,688.3721924,5.2208867,0.0,0.0,0.0,0.0,0.0,0.0,0.0,0.0,0.0,0.0,0.0,0.0,0.0,0.0,0.0,0.0,0.0,0.0,0.0,0.0,0.0,0.0,0.0,0.0,0.0,0.0,0.0,0.0,0.0,0.0,0.0,0.0,0.0,0.0,0.0,0.0,0.0,1384450.502,0.0,0.0,0.0,0.0,0.0,0.0,0.0,0.0,0.0,0.0,0.0,0.0,0.0,0.0,0.0,0.0,0.0,0.0,0,6,MD
6075.0,657.3624451,13.1917386,0.0,0.0,0.0,0.0,0.0,0.0,0.0,0.0,0.0,0.0,0.0,0.0,0.0,0.0,0.0,10200000.0,0.0,0.0,0.0,0.0,0.0,0.0,0.0,0.0,0.0,0.0,0.0,0.0,0.0,0.0,0.0,0.0,0.0,0.0,1116997.217,0.0,414458.8623,3024130.637,0.0,0.0,0.0,0.0,0.0,0.0,926929.3481,0.0,0.0,0.0,0.0,0.0,0.0,0.0,0.0,0.0,0.0,0.0,0,9,MD
6076.0,545.3109131,11.250832,0.0,0.0,0.0,0.0,0.0,0.0,0.0,0.0,0.0,0.0,0.0,0.0,0.0,0.0,0.0,0.0,0.0,0.0,0.0,0.0,0.0,0.0,0.0,0.0,0.0,0.0,0.0,0.0,0.0,630055.9329,0.0,0.0,0.0,0.0,0.0,0.0,0.0,1444694.051,0.0,0.0,0.0,0.0,0.0,0.0,0.0,0.0,0.0,0.0,0.0,0.0,0.0,0.0,0.0,0.0,0.0,0.0,7,0,D
6077.0,970.4211426,9.058432733,0.0,0.0,0.0,0.0,0.0,0.0,0.0,0.0,0.0,0.0,0.0,0.0,0.0,0.0,0.0,0.0,0.0,0.0,0.0,0.0,0.0,0.0,0.0,0.0,0.0,2420615.3,0.0,0.0,0.0,0.0,0.0,0.0,0.0,0.0,0.0,0.0,0.0,1281671.182,0.0,0.0,0.0,0.0,0.0,0.0,0.0,1065402.76,0.0,0.0,0.0,0.0,0.0,0.0,0.0,0.0,0.0,0.0,0,7,MD
6078.0,912.4157104,10.3426235,0.0,0.0,0.0,0.0,0.0,0.0,0.0,0.0,0.0,0.0,0.0,0.0,0.0,0.0,0.0,0.0,0.0,0.0,0.0,0.0,0.0,0.0,0.0,0.0,0.0,0.0,0.0,0.0,0.0,0.0,0.0,0.0,0.0,0.0,0.0,0.0,290973.9482,1414217.393,0.0,0.0,0.0,0.0,0.0,0.0,0.0,0.0,0.0,0.0,0.0,0.0,0.0,0.0,0.0,0.0,0.0,0.0,0,9,MD
6085.0,636.3746948,6.61124615,0.0,0.0,0.0,0.0,0.0,0.0,0.0,0.0,0.0,0.0,0.0,0.0,0.0,0.0,0.0,0.0,0.0,0.0,0.0,0.0,0.0,0.0,0.0,0.0,0.0,0.0,0.0,0.0,0.0,0.0,0.0,0.0,0.0,0.0,0.0,0.0,546812.0957,3551859.242,0.0,0.0,0.0,0.0,0.0,0.0,0.0,0.0,0.0,0.0,0.0,0.0,0.0,0.0,0.0,0.0,0.0,0.0,15,0,D
6087.0,603.351944,12.6250605,0.0,0.0,0.0,0.0,0.0,0.0,0.0,0.0,0.0,0.0,0.0,0.0,0.0,0.0,0.0,0.0,0.0,0.0,0.0,0.0,0.0,0.0,0.0,0.0,0.0,0.0,0.0,0.0,0.0,0.0,0.0,0.0,0.0,0.0,0.0,0.0,0.0,3389882.691,0.0,0.0,0.0,0.0,0.0,0.0,0.0,0.0,0.0,0.0,1090451.85,12200000.0,0.0,0.0,0.0,0.0,16000000.0,0.0,11,14,MD
6091.0,791.3664551,5.775428,0.0,0.0,0.0,0.0,0.0,0.0,0.0,0.0,0.0,0.0,0.0,0.0,0.0,0.0,0.0,0.0,0.0,0.0,0.0,0.0,0.0,0.0,0.0,0.0,0.0,0.0,0.0,0.0,0.0,0.0,0.0,0.0,0.0,0.0,0.0,0.0,0.0,1200749.047,0.0,0.0,0.0,0.0,0.0,0.0,0.0,0.0,0.0,0.0,0.0,0.0,0.0,0.0,0.0,0.0,0.0,0.0,0,11,MD
6093.0,671.34375,4.5970831,0.0,0.0,0.0,0.0,0.0,0.0,0.0,0.0,0.0,0.0,0.0,0.0,0.0,0.0,0.0,0.0,0.0,0.0,0.0,0.0,0.0,0.0,0.0,0.0,629022.7048,0.0,0.0,0.0,0.0,0.0,0.0,0.0,0.0,0.0,0.0,0.0,0.0,1234918.666,0.0,0.0,0.0,0.0,0.0,0.0,0.0,0.0,0.0,0.0,0.0,0.0,0.0,0.0,0.0,0.0,0.0,0.0,0,6,MD
6095.0,619.3475545,7.2829486,0.0,0.0,0.0,0.0,0.0,0.0,0.0,0.0,0.0,0.0,0.0,0.0,0.0,0.0,0.0,0.0,0.0,0.0,0.0,0.0,0.0,0.0,0.0,0.0,0.0,0.0,0.0,0.0,0.0,0.0,0.0,0.0,0.0,0.0,0.0,0.0,0.0,1182294.496,0.0,0.0,0.0,0.0,0.0,0.0,0.0,0.0,0.0,0.0,419093.1572,49400000.0,3528589.429,0.0,0.0,0.0,1609451.201,361456.2318,0,7,MD
6101.0,559.3261515,12.01717867,0.0,0.0,0.0,0.0,0.0,0.0,0.0,0.0,0.0,0.0,0.0,0.0,0.0,0.0,0.0,0.0,0.0,0.0,0.0,0.0,0.0,0.0,0.0,0.0,0.0,0.0,0.0,0.0,0.0,640192.6732,0.0,0.0,0.0,0.0,0.0,0.0,0.0,958340.1179,0.0,0.0,0.0,0.0,0.0,0.0,0.0,0.0,0.0,0.0,0.0,0.0,0.0,0.0,0.0,0.0,0.0,824755.9469,9,0,D
6102.0,361.1641937,10.5580742,0.0,0.0,0.0,0.0,0.0,0.0,0.0,0.0,0.0,0.0,0.0,0.0,0.0,0.0,0.0,0.0,0.0,0.0,0.0,0.0,0.0,0.0,0.0,0.0,0.0,0.0,0.0,0.0,15000000.0,8647598.331,0.0,0.0,0.0,0.0,0.0,0.0,749519.1165,1021289.511,0.0,0.0,0.0,0.0,0.0,0.0,0.0,0.0,0.0,0.0,0.0,0.0,0.0,0.0,0.0,0.0,0.0,1501655.762,12,0,D
6103.0,617.3322754,8.1554903,0.0,0.0,0.0,0.0,0.0,0.0,0.0,0.0,0.0,0.0,0.0,0.0,0.0,0.0,0.0,0.0,0.0,0.0,0.0,0.0,0.0,0.0,0.0,0.0,0.0,0.0,0.0,0.0,0.0,0.0,0.0,0.0,0.0,0.0,0.0,0.0,0.0,1046263.246,0.0,0.0,0.0,0.0,0.0,0.0,0.0,0.0,0.0,0.0,0.0,0.0,0.0,0.0,0.0,0.0,0.0,0.0,13,0,D
6105.0,603.3524611,8.109007544,0.0,0.0,0.0,0.0,0.0,0.0,0.0,0.0,0.0,0.0,0.0,0.0,0.0,0.0,0.0,0.0,0.0,0.0,0.0,0.0,0.0,0.0,0.0,0.0,0.0,0.0,0.0,0.0,261626.8101,818194.0547,0.0,0.0,0.0,0.0,0.0,0.0,422907.6383,1512758.966,0.0,0.0,0.0,0.0,0.0,0.0,0.0,0.0,0.0,0.0,2805913.76,12800000.0,317000000.0,0.0,0.0,0.0,5165725.581,6287041.631,0,7,MD
6115.0,379.1748886,10.54339625,0.0,0.0,0.0,0.0,0.0,0.0,0.0,0.0,0.0,0.0,0.0,0.0,0.0,0.0,0.0,0.0,0.0,0.0,0.0,0.0,0.0,0.0,0.0,0.0,0.0,0.0,0.0,0.0,14200000.0,8695416.853,0.0,0.0,0.0,0.0,0.0,0.0,0.0,879128.9512,0.0,0.0,0.0,0.0,0.0,0.0,0.0,0.0,0.0,0.0,0.0,0.0,0.0,0.0,0.0,0.0,0.0,1140998.634,17,0,D
6120.0,655.34788,9.8351559,0.0,0.0,0.0,0.0,0.0,0.0,0.0,0.0,0.0,0.0,0.0,0.0,0.0,0.0,0.0,1241177.38,213488.428,0.0,0.0,0.0,0.0,0.0,0.0,0.0,0.0,0.0,0.0,0.0,26200000.0,7938720.411,0.0,0.0,0.0,0.0,0.0,0.0,0.0,858984.6076,0.0,0.0,0.0,0.0,0.0,0.0,0.0,0.0,4600384.007,0.0,0.0,0.0,0.0,0.0,0.0,0.0,0.0,0.0,0,14,MD
6131.0,317.2108688,2.4995649,0.0,0.0,0.0,0.0,0.0,0.0,0.0,0.0,0.0,0.0,0.0,0.0,0.0,0.0,0.0,0.0,0.0,0.0,0.0,0.0,0.0,0.0,0.0,0.0,0.0,0.0,0.0,0.0,423673.5621,0.0,0.0,0.0,0.0,0.0,0.0,0.0,1433459.823,362858.2847,0.0,0.0,0.0,0.0,0.0,0.0,0.0,0.0,0.0,0.0,0.0,0.0,0.0,0.0,0.0,0.0,6324242.427,0.0,8,0,D
6144.0,648.3736877,9.2526194,0.0,0.0,0.0,0.0,0.0,0.0,0.0,0.0,0.0,0.0,0.0,0.0,0.0,0.0,0.0,0.0,0.0,0.0,0.0,0.0,0.0,0.0,0.0,0.0,0.0,0.0,0.0,0.0,0.0,0.0,0.0,0.0,0.0,0.0,0.0,0.0,0.0,279449.9754,0.0,0.0,0.0,0.0,0.0,0.0,0.0,0.0,0.0,0.0,0.0,736441.8314,0.0,0.0,0.0,0.0,0.0,0.0,7,0,D
6164.0,617.3311218,7.81778474,0.0,0.0,0.0,0.0,0.0,0.0,0.0,0.0,0.0,0.0,0.0,0.0,0.0,0.0,0.0,0.0,0.0,0.0,0.0,0.0,0.0,0.0,0.0,0.0,0.0,0.0,0.0,0.0,0.0,0.0,0.0,0.0,0.0,0.0,0.0,0.0,178294.0392,543505.6283,0.0,0.0,0.0,0.0,0.0,0.0,0.0,0.0,0.0,0.0,0.0,7496447.934,1232553.13,0.0,0.0,0.0,1017581.878,0.0,0,9,MD
6171.0,601.3369344,11.66290833,0.0,0.0,0.0,0.0,0.0,0.0,0.0,0.0,0.0,0.0,0.0,0.0,0.0,0.0,0.0,0.0,0.0,0.0,0.0,0.0,0.0,0.0,0.0,0.0,0.0,0.0,0.0,6091109.272,17300000.0,0.0,0.0,0.0,0.0,0.0,0.0,0.0,0.0,482123.0268,0.0,0.0,0.0,0.0,0.0,0.0,0.0,0.0,0.0,0.0,0.0,0.0,0.0,0.0,0.0,0.0,0.0,0.0,28,0,D
6182.0,1028.426929,8.3613595,0.0,0.0,0.0,0.0,0.0,0.0,0.0,0.0,0.0,0.0,0.0,0.0,0.0,0.0,0.0,0.0,0.0,0.0,5248358.269,4138890.136,0.0,0.0,0.0,0.0,0.0,2085594.519,0.0,0.0,0.0,0.0,0.0,0.0,0.0,0.0,0.0,0.0,191517.1646,297737.7965,0.0,0.0,0.0,0.0,0.0,0.0,0.0,0.0,0.0,0.0,0.0,0.0,0.0,0.0,0.0,0.0,0.0,0.0,0,12,MD
6184.0,599.3218994,10.475782,0.0,0.0,0.0,0.0,0.0,0.0,0.0,0.0,0.0,0.0,0.0,0.0,0.0,0.0,0.0,0.0,0.0,0.0,0.0,0.0,0.0,0.0,0.0,0.0,0.0,0.0,0.0,0.0,0.0,0.0,0.0,0.0,0.0,0.0,0.0,0.0,0.0,306678.6345,0.0,0.0,0.0,0.0,0.0,0.0,0.0,0.0,0.0,0.0,0.0,0.0,0.0,0.0,0.0,0.0,0.0,0.0,7,0,D
6196.0,633.3639984,8.30295785,0.0,0.0,0.0,0.0,0.0,0.0,0.0,0.0,0.0,0.0,0.0,0.0,0.0,0.0,0.0,0.0,0.0,0.0,0.0,0.0,0.0,0.0,0.0,0.0,0.0,0.0,0.0,0.0,0.0,0.0,0.0,0.0,0.0,0.0,0.0,0.0,0.0,774487.9299,0.0,0.0,0.0,0.0,0.0,0.0,0.0,0.0,0.0,0.0,0.0,229319.4126,0.0,0.0,0.0,0.0,0.0,0.0,6,0,D
6231.0,603.3520813,8.655155025,0.0,0.0,0.0,0.0,0.0,0.0,0.0,0.0,0.0,0.0,0.0,0.0,0.0,0.0,0.0,0.0,0.0,0.0,0.0,0.0,0.0,0.0,0.0,0.0,0.0,0.0,0.0,0.0,0.0,0.0,0.0,0.0,0.0,0.0,0.0,0.0,0.0,233579.885,0.0,0.0,0.0,0.0,0.0,0.0,0.0,0.0,0.0,0.0,194849.1191,5043697.888,0.0,0.0,0.0,0.0,0.0,35500000.0,18,0,D
6251.0,601.3371735,6.41949545,0.0,0.0,0.0,0.0,0.0,0.0,0.0,0.0,0.0,0.0,0.0,0.0,0.0,0.0,0.0,0.0,0.0,0.0,0.0,0.0,0.0,0.0,0.0,0.0,0.0,0.0,0.0,0.0,0.0,0.0,0.0,0.0,0.0,0.0,0.0,0.0,0.0,201168.8773,0.0,0.0,0.0,0.0,0.0,0.0,0.0,0.0,0.0,0.0,0.0,1046526.462,0.0,0.0,0.0,0.0,0.0,0.0,7,0,D
6259.0,609.2694397,4.906492129,0.0,0.0,0.0,0.0,0.0,0.0,0.0,0.0,0.0,0.0,0.0,0.0,0.0,0.0,0.0,0.0,0.0,0.0,0.0,0.0,0.0,0.0,0.0,0.0,6172576.631,0.0,0.0,0.0,0.0,0.0,0.0,0.0,2521249.33,0.0,582884.8831,0.0,0.0,0.0,0.0,0.0,899627.0144,17000000.0,0.0,0.0,1002131.316,0.0,35100000.0,0.0,0.0,0.0,0.0,0.0,0.0,0.0,0.0,0.0,14,0,D
6261.0,573.2480512,4.134077843,0.0,0.0,0.0,0.0,0.0,0.0,0.0,0.0,0.0,0.0,0.0,0.0,0.0,0.0,0.0,755484.675,344235.0299,0.0,0.0,0.0,0.0,207297.9945,0.0,0.0,36400000.0,0.0,0.0,0.0,0.0,0.0,0.0,0.0,0.0,0.0,198294.3268,0.0,0.0,0.0,0.0,0.0,0.0,6971644.343,0.0,0.0,1232471.806,0.0,0.0,0.0,0.0,0.0,0.0,0.0,0.0,0.0,0.0,0.0,10,0,D
6264.0,626.2952779,5.080671633,0.0,0.0,0.0,0.0,0.0,0.0,0.0,0.0,0.0,0.0,0.0,0.0,0.0,0.0,0.0,0.0,0.0,0.0,0.0,0.0,0.0,0.0,0.0,0.0,945217.8914,0.0,0.0,0.0,0.0,0.0,0.0,0.0,742078.2929,0.0,3266264.726,0.0,0.0,0.0,0.0,0.0,4958924.124,9156119.35,0.0,0.0,0.0,0.0,18000000.0,0.0,0.0,0.0,0.0,0.0,0.0,0.0,0.0,0.0,20,0,D
6266.0,849.4582397,14.5386554,0.0,0.0,0.0,0.0,0.0,0.0,0.0,0.0,0.0,0.0,0.0,0.0,0.0,0.0,0.0,0.0,0.0,0.0,0.0,0.0,0.0,0.0,0.0,0.0,0.0,0.0,0.0,0.0,0.0,0.0,0.0,0.0,1764203.014,0.0,2571576.253,0.0,0.0,0.0,0.0,0.0,16400000.0,14400000.0,0.0,0.0,0.0,0.0,1832594.814,0.0,0.0,0.0,0.0,0.0,0.0,0.0,0.0,0.0,11,0,D
6268.0,451.2112325,4.98889785,0.0,0.0,0.0,0.0,0.0,0.0,0.0,0.0,0.0,0.0,0.0,0.0,0.0,0.0,0.0,0.0,0.0,0.0,0.0,430853.6493,0.0,0.0,0.0,0.0,266473.241,0.0,0.0,0.0,0.0,0.0,0.0,0.0,0.0,0.0,1728314.556,0.0,0.0,0.0,0.0,0.0,5587349.102,4816401.982,0.0,0.0,0.0,0.0,5046303.991,0.0,0.0,0.0,0.0,0.0,0.0,0.0,0.0,0.0,17,0,D
6270.0,609.2691214,4.255808686,0.0,0.0,0.0,0.0,0.0,0.0,0.0,0.0,0.0,0.0,0.0,0.0,0.0,0.0,0.0,1251639.685,655627.9195,0.0,0.0,0.0,0.0,0.0,0.0,0.0,0.0,0.0,0.0,0.0,0.0,0.0,0.0,0.0,842020.922,0.0,2422253.257,0.0,0.0,0.0,0.0,0.0,2367038.876,6189126.834,0.0,0.0,2705190.186,0.0,0.0,0.0,0.0,0.0,0.0,0.0,0.0,0.0,0.0,0.0,14,0,D
6271.0,886.5090942,14.880971,0.0,0.0,0.0,0.0,0.0,0.0,0.0,0.0,0.0,0.0,0.0,0.0,0.0,0.0,0.0,0.0,0.0,0.0,0.0,0.0,0.0,0.0,0.0,0.0,0.0,0.0,0.0,0.0,0.0,0.0,0.0,0.0,0.0,0.0,0.0,0.0,0.0,0.0,0.0,0.0,0.0,10800000.0,0.0,0.0,0.0,0.0,0.0,0.0,0.0,0.0,0.0,0.0,0.0,0.0,0.0,0.0,7,0,D
6272.0,433.2003784,5.059023175,0.0,0.0,0.0,0.0,0.0,0.0,0.0,0.0,0.0,0.0,0.0,0.0,0.0,0.0,0.0,0.0,0.0,0.0,0.0,0.0,0.0,0.0,0.0,0.0,0.0,0.0,0.0,0.0,0.0,0.0,0.0,0.0,349155.6009,0.0,0.0,0.0,0.0,0.0,0.0,0.0,4505150.322,4422253.807,0.0,0.0,0.0,0.0,4045613.995,0.0,0.0,0.0,0.0,0.0,0.0,0.0,0.0,0.0,10,0,D
6276.0,607.2532094,8.858686783,0.0,0.0,0.0,0.0,0.0,0.0,0.0,0.0,0.0,0.0,0.0,0.0,0.0,0.0,0.0,0.0,0.0,0.0,0.0,0.0,0.0,0.0,0.0,0.0,0.0,0.0,0.0,0.0,0.0,0.0,0.0,0.0,4220286.389,0.0,7869320.874,0.0,0.0,0.0,0.0,0.0,8313701.008,7776741.21,0.0,0.0,1141180.724,0.0,14400000.0,0.0,0.0,0.0,0.0,0.0,0.0,0.0,0.0,0.0,17,0,D
6277.0,469.3308411,9.280299443,0.0,0.0,0.0,0.0,0.0,0.0,0.0,0.0,0.0,0.0,0.0,0.0,0.0,0.0,209883.0899,0.0,0.0,0.0,0.0,577746.2077,0.0,0.0,1289818.466,0.0,0.0,0.0,0.0,0.0,0.0,0.0,0.0,0.0,0.0,0.0,0.0,0.0,2055146.132,0.0,0.0,0.0,0.0,6188154.663,0.0,0.0,0.0,0.0,362074.0849,0.0,0.0,0.0,0.0,0.0,1070667.18,0.0,0.0,0.0,0,8,MD
6278.0,898.5113037,14.5386554,0.0,0.0,0.0,0.0,0.0,0.0,0.0,0.0,0.0,0.0,0.0,0.0,0.0,0.0,0.0,0.0,0.0,0.0,0.0,0.0,0.0,0.0,0.0,0.0,0.0,0.0,0.0,0.0,0.0,0.0,0.0,0.0,503094.8393,0.0,906449.1028,0.0,0.0,0.0,0.0,0.0,6441574.595,5818606.092,0.0,0.0,0.0,0.0,3745863.331,0.0,0.0,0.0,0.0,0.0,0.0,0.0,0.0,0.0,13,0,D
6285.0,451.3206482,9.7096144,0.0,0.0,0.0,0.0,0.0,0.0,0.0,0.0,0.0,0.0,0.0,0.0,0.0,0.0,0.0,0.0,0.0,0.0,0.0,980491.8893,0.0,0.0,177096.1677,0.0,0.0,0.0,0.0,0.0,0.0,0.0,0.0,0.0,0.0,0.0,0.0,0.0,0.0,0.0,0.0,0.0,0.0,3389528.381,0.0,0.0,0.0,0.0,0.0,0.0,0.0,0.0,0.0,0.0,0.0,0.0,0.0,0.0,0,8,MD
6286.0,504.3682251,9.66391415,0.0,0.0,0.0,0.0,0.0,0.0,0.0,0.0,0.0,0.0,0.0,0.0,0.0,0.0,0.0,0.0,0.0,0.0,0.0,0.0,0.0,0.0,0.0,0.0,0.0,0.0,0.0,0.0,0.0,0.0,0.0,0.0,0.0,0.0,0.0,0.0,299042.2366,0.0,0.0,0.0,0.0,2406750.563,0.0,0.0,0.0,0.0,0.0,0.0,0.0,0.0,0.0,0.0,0.0,0.0,0.0,0.0,0,7,MD
6288.0,573.2487411,4.350944225,0.0,0.0,0.0,0.0,0.0,0.0,0.0,0.0,0.0,0.0,0.0,0.0,0.0,0.0,0.0,0.0,0.0,0.0,0.0,0.0,0.0,0.0,0.0,0.0,0.0,0.0,0.0,0.0,0.0,0.0,0.0,0.0,0.0,0.0,407426.7599,0.0,0.0,0.0,0.0,0.0,1767531.883,2457018.794,0.0,0.0,0.0,0.0,1312177.903,0.0,0.0,0.0,0.0,0.0,0.0,0.0,0.0,0.0,8,0,D
6291.0,591.2585983,4.079401738,0.0,0.0,0.0,0.0,0.0,0.0,0.0,0.0,0.0,0.0,0.0,0.0,0.0,0.0,0.0,2953883.618,186837.6533,0.0,0.0,0.0,0.0,397256.4042,0.0,0.0,44100000.0,0.0,0.0,0.0,0.0,0.0,0.0,0.0,0.0,0.0,2853865.554,0.0,0.0,0.0,0.0,0.0,222496.248,1490860.955,0.0,0.0,752783.8873,0.0,0.0,0.0,0.0,0.0,0.0,0.0,0.0,0.0,0.0,0.0,9,0,D
6293.0,591.2597427,4.8081856,0.0,0.0,0.0,0.0,0.0,0.0,0.0,0.0,0.0,0.0,0.0,0.0,0.0,0.0,0.0,0.0,0.0,0.0,0.0,0.0,0.0,0.0,0.0,0.0,2756310.141,0.0,0.0,0.0,0.0,0.0,0.0,0.0,0.0,0.0,4913937.87,0.0,0.0,0.0,0.0,0.0,259329.7665,927147.0554,0.0,0.0,0.0,0.0,0.0,0.0,0.0,0.0,0.0,0.0,0.0,0.0,0.0,0.0,16,0,D
6294.0,311.1636581,4.982412125,0.0,0.0,0.0,0.0,0.0,0.0,0.0,0.0,0.0,0.0,0.0,0.0,0.0,0.0,0.0,0.0,0.0,0.0,0.0,0.0,0.0,0.0,0.0,0.0,0.0,0.0,0.0,0.0,0.0,6467397.994,0.0,0.0,0.0,0.0,0.0,0.0,0.0,0.0,0.0,0.0,2811849.984,1171306.436,0.0,0.0,0.0,0.0,302896.9965,0.0,0.0,0.0,0.0,0.0,0.0,0.0,0.0,0.0,17,0,D
6295.0,499.3052979,11.400719,0.0,0.0,0.0,0.0,0.0,0.0,0.0,0.0,0.0,0.0,0.0,0.0,0.0,0.0,0.0,0.0,0.0,0.0,0.0,0.0,0.0,0.0,0.0,0.0,0.0,0.0,0.0,0.0,0.0,0.0,0.0,0.0,195112.7486,0.0,0.0,0.0,0.0,0.0,0.0,0.0,20600000.0,1812232.376,0.0,0.0,0.0,0.0,2937428.464,0.0,0.0,0.0,0.0,0.0,0.0,0.0,0.0,0.0,9,0,D
6296.0,883.4634603,14.37348433,0.0,0.0,0.0,0.0,0.0,0.0,0.0,0.0,0.0,0.0,0.0,0.0,0.0,0.0,0.0,0.0,0.0,0.0,0.0,0.0,0.0,0.0,0.0,0.0,0.0,0.0,0.0,0.0,0.0,0.0,0.0,0.0,0.0,0.0,0.0,0.0,0.0,0.0,0.0,0.0,4166838.544,2051142.826,0.0,0.0,0.0,0.0,5927084.387,0.0,0.0,0.0,0.0,0.0,0.0,0.0,0.0,0.0,6,0,D
6301.0,515.3000692,10.53617133,0.0,0.0,0.0,0.0,0.0,0.0,0.0,0.0,0.0,0.0,0.0,0.0,0.0,0.0,0.0,0.0,0.0,0.0,0.0,0.0,0.0,0.0,0.0,0.0,0.0,0.0,0.0,0.0,0.0,0.0,0.0,0.0,0.0,0.0,0.0,0.0,0.0,0.0,0.0,0.0,20900000.0,1046368.119,0.0,0.0,0.0,0.0,3554532.453,0.0,0.0,0.0,0.0,0.0,0.0,0.0,0.0,0.0,12,0,D
6302.0,609.2694838,6.349435989,0.0,0.0,0.0,0.0,0.0,0.0,0.0,0.0,0.0,0.0,0.0,0.0,0.0,0.0,0.0,716234.8363,432989.5368,0.0,0.0,0.0,0.0,0.0,0.0,0.0,2383169.2,0.0,0.0,0.0,0.0,0.0,0.0,0.0,179556.3566,0.0,1451044.472,0.0,0.0,0.0,0.0,0.0,347317.6629,1122703.989,0.0,0.0,1348449.094,0.0,48400000.0,0.0,0.0,0.0,0.0,0.0,0.0,0.0,0.0,0.0,12,0,D
6307.0,591.2591335,6.350673229,0.0,0.0,0.0,0.0,0.0,0.0,0.0,0.0,0.0,0.0,0.0,0.0,0.0,0.0,0.0,189110.6018,0.0,0.0,0.0,0.0,0.0,0.0,0.0,0.0,1226508.666,0.0,0.0,0.0,0.0,0.0,0.0,0.0,0.0,0.0,1271027.051,0.0,0.0,0.0,0.0,0.0,207349.8729,948881.2545,0.0,0.0,644704.8904,0.0,32000000.0,0.0,0.0,0.0,0.0,0.0,0.0,0.0,0.0,0.0,10,0,D
6315.0,626.2955889,4.069880271,0.0,0.0,0.0,0.0,0.0,0.0,0.0,0.0,0.0,0.0,0.0,0.0,0.0,0.0,0.0,0.0,171114.5905,0.0,0.0,0.0,0.0,0.0,0.0,0.0,533313.3658,0.0,0.0,0.0,0.0,0.0,0.0,0.0,0.0,0.0,578368.6097,0.0,0.0,0.0,0.0,0.0,280599.319,524645.9026,0.0,0.0,754971.5697,0.0,888355.4424,0.0,0.0,0.0,0.0,0.0,0.0,0.0,0.0,0.0,7,0,D
6323.0,469.2221909,4.413680875,0.0,0.0,0.0,0.0,0.0,0.0,0.0,0.0,0.0,0.0,0.0,0.0,0.0,0.0,0.0,0.0,0.0,0.0,0.0,0.0,0.0,0.0,0.0,0.0,7701262.803,0.0,0.0,0.0,0.0,0.0,0.0,0.0,0.0,0.0,0.0,0.0,0.0,0.0,0.0,0.0,174615.2084,357647.7899,0.0,0.0,0.0,0.0,3556506.882,0.0,0.0,0.0,0.0,0.0,0.0,0.0,0.0,0.0,8,0,D
6328.0,591.2590383,4.2850645,0.0,0.0,0.0,0.0,0.0,0.0,0.0,0.0,0.0,0.0,0.0,0.0,0.0,0.0,0.0,672724.5641,277096.7164,0.0,0.0,0.0,0.0,0.0,0.0,0.0,0.0,0.0,0.0,0.0,0.0,0.0,0.0,0.0,0.0,0.0,218986.6711,0.0,0.0,0.0,0.0,0.0,1162795.395,426091.9462,0.0,0.0,0.0,0.0,6973636.881,0.0,0.0,0.0,0.0,0.0,0.0,0.0,0.0,0.0,8,0,D
6329.0,525.2489471,5.38137405,0.0,0.0,0.0,0.0,0.0,0.0,0.0,0.0,0.0,0.0,0.0,0.0,0.0,0.0,0.0,0.0,0.0,0.0,0.0,0.0,0.0,0.0,0.0,0.0,0.0,0.0,0.0,0.0,0.0,0.0,0.0,0.0,0.0,0.0,0.0,0.0,0.0,0.0,0.0,0.0,10600000.0,407847.6663,0.0,0.0,0.0,0.0,0.0,0.0,0.0,0.0,0.0,0.0,0.0,0.0,0.0,0.0,8,0,D
6331.0,527.2648214,6.5384336,0.0,0.0,0.0,0.0,0.0,0.0,0.0,0.0,0.0,0.0,0.0,0.0,0.0,0.0,0.0,0.0,0.0,0.0,0.0,0.0,0.0,0.0,0.0,0.0,0.0,0.0,0.0,0.0,0.0,0.0,0.0,0.0,0.0,0.0,0.0,0.0,0.0,0.0,0.0,0.0,11000000.0,422515.7831,0.0,0.0,0.0,0.0,1237181.932,0.0,0.0,0.0,0.0,0.0,0.0,0.0,0.0,0.0,9,0,D
6349.0,885.4759521,14.35160567,0.0,0.0,0.0,0.0,0.0,0.0,0.0,0.0,0.0,0.0,0.0,0.0,0.0,0.0,0.0,0.0,0.0,0.0,0.0,0.0,0.0,0.0,0.0,0.0,0.0,0.0,0.0,0.0,0.0,0.0,0.0,0.0,0.0,0.0,0.0,0.0,0.0,0.0,0.0,0.0,1523051.976,564146.3296,0.0,0.0,0.0,0.0,4271762.955,0.0,0.0,0.0,0.0,0.0,0.0,0.0,0.0,0.0,6,0,D
6352.0,626.2954763,4.156398883,0.0,0.0,0.0,0.0,0.0,0.0,0.0,0.0,0.0,0.0,0.0,0.0,0.0,0.0,0.0,0.0,297419.9639,0.0,0.0,0.0,0.0,0.0,0.0,0.0,21800000.0,0.0,0.0,0.0,0.0,0.0,0.0,0.0,0.0,0.0,0.0,0.0,0.0,0.0,0.0,0.0,270148.798,253378.0356,0.0,0.0,218568.711,0.0,48500000.0,0.0,0.0,0.0,0.0,0.0,0.0,0.0,0.0,0.0,6,0,D
6360.0,885.4789276,14.752277,0.0,0.0,0.0,0.0,0.0,0.0,0.0,0.0,0.0,0.0,0.0,0.0,0.0,0.0,0.0,0.0,0.0,0.0,0.0,0.0,0.0,0.0,0.0,0.0,0.0,0.0,0.0,0.0,0.0,0.0,0.0,0.0,0.0,0.0,0.0,0.0,0.0,0.0,0.0,0.0,958904.4277,909022.8754,0.0,0.0,723900.8106,0.0,23100000.0,0.0,0.0,0.0,0.0,0.0,0.0,0.0,0.0,0.0,9,0,D
6370.0,479.2788391,7.319018033,0.0,0.0,0.0,0.0,0.0,0.0,0.0,0.0,0.0,0.0,0.0,0.0,0.0,0.0,0.0,0.0,0.0,0.0,0.0,0.0,1445767.97,0.0,0.0,0.0,143564.0688,0.0,0.0,0.0,0.0,0.0,0.0,0.0,0.0,0.0,0.0,0.0,0.0,0.0,0.0,0.0,0.0,232392.4359,0.0,0.0,0.0,0.0,0.0,0.0,0.0,0.0,0.0,0.0,0.0,0.0,0.0,0.0,0,6,MD
6375.0,469.2224986,4.760840967,0.0,0.0,0.0,0.0,0.0,0.0,0.0,0.0,0.0,0.0,0.0,0.0,0.0,0.0,0.0,0.0,0.0,0.0,0.0,0.0,0.0,0.0,0.0,0.0,1914046.587,0.0,0.0,0.0,0.0,0.0,0.0,0.0,0.0,0.0,0.0,0.0,0.0,0.0,0.0,0.0,0.0,210474.8695,0.0,0.0,0.0,0.0,1700237.807,0.0,0.0,0.0,0.0,0.0,0.0,0.0,0.0,0.0,9,0,D
6377.0,479.279026,10.51930825,0.0,0.0,0.0,0.0,0.0,0.0,0.0,0.0,0.0,0.0,0.0,0.0,0.0,0.0,0.0,0.0,0.0,0.0,0.0,0.0,2944775.678,0.0,0.0,0.0,0.0,0.0,0.0,0.0,0.0,0.0,0.0,0.0,0.0,0.0,0.0,0.0,0.0,0.0,0.0,0.0,1536815.882,173278.5786,0.0,0.0,0.0,0.0,0.0,0.0,439937.2936,0.0,0.0,0.0,0.0,0.0,0.0,0.0,0,6,MD
6455.0,597.1980591,3.929022,0.0,0.0,0.0,2148627.538,0.0,0.0,0.0,0.0,0.0,0.0,0.0,0.0,0.0,0.0,0.0,0.0,0.0,0.0,0.0,0.0,0.0,0.0,0.0,0.0,0.0,0.0,0.0,0.0,0.0,0.0,0.0,0.0,0.0,0.0,0.0,0.0,0.0,0.0,0.0,0.0,0.0,0.0,0.0,0.0,0.0,0.0,0.0,0.0,0.0,0.0,0.0,0.0,0.0,0.0,0.0,0.0,14,0,D
6489.0,599.212677,3.12820095,0.0,0.0,0.0,762975.3842,0.0,0.0,0.0,0.0,0.0,0.0,0.0,0.0,0.0,0.0,0.0,0.0,245915.4429,0.0,0.0,0.0,0.0,0.0,0.0,0.0,0.0,0.0,0.0,0.0,0.0,0.0,0.0,0.0,0.0,0.0,0.0,0.0,0.0,0.0,0.0,0.0,0.0,0.0,0.0,0.0,0.0,0.0,0.0,0.0,0.0,0.0,0.0,0.0,0.0,0.0,0.0,0.0,11,0,D
6500.0,645.2304382,6.1930884,0.0,0.0,0.0,598377.956,0.0,0.0,0.0,0.0,0.0,0.0,0.0,0.0,0.0,0.0,0.0,0.0,0.0,0.0,0.0,0.0,0.0,0.0,0.0,0.0,0.0,0.0,0.0,0.0,0.0,0.0,0.0,0.0,0.0,0.0,0.0,0.0,0.0,0.0,0.0,0.0,0.0,0.0,0.0,0.0,0.0,0.0,0.0,0.0,0.0,0.0,0.0,0.0,0.0,0.0,0.0,0.0,6,0,D
6505.0,481.1857605,4.9357729,0.0,0.0,0.0,998626.3011,0.0,0.0,0.0,0.0,0.0,0.0,0.0,0.0,0.0,0.0,0.0,0.0,0.0,0.0,0.0,0.0,0.0,0.0,0.0,0.0,0.0,0.0,0.0,0.0,0.0,0.0,0.0,0.0,0.0,0.0,0.0,0.0,0.0,0.0,0.0,0.0,0.0,0.0,0.0,0.0,0.0,0.0,0.0,0.0,0.0,0.0,0.0,0.0,0.0,0.0,0.0,0.0,7,0,D
6515.0,673.3571167,6.4305494,0.0,0.0,0.0,1492588.734,0.0,0.0,0.0,0.0,0.0,0.0,0.0,0.0,0.0,0.0,0.0,0.0,0.0,0.0,0.0,0.0,0.0,0.0,0.0,0.0,5097108.369,0.0,0.0,0.0,0.0,0.0,0.0,0.0,0.0,0.0,0.0,0.0,0.0,0.0,0.0,0.0,0.0,0.0,0.0,0.0,0.0,0.0,0.0,0.0,0.0,0.0,0.0,0.0,0.0,0.0,0.0,0.0,17,6,D
6574.0,481.1857605,5.070219,0.0,0.0,0.0,507595.2051,0.0,0.0,0.0,0.0,0.0,0.0,0.0,0.0,0.0,0.0,0.0,0.0,0.0,0.0,0.0,0.0,0.0,0.0,0.0,0.0,0.0,0.0,0.0,0.0,0.0,0.0,0.0,0.0,0.0,0.0,0.0,0.0,0.0,0.0,0.0,0.0,0.0,0.0,0.0,0.0,0.0,0.0,0.0,0.0,0.0,0.0,0.0,0.0,0.0,0.0,0.0,0.0,7,0,D
6577.0,673.3579407,4.7244811,0.0,0.0,0.0,225865.0434,0.0,0.0,0.0,0.0,0.0,0.0,0.0,0.0,0.0,0.0,0.0,0.0,0.0,0.0,0.0,0.0,0.0,0.0,0.0,0.0,539321.4452,0.0,0.0,0.0,0.0,0.0,0.0,0.0,0.0,0.0,0.0,0.0,0.0,0.0,0.0,0.0,0.0,0.0,0.0,0.0,0.0,0.0,0.0,0.0,0.0,0.0,0.0,0.0,0.0,0.0,0.0,0.0,6,0,D
6644.0,663.2796631,6.50707895,0.0,0.0,0.0,210528.3875,0.0,0.0,0.0,0.0,0.0,0.0,0.0,0.0,0.0,0.0,0.0,0.0,0.0,0.0,555063.5745,0.0,712417.8391,0.0,0.0,0.0,3603927.998,0.0,0.0,0.0,0.0,0.0,0.0,0.0,0.0,0.0,0.0,0.0,0.0,0.0,0.0,0.0,0.0,0.0,0.0,0.0,0.0,0.0,0.0,0.0,0.0,0.0,0.0,0.0,0.0,0.0,0.0,0.0,10,0,D
6673.0,617.2731171,9.5480215,0.0,0.0,0.0,0.0,0.0,0.0,0.0,0.0,0.0,0.0,0.0,0.0,0.0,0.0,0.0,0.0,621881.4596,0.0,0.0,0.0,0.0,0.0,0.0,0.0,0.0,0.0,0.0,0.0,0.0,0.0,0.0,0.0,0.0,0.0,6602817.013,0.0,0.0,0.0,0.0,0.0,0.0,0.0,0.0,0.0,0.0,0.0,0.0,0.0,0.0,0.0,0.0,0.0,0.0,0.0,0.0,0.0,14,0,D
6695.0,573.2476425,3.934893112,0.0,0.0,0.0,0.0,0.0,0.0,0.0,0.0,0.0,0.0,0.0,0.0,0.0,0.0,0.0,1451895.529,1281768.42,0.0,0.0,0.0,0.0,210836.136,0.0,0.0,6658473.316,0.0,0.0,0.0,0.0,0.0,0.0,0.0,0.0,0.0,1217436.768,0.0,0.0,0.0,0.0,0.0,4530474.309,0.0,0.0,0.0,1805449.154,0.0,132000000.0,0.0,0.0,0.0,0.0,0.0,0.0,0.0,0.0,0.0,10,0,D
6726.0,613.336731,12.428503,0.0,0.0,0.0,0.0,0.0,0.0,0.0,0.0,0.0,0.0,0.0,0.0,0.0,0.0,0.0,0.0,0.0,0.0,0.0,0.0,0.0,0.0,0.0,0.0,0.0,0.0,0.0,0.0,0.0,0.0,0.0,0.0,0.0,0.0,559744.3469,0.0,0.0,0.0,0.0,0.0,0.0,0.0,0.0,0.0,0.0,0.0,0.0,0.0,0.0,0.0,0.0,0.0,0.0,0.0,0.0,0.0,10,0,D
6746.0,670.3942362,12.44516133,0.0,0.0,0.0,0.0,0.0,0.0,0.0,0.0,0.0,0.0,0.0,0.0,0.0,0.0,0.0,6171951.932,0.0,0.0,0.0,0.0,0.0,0.0,0.0,0.0,0.0,0.0,0.0,0.0,0.0,0.0,0.0,0.0,0.0,0.0,222321.3794,0.0,0.0,0.0,0.0,0.0,0.0,0.0,0.0,0.0,0.0,0.0,0.0,0.0,0.0,0.0,0.0,0.0,0.0,0.0,0.0,6938178.981,0,7,MD
6794.0,739.33255,6.2171443,0.0,0.0,0.0,0.0,0.0,0.0,0.0,0.0,0.0,0.0,0.0,0.0,0.0,0.0,0.0,0.0,2989735.969,6018528.379,0.0,0.0,0.0,0.0,0.0,0.0,0.0,0.0,0.0,0.0,0.0,0.0,0.0,0.0,0.0,674558.6518,0.0,0.0,0.0,0.0,0.0,0.0,0.0,0.0,0.0,0.0,0.0,0.0,0.0,0.0,0.0,0.0,0.0,0.0,0.0,0.0,0.0,0.0,15,0,D
6888.0,608.401001,4.5066401,0.0,0.0,0.0,0.0,0.0,0.0,0.0,0.0,0.0,0.0,0.0,0.0,0.0,0.0,0.0,0.0,0.0,0.0,0.0,0.0,0.0,0.0,0.0,0.0,0.0,0.0,0.0,0.0,0.0,0.0,0.0,0.0,0.0,0.0,0.0,0.0,0.0,0.0,0.0,343284.5044,0.0,0.0,0.0,0.0,0.0,0.0,2513142.637,0.0,0.0,0.0,0.0,0.0,0.0,0.0,0.0,0.0,16,0,D
7196.0,930.4845581,9.185079233,0.0,0.0,0.0,0.0,0.0,0.0,0.0,0.0,0.0,0.0,0.0,0.0,0.0,0.0,0.0,0.0,0.0,0.0,0.0,0.0,0.0,0.0,0.0,0.0,0.0,0.0,0.0,972769.4407,6012061.193,23100000.0,0.0,0.0,0.0,0.0,0.0,0.0,0.0,0.0,0.0,0.0,0.0,0.0,0.0,0.0,0.0,0.0,0.0,0.0,0.0,0.0,0.0,0.0,0.0,0.0,0.0,0.0,0,19,MD
7209.0,636.373291,7.51593765,0.0,0.0,0.0,0.0,0.0,0.0,0.0,0.0,0.0,0.0,0.0,0.0,0.0,0.0,0.0,0.0,0.0,0.0,0.0,0.0,0.0,0.0,0.0,0.0,0.0,0.0,0.0,213695.4296,0.0,0.0,0.0,0.0,0.0,0.0,0.0,0.0,0.0,0.0,0.0,0.0,0.0,0.0,0.0,0.0,0.0,0.0,0.0,0.0,0.0,3048833.154,0.0,0.0,0.0,0.0,0.0,0.0,0,6,MD
7226.0,692.3641586,11.10080675,0.0,0.0,0.0,0.0,0.0,0.0,0.0,0.0,0.0,0.0,0.0,0.0,0.0,0.0,0.0,0.0,0.0,0.0,0.0,0.0,0.0,0.0,0.0,0.0,0.0,0.0,0.0,368976.7904,1529602.091,1765945.156,0.0,0.0,0.0,0.0,0.0,0.0,1500581.717,0.0,0.0,0.0,0.0,0.0,0.0,0.0,0.0,0.0,0.0,0.0,0.0,0.0,0.0,0.0,0.0,0.0,0.0,0.0,7,0,D
7414.0,721.2831421,6.48107405,0.0,0.0,0.0,0.0,0.0,0.0,0.0,0.0,0.0,0.0,0.0,0.0,0.0,0.0,0.0,0.0,0.0,0.0,6634238.314,960459.4064,0.0,0.0,0.0,0.0,0.0,0.0,0.0,0.0,0.0,0.0,0.0,0.0,0.0,0.0,0.0,0.0,0.0,0.0,0.0,0.0,0.0,0.0,0.0,0.0,0.0,0.0,0.0,0.0,0.0,0.0,0.0,0.0,0.0,0.0,0.0,0.0,12,0,D
7421.0,865.3058879,7.8388101,0.0,0.0,0.0,0.0,0.0,0.0,0.0,0.0,0.0,0.0,0.0,0.0,0.0,0.0,0.0,0.0,0.0,1151125.863,6177374.951,1057280.416,0.0,0.0,0.0,0.0,0.0,0.0,0.0,0.0,0.0,0.0,0.0,0.0,0.0,0.0,0.0,0.0,0.0,0.0,0.0,0.0,0.0,0.0,0.0,0.0,0.0,0.0,0.0,0.0,0.0,0.0,0.0,0.0,0.0,0.0,0.0,0.0,11,0,D
7427.0,359.1491013,1.90508965,0.0,0.0,0.0,0.0,0.0,0.0,0.0,0.0,0.0,0.0,0.0,0.0,0.0,0.0,0.0,399230.4218,0.0,0.0,0.0,429103.6628,0.0,0.0,0.0,0.0,0.0,0.0,0.0,0.0,0.0,0.0,0.0,0.0,0.0,0.0,0.0,0.0,0.0,0.0,341620.4385,0.0,0.0,0.0,0.0,0.0,953389.5868,0.0,0.0,0.0,0.0,0.0,0.0,0.0,0.0,0.0,0.0,0.0,7,0,D
7481.0,770.3375168,8.0521515,0.0,0.0,0.0,0.0,0.0,0.0,0.0,0.0,0.0,0.0,0.0,0.0,0.0,0.0,666488.585,0.0,0.0,222576.1772,713031.8621,654385.0711,0.0,0.0,0.0,0.0,0.0,0.0,0.0,0.0,0.0,0.0,0.0,0.0,0.0,0.0,0.0,0.0,0.0,0.0,0.0,0.0,0.0,0.0,0.0,0.0,0.0,0.0,0.0,0.0,0.0,0.0,0.0,0.0,0.0,0.0,0.0,0.0,6,0,D
7512.0,740.326767,7.75148365,0.0,0.0,0.0,0.0,0.0,0.0,0.0,0.0,0.0,0.0,0.0,0.0,0.0,0.0,0.0,0.0,0.0,0.0,1720353.414,347128.3521,0.0,0.0,0.0,0.0,0.0,0.0,0.0,0.0,0.0,0.0,0.0,0.0,0.0,0.0,0.0,0.0,0.0,0.0,0.0,0.0,0.0,0.0,0.0,0.0,0.0,0.0,0.0,0.0,0.0,0.0,0.0,0.0,0.0,0.0,0.0,0.0,8,0,D
7607.0,477.3571947,10.47075433,0.0,0.0,0.0,0.0,0.0,0.0,0.0,0.0,0.0,0.0,0.0,0.0,0.0,0.0,0.0,230125.2759,0.0,0.0,1985274.048,228832.5804,0.0,0.0,823474.0746,0.0,0.0,1411695.787,0.0,0.0,0.0,0.0,0.0,0.0,0.0,0.0,0.0,0.0,0.0,0.0,0.0,0.0,0.0,0.0,0.0,0.0,0.0,669758.4058,0.0,0.0,0.0,0.0,0.0,182622.7544,1361104.826,0.0,1105971.964,0.0,6,0,D
7625.0,353.2307575,3.383497877,0.0,0.0,0.0,0.0,0.0,0.0,0.0,0.0,0.0,0.0,0.0,0.0,0.0,0.0,0.0,0.0,0.0,591695.7335,180625.6136,605957.623,485042.6758,1425724.976,259344.0816,0.0,654490.1488,563194.3191,0.0,0.0,0.0,0.0,0.0,0.0,0.0,0.0,0.0,372194.3293,1468893.838,0.0,334538.1259,0.0,0.0,0.0,0.0,0.0,0.0,0.0,0.0,0.0,0.0,0.0,0.0,0.0,2082934.219,0.0,259574.2585,0.0,9,0,D
7684.0,473.2897339,9.3538555,0.0,0.0,0.0,0.0,0.0,0.0,0.0,0.0,0.0,0.0,0.0,0.0,0.0,0.0,0.0,0.0,0.0,0.0,0.0,0.0,0.0,0.0,0.0,0.0,0.0,0.0,0.0,0.0,0.0,0.0,0.0,0.0,5110298.548,0.0,0.0,0.0,0.0,0.0,0.0,0.0,0.0,0.0,0.0,0.0,0.0,0.0,0.0,0.0,0.0,0.0,0.0,0.0,0.0,0.0,0.0,0.0,6,0,D
7695.0,904.5567932,14.331926,0.0,0.0,0.0,0.0,0.0,0.0,0.0,0.0,0.0,0.0,0.0,0.0,0.0,0.0,0.0,0.0,0.0,0.0,0.0,0.0,0.0,0.0,0.0,0.0,0.0,0.0,0.0,0.0,0.0,0.0,0.0,0.0,3654996.879,0.0,0.0,0.0,0.0,0.0,0.0,0.0,0.0,0.0,0.0,0.0,0.0,0.0,0.0,0.0,0.0,0.0,0.0,0.0,0.0,0.0,0.0,0.0,7,0,D
7699.0,501.3214569,12.301122,0.0,0.0,0.0,0.0,0.0,0.0,0.0,0.0,0.0,0.0,0.0,0.0,0.0,0.0,0.0,0.0,0.0,0.0,0.0,0.0,0.0,0.0,0.0,0.0,0.0,0.0,0.0,0.0,0.0,0.0,0.0,0.0,2256394.14,0.0,0.0,0.0,0.0,0.0,0.0,0.0,0.0,0.0,0.0,0.0,0.0,0.0,0.0,0.0,0.0,0.0,0.0,0.0,0.0,0.0,0.0,0.0,6,0,D
7704.0,473.2902832,14.591242,0.0,0.0,0.0,0.0,0.0,0.0,0.0,0.0,0.0,0.0,0.0,0.0,0.0,0.0,0.0,0.0,0.0,0.0,0.0,0.0,0.0,0.0,0.0,0.0,0.0,0.0,0.0,0.0,0.0,0.0,0.0,0.0,1289885.058,0.0,0.0,0.0,0.0,0.0,0.0,0.0,0.0,0.0,0.0,0.0,0.0,0.0,0.0,0.0,0.0,0.0,0.0,0.0,0.0,0.0,0.0,0.0,6,0,D
7729.0,585.306366,10.472591,0.0,0.0,0.0,0.0,0.0,0.0,0.0,0.0,0.0,0.0,0.0,0.0,0.0,0.0,0.0,0.0,0.0,0.0,0.0,0.0,0.0,0.0,0.0,0.0,0.0,0.0,0.0,0.0,0.0,0.0,0.0,0.0,1030982.626,0.0,0.0,0.0,0.0,0.0,0.0,0.0,0.0,0.0,0.0,0.0,0.0,0.0,0.0,0.0,0.0,0.0,0.0,0.0,0.0,0.0,0.0,0.0,9,0,D
7772.0,793.5244751,14.22325367,0.0,0.0,0.0,0.0,0.0,0.0,0.0,0.0,0.0,0.0,0.0,0.0,0.0,0.0,0.0,0.0,0.0,0.0,0.0,0.0,0.0,0.0,0.0,0.0,0.0,0.0,0.0,0.0,0.0,0.0,0.0,0.0,248976.7051,0.0,0.0,30700000.0,0.0,0.0,0.0,0.0,0.0,0.0,0.0,0.0,0.0,0.0,0.0,0.0,0.0,0.0,8021449.917,0.0,0.0,0.0,0.0,0.0,9,0,D
7781.0,591.2963562,5.0331937,0.0,0.0,0.0,0.0,0.0,0.0,0.0,0.0,0.0,0.0,0.0,0.0,0.0,0.0,0.0,0.0,0.0,0.0,0.0,0.0,0.0,0.0,0.0,0.0,0.0,0.0,0.0,0.0,0.0,0.0,0.0,0.0,242772.1737,0.0,0.0,0.0,0.0,0.0,0.0,0.0,0.0,0.0,0.0,0.0,0.0,0.0,0.0,0.0,0.0,0.0,0.0,0.0,0.0,0.0,0.0,0.0,10,0,D
7955.0,314.2686096,1.70007428,0.0,0.0,0.0,0.0,0.0,0.0,0.0,0.0,0.0,0.0,0.0,0.0,0.0,260795.2746,1078304.168,0.0,0.0,1760673.314,381409.6702,0.0,0.0,0.0,0.0,0.0,3060365.422,0.0,0.0,0.0,0.0,0.0,0.0,0.0,0.0,0.0,0.0,0.0,176756.4763,0.0,0.0,0.0,0.0,0.0,0.0,0.0,0.0,0.0,0.0,0.0,0.0,194158.6447,0.0,0.0,1641252.596,1003817.457,587902.3017,0.0,9,0,D
7997.0,340.247406,7.793230867,0.0,0.0,0.0,0.0,0.0,0.0,0.0,0.0,0.0,0.0,0.0,0.0,0.0,169775.9874,0.0,0.0,0.0,0.0,0.0,0.0,0.0,0.0,0.0,0.0,304366.4137,0.0,0.0,0.0,0.0,0.0,0.0,0.0,0.0,0.0,0.0,0.0,0.0,0.0,0.0,0.0,0.0,0.0,0.0,0.0,0.0,0.0,0.0,0.0,0.0,0.0,0.0,0.0,3601372.596,0.0,0.0,0.0,7,0,D
8024.0,511.305069,10.861172,0.0,0.0,0.0,0.0,0.0,0.0,0.0,0.0,0.0,0.0,0.0,0.0,0.0,0.0,0.0,0.0,0.0,0.0,0.0,0.0,4127384.965,0.0,0.0,0.0,0.0,0.0,0.0,0.0,0.0,0.0,0.0,0.0,0.0,0.0,0.0,0.0,0.0,0.0,0.0,0.0,0.0,0.0,0.0,0.0,0.0,0.0,0.0,0.0,0.0,0.0,0.0,0.0,0.0,0.0,0.0,0.0,8,7,D
8025.0,511.3049927,10.397642,0.0,0.0,0.0,0.0,0.0,0.0,0.0,0.0,0.0,0.0,0.0,0.0,0.0,0.0,0.0,0.0,0.0,0.0,0.0,0.0,5072002.546,0.0,0.0,0.0,0.0,0.0,0.0,0.0,0.0,0.0,0.0,0.0,0.0,0.0,0.0,0.0,0.0,0.0,0.0,0.0,0.0,0.0,0.0,0.0,0.0,0.0,0.0,0.0,0.0,0.0,0.0,0.0,0.0,0.0,0.0,0.0,8,7,D
8031.0,663.3161621,12.163487,0.0,0.0,0.0,0.0,0.0,0.0,0.0,0.0,0.0,0.0,0.0,0.0,0.0,0.0,0.0,0.0,0.0,0.0,0.0,0.0,2097486.195,0.0,0.0,0.0,0.0,0.0,0.0,0.0,0.0,0.0,0.0,0.0,0.0,0.0,0.0,0.0,0.0,0.0,0.0,0.0,0.0,0.0,0.0,0.0,0.0,0.0,0.0,0.0,0.0,0.0,0.0,0.0,0.0,0.0,0.0,0.0,11,0,D
8042.0,683.3057098,6.9449462,0.0,0.0,0.0,0.0,0.0,0.0,0.0,0.0,0.0,0.0,0.0,0.0,0.0,0.0,0.0,0.0,0.0,260414.3144,0.0,0.0,1949449.646,0.0,0.0,0.0,0.0,0.0,0.0,0.0,0.0,0.0,0.0,0.0,0.0,0.0,0.0,0.0,0.0,0.0,0.0,0.0,0.0,0.0,0.0,0.0,0.0,0.0,0.0,0.0,0.0,0.0,0.0,0.0,0.0,0.0,0.0,0.0,7,0,D
8050.0,679.2752075,4.5407028,0.0,0.0,0.0,0.0,0.0,0.0,0.0,0.0,0.0,0.0,0.0,0.0,0.0,0.0,0.0,0.0,0.0,0.0,520890.5842,0.0,2281835.902,0.0,0.0,0.0,0.0,0.0,0.0,0.0,0.0,0.0,0.0,0.0,0.0,0.0,0.0,0.0,0.0,0.0,0.0,0.0,0.0,0.0,0.0,0.0,0.0,0.0,0.0,0.0,0.0,0.0,0.0,0.0,0.0,0.0,0.0,0.0,12,0,D
8062.0,698.3168945,5.7664811,0.0,0.0,0.0,0.0,0.0,0.0,0.0,0.0,0.0,0.0,0.0,0.0,0.0,0.0,0.0,0.0,0.0,0.0,0.0,0.0,1124281.414,0.0,0.0,0.0,0.0,0.0,0.0,0.0,0.0,0.0,0.0,0.0,0.0,0.0,0.0,0.0,0.0,0.0,0.0,0.0,0.0,0.0,0.0,0.0,0.0,0.0,0.0,0.0,0.0,0.0,0.0,0.0,0.0,0.0,0.0,0.0,8,0,D
8069.0,667.310379,10.2159305,0.0,0.0,0.0,0.0,0.0,0.0,0.0,0.0,0.0,0.0,0.0,0.0,0.0,0.0,0.0,0.0,0.0,4220752.274,0.0,0.0,911523.4514,0.0,0.0,0.0,3661106.415,0.0,0.0,0.0,0.0,0.0,0.0,0.0,0.0,0.0,0.0,0.0,0.0,0.0,0.0,0.0,0.0,0.0,0.0,0.0,0.0,0.0,0.0,0.0,0.0,0.0,0.0,0.0,0.0,0.0,0.0,631741.8404,15,0,D
8116.0,615.3162638,11.165495,0.0,0.0,0.0,0.0,0.0,0.0,0.0,0.0,0.0,0.0,0.0,0.0,0.0,0.0,0.0,0.0,0.0,0.0,0.0,0.0,0.0,0.0,0.0,0.0,0.0,0.0,0.0,0.0,11000000.0,19900000.0,0.0,0.0,0.0,0.0,0.0,0.0,0.0,0.0,0.0,0.0,0.0,0.0,0.0,0.0,0.0,0.0,0.0,0.0,0.0,0.0,0.0,0.0,0.0,0.0,0.0,23100000.0,16,0,D
8142.0,679.3685303,9.4882505,0.0,0.0,0.0,0.0,0.0,0.0,0.0,0.0,0.0,0.0,0.0,0.0,0.0,0.0,0.0,0.0,0.0,0.0,0.0,0.0,0.0,0.0,0.0,0.0,0.0,0.0,0.0,0.0,0.0,0.0,0.0,0.0,0.0,0.0,0.0,0.0,0.0,0.0,0.0,0.0,0.0,0.0,0.0,0.0,0.0,0.0,0.0,0.0,0.0,0.0,0.0,0.0,0.0,0.0,0.0,3602147.652,11,0,D
8150.0,828.5613098,14.848334,0.0,0.0,0.0,0.0,0.0,0.0,0.0,0.0,0.0,0.0,0.0,0.0,0.0,0.0,0.0,0.0,0.0,0.0,0.0,0.0,0.0,0.0,0.0,0.0,0.0,0.0,0.0,0.0,0.0,5336531.181,0.0,0.0,0.0,0.0,0.0,0.0,0.0,0.0,0.0,0.0,0.0,0.0,0.0,0.0,0.0,0.0,0.0,0.0,0.0,0.0,0.0,0.0,0.0,0.0,0.0,10500000.0,0,6,MD
8156.0,793.3790283,8.95168035,0.0,0.0,0.0,0.0,0.0,0.0,0.0,0.0,0.0,0.0,0.0,0.0,0.0,0.0,0.0,3318578.457,0.0,0.0,0.0,0.0,0.0,0.0,0.0,0.0,0.0,0.0,0.0,0.0,0.0,0.0,0.0,0.0,0.0,0.0,0.0,0.0,0.0,0.0,0.0,0.0,0.0,0.0,0.0,0.0,0.0,0.0,0.0,0.0,0.0,0.0,0.0,0.0,0.0,0.0,0.0,3122967.03,0,13,MD
8164.0,638.3892924,8.589352267,0.0,0.0,0.0,0.0,0.0,0.0,0.0,0.0,0.0,0.0,0.0,0.0,0.0,0.0,0.0,0.0,0.0,0.0,0.0,0.0,0.0,0.0,0.0,0.0,0.0,0.0,0.0,0.0,0.0,636036.7698,0.0,0.0,0.0,0.0,0.0,0.0,0.0,0.0,0.0,0.0,0.0,0.0,0.0,0.0,0.0,0.0,0.0,0.0,0.0,549395.448,0.0,0.0,0.0,0.0,0.0,2148543.938,8,0,D
8169.0,643.3473918,12.55923567,0.0,0.0,0.0,0.0,0.0,0.0,0.0,0.0,0.0,0.0,0.0,0.0,0.0,0.0,0.0,0.0,0.0,0.0,0.0,0.0,0.0,0.0,0.0,0.0,0.0,0.0,0.0,0.0,30300000.0,2532807.237,0.0,0.0,0.0,0.0,0.0,0.0,0.0,0.0,0.0,0.0,0.0,0.0,0.0,0.0,0.0,0.0,0.0,0.0,0.0,0.0,0.0,0.0,0.0,0.0,0.0,2416128.4,13,0,D
8179.0,603.2800903,4.265152167,0.0,0.0,0.0,0.0,0.0,0.0,0.0,0.0,0.0,0.0,0.0,0.0,0.0,0.0,0.0,0.0,0.0,0.0,0.0,0.0,0.0,0.0,0.0,0.0,0.0,0.0,0.0,0.0,21700000.0,34600000.0,0.0,0.0,0.0,0.0,0.0,0.0,0.0,0.0,0.0,0.0,0.0,0.0,0.0,0.0,0.0,0.0,0.0,0.0,0.0,0.0,0.0,0.0,0.0,0.0,0.0,1417220.112,16,0,D
8188.0,617.3683472,9.1007854,0.0,0.0,0.0,0.0,0.0,0.0,0.0,0.0,0.0,0.0,0.0,0.0,0.0,0.0,0.0,0.0,0.0,0.0,0.0,0.0,0.0,0.0,0.0,0.0,0.0,0.0,0.0,0.0,0.0,0.0,0.0,0.0,0.0,0.0,0.0,0.0,0.0,0.0,0.0,0.0,0.0,0.0,0.0,0.0,0.0,0.0,0.0,0.0,0.0,0.0,0.0,0.0,0.0,0.0,0.0,1695877.917,12,0,D
8192.0,567.3313497,8.706670333,0.0,0.0,0.0,0.0,0.0,0.0,0.0,0.0,0.0,0.0,0.0,0.0,0.0,0.0,0.0,0.0,0.0,0.0,0.0,0.0,0.0,0.0,0.0,0.0,0.0,0.0,0.0,0.0,9564473.493,6229624.229,0.0,0.0,0.0,0.0,0.0,0.0,0.0,0.0,0.0,0.0,0.0,0.0,0.0,0.0,0.0,0.0,0.0,0.0,0.0,0.0,0.0,0.0,0.0,0.0,0.0,1143874.075,13,0,D
8196.0,793.3792877,10.095648,0.0,0.0,0.0,0.0,0.0,0.0,0.0,0.0,0.0,0.0,0.0,0.0,0.0,0.0,0.0,655109.6446,0.0,0.0,0.0,0.0,0.0,0.0,0.0,0.0,0.0,0.0,0.0,0.0,0.0,0.0,0.0,0.0,0.0,0.0,0.0,0.0,0.0,0.0,0.0,0.0,0.0,0.0,0.0,0.0,0.0,0.0,0.0,0.0,0.0,0.0,0.0,0.0,0.0,0.0,0.0,414335.537,0,14,MD
8198.0,591.3164266,11.001136,0.0,0.0,0.0,0.0,0.0,0.0,0.0,0.0,0.0,0.0,0.0,0.0,0.0,0.0,0.0,0.0,0.0,0.0,0.0,0.0,0.0,0.0,0.0,0.0,0.0,0.0,0.0,0.0,131000000.0,187000000.0,0.0,0.0,0.0,0.0,0.0,0.0,0.0,0.0,0.0,0.0,0.0,0.0,0.0,0.0,0.0,0.0,0.0,0.0,0.0,0.0,0.0,0.0,0.0,0.0,0.0,1061326.077,16,0,D
8206.0,661.3571472,12.1696256,0.0,0.0,0.0,0.0,0.0,0.0,0.0,0.0,0.0,0.0,0.0,0.0,0.0,0.0,0.0,0.0,0.0,0.0,0.0,0.0,0.0,0.0,0.0,0.0,0.0,0.0,0.0,0.0,0.0,0.0,0.0,0.0,0.0,0.0,0.0,0.0,0.0,0.0,0.0,0.0,0.0,0.0,0.0,0.0,0.0,0.0,0.0,0.0,917044.0186,0.0,501790.571,220849.2749,0.0,0.0,4607978.134,974551.381,6,15,MD
8224.0,575.3205566,6.2511045,0.0,0.0,0.0,0.0,0.0,0.0,0.0,0.0,0.0,0.0,0.0,0.0,0.0,0.0,0.0,0.0,0.0,0.0,0.0,0.0,0.0,0.0,0.0,0.0,0.0,0.0,0.0,0.0,0.0,0.0,0.0,0.0,0.0,0.0,0.0,0.0,0.0,0.0,0.0,0.0,0.0,0.0,0.0,0.0,0.0,0.0,0.0,0.0,0.0,0.0,0.0,0.0,0.0,0.0,0.0,428307.2358,6,0,D
8231.0,867.5973511,12.345912,0.0,0.0,0.0,0.0,0.0,0.0,0.0,0.0,0.0,0.0,0.0,0.0,0.0,0.0,0.0,0.0,0.0,0.0,0.0,0.0,0.0,0.0,0.0,0.0,0.0,0.0,0.0,0.0,0.0,0.0,0.0,0.0,0.0,0.0,0.0,0.0,0.0,0.0,0.0,0.0,0.0,0.0,0.0,0.0,0.0,0.0,0.0,0.0,0.0,0.0,0.0,0.0,0.0,0.0,0.0,11200000.0,6,0,D
8247.0,643.3471222,12.29522525,0.0,0.0,0.0,0.0,0.0,0.0,0.0,0.0,0.0,0.0,0.0,0.0,0.0,0.0,0.0,0.0,0.0,0.0,0.0,0.0,0.0,0.0,0.0,0.0,475455.6974,0.0,0.0,0.0,5510798.765,251243.2129,0.0,0.0,0.0,0.0,0.0,0.0,0.0,0.0,0.0,0.0,0.0,0.0,0.0,0.0,0.0,0.0,0.0,0.0,0.0,0.0,0.0,0.0,0.0,0.0,0.0,307568.8486,11,0,D
8248.0,638.3886414,7.8301557,0.0,0.0,0.0,0.0,0.0,0.0,0.0,0.0,0.0,0.0,0.0,0.0,0.0,0.0,0.0,0.0,0.0,0.0,0.0,0.0,0.0,0.0,0.0,0.0,0.0,0.0,0.0,0.0,0.0,0.0,0.0,0.0,0.0,0.0,0.0,0.0,0.0,0.0,0.0,0.0,0.0,0.0,0.0,0.0,0.0,0.0,0.0,0.0,0.0,2568532.241,0.0,0.0,0.0,0.0,0.0,447420.3491,9,0,D
8255.0,659.3423401,8.41529924,0.0,0.0,0.0,0.0,0.0,0.0,0.0,0.0,0.0,0.0,0.0,0.0,0.0,0.0,0.0,0.0,0.0,0.0,0.0,0.0,0.0,0.0,0.0,0.0,277377.0342,0.0,0.0,0.0,4506252.841,2270671.384,0.0,0.0,0.0,0.0,0.0,0.0,0.0,0.0,0.0,0.0,0.0,0.0,0.0,0.0,0.0,0.0,0.0,0.0,0.0,0.0,662511.0713,0.0,0.0,0.0,0.0,428775.1505,6,0,D
8266.0,641.3325424,11.908438,0.0,0.0,0.0,0.0,0.0,0.0,0.0,0.0,0.0,0.0,0.0,0.0,0.0,0.0,0.0,0.0,0.0,0.0,0.0,0.0,0.0,0.0,0.0,0.0,0.0,0.0,0.0,0.0,9222462.758,564753.4568,0.0,0.0,0.0,0.0,0.0,0.0,0.0,0.0,0.0,0.0,0.0,0.0,0.0,0.0,144916.9734,0.0,0.0,0.0,0.0,0.0,0.0,0.0,0.0,0.0,0.0,374235.1401,13,0,D
8269.0,670.3941345,11.31868333,0.0,0.0,0.0,0.0,0.0,0.0,0.0,0.0,0.0,0.0,0.0,0.0,0.0,0.0,0.0,0.0,0.0,0.0,0.0,0.0,0.0,0.0,0.0,0.0,0.0,0.0,0.0,0.0,0.0,0.0,0.0,0.0,0.0,0.0,0.0,0.0,0.0,0.0,0.0,0.0,3163593.414,0.0,0.0,0.0,0.0,0.0,1442672.584,0.0,0.0,0.0,0.0,0.0,0.0,0.0,0.0,186043.5977,6,0,D
8274.0,585.341925,10.30498628,0.0,0.0,0.0,0.0,0.0,0.0,0.0,0.0,0.0,0.0,0.0,0.0,0.0,0.0,0.0,0.0,0.0,0.0,0.0,0.0,0.0,0.0,0.0,0.0,0.0,0.0,0.0,0.0,5724891.307,3085929.557,0.0,0.0,0.0,0.0,0.0,0.0,0.0,0.0,0.0,0.0,0.0,0.0,0.0,0.0,0.0,0.0,0.0,0.0,0.0,16900000.0,745014.4935,0.0,0.0,0.0,0.0,178363.9039,8,0,D
8420.0,636.3734283,6.87604855,0.0,0.0,0.0,0.0,0.0,0.0,0.0,0.0,0.0,0.0,0.0,0.0,0.0,0.0,0.0,0.0,0.0,0.0,0.0,0.0,0.0,0.0,0.0,0.0,3019436.783,0.0,0.0,0.0,0.0,0.0,0.0,0.0,0.0,0.0,0.0,0.0,543822.73,0.0,0.0,0.0,0.0,0.0,0.0,0.0,0.0,0.0,0.0,0.0,0.0,0.0,0.0,0.0,0.0,0.0,0.0,0.0,14,0,D
8548.0,647.2844391,10.41814725,0.0,0.0,0.0,0.0,0.0,0.0,0.0,0.0,0.0,0.0,0.0,0.0,0.0,0.0,0.0,0.0,0.0,2152506.999,0.0,0.0,0.0,5015962.892,0.0,0.0,0.0,0.0,0.0,0.0,0.0,0.0,0.0,0.0,0.0,0.0,0.0,0.0,0.0,0.0,0.0,0.0,0.0,0.0,0.0,0.0,0.0,0.0,0.0,0.0,1505607.066,0.0,0.0,0.0,0.0,0.0,4799119.023,0.0,10,0,D
8651.0,745.3765666,11.59637067,0.0,0.0,0.0,0.0,0.0,0.0,0.0,0.0,0.0,0.0,0.0,0.0,0.0,0.0,0.0,0.0,0.0,0.0,0.0,0.0,0.0,0.0,0.0,0.0,0.0,0.0,0.0,0.0,0.0,0.0,0.0,0.0,0.0,0.0,0.0,0.0,0.0,0.0,0.0,0.0,0.0,0.0,0.0,0.0,0.0,0.0,0.0,0.0,0.0,0.0,6046904.933,7615518.871,0.0,26300000.0,0.0,0.0,12,21,MD
8663.0,762.4046936,11.592079,0.0,0.0,0.0,0.0,0.0,0.0,0.0,0.0,0.0,0.0,0.0,0.0,0.0,0.0,0.0,0.0,0.0,0.0,0.0,0.0,0.0,0.0,0.0,0.0,0.0,0.0,0.0,0.0,0.0,0.0,0.0,0.0,0.0,0.0,0.0,0.0,0.0,0.0,0.0,0.0,0.0,0.0,0.0,0.0,0.0,0.0,0.0,0.0,0.0,0.0,0.0,3753643.758,0.0,13300000.0,0.0,0.0,8,12,MD
8669.0,676.3681946,10.84216625,0.0,0.0,0.0,0.0,0.0,0.0,0.0,0.0,0.0,0.0,0.0,0.0,0.0,0.0,0.0,0.0,0.0,0.0,0.0,0.0,0.0,0.0,0.0,0.0,0.0,0.0,0.0,0.0,0.0,0.0,0.0,0.0,0.0,0.0,0.0,0.0,0.0,0.0,0.0,0.0,0.0,0.0,0.0,0.0,0.0,0.0,0.0,0.0,1459189.854,0.0,4677505.029,2220724.472,0.0,4761289.81,0.0,0.0,0,12,MD
8675.0,645.3624695,10.7800442,0.0,0.0,0.0,0.0,0.0,0.0,0.0,0.0,0.0,0.0,0.0,0.0,0.0,0.0,0.0,0.0,0.0,0.0,0.0,0.0,0.0,0.0,0.0,0.0,0.0,0.0,0.0,0.0,0.0,0.0,0.0,0.0,0.0,0.0,0.0,0.0,0.0,0.0,0.0,0.0,0.0,0.0,0.0,0.0,0.0,0.0,0.0,0.0,4959433.201,0.0,89400000.0,1811230.624,0.0,974502.9401,696942.0674,0.0,0,11,MD
8679.0,776.4191284,11.59637067,0.0,0.0,0.0,0.0,0.0,0.0,0.0,0.0,0.0,0.0,0.0,0.0,0.0,0.0,0.0,0.0,0.0,0.0,0.0,0.0,0.0,0.0,0.0,0.0,0.0,0.0,0.0,0.0,0.0,0.0,0.0,0.0,0.0,0.0,0.0,0.0,0.0,0.0,0.0,0.0,0.0,0.0,0.0,0.0,0.0,0.0,0.0,0.0,0.0,0.0,4079832.332,1282113.027,0.0,8038506.594,0.0,0.0,0,12,MD
8680.0,745.3788249,8.1850284,0.0,0.0,0.0,0.0,0.0,0.0,0.0,0.0,0.0,0.0,0.0,0.0,0.0,0.0,0.0,0.0,0.0,0.0,0.0,0.0,0.0,0.0,0.0,0.0,0.0,0.0,0.0,0.0,0.0,0.0,0.0,0.0,0.0,0.0,0.0,0.0,0.0,0.0,0.0,0.0,0.0,0.0,0.0,0.0,0.0,0.0,0.0,0.0,0.0,0.0,2739116.02,1804048.735,0.0,711104.7271,0.0,0.0,7,6,D
8686.0,690.3835856,10.839286,0.0,0.0,0.0,0.0,0.0,0.0,0.0,0.0,0.0,0.0,0.0,0.0,0.0,0.0,0.0,0.0,0.0,0.0,0.0,0.0,0.0,0.0,0.0,0.0,0.0,0.0,0.0,0.0,0.0,0.0,0.0,0.0,0.0,0.0,0.0,0.0,0.0,0.0,0.0,0.0,0.0,0.0,0.0,0.0,0.0,0.0,0.0,0.0,0.0,0.0,15000000.0,1082150.59,0.0,3185434.25,0.0,0.0,0,9,MD
8691.0,731.4001617,10.9798685,0.0,0.0,0.0,0.0,0.0,0.0,0.0,0.0,0.0,0.0,0.0,0.0,0.0,0.0,0.0,0.0,0.0,0.0,0.0,0.0,0.0,0.0,0.0,0.0,0.0,0.0,0.0,0.0,0.0,0.0,0.0,0.0,0.0,0.0,0.0,0.0,0.0,0.0,0.0,0.0,0.0,0.0,0.0,0.0,0.0,0.0,0.0,0.0,0.0,0.0,23000000.0,807081.7174,0.0,0.0,0.0,0.0,7,0,D
8705.0,677.3528341,8.055943,0.0,0.0,0.0,0.0,0.0,0.0,0.0,0.0,0.0,0.0,0.0,0.0,0.0,0.0,0.0,0.0,0.0,0.0,0.0,0.0,0.0,0.0,0.0,0.0,0.0,0.0,0.0,0.0,0.0,0.0,0.0,0.0,0.0,0.0,0.0,0.0,0.0,0.0,0.0,0.0,0.0,0.0,0.0,0.0,0.0,0.0,0.0,0.0,0.0,0.0,2922780.414,692093.1546,0.0,598388.3426,0.0,0.0,6,7,MD
8712.0,764.4223226,8.1850284,0.0,0.0,0.0,0.0,0.0,0.0,0.0,0.0,0.0,0.0,0.0,0.0,0.0,0.0,0.0,0.0,0.0,0.0,0.0,0.0,0.0,0.0,0.0,0.0,0.0,0.0,0.0,0.0,0.0,0.0,0.0,0.0,0.0,0.0,0.0,0.0,0.0,0.0,0.0,0.0,0.0,0.0,0.0,0.0,0.0,0.0,0.0,0.0,0.0,0.0,14000000.0,400839.5257,0.0,1852124.017,0.0,0.0,0,13,MD
8781.0,529.2788849,5.3910179,0.0,0.0,0.0,0.0,0.0,0.0,0.0,0.0,0.0,0.0,0.0,0.0,0.0,0.0,0.0,0.0,0.0,0.0,199287.7581,0.0,0.0,0.0,0.0,0.0,0.0,0.0,0.0,0.0,0.0,0.0,0.0,0.0,0.0,0.0,0.0,0.0,0.0,0.0,0.0,0.0,99500000.0,0.0,0.0,0.0,0.0,0.0,0.0,0.0,0.0,0.0,0.0,0.0,0.0,0.0,0.0,0.0,8,0,D
8793.0,497.2894821,10.50741,0.0,0.0,0.0,0.0,0.0,0.0,0.0,0.0,0.0,0.0,0.0,0.0,0.0,0.0,0.0,0.0,0.0,0.0,0.0,0.0,0.0,0.0,0.0,0.0,0.0,0.0,0.0,0.0,0.0,0.0,0.0,0.0,0.0,0.0,0.0,0.0,0.0,0.0,0.0,0.0,9586501.942,0.0,0.0,0.0,0.0,0.0,966697.9911,0.0,0.0,0.0,0.0,0.0,0.0,0.0,0.0,0.0,10,0,D
8795.0,621.3414917,11.508386,0.0,0.0,0.0,0.0,0.0,0.0,0.0,0.0,0.0,0.0,0.0,0.0,0.0,0.0,0.0,0.0,0.0,0.0,0.0,0.0,0.0,0.0,0.0,0.0,423027.2664,0.0,0.0,0.0,0.0,0.0,0.0,0.0,0.0,0.0,0.0,0.0,0.0,0.0,0.0,0.0,6913433.169,0.0,0.0,0.0,0.0,0.0,1355504.972,0.0,0.0,0.0,0.0,0.0,0.0,0.0,0.0,0.0,6,0,D
8810.0,327.1585464,11.438449,0.0,0.0,0.0,0.0,0.0,0.0,0.0,0.0,0.0,0.0,0.0,0.0,0.0,0.0,0.0,0.0,0.0,0.0,0.0,0.0,0.0,0.0,0.0,0.0,0.0,0.0,0.0,0.0,0.0,0.0,0.0,0.0,0.0,0.0,0.0,0.0,0.0,0.0,0.0,0.0,4340400.634,0.0,0.0,0.0,0.0,0.0,608766.8343,0.0,0.0,0.0,0.0,0.0,0.0,0.0,0.0,0.0,8,0,D
8812.0,515.3006897,10.12298133,0.0,0.0,0.0,0.0,0.0,0.0,0.0,0.0,0.0,0.0,0.0,0.0,0.0,0.0,0.0,0.0,0.0,0.0,0.0,0.0,0.0,0.0,0.0,0.0,0.0,0.0,0.0,0.0,735400.6381,0.0,0.0,0.0,0.0,0.0,0.0,0.0,0.0,0.0,0.0,0.0,4611252.69,0.0,0.0,0.0,0.0,0.0,372002.6076,0.0,0.0,0.0,0.0,0.0,0.0,0.0,0.0,0.0,9,0,D
8823.0,619.3260803,10.50741,0.0,0.0,0.0,0.0,0.0,0.0,0.0,0.0,0.0,0.0,0.0,0.0,0.0,0.0,0.0,0.0,0.0,0.0,0.0,0.0,0.0,0.0,0.0,0.0,0.0,0.0,0.0,0.0,0.0,0.0,0.0,0.0,0.0,0.0,0.0,0.0,0.0,0.0,0.0,0.0,3407653.279,0.0,0.0,0.0,0.0,0.0,478928.4581,0.0,0.0,0.0,0.0,0.0,0.0,0.0,0.0,0.0,6,0,D
8842.0,311.1637421,6.0645658,0.0,0.0,0.0,0.0,0.0,0.0,0.0,0.0,0.0,0.0,0.0,0.0,0.0,0.0,0.0,0.0,0.0,0.0,0.0,0.0,0.0,0.0,0.0,0.0,0.0,0.0,0.0,0.0,0.0,0.0,0.0,0.0,0.0,0.0,0.0,0.0,0.0,0.0,0.0,0.0,2034667.322,0.0,0.0,0.0,0.0,0.0,0.0,0.0,0.0,0.0,0.0,0.0,0.0,0.0,0.0,0.0,9,0,D
8853.0,531.2955933,6.6422855,0.0,0.0,0.0,0.0,0.0,0.0,0.0,0.0,0.0,0.0,0.0,0.0,0.0,0.0,0.0,0.0,0.0,0.0,0.0,0.0,0.0,0.0,0.0,0.0,0.0,0.0,0.0,0.0,0.0,0.0,0.0,0.0,0.0,0.0,0.0,0.0,0.0,0.0,0.0,0.0,1144007.755,0.0,0.0,0.0,0.0,0.0,0.0,0.0,0.0,0.0,0.0,0.0,0.0,0.0,0.0,0.0,7,0,D
8854.0,509.2537994,6.6336209,0.0,0.0,0.0,0.0,0.0,0.0,0.0,0.0,0.0,0.0,0.0,0.0,0.0,0.0,0.0,0.0,0.0,0.0,0.0,0.0,0.0,0.0,0.0,0.0,0.0,0.0,0.0,0.0,0.0,0.0,0.0,0.0,0.0,0.0,0.0,0.0,0.0,0.0,0.0,0.0,1624219.063,0.0,0.0,0.0,0.0,0.0,0.0,0.0,496843.3477,0.0,0.0,0.0,0.0,0.0,0.0,0.0,6,0,D
8858.0,545.2763062,4.7664427,0.0,0.0,0.0,0.0,0.0,0.0,0.0,0.0,0.0,0.0,0.0,0.0,0.0,0.0,0.0,0.0,0.0,0.0,0.0,0.0,0.0,0.0,0.0,0.0,0.0,0.0,0.0,0.0,0.0,0.0,0.0,0.0,0.0,0.0,0.0,0.0,0.0,0.0,0.0,0.0,513060.0562,0.0,0.0,0.0,0.0,0.0,0.0,0.0,0.0,0.0,0.0,0.0,0.0,0.0,0.0,0.0,7,0,D
8874.0,311.1640625,9.58932305,0.0,0.0,0.0,0.0,0.0,0.0,0.0,0.0,0.0,0.0,0.0,0.0,0.0,0.0,0.0,0.0,0.0,0.0,0.0,0.0,0.0,0.0,0.0,0.0,0.0,0.0,0.0,0.0,0.0,2884074.161,0.0,0.0,0.0,0.0,0.0,0.0,0.0,0.0,0.0,0.0,810509.7805,0.0,0.0,0.0,0.0,0.0,0.0,0.0,0.0,0.0,0.0,0.0,0.0,0.0,0.0,0.0,8,0,D
8876.0,515.3013611,12.881651,0.0,0.0,0.0,0.0,0.0,0.0,0.0,0.0,0.0,0.0,0.0,0.0,0.0,0.0,0.0,0.0,0.0,0.0,0.0,0.0,0.0,0.0,0.0,0.0,0.0,0.0,0.0,0.0,0.0,0.0,0.0,0.0,0.0,0.0,0.0,0.0,0.0,0.0,0.0,0.0,193364.5705,0.0,0.0,0.0,0.0,0.0,0.0,0.0,0.0,0.0,0.0,0.0,0.0,0.0,0.0,0.0,6,0,D
8880.0,531.2970581,3.9175791,0.0,0.0,0.0,0.0,0.0,0.0,0.0,0.0,0.0,0.0,0.0,0.0,0.0,0.0,0.0,0.0,0.0,0.0,0.0,0.0,0.0,0.0,0.0,0.0,0.0,0.0,0.0,0.0,0.0,0.0,0.0,0.0,0.0,0.0,0.0,0.0,0.0,0.0,0.0,0.0,246537.8226,0.0,0.0,0.0,0.0,0.0,0.0,0.0,0.0,0.0,0.0,0.0,0.0,0.0,0.0,0.0,6,0,D
8888.0,640.3093567,5.129494,0.0,0.0,0.0,0.0,0.0,0.0,0.0,0.0,0.0,0.0,0.0,0.0,0.0,0.0,0.0,445042.4729,0.0,0.0,0.0,0.0,0.0,0.0,0.0,0.0,0.0,0.0,0.0,0.0,0.0,0.0,0.0,0.0,0.0,0.0,0.0,0.0,0.0,0.0,0.0,0.0,208893.6026,0.0,0.0,0.0,0.0,0.0,0.0,0.0,0.0,0.0,0.0,0.0,0.0,0.0,0.0,0.0,17,0,D
8889.0,329.1740723,1.8830101,0.0,0.0,0.0,0.0,0.0,0.0,0.0,0.0,0.0,0.0,0.0,0.0,0.0,0.0,0.0,0.0,0.0,0.0,0.0,0.0,0.0,0.0,0.0,0.0,4356034.585,0.0,0.0,0.0,0.0,0.0,0.0,0.0,0.0,0.0,0.0,0.0,0.0,0.0,0.0,0.0,154138.9521,0.0,0.0,0.0,0.0,0.0,1403014.492,0.0,0.0,0.0,0.0,0.0,0.0,0.0,0.0,0.0,7,0,D
8896.0,916.5200195,14.602289,0.0,0.0,0.0,0.0,0.0,0.0,0.0,0.0,0.0,0.0,0.0,0.0,0.0,0.0,0.0,0.0,0.0,0.0,0.0,0.0,0.0,0.0,0.0,0.0,0.0,0.0,0.0,0.0,0.0,0.0,0.0,0.0,0.0,0.0,0.0,0.0,0.0,0.0,0.0,0.0,198514.4797,0.0,0.0,0.0,0.0,0.0,31800000.0,0.0,0.0,0.0,0.0,0.0,0.0,0.0,0.0,0.0,11,0,D
8901.0,721.2843628,6.6697437,0.0,0.0,0.0,0.0,0.0,0.0,0.0,0.0,0.0,0.0,0.0,0.0,0.0,0.0,0.0,0.0,0.0,0.0,68500000.0,0.0,0.0,0.0,0.0,0.0,0.0,0.0,0.0,0.0,0.0,0.0,0.0,0.0,0.0,0.0,0.0,0.0,0.0,0.0,0.0,0.0,0.0,0.0,0.0,0.0,0.0,0.0,0.0,0.0,0.0,0.0,0.0,0.0,0.0,0.0,0.0,0.0,15,0,D
8902.0,751.2948303,6.87581815,0.0,0.0,0.0,0.0,0.0,0.0,0.0,0.0,0.0,0.0,0.0,0.0,0.0,0.0,0.0,0.0,2769120.225,0.0,76600000.0,0.0,0.0,0.0,0.0,0.0,0.0,0.0,0.0,0.0,0.0,0.0,0.0,0.0,0.0,0.0,0.0,0.0,0.0,0.0,0.0,0.0,0.0,0.0,0.0,0.0,0.0,0.0,0.0,0.0,0.0,0.0,0.0,0.0,0.0,0.0,0.0,0.0,15,0,D
8903.0,705.2894897,8.7751896,0.0,0.0,0.0,0.0,0.0,0.0,0.0,0.0,0.0,0.0,0.0,0.0,0.0,0.0,0.0,0.0,0.0,0.0,48800000.0,0.0,0.0,0.0,0.0,0.0,0.0,0.0,0.0,0.0,0.0,0.0,0.0,0.0,0.0,0.0,0.0,0.0,0.0,0.0,0.0,0.0,0.0,0.0,0.0,0.0,0.0,0.0,0.0,0.0,0.0,0.0,0.0,0.0,0.0,0.0,0.0,0.0,13,0,D
8904.0,698.3162308,9.268674775,0.0,0.0,0.0,0.0,0.0,0.0,0.0,0.0,0.0,0.0,0.0,0.0,0.0,0.0,0.0,0.0,2314469.536,1231926.96,63400000.0,0.0,0.0,0.0,0.0,0.0,4054202.804,0.0,0.0,0.0,0.0,0.0,0.0,0.0,0.0,0.0,0.0,0.0,0.0,0.0,0.0,0.0,0.0,0.0,0.0,0.0,0.0,0.0,0.0,0.0,0.0,0.0,0.0,0.0,0.0,0.0,0.0,0.0,16,0,D
8907.0,770.3368301,8.1700062,0.0,0.0,0.0,0.0,0.0,0.0,0.0,0.0,0.0,0.0,0.0,0.0,0.0,0.0,225679.6141,0.0,4543564.684,1087088.297,28700000.0,0.0,0.0,0.0,0.0,0.0,0.0,0.0,0.0,0.0,0.0,0.0,0.0,0.0,0.0,0.0,0.0,0.0,0.0,0.0,0.0,0.0,0.0,0.0,0.0,0.0,0.0,0.0,0.0,0.0,0.0,0.0,0.0,0.0,0.0,0.0,0.0,0.0,15,0,D
8909.0,740.3268127,7.9665232,0.0,0.0,0.0,0.0,0.0,0.0,0.0,0.0,0.0,0.0,0.0,0.0,0.0,0.0,0.0,0.0,0.0,728392.8156,28600000.0,0.0,0.0,0.0,0.0,0.0,0.0,0.0,0.0,0.0,0.0,0.0,0.0,0.0,0.0,0.0,0.0,0.0,0.0,0.0,0.0,0.0,0.0,0.0,0.0,0.0,0.0,0.0,0.0,0.0,0.0,0.0,0.0,0.0,0.0,0.0,0.0,0.0,14,0,D
8920.0,707.30513,9.77457755,0.0,0.0,0.0,0.0,0.0,0.0,0.0,0.0,0.0,0.0,0.0,0.0,0.0,0.0,0.0,0.0,0.0,155619.1199,15300000.0,0.0,0.0,0.0,0.0,0.0,0.0,0.0,0.0,0.0,0.0,0.0,0.0,0.0,0.0,0.0,0.0,0.0,0.0,0.0,0.0,0.0,0.0,0.0,0.0,0.0,0.0,0.0,0.0,0.0,0.0,0.0,0.0,0.0,0.0,0.0,0.0,0.0,13,0,D
8922.0,907.4468384,13.402578,0.0,0.0,0.0,0.0,0.0,0.0,0.0,0.0,0.0,0.0,0.0,0.0,0.0,0.0,0.0,0.0,0.0,0.0,6776647.634,0.0,0.0,0.0,0.0,0.0,0.0,0.0,0.0,0.0,0.0,0.0,0.0,0.0,0.0,0.0,0.0,0.0,0.0,0.0,0.0,0.0,0.0,0.0,0.0,0.0,0.0,0.0,0.0,0.0,0.0,0.0,0.0,0.0,0.0,0.0,0.0,0.0,10,0,D
8923.0,712.3314718,9.273216033,0.0,0.0,0.0,0.0,0.0,0.0,0.0,0.0,0.0,0.0,0.0,0.0,0.0,0.0,0.0,0.0,2336254.617,0.0,8634589.987,0.0,0.0,0.0,0.0,0.0,537319.6291,0.0,0.0,0.0,0.0,0.0,0.0,0.0,0.0,0.0,0.0,0.0,0.0,0.0,0.0,0.0,0.0,0.0,0.0,0.0,0.0,0.0,0.0,0.0,0.0,0.0,0.0,0.0,0.0,0.0,0.0,0.0,13,0,D
8925.0,753.3101654,8.0809273,0.0,0.0,0.0,0.0,0.0,0.0,0.0,0.0,0.0,0.0,0.0,0.0,0.0,0.0,0.0,0.0,893360.1103,0.0,10500000.0,0.0,0.0,0.0,0.0,0.0,0.0,0.0,0.0,0.0,0.0,0.0,0.0,0.0,0.0,0.0,0.0,0.0,0.0,0.0,0.0,0.0,0.0,0.0,0.0,0.0,0.0,0.0,0.0,0.0,0.0,0.0,0.0,0.0,0.0,0.0,0.0,0.0,11,0,D
8930.0,681.2893982,9.1663956,0.0,0.0,0.0,0.0,0.0,0.0,0.0,0.0,0.0,0.0,0.0,0.0,0.0,0.0,0.0,0.0,0.0,0.0,12100000.0,0.0,0.0,0.0,0.0,0.0,0.0,0.0,0.0,0.0,0.0,0.0,0.0,0.0,0.0,0.0,0.0,0.0,0.0,0.0,0.0,0.0,0.0,0.0,0.0,0.0,0.0,0.0,0.0,0.0,0.0,0.0,0.0,0.0,0.0,0.0,0.0,0.0,13,0,D
8931.0,710.3158264,7.88202585,0.0,0.0,0.0,0.0,0.0,0.0,0.0,0.0,0.0,0.0,0.0,0.0,0.0,0.0,0.0,0.0,666188.7375,0.0,6959656.492,0.0,0.0,0.0,0.0,0.0,0.0,0.0,0.0,0.0,0.0,0.0,0.0,0.0,0.0,0.0,0.0,0.0,0.0,0.0,0.0,0.0,0.0,0.0,0.0,0.0,0.0,0.0,0.0,0.0,0.0,0.0,0.0,0.0,0.0,0.0,0.0,0.0,6,0,D
8934.0,687.2797241,10.43443,0.0,0.0,0.0,0.0,0.0,0.0,0.0,0.0,0.0,0.0,0.0,0.0,0.0,0.0,0.0,0.0,0.0,0.0,5983873.611,0.0,0.0,0.0,0.0,0.0,0.0,0.0,0.0,0.0,0.0,0.0,0.0,0.0,0.0,0.0,0.0,0.0,0.0,0.0,0.0,0.0,0.0,0.0,0.0,0.0,0.0,0.0,0.0,0.0,0.0,0.0,0.0,0.0,0.0,0.0,0.0,0.0,6,0,D
8936.0,723.2995605,7.8589834,0.0,0.0,0.0,0.0,0.0,0.0,0.0,0.0,0.0,0.0,0.0,0.0,0.0,0.0,0.0,0.0,0.0,0.0,10700000.0,0.0,0.0,0.0,0.0,0.0,0.0,0.0,0.0,0.0,0.0,0.0,0.0,0.0,0.0,0.0,0.0,0.0,0.0,0.0,0.0,0.0,0.0,0.0,0.0,0.0,0.0,0.0,0.0,0.0,0.0,0.0,0.0,0.0,0.0,0.0,0.0,0.0,12,0,D
8937.0,661.2633972,9.6491641,0.0,0.0,0.0,0.0,0.0,0.0,0.0,0.0,0.0,0.0,0.0,0.0,0.0,0.0,0.0,0.0,0.0,0.0,6749237.617,0.0,0.0,0.0,0.0,0.0,0.0,0.0,0.0,0.0,0.0,0.0,0.0,0.0,0.0,0.0,0.0,0.0,0.0,0.0,0.0,0.0,0.0,0.0,0.0,0.0,0.0,0.0,0.0,0.0,0.0,0.0,0.0,0.0,0.0,0.0,0.0,0.0,6,0,D
8939.0,751.2946777,5.3479541,0.0,0.0,0.0,0.0,0.0,0.0,0.0,0.0,0.0,0.0,0.0,0.0,0.0,0.0,0.0,0.0,0.0,0.0,10800000.0,0.0,0.0,0.0,0.0,0.0,0.0,0.0,0.0,0.0,0.0,0.0,0.0,0.0,0.0,0.0,0.0,0.0,0.0,0.0,0.0,0.0,0.0,0.0,0.0,0.0,0.0,0.0,0.0,0.0,0.0,0.0,0.0,0.0,0.0,0.0,0.0,0.0,7,0,D
8942.0,738.3479614,10.108606,0.0,0.0,0.0,0.0,0.0,0.0,0.0,0.0,0.0,0.0,0.0,0.0,0.0,0.0,0.0,0.0,0.0,0.0,7396708.892,0.0,0.0,0.0,0.0,0.0,0.0,0.0,0.0,0.0,0.0,0.0,0.0,0.0,0.0,0.0,0.0,0.0,0.0,0.0,0.0,0.0,0.0,0.0,0.0,0.0,0.0,0.0,0.0,0.0,0.0,0.0,0.0,0.0,0.0,0.0,0.0,0.0,13,0,D
8943.0,696.3006592,8.4836502,0.0,0.0,0.0,0.0,0.0,0.0,0.0,0.0,0.0,0.0,0.0,0.0,0.0,0.0,0.0,0.0,0.0,0.0,8880395.645,0.0,0.0,0.0,0.0,0.0,0.0,0.0,0.0,0.0,0.0,0.0,0.0,0.0,0.0,0.0,0.0,0.0,0.0,0.0,0.0,0.0,0.0,0.0,0.0,0.0,0.0,0.0,0.0,0.0,0.0,0.0,0.0,0.0,0.0,0.0,0.0,0.0,15,0,D
8945.0,738.3113708,7.2020979,0.0,0.0,0.0,0.0,0.0,0.0,0.0,0.0,0.0,0.0,0.0,0.0,0.0,0.0,0.0,0.0,0.0,0.0,7529047.589,0.0,0.0,0.0,0.0,0.0,0.0,0.0,0.0,0.0,0.0,0.0,0.0,0.0,0.0,0.0,0.0,0.0,0.0,0.0,0.0,0.0,0.0,0.0,0.0,0.0,0.0,0.0,0.0,0.0,0.0,0.0,0.0,0.0,0.0,0.0,0.0,0.0,15,0,D
8948.0,753.3109741,6.2893511,0.0,0.0,0.0,0.0,0.0,0.0,0.0,0.0,0.0,0.0,0.0,0.0,0.0,0.0,0.0,0.0,0.0,0.0,9300780.934,0.0,0.0,0.0,0.0,0.0,0.0,0.0,0.0,0.0,0.0,0.0,0.0,0.0,0.0,0.0,0.0,0.0,0.0,0.0,0.0,0.0,0.0,0.0,0.0,0.0,0.0,0.0,0.0,0.0,0.0,0.0,0.0,0.0,0.0,0.0,0.0,0.0,12,0,D
8950.0,617.2577413,5.5378134,0.0,0.0,0.0,0.0,0.0,0.0,0.0,0.0,0.0,0.0,0.0,0.0,0.0,0.0,0.0,0.0,0.0,0.0,3094821.664,0.0,0.0,0.0,0.0,0.0,0.0,0.0,0.0,0.0,1736841.346,0.0,0.0,0.0,0.0,0.0,0.0,0.0,0.0,0.0,0.0,0.0,0.0,0.0,0.0,0.0,0.0,0.0,11000000.0,0.0,0.0,0.0,0.0,0.0,0.0,0.0,0.0,0.0,14,0,D
8958.0,768.3220978,7.4187173,0.0,0.0,0.0,0.0,0.0,0.0,0.0,0.0,0.0,0.0,0.0,0.0,0.0,0.0,142594.2384,0.0,0.0,0.0,6674999.323,0.0,0.0,0.0,0.0,0.0,0.0,0.0,0.0,0.0,0.0,0.0,0.0,0.0,0.0,0.0,0.0,0.0,0.0,0.0,0.0,0.0,0.0,0.0,0.0,0.0,0.0,0.0,0.0,0.0,0.0,0.0,0.0,0.0,0.0,0.0,0.0,0.0,14,0,D
8959.0,721.2840576,5.132739,0.0,0.0,0.0,0.0,0.0,0.0,0.0,0.0,0.0,0.0,0.0,0.0,0.0,0.0,0.0,0.0,0.0,0.0,8513944.397,0.0,0.0,0.0,0.0,0.0,0.0,0.0,0.0,0.0,0.0,0.0,0.0,0.0,0.0,0.0,0.0,0.0,0.0,0.0,0.0,0.0,0.0,0.0,0.0,0.0,0.0,0.0,0.0,0.0,0.0,0.0,0.0,0.0,0.0,0.0,0.0,0.0,10,0,D
8963.0,723.3001709,5.9438557,0.0,0.0,0.0,0.0,0.0,0.0,0.0,0.0,0.0,0.0,0.0,0.0,0.0,0.0,0.0,0.0,0.0,0.0,8659531.789,0.0,0.0,0.0,0.0,0.0,0.0,0.0,0.0,0.0,0.0,0.0,0.0,0.0,0.0,0.0,0.0,0.0,0.0,0.0,0.0,0.0,0.0,0.0,0.0,0.0,0.0,0.0,0.0,0.0,0.0,0.0,0.0,0.0,0.0,0.0,0.0,0.0,11,0,D
8964.0,751.2955627,4.2079363,0.0,0.0,0.0,0.0,0.0,0.0,0.0,0.0,0.0,0.0,0.0,0.0,0.0,0.0,0.0,0.0,0.0,0.0,2970523.131,0.0,0.0,0.0,0.0,0.0,0.0,0.0,0.0,0.0,0.0,0.0,0.0,0.0,0.0,0.0,0.0,0.0,0.0,0.0,0.0,0.0,0.0,0.0,0.0,0.0,0.0,0.0,0.0,0.0,0.0,0.0,0.0,0.0,0.0,0.0,0.0,0.0,8,0,D
8966.0,782.3373108,6.88533595,0.0,0.0,0.0,0.0,0.0,0.0,0.0,0.0,0.0,0.0,0.0,0.0,0.0,0.0,966563.9541,0.0,0.0,0.0,2480538.276,0.0,0.0,0.0,0.0,0.0,0.0,0.0,0.0,0.0,0.0,0.0,0.0,0.0,0.0,0.0,0.0,0.0,0.0,0.0,0.0,0.0,0.0,0.0,0.0,0.0,0.0,0.0,0.0,0.0,0.0,0.0,0.0,0.0,0.0,0.0,0.0,0.0,10,0,D
8967.0,733.2854004,5.6329911,0.0,0.0,0.0,0.0,0.0,0.0,0.0,0.0,0.0,0.0,0.0,0.0,0.0,0.0,0.0,0.0,0.0,0.0,2653818.276,0.0,0.0,0.0,0.0,0.0,0.0,0.0,0.0,0.0,0.0,0.0,0.0,0.0,0.0,0.0,0.0,0.0,0.0,0.0,0.0,0.0,0.0,0.0,0.0,0.0,0.0,0.0,0.0,0.0,0.0,0.0,0.0,0.0,0.0,0.0,0.0,0.0,10,0,D
8977.0,721.2841797,4.046248,0.0,0.0,0.0,0.0,0.0,0.0,0.0,0.0,0.0,0.0,0.0,0.0,0.0,0.0,0.0,0.0,0.0,0.0,2166667.283,0.0,0.0,0.0,0.0,0.0,0.0,0.0,0.0,0.0,0.0,0.0,0.0,0.0,0.0,0.0,0.0,0.0,0.0,0.0,0.0,0.0,0.0,0.0,0.0,0.0,0.0,0.0,0.0,0.0,0.0,0.0,0.0,0.0,0.0,0.0,0.0,0.0,10,0,D
8980.0,752.3261719,6.6697437,0.0,0.0,0.0,0.0,0.0,0.0,0.0,0.0,0.0,0.0,0.0,0.0,0.0,0.0,0.0,0.0,0.0,0.0,1963191.242,0.0,0.0,0.0,0.0,0.0,0.0,0.0,0.0,0.0,0.0,0.0,0.0,0.0,0.0,0.0,0.0,0.0,0.0,0.0,0.0,0.0,0.0,0.0,0.0,0.0,0.0,0.0,0.0,0.0,0.0,0.0,0.0,0.0,0.0,0.0,0.0,0.0,11,0,D
8982.0,719.2676392,5.5708273,0.0,0.0,0.0,0.0,0.0,0.0,0.0,0.0,0.0,0.0,0.0,0.0,0.0,0.0,0.0,0.0,0.0,0.0,978132.5899,0.0,0.0,0.0,0.0,0.0,0.0,0.0,0.0,0.0,0.0,0.0,0.0,0.0,0.0,0.0,0.0,0.0,0.0,0.0,0.0,0.0,0.0,0.0,0.0,0.0,0.0,0.0,0.0,0.0,0.0,0.0,0.0,0.0,0.0,0.0,0.0,0.0,10,0,D
8983.0,736.3315735,8.7751896,0.0,0.0,0.0,0.0,0.0,0.0,0.0,0.0,0.0,0.0,0.0,0.0,0.0,0.0,0.0,0.0,0.0,0.0,2543459.097,0.0,0.0,0.0,0.0,0.0,0.0,0.0,0.0,0.0,0.0,0.0,0.0,0.0,0.0,0.0,0.0,0.0,0.0,0.0,0.0,0.0,0.0,0.0,0.0,0.0,0.0,0.0,0.0,0.0,0.0,0.0,0.0,0.0,0.0,0.0,0.0,0.0,12,0,D
8990.0,594.2896729,4.9781305,0.0,0.0,0.0,0.0,0.0,0.0,0.0,0.0,0.0,0.0,0.0,0.0,0.0,0.0,0.0,0.0,0.0,0.0,2357457.388,0.0,0.0,0.0,0.0,0.0,0.0,0.0,0.0,0.0,0.0,0.0,0.0,0.0,0.0,0.0,0.0,0.0,0.0,0.0,0.0,0.0,0.0,0.0,0.0,0.0,0.0,0.0,0.0,0.0,0.0,0.0,0.0,0.0,0.0,0.0,0.0,0.0,18,0,D
8991.0,703.2741699,5.4100026,0.0,0.0,0.0,0.0,0.0,0.0,0.0,0.0,0.0,0.0,0.0,0.0,0.0,0.0,0.0,0.0,0.0,0.0,2709485.569,0.0,0.0,0.0,0.0,0.0,0.0,0.0,0.0,0.0,0.0,0.0,0.0,0.0,0.0,0.0,0.0,0.0,0.0,0.0,0.0,0.0,0.0,0.0,0.0,0.0,0.0,0.0,0.0,0.0,0.0,0.0,0.0,0.0,0.0,0.0,0.0,0.0,11,0,D
9000.0,755.4362793,14.315754,0.0,0.0,0.0,0.0,0.0,0.0,0.0,0.0,0.0,0.0,0.0,0.0,0.0,0.0,0.0,0.0,0.0,0.0,2147430.445,0.0,0.0,0.0,0.0,0.0,0.0,0.0,0.0,0.0,0.0,0.0,0.0,0.0,0.0,0.0,0.0,0.0,0.0,0.0,0.0,0.0,0.0,0.0,0.0,0.0,0.0,0.0,0.0,0.0,0.0,0.0,0.0,0.0,0.0,0.0,0.0,0.0,10,0,D
9012.0,749.2793274,5.7571454,0.0,0.0,0.0,0.0,0.0,0.0,0.0,0.0,0.0,0.0,0.0,0.0,0.0,0.0,0.0,0.0,0.0,0.0,2101898.714,0.0,0.0,0.0,0.0,0.0,0.0,0.0,0.0,0.0,0.0,0.0,0.0,0.0,0.0,0.0,0.0,0.0,0.0,0.0,0.0,0.0,0.0,0.0,0.0,0.0,0.0,0.0,0.0,0.0,0.0,0.0,0.0,0.0,0.0,0.0,0.0,0.0,7,0,D
9027.0,707.3045959,8.1876706,0.0,0.0,0.0,0.0,0.0,0.0,0.0,0.0,0.0,0.0,0.0,0.0,0.0,0.0,0.0,0.0,0.0,0.0,4576810.476,0.0,0.0,0.0,0.0,0.0,0.0,0.0,0.0,0.0,0.0,0.0,0.0,0.0,0.0,0.0,0.0,0.0,0.0,0.0,0.0,0.0,0.0,0.0,0.0,0.0,0.0,0.0,0.0,0.0,0.0,0.0,0.0,0.0,0.0,0.0,0.0,0.0,9,0,D
9030.0,721.2839355,7.2020979,0.0,0.0,0.0,0.0,0.0,0.0,0.0,0.0,0.0,0.0,0.0,0.0,0.0,0.0,0.0,0.0,0.0,0.0,2991936.251,0.0,0.0,0.0,0.0,0.0,0.0,0.0,0.0,0.0,0.0,0.0,0.0,0.0,0.0,0.0,0.0,0.0,0.0,0.0,0.0,0.0,0.0,0.0,0.0,0.0,0.0,0.0,0.0,0.0,0.0,0.0,0.0,0.0,0.0,0.0,0.0,0.0,6,0,D
9034.0,754.3416748,7.9917991,0.0,0.0,0.0,0.0,0.0,0.0,0.0,0.0,0.0,0.0,0.0,0.0,0.0,0.0,0.0,0.0,0.0,0.0,1190024.132,0.0,0.0,0.0,0.0,0.0,0.0,0.0,0.0,0.0,0.0,0.0,0.0,0.0,0.0,0.0,0.0,0.0,0.0,0.0,0.0,0.0,0.0,0.0,0.0,0.0,0.0,0.0,0.0,0.0,0.0,0.0,0.0,0.0,0.0,0.0,0.0,0.0,10,0,D
9038.0,961.5289307,14.241266,0.0,0.0,0.0,0.0,0.0,0.0,0.0,0.0,0.0,0.0,0.0,0.0,0.0,0.0,0.0,0.0,0.0,0.0,1019196.583,0.0,0.0,0.0,0.0,0.0,0.0,0.0,0.0,0.0,0.0,0.0,0.0,0.0,0.0,0.0,0.0,0.0,0.0,0.0,0.0,0.0,0.0,0.0,0.0,0.0,0.0,0.0,0.0,0.0,0.0,0.0,0.0,0.0,0.0,0.0,0.0,0.0,7,0,D
9048.0,710.3165588,8.4836502,0.0,0.0,0.0,0.0,0.0,0.0,0.0,0.0,0.0,0.0,0.0,0.0,0.0,0.0,0.0,0.0,0.0,0.0,2236815.742,0.0,0.0,0.0,0.0,0.0,0.0,0.0,0.0,0.0,0.0,0.0,0.0,0.0,0.0,0.0,0.0,0.0,0.0,0.0,0.0,0.0,0.0,0.0,0.0,0.0,0.0,0.0,0.0,0.0,0.0,0.0,0.0,0.0,0.0,0.0,0.0,0.0,11,0,D
9055.0,751.2950134,7.3310237,0.0,0.0,0.0,0.0,0.0,0.0,0.0,0.0,0.0,0.0,0.0,0.0,0.0,0.0,0.0,0.0,0.0,0.0,2366818.682,0.0,0.0,0.0,0.0,0.0,0.0,0.0,0.0,0.0,0.0,0.0,0.0,0.0,0.0,0.0,0.0,0.0,0.0,0.0,0.0,0.0,0.0,0.0,0.0,0.0,0.0,0.0,0.0,0.0,0.0,0.0,0.0,0.0,0.0,0.0,0.0,0.0,7,0,D
9060.0,691.3109029,6.025553567,0.0,0.0,0.0,0.0,0.0,0.0,0.0,0.0,0.0,0.0,0.0,0.0,0.0,0.0,0.0,0.0,384079.9053,1843375.157,820568.5934,0.0,0.0,0.0,0.0,0.0,0.0,0.0,0.0,0.0,0.0,0.0,0.0,0.0,0.0,0.0,0.0,0.0,0.0,0.0,0.0,0.0,0.0,0.0,0.0,0.0,0.0,0.0,0.0,0.0,0.0,0.0,0.0,0.0,0.0,0.0,0.0,0.0,8,0,D
9071.0,594.2895203,4.8234793,0.0,0.0,0.0,0.0,0.0,0.0,0.0,0.0,0.0,0.0,0.0,0.0,0.0,0.0,0.0,0.0,0.0,0.0,492279.8506,0.0,0.0,0.0,0.0,0.0,0.0,0.0,0.0,0.0,0.0,0.0,0.0,0.0,0.0,0.0,0.0,0.0,0.0,0.0,0.0,0.0,0.0,0.0,0.0,0.0,0.0,0.0,0.0,0.0,0.0,0.0,0.0,0.0,0.0,0.0,0.0,0.0,11,0,D
9084.0,617.2567139,4.6234085,0.0,0.0,0.0,0.0,0.0,0.0,0.0,0.0,0.0,0.0,0.0,0.0,0.0,0.0,0.0,0.0,0.0,0.0,769466.4207,0.0,0.0,0.0,0.0,0.0,0.0,0.0,0.0,0.0,0.0,0.0,0.0,0.0,0.0,0.0,0.0,0.0,0.0,0.0,0.0,0.0,0.0,0.0,0.0,0.0,0.0,0.0,330625.4425,0.0,0.0,0.0,0.0,0.0,0.0,0.0,0.0,0.0,6,0,D
9095.0,723.300415,3.0568608,0.0,0.0,0.0,0.0,0.0,0.0,0.0,0.0,0.0,0.0,0.0,0.0,0.0,0.0,0.0,0.0,0.0,0.0,2645232.342,0.0,0.0,0.0,0.0,0.0,0.0,0.0,0.0,0.0,0.0,0.0,0.0,0.0,0.0,0.0,0.0,0.0,0.0,0.0,0.0,0.0,0.0,0.0,0.0,0.0,0.0,0.0,0.0,0.0,0.0,0.0,0.0,0.0,0.0,0.0,0.0,0.0,6,0,D
9113.0,617.2953491,5.3803074,0.0,0.0,0.0,0.0,0.0,0.0,0.0,0.0,0.0,0.0,0.0,0.0,0.0,0.0,0.0,0.0,0.0,0.0,559694.2008,0.0,0.0,0.0,0.0,0.0,0.0,0.0,0.0,0.0,0.0,0.0,0.0,0.0,0.0,0.0,0.0,0.0,0.0,0.0,0.0,0.0,0.0,0.0,0.0,0.0,0.0,0.0,0.0,0.0,0.0,0.0,0.0,0.0,0.0,0.0,0.0,0.0,14,0,D
9173.0,977.562973,13.7215845,0.0,0.0,0.0,0.0,0.0,0.0,0.0,0.0,0.0,0.0,0.0,0.0,0.0,0.0,0.0,0.0,0.0,11800000.0,854369.5593,0.0,0.0,0.0,0.0,0.0,0.0,0.0,0.0,0.0,0.0,0.0,0.0,0.0,0.0,0.0,0.0,0.0,0.0,0.0,0.0,0.0,0.0,0.0,0.0,0.0,0.0,0.0,0.0,0.0,0.0,0.0,0.0,0.0,0.0,0.0,0.0,0.0,8,0,D
9201.0,418.2796021,3.2912647,0.0,0.0,0.0,0.0,0.0,0.0,0.0,0.0,0.0,0.0,0.0,0.0,0.0,0.0,0.0,0.0,0.0,0.0,633355.14,0.0,0.0,0.0,0.0,0.0,0.0,0.0,0.0,0.0,0.0,0.0,0.0,0.0,0.0,0.0,0.0,0.0,0.0,0.0,0.0,0.0,0.0,0.0,0.0,0.0,0.0,0.0,0.0,0.0,0.0,0.0,0.0,0.0,1011295.156,0.0,0.0,0.0,6,0,D
9209.0,698.3162537,9.3084965,0.0,0.0,0.0,0.0,0.0,0.0,0.0,0.0,0.0,0.0,0.0,0.0,0.0,0.0,0.0,0.0,0.0,219024.5531,164106.5141,0.0,0.0,0.0,0.0,0.0,0.0,0.0,0.0,0.0,0.0,0.0,0.0,0.0,0.0,0.0,0.0,0.0,0.0,0.0,0.0,0.0,0.0,0.0,0.0,0.0,0.0,0.0,0.0,0.0,0.0,0.0,0.0,0.0,0.0,0.0,0.0,0.0,8,0,D
9286.0,527.2999268,4.8640168,0.0,0.0,0.0,0.0,0.0,0.0,0.0,0.0,0.0,0.0,0.0,0.0,0.0,0.0,0.0,0.0,0.0,0.0,0.0,0.0,0.0,0.0,0.0,0.0,0.0,0.0,0.0,0.0,0.0,0.0,0.0,0.0,0.0,0.0,0.0,0.0,0.0,0.0,0.0,0.0,0.0,0.0,0.0,0.0,0.0,0.0,0.0,0.0,3587681.239,0.0,0.0,0.0,0.0,0.0,0.0,0.0,0,11,MD
9296.0,527.300354,4.2987411,0.0,0.0,0.0,0.0,0.0,0.0,0.0,0.0,0.0,0.0,0.0,0.0,0.0,0.0,0.0,0.0,0.0,0.0,0.0,0.0,0.0,0.0,0.0,0.0,0.0,0.0,0.0,0.0,0.0,0.0,0.0,0.0,0.0,0.0,0.0,0.0,0.0,0.0,0.0,0.0,0.0,0.0,0.0,0.0,0.0,0.0,0.0,0.0,2154142.495,0.0,0.0,0.0,0.0,0.0,0.0,0.0,6,11,MD
9302.0,619.3475189,8.907938675,0.0,0.0,0.0,0.0,0.0,0.0,0.0,0.0,0.0,0.0,0.0,0.0,0.0,0.0,0.0,0.0,0.0,0.0,0.0,0.0,0.0,0.0,0.0,0.0,0.0,0.0,0.0,0.0,368007.1334,0.0,0.0,0.0,0.0,0.0,0.0,0.0,0.0,0.0,0.0,0.0,0.0,0.0,0.0,0.0,0.0,0.0,0.0,0.0,1149670.338,0.0,16000000.0,0.0,0.0,0.0,4058680.441,0.0,0,7,MD
9304.0,498.3215383,5.844857033,0.0,0.0,0.0,0.0,0.0,0.0,0.0,0.0,0.0,0.0,0.0,0.0,0.0,0.0,0.0,690354.2979,0.0,0.0,0.0,0.0,0.0,0.0,0.0,0.0,0.0,0.0,0.0,0.0,0.0,0.0,0.0,0.0,0.0,0.0,0.0,0.0,0.0,0.0,0.0,0.0,0.0,0.0,0.0,0.0,355790.6222,0.0,0.0,0.0,1165821.616,0.0,0.0,0.0,0.0,0.0,0.0,0.0,0,7,MD
9314.0,621.3627014,10.17540833,0.0,0.0,0.0,0.0,0.0,0.0,0.0,0.0,0.0,0.0,0.0,0.0,0.0,0.0,0.0,0.0,0.0,0.0,0.0,0.0,0.0,0.0,0.0,0.0,0.0,0.0,0.0,0.0,0.0,0.0,0.0,0.0,0.0,0.0,0.0,0.0,0.0,0.0,0.0,0.0,0.0,0.0,0.0,0.0,0.0,0.0,0.0,0.0,924819.5991,53800000.0,0.0,0.0,0.0,0.0,3823926.189,0.0,10,8,D
9316.0,561.1387939,3.7610729,0.0,0.0,0.0,0.0,0.0,0.0,0.0,0.0,0.0,0.0,0.0,0.0,0.0,0.0,0.0,0.0,0.0,0.0,0.0,0.0,0.0,0.0,0.0,0.0,0.0,0.0,0.0,0.0,0.0,0.0,0.0,0.0,0.0,0.0,0.0,0.0,0.0,0.0,0.0,0.0,0.0,0.0,0.0,0.0,0.0,0.0,0.0,0.0,604848.6426,0.0,0.0,0.0,0.0,0.0,0.0,0.0,0,6,MD
9327.0,589.3730672,13.23440133,0.0,0.0,0.0,0.0,0.0,0.0,0.0,0.0,0.0,0.0,0.0,0.0,0.0,0.0,0.0,0.0,0.0,0.0,0.0,0.0,0.0,0.0,0.0,0.0,0.0,0.0,0.0,0.0,0.0,0.0,0.0,0.0,0.0,0.0,0.0,0.0,0.0,0.0,0.0,0.0,0.0,0.0,0.0,0.0,0.0,0.0,0.0,0.0,1065268.429,5709066.75,0.0,0.0,0.0,0.0,16100000.0,0.0,6,15,MD
9348.0,530.3476868,4.09838445,0.0,0.0,0.0,0.0,0.0,0.0,0.0,0.0,0.0,0.0,0.0,0.0,0.0,0.0,0.0,1431518.483,0.0,0.0,0.0,0.0,0.0,0.0,0.0,0.0,0.0,0.0,0.0,0.0,0.0,0.0,0.0,0.0,0.0,0.0,0.0,0.0,0.0,0.0,0.0,0.0,0.0,0.0,0.0,0.0,0.0,0.0,0.0,0.0,1374574.01,0.0,0.0,0.0,0.0,0.0,0.0,0.0,0,7,MD
9367.0,661.3575516,7.84265455,0.0,0.0,0.0,0.0,0.0,0.0,0.0,0.0,0.0,0.0,0.0,0.0,0.0,0.0,0.0,0.0,0.0,0.0,0.0,0.0,0.0,0.0,0.0,0.0,0.0,0.0,0.0,0.0,0.0,0.0,0.0,0.0,0.0,0.0,0.0,0.0,0.0,0.0,0.0,0.0,0.0,0.0,0.0,0.0,0.0,0.0,0.0,0.0,151134.6458,0.0,58300000.0,0.0,0.0,950678.6841,201937.0724,0.0,12,19,MD
9374.0,497.3256836,10.159711,0.0,0.0,0.0,0.0,0.0,0.0,0.0,0.0,0.0,0.0,0.0,0.0,0.0,0.0,0.0,0.0,0.0,0.0,0.0,0.0,0.0,0.0,0.0,0.0,0.0,0.0,0.0,0.0,0.0,0.0,0.0,0.0,0.0,0.0,0.0,0.0,0.0,0.0,0.0,0.0,0.0,0.0,0.0,0.0,0.0,0.0,0.0,0.0,318614.3558,0.0,0.0,0.0,0.0,0.0,0.0,0.0,0,8,MD
9378.0,530.3475037,4.1552682,0.0,0.0,0.0,0.0,0.0,0.0,0.0,0.0,0.0,0.0,0.0,0.0,0.0,0.0,0.0,911772.8712,0.0,0.0,0.0,0.0,0.0,0.0,0.0,0.0,0.0,0.0,0.0,0.0,0.0,0.0,0.0,0.0,0.0,0.0,0.0,0.0,0.0,0.0,0.0,0.0,0.0,0.0,0.0,0.0,0.0,0.0,0.0,0.0,280646.6902,0.0,0.0,0.0,0.0,0.0,0.0,0.0,0,9,MD
9475.0,645.2531738,2.4745065,0.0,0.0,0.0,0.0,0.0,0.0,0.0,0.0,0.0,0.0,0.0,0.0,0.0,0.0,0.0,0.0,4458664.624,0.0,0.0,0.0,0.0,0.0,0.0,0.0,0.0,0.0,0.0,0.0,0.0,0.0,0.0,0.0,0.0,0.0,0.0,0.0,0.0,0.0,0.0,0.0,0.0,0.0,0.0,0.0,0.0,0.0,0.0,0.0,0.0,0.0,0.0,0.0,0.0,0.0,0.0,0.0,8,0,D
9506.0,603.2227478,3.8110644,0.0,0.0,0.0,0.0,0.0,0.0,0.0,0.0,0.0,0.0,0.0,0.0,0.0,0.0,0.0,0.0,1389124.301,0.0,0.0,0.0,0.0,0.0,0.0,0.0,2860993.522,0.0,0.0,0.0,0.0,0.0,0.0,0.0,0.0,0.0,0.0,0.0,0.0,0.0,0.0,0.0,0.0,0.0,0.0,0.0,0.0,0.0,0.0,0.0,0.0,0.0,0.0,0.0,0.0,0.0,0.0,0.0,8,0,D
9507.0,696.336792,7.1786542,0.0,0.0,0.0,0.0,0.0,0.0,0.0,0.0,0.0,0.0,0.0,0.0,0.0,0.0,0.0,0.0,1785837.789,0.0,0.0,0.0,0.0,0.0,0.0,0.0,0.0,0.0,0.0,0.0,0.0,0.0,0.0,0.0,0.0,0.0,0.0,0.0,0.0,0.0,0.0,0.0,0.0,0.0,0.0,0.0,0.0,0.0,0.0,0.0,0.0,0.0,0.0,0.0,0.0,0.0,0.0,0.0,11,0,D
9531.0,784.3531036,8.20058445,0.0,0.0,0.0,0.0,0.0,0.0,0.0,0.0,0.0,0.0,0.0,0.0,0.0,0.0,176068.0414,0.0,1163155.274,0.0,0.0,0.0,0.0,0.0,0.0,0.0,0.0,0.0,0.0,0.0,0.0,0.0,0.0,0.0,0.0,0.0,0.0,0.0,0.0,0.0,0.0,0.0,0.0,0.0,0.0,0.0,0.0,0.0,0.0,0.0,0.0,0.0,0.0,0.0,0.0,0.0,0.0,0.0,9,0,D
9563.0,675.2435303,2.9759276,0.0,0.0,0.0,0.0,0.0,0.0,0.0,0.0,0.0,0.0,0.0,0.0,0.0,0.0,0.0,0.0,367968.5103,0.0,0.0,0.0,0.0,0.0,0.0,0.0,0.0,0.0,0.0,0.0,0.0,0.0,0.0,0.0,0.0,0.0,0.0,0.0,0.0,0.0,0.0,0.0,0.0,0.0,0.0,0.0,0.0,0.0,0.0,0.0,0.0,0.0,0.0,0.0,0.0,0.0,0.0,0.0,7,0,D
9570.0,487.2325948,1.4911927,0.0,0.0,0.0,0.0,0.0,0.0,0.0,0.0,0.0,0.0,0.0,0.0,0.0,0.0,0.0,0.0,263346.0865,0.0,0.0,0.0,0.0,0.0,0.0,0.0,6521292.873,0.0,0.0,0.0,0.0,0.0,0.0,0.0,0.0,0.0,0.0,0.0,0.0,0.0,0.0,0.0,0.0,0.0,0.0,0.0,0.0,0.0,525713.0685,0.0,0.0,0.0,0.0,0.0,0.0,0.0,0.0,0.0,14,0,D
9604.0,651.3155111,3.373908367,0.0,0.0,0.0,0.0,0.0,0.0,0.0,0.0,0.0,0.0,0.0,0.0,0.0,0.0,0.0,0.0,562400.7131,0.0,0.0,0.0,0.0,0.0,0.0,0.0,206672.7439,0.0,0.0,0.0,0.0,0.0,0.0,0.0,0.0,0.0,0.0,0.0,0.0,0.0,0.0,0.0,0.0,0.0,0.0,0.0,0.0,0.0,828277.6688,0.0,0.0,0.0,0.0,0.0,0.0,0.0,0.0,0.0,6,0,D
9648.0,311.1638896,6.927436633,0.0,0.0,0.0,0.0,0.0,0.0,0.0,0.0,0.0,0.0,0.0,0.0,0.0,0.0,0.0,0.0,0.0,0.0,0.0,0.0,0.0,0.0,0.0,0.0,0.0,0.0,0.0,0.0,692800.7477,37300000.0,0.0,0.0,0.0,0.0,0.0,0.0,0.0,0.0,0.0,0.0,0.0,0.0,0.0,0.0,0.0,0.0,0.0,830347.1864,0.0,0.0,0.0,0.0,0.0,0.0,0.0,0.0,14,0,D
9649.0,622.3220673,8.6456114,0.0,0.0,0.0,0.0,0.0,0.0,0.0,0.0,0.0,0.0,0.0,0.0,0.0,0.0,0.0,0.0,0.0,0.0,0.0,0.0,0.0,0.0,0.0,0.0,0.0,0.0,0.0,0.0,20400000.0,27400000.0,0.0,0.0,0.0,0.0,0.0,0.0,0.0,0.0,0.0,0.0,0.0,0.0,0.0,0.0,0.0,0.0,0.0,0.0,0.0,0.0,0.0,0.0,0.0,0.0,0.0,0.0,0,18,MD
9650.0,605.2956543,8.6456114,0.0,0.0,0.0,0.0,0.0,0.0,0.0,0.0,0.0,0.0,0.0,0.0,0.0,0.0,0.0,0.0,0.0,0.0,0.0,0.0,0.0,0.0,0.0,0.0,0.0,0.0,0.0,0.0,18600000.0,23800000.0,0.0,0.0,0.0,0.0,0.0,0.0,0.0,0.0,0.0,0.0,0.0,0.0,0.0,0.0,0.0,0.0,0.0,0.0,0.0,0.0,0.0,0.0,0.0,0.0,0.0,0.0,8,22,MD
9652.0,622.3220215,8.27185405,0.0,0.0,0.0,0.0,0.0,0.0,0.0,0.0,0.0,0.0,0.0,0.0,0.0,0.0,0.0,0.0,0.0,0.0,0.0,0.0,0.0,0.0,0.0,0.0,0.0,0.0,0.0,0.0,11900000.0,15100000.0,0.0,0.0,0.0,0.0,0.0,0.0,0.0,0.0,0.0,0.0,0.0,0.0,0.0,0.0,0.0,0.0,0.0,0.0,0.0,0.0,0.0,0.0,0.0,0.0,0.0,0.0,0,24,MD
9654.0,371.186142,4.4969102,0.0,0.0,0.0,0.0,0.0,0.0,0.0,0.0,0.0,0.0,0.0,0.0,0.0,0.0,0.0,0.0,0.0,0.0,0.0,0.0,0.0,0.0,0.0,0.0,0.0,0.0,0.0,0.0,0.0,11300000.0,0.0,0.0,0.0,0.0,0.0,0.0,0.0,0.0,0.0,0.0,0.0,0.0,0.0,0.0,0.0,0.0,0.0,0.0,0.0,0.0,0.0,0.0,0.0,0.0,0.0,0.0,6,0,D
9655.0,589.3010254,9.6009654,0.0,0.0,0.0,0.0,0.0,0.0,0.0,0.0,0.0,0.0,0.0,0.0,0.0,0.0,0.0,0.0,0.0,0.0,0.0,0.0,0.0,0.0,0.0,0.0,0.0,0.0,0.0,0.0,6590138.834,13800000.0,0.0,0.0,0.0,0.0,0.0,0.0,0.0,0.0,0.0,0.0,0.0,0.0,0.0,0.0,0.0,0.0,0.0,0.0,0.0,0.0,0.0,0.0,0.0,0.0,0.0,0.0,14,0,D
9658.0,620.3790283,8.7108759,0.0,0.0,0.0,0.0,0.0,0.0,0.0,0.0,0.0,0.0,0.0,0.0,0.0,0.0,0.0,0.0,0.0,0.0,0.0,0.0,0.0,0.0,0.0,0.0,0.0,0.0,0.0,0.0,16300000.0,9755158.13,0.0,0.0,0.0,0.0,0.0,0.0,0.0,0.0,0.0,0.0,0.0,0.0,0.0,0.0,0.0,0.0,0.0,0.0,0.0,0.0,0.0,0.0,0.0,0.0,0.0,0.0,13,0,D
9662.0,605.2956848,8.27185405,0.0,0.0,0.0,0.0,0.0,0.0,0.0,0.0,0.0,0.0,0.0,0.0,0.0,0.0,0.0,0.0,0.0,0.0,0.0,0.0,0.0,0.0,0.0,0.0,0.0,0.0,0.0,0.0,5601296.017,7329411.608,0.0,0.0,0.0,0.0,0.0,0.0,0.0,0.0,0.0,0.0,0.0,0.0,0.0,0.0,0.0,0.0,0.0,0.0,0.0,0.0,0.0,0.0,0.0,0.0,0.0,0.0,0,19,MD
9666.0,636.3374939,8.6604263,0.0,0.0,0.0,0.0,0.0,0.0,0.0,0.0,0.0,0.0,0.0,0.0,0.0,0.0,0.0,0.0,0.0,0.0,0.0,0.0,0.0,0.0,0.0,0.0,0.0,0.0,0.0,0.0,5961324.678,9383919.091,0.0,0.0,0.0,0.0,0.0,0.0,0.0,0.0,0.0,0.0,0.0,0.0,0.0,0.0,0.0,0.0,0.0,0.0,0.0,0.0,0.0,0.0,0.0,0.0,0.0,0.0,0,12,MD
9669.0,956.50177,10.01023675,0.0,0.0,0.0,0.0,0.0,0.0,0.0,0.0,0.0,0.0,0.0,0.0,0.0,0.0,0.0,0.0,0.0,0.0,0.0,0.0,0.0,0.0,0.0,0.0,0.0,0.0,0.0,0.0,3592033.991,6800417.427,0.0,0.0,0.0,0.0,0.0,0.0,0.0,0.0,0.0,0.0,0.0,0.0,0.0,0.0,0.0,0.0,0.0,0.0,0.0,0.0,0.0,0.0,0.0,0.0,0.0,0.0,0,12,MD
9670.0,639.3905945,14.480217,0.0,0.0,0.0,0.0,0.0,0.0,0.0,0.0,0.0,0.0,0.0,0.0,0.0,0.0,0.0,0.0,0.0,0.0,0.0,0.0,0.0,0.0,0.0,0.0,0.0,0.0,0.0,0.0,0.0,6463258.307,0.0,0.0,0.0,0.0,0.0,0.0,0.0,0.0,0.0,0.0,0.0,0.0,0.0,0.0,0.0,0.0,0.0,0.0,0.0,0.0,0.0,0.0,0.0,0.0,0.0,0.0,7,0,D
9672.0,607.311554,6.19626255,0.0,0.0,0.0,0.0,0.0,0.0,0.0,0.0,0.0,0.0,0.0,0.0,0.0,0.0,0.0,0.0,0.0,0.0,0.0,0.0,0.0,0.0,0.0,0.0,0.0,0.0,0.0,0.0,1237539.984,4909550.25,0.0,0.0,0.0,0.0,0.0,0.0,0.0,0.0,0.0,0.0,0.0,0.0,0.0,0.0,0.0,0.0,0.0,0.0,0.0,0.0,0.0,0.0,0.0,0.0,0.0,0.0,0,9,MD
9674.0,573.3055929,10.850611,0.0,0.0,0.0,0.0,0.0,0.0,0.0,0.0,0.0,0.0,0.0,0.0,0.0,0.0,0.0,0.0,0.0,0.0,0.0,0.0,0.0,0.0,0.0,0.0,902195.7838,0.0,0.0,0.0,4306141.592,5795120.606,0.0,0.0,0.0,0.0,0.0,0.0,0.0,0.0,0.0,0.0,0.0,0.0,0.0,0.0,0.0,0.0,0.0,0.0,0.0,0.0,0.0,0.0,0.0,0.0,0.0,0.0,9,0,D
9681.0,913.4578857,9.1764318,0.0,0.0,0.0,0.0,0.0,0.0,0.0,0.0,0.0,0.0,0.0,0.0,0.0,0.0,0.0,0.0,0.0,0.0,0.0,0.0,0.0,0.0,0.0,0.0,0.0,0.0,0.0,0.0,0.0,4781342.647,0.0,0.0,0.0,0.0,0.0,0.0,0.0,0.0,0.0,0.0,0.0,0.0,0.0,0.0,0.0,0.0,0.0,0.0,0.0,0.0,0.0,0.0,0.0,0.0,0.0,0.0,0,11,MD
9682.0,587.2854004,8.4710003,0.0,0.0,0.0,0.0,0.0,0.0,0.0,0.0,0.0,0.0,0.0,0.0,0.0,0.0,0.0,0.0,0.0,0.0,0.0,0.0,0.0,0.0,0.0,0.0,0.0,0.0,0.0,0.0,6139114.029,6549471.829,0.0,0.0,0.0,0.0,0.0,0.0,0.0,0.0,0.0,0.0,0.0,0.0,0.0,0.0,0.0,0.0,0.0,0.0,0.0,0.0,0.0,0.0,0.0,0.0,0.0,0.0,18,0,D
9683.0,371.1853943,6.9744553,0.0,0.0,0.0,0.0,0.0,0.0,0.0,0.0,0.0,0.0,0.0,0.0,0.0,0.0,0.0,0.0,0.0,0.0,0.0,0.0,0.0,0.0,0.0,0.0,0.0,0.0,0.0,0.0,0.0,2336994.872,0.0,0.0,0.0,0.0,0.0,0.0,0.0,0.0,0.0,0.0,0.0,0.0,0.0,0.0,0.0,0.0,0.0,0.0,0.0,0.0,0.0,0.0,0.0,0.0,0.0,0.0,6,0,D
9686.0,775.3697205,12.300827,0.0,0.0,0.0,0.0,0.0,0.0,0.0,0.0,0.0,0.0,0.0,0.0,0.0,0.0,0.0,0.0,0.0,0.0,0.0,0.0,0.0,0.0,0.0,0.0,0.0,0.0,0.0,0.0,770050.762,3498580.952,0.0,0.0,0.0,0.0,0.0,0.0,0.0,0.0,0.0,0.0,0.0,0.0,0.0,0.0,0.0,0.0,0.0,0.0,0.0,0.0,0.0,0.0,0.0,0.0,0.0,0.0,0,7,MD
9689.0,311.164032,3.3150056,0.0,0.0,0.0,0.0,0.0,0.0,0.0,0.0,0.0,0.0,0.0,0.0,0.0,0.0,0.0,0.0,0.0,0.0,0.0,0.0,0.0,0.0,0.0,0.0,0.0,0.0,0.0,0.0,0.0,1985701.925,0.0,0.0,0.0,0.0,0.0,0.0,0.0,0.0,0.0,0.0,0.0,0.0,0.0,0.0,0.0,0.0,0.0,0.0,0.0,0.0,0.0,0.0,0.0,0.0,0.0,0.0,10,0,D
9696.0,620.306778,5.0576812,0.0,0.0,0.0,0.0,0.0,0.0,0.0,0.0,0.0,0.0,0.0,0.0,0.0,0.0,0.0,0.0,0.0,0.0,0.0,0.0,0.0,0.0,0.0,0.0,0.0,0.0,0.0,0.0,2172590.007,3252011.66,0.0,0.0,0.0,0.0,0.0,0.0,0.0,0.0,0.0,0.0,0.0,0.0,0.0,0.0,0.0,0.0,0.0,0.0,0.0,0.0,0.0,0.0,0.0,0.0,0.0,0.0,14,0,D
9697.0,585.2695007,5.0576812,0.0,0.0,0.0,0.0,0.0,0.0,0.0,0.0,0.0,0.0,0.0,0.0,0.0,0.0,0.0,0.0,0.0,0.0,0.0,0.0,0.0,0.0,0.0,0.0,0.0,0.0,0.0,0.0,1678277.241,2999942.418,0.0,0.0,0.0,0.0,0.0,0.0,0.0,0.0,0.0,0.0,0.0,0.0,0.0,0.0,0.0,0.0,0.0,0.0,0.0,0.0,0.0,0.0,0.0,0.0,0.0,0.0,10,0,D
9698.0,389.1958313,6.8147788,0.0,0.0,0.0,0.0,0.0,0.0,0.0,0.0,0.0,0.0,0.0,0.0,0.0,0.0,0.0,0.0,0.0,0.0,0.0,0.0,0.0,0.0,0.0,0.0,0.0,0.0,0.0,0.0,0.0,1789939.869,0.0,0.0,0.0,0.0,0.0,0.0,0.0,0.0,0.0,0.0,0.0,0.0,0.0,0.0,0.0,0.0,0.0,0.0,0.0,0.0,0.0,0.0,0.0,0.0,0.0,0.0,6,0,D
9700.0,581.3115234,10.83359,0.0,0.0,0.0,0.0,0.0,0.0,0.0,0.0,0.0,0.0,0.0,0.0,0.0,0.0,0.0,0.0,0.0,0.0,0.0,0.0,0.0,0.0,0.0,0.0,0.0,0.0,0.0,0.0,0.0,2779505.164,0.0,0.0,0.0,0.0,0.0,0.0,0.0,0.0,0.0,0.0,0.0,0.0,0.0,0.0,0.0,0.0,0.0,0.0,0.0,0.0,0.0,0.0,0.0,0.0,0.0,0.0,9,0,D
9702.0,591.3160858,8.7108759,0.0,0.0,0.0,0.0,0.0,0.0,0.0,0.0,0.0,0.0,0.0,0.0,0.0,0.0,0.0,0.0,0.0,0.0,0.0,0.0,0.0,0.0,0.0,0.0,0.0,0.0,0.0,0.0,4894744.037,2761876.553,0.0,0.0,0.0,0.0,0.0,0.0,0.0,0.0,0.0,0.0,0.0,0.0,0.0,0.0,0.0,0.0,0.0,0.0,0.0,0.0,0.0,0.0,0.0,0.0,0.0,0.0,0,12,MD
9704.0,591.3165436,8.51506025,0.0,0.0,0.0,0.0,0.0,0.0,0.0,0.0,0.0,0.0,0.0,0.0,0.0,0.0,0.0,0.0,0.0,0.0,0.0,0.0,0.0,0.0,0.0,0.0,0.0,0.0,0.0,0.0,3090258.67,2130475.36,0.0,0.0,0.0,0.0,0.0,0.0,0.0,0.0,0.0,0.0,0.0,0.0,0.0,0.0,0.0,0.0,0.0,0.0,0.0,0.0,0.0,0.0,0.0,0.0,0.0,0.0,0,10,MD
9706.0,389.1955872,9.2693621,0.0,0.0,0.0,0.0,0.0,0.0,0.0,0.0,0.0,0.0,0.0,0.0,0.0,0.0,0.0,0.0,0.0,0.0,0.0,0.0,0.0,0.0,0.0,0.0,0.0,0.0,0.0,0.0,0.0,2643598.427,0.0,0.0,0.0,0.0,0.0,0.0,0.0,0.0,0.0,0.0,0.0,0.0,0.0,0.0,0.0,0.0,0.0,0.0,0.0,0.0,0.0,0.0,0.0,0.0,0.0,0.0,7,0,D
9707.0,607.3112488,5.2613651,0.0,0.0,0.0,0.0,0.0,0.0,0.0,0.0,0.0,0.0,0.0,0.0,0.0,0.0,0.0,0.0,0.0,0.0,0.0,0.0,0.0,0.0,0.0,0.0,0.0,0.0,0.0,0.0,3375487.973,1645022.709,0.0,0.0,0.0,0.0,0.0,0.0,0.0,0.0,0.0,0.0,0.0,0.0,0.0,0.0,0.0,0.0,0.0,0.0,0.0,0.0,0.0,0.0,0.0,0.0,0.0,0.0,0,10,MD
9708.0,858.5359497,13.883101,0.0,0.0,0.0,0.0,0.0,0.0,0.0,0.0,0.0,0.0,0.0,0.0,0.0,0.0,0.0,0.0,0.0,0.0,0.0,0.0,0.0,0.0,0.0,0.0,0.0,0.0,0.0,0.0,0.0,2892703.481,0.0,0.0,0.0,0.0,0.0,0.0,0.0,0.0,0.0,0.0,0.0,0.0,0.0,0.0,0.0,0.0,0.0,0.0,0.0,0.0,0.0,0.0,0.0,0.0,0.0,0.0,0,9,MD
9709.0,601.2648926,3.1468609,0.0,0.0,0.0,0.0,0.0,0.0,0.0,0.0,0.0,0.0,0.0,0.0,0.0,0.0,0.0,0.0,0.0,0.0,0.0,0.0,0.0,0.0,0.0,0.0,0.0,0.0,0.0,0.0,0.0,2036036.218,0.0,0.0,0.0,0.0,0.0,0.0,0.0,0.0,0.0,0.0,0.0,0.0,0.0,0.0,0.0,0.0,0.0,0.0,0.0,0.0,0.0,0.0,0.0,0.0,0.0,0.0,6,0,D
9710.0,371.1853943,6.8147788,0.0,0.0,0.0,0.0,0.0,0.0,0.0,0.0,0.0,0.0,0.0,0.0,0.0,0.0,0.0,0.0,0.0,0.0,0.0,0.0,0.0,0.0,0.0,0.0,0.0,0.0,0.0,0.0,0.0,1569156.89,0.0,0.0,0.0,0.0,0.0,0.0,0.0,0.0,0.0,0.0,0.0,0.0,0.0,0.0,0.0,0.0,0.0,0.0,0.0,0.0,0.0,0.0,0.0,0.0,0.0,0.0,6,0,D
9712.0,379.1746368,5.907215,0.0,0.0,0.0,0.0,0.0,0.0,0.0,0.0,0.0,0.0,0.0,0.0,0.0,0.0,0.0,0.0,0.0,0.0,0.0,0.0,0.0,0.0,0.0,0.0,818213.8809,0.0,0.0,0.0,0.0,1476331.514,0.0,0.0,0.0,0.0,0.0,0.0,0.0,0.0,0.0,0.0,0.0,0.0,0.0,0.0,0.0,0.0,0.0,0.0,0.0,179393.5598,0.0,0.0,0.0,0.0,0.0,0.0,13,0,D
9713.0,607.3114014,5.7295735,0.0,0.0,0.0,0.0,0.0,0.0,0.0,0.0,0.0,0.0,0.0,0.0,0.0,0.0,0.0,0.0,0.0,0.0,0.0,0.0,0.0,0.0,0.0,0.0,0.0,0.0,0.0,0.0,0.0,1562638.154,0.0,0.0,0.0,0.0,0.0,0.0,0.0,0.0,0.0,0.0,0.0,0.0,0.0,0.0,0.0,0.0,0.0,0.0,0.0,0.0,0.0,0.0,0.0,0.0,0.0,0.0,0,8,MD
9718.0,389.1959686,3.0820146,0.0,0.0,0.0,0.0,0.0,0.0,0.0,0.0,0.0,0.0,0.0,0.0,0.0,0.0,0.0,0.0,0.0,0.0,0.0,0.0,0.0,0.0,0.0,0.0,0.0,0.0,0.0,0.0,0.0,4345485.524,0.0,0.0,0.0,0.0,0.0,0.0,0.0,0.0,0.0,0.0,0.0,0.0,0.0,0.0,0.0,0.0,0.0,0.0,0.0,0.0,0.0,0.0,0.0,0.0,0.0,0.0,7,0,D
9719.0,823.5013733,14.011209,0.0,0.0,0.0,0.0,0.0,0.0,0.0,0.0,0.0,0.0,0.0,0.0,0.0,0.0,0.0,0.0,0.0,0.0,0.0,0.0,0.0,0.0,0.0,0.0,0.0,0.0,0.0,0.0,0.0,2931562.731,0.0,0.0,0.0,0.0,0.0,0.0,0.0,0.0,0.0,0.0,0.0,0.0,0.0,0.0,0.0,0.0,0.0,0.0,0.0,0.0,0.0,0.0,0.0,0.0,0.0,0.0,7,0,D
9722.0,389.1956482,6.5759957,0.0,0.0,0.0,0.0,0.0,0.0,0.0,0.0,0.0,0.0,0.0,0.0,0.0,0.0,0.0,0.0,0.0,0.0,0.0,0.0,0.0,0.0,0.0,0.0,0.0,0.0,0.0,0.0,0.0,1667135.27,0.0,0.0,0.0,0.0,0.0,0.0,0.0,0.0,0.0,0.0,0.0,0.0,0.0,0.0,0.0,0.0,0.0,0.0,0.0,0.0,0.0,0.0,0.0,0.0,0.0,0.0,6,0,D
9727.0,603.2794189,4.5643032,0.0,0.0,0.0,0.0,0.0,0.0,0.0,0.0,0.0,0.0,0.0,0.0,0.0,0.0,0.0,0.0,0.0,0.0,0.0,0.0,0.0,0.0,0.0,0.0,0.0,0.0,0.0,0.0,0.0,1090238.474,0.0,0.0,0.0,0.0,0.0,0.0,0.0,0.0,0.0,0.0,0.0,0.0,0.0,0.0,0.0,0.0,0.0,0.0,0.0,0.0,0.0,0.0,0.0,0.0,0.0,0.0,12,0,D
9743.0,603.2800598,5.0576812,0.0,0.0,0.0,0.0,0.0,0.0,0.0,0.0,0.0,0.0,0.0,0.0,0.0,0.0,0.0,0.0,0.0,0.0,0.0,0.0,0.0,0.0,0.0,0.0,0.0,0.0,0.0,0.0,874611.0695,1330478.414,0.0,0.0,0.0,0.0,0.0,0.0,0.0,0.0,0.0,0.0,0.0,0.0,0.0,0.0,0.0,0.0,0.0,0.0,0.0,0.0,0.0,0.0,0.0,0.0,0.0,0.0,12,0,D
9758.0,405.1908722,6.713039,0.0,0.0,0.0,0.0,0.0,0.0,0.0,0.0,0.0,0.0,0.0,0.0,0.0,0.0,0.0,0.0,0.0,0.0,0.0,0.0,0.0,0.0,0.0,0.0,0.0,0.0,0.0,0.0,0.0,1074698.933,0.0,0.0,0.0,0.0,0.0,0.0,0.0,0.0,0.0,0.0,0.0,0.0,0.0,0.0,0.0,0.0,0.0,0.0,0.0,0.0,0.0,0.0,0.0,0.0,0.0,0.0,8,0,D
9759.0,599.2481689,4.1693931,0.0,0.0,0.0,0.0,0.0,0.0,0.0,0.0,0.0,0.0,0.0,0.0,0.0,0.0,0.0,0.0,0.0,0.0,0.0,0.0,0.0,0.0,0.0,0.0,0.0,0.0,0.0,0.0,0.0,864008.4442,0.0,0.0,0.0,0.0,0.0,0.0,0.0,0.0,0.0,0.0,0.0,0.0,0.0,0.0,0.0,0.0,0.0,0.0,0.0,0.0,0.0,0.0,0.0,0.0,0.0,0.0,6,0,D
9778.0,563.2854513,3.0689541,0.0,0.0,0.0,0.0,0.0,0.0,0.0,0.0,0.0,0.0,0.0,0.0,0.0,0.0,174676.8844,0.0,0.0,0.0,0.0,0.0,0.0,0.0,0.0,0.0,249397.6918,0.0,0.0,0.0,0.0,554211.3576,0.0,0.0,0.0,0.0,0.0,0.0,0.0,0.0,0.0,0.0,0.0,0.0,0.0,0.0,0.0,0.0,0.0,0.0,0.0,0.0,0.0,0.0,0.0,0.0,0.0,0.0,7,0,D
9783.0,389.195961,4.4013685,0.0,0.0,0.0,0.0,0.0,0.0,0.0,0.0,0.0,0.0,0.0,0.0,0.0,0.0,0.0,0.0,0.0,0.0,0.0,0.0,0.0,0.0,0.0,0.0,0.0,0.0,0.0,0.0,775398.8724,281652.9942,0.0,0.0,0.0,0.0,0.0,0.0,0.0,0.0,0.0,0.0,0.0,0.0,0.0,0.0,0.0,0.0,0.0,0.0,0.0,0.0,0.0,0.0,0.0,0.0,0.0,0.0,6,0,D
9787.0,601.3371887,4.6909313,0.0,0.0,0.0,0.0,0.0,0.0,0.0,0.0,0.0,0.0,0.0,0.0,0.0,0.0,0.0,0.0,0.0,0.0,0.0,0.0,0.0,0.0,0.0,0.0,0.0,0.0,0.0,0.0,1138606.624,715965.7606,0.0,0.0,0.0,0.0,0.0,0.0,0.0,0.0,0.0,0.0,0.0,0.0,0.0,0.0,0.0,0.0,0.0,0.0,0.0,0.0,0.0,0.0,0.0,0.0,0.0,0.0,6,0,D
9795.0,587.2865906,9.1464723,0.0,0.0,0.0,0.0,0.0,0.0,0.0,0.0,0.0,0.0,0.0,0.0,0.0,0.0,0.0,0.0,0.0,0.0,0.0,0.0,0.0,0.0,0.0,0.0,0.0,0.0,0.0,0.0,0.0,223175.3794,0.0,0.0,0.0,0.0,0.0,0.0,0.0,0.0,0.0,0.0,0.0,0.0,0.0,0.0,0.0,0.0,0.0,0.0,0.0,0.0,0.0,0.0,0.0,0.0,0.0,0.0,13,0,D
9887.0,818.4105377,10.986853,0.0,0.0,0.0,0.0,0.0,0.0,0.0,0.0,0.0,0.0,0.0,0.0,0.0,0.0,0.0,4110179.297,0.0,0.0,0.0,0.0,0.0,0.0,0.0,0.0,0.0,0.0,0.0,0.0,3138236.695,0.0,0.0,0.0,0.0,0.0,0.0,0.0,0.0,0.0,0.0,0.0,0.0,0.0,0.0,0.0,0.0,0.0,0.0,0.0,0.0,0.0,0.0,0.0,0.0,0.0,0.0,0.0,0,6,MD
9896.0,832.4258728,10.977405,0.0,0.0,0.0,0.0,0.0,0.0,0.0,0.0,0.0,0.0,0.0,0.0,0.0,0.0,0.0,2477433.082,0.0,0.0,0.0,0.0,0.0,0.0,0.0,0.0,0.0,0.0,0.0,0.0,0.0,0.0,0.0,0.0,0.0,0.0,0.0,0.0,0.0,0.0,0.0,0.0,0.0,0.0,0.0,0.0,0.0,0.0,0.0,0.0,0.0,0.0,0.0,0.0,0.0,0.0,0.0,0.0,0,16,MD
9898.0,806.4101868,9.4843892,0.0,0.0,0.0,0.0,0.0,0.0,0.0,0.0,0.0,0.0,0.0,0.0,0.0,0.0,0.0,1853700.258,0.0,0.0,0.0,0.0,0.0,0.0,0.0,0.0,0.0,0.0,0.0,0.0,0.0,0.0,0.0,0.0,0.0,0.0,0.0,0.0,0.0,0.0,0.0,0.0,0.0,0.0,0.0,0.0,0.0,0.0,0.0,0.0,0.0,0.0,0.0,0.0,0.0,0.0,0.0,0.0,0,7,MD
9901.0,683.3786316,13.57137,0.0,0.0,0.0,0.0,0.0,0.0,0.0,0.0,0.0,0.0,0.0,0.0,0.0,0.0,0.0,1658956.719,0.0,0.0,0.0,0.0,0.0,0.0,0.0,0.0,0.0,0.0,0.0,0.0,0.0,0.0,0.0,0.0,0.0,0.0,0.0,0.0,0.0,0.0,0.0,0.0,0.0,0.0,0.0,0.0,0.0,0.0,0.0,0.0,0.0,0.0,0.0,0.0,0.0,0.0,0.0,0.0,0,7,MD
9902.0,512.337326,5.9237257,0.0,0.0,0.0,0.0,0.0,0.0,0.0,0.0,0.0,0.0,0.0,0.0,0.0,0.0,0.0,4830174.355,0.0,0.0,0.0,0.0,0.0,0.0,0.0,0.0,0.0,0.0,0.0,0.0,0.0,0.0,0.0,0.0,0.0,0.0,0.0,0.0,0.0,0.0,0.0,0.0,0.0,0.0,0.0,0.0,1382416.909,0.0,0.0,0.0,0.0,0.0,0.0,0.0,0.0,0.0,0.0,0.0,0,8,MD
9910.0,819.3951416,9.5161723,0.0,0.0,0.0,0.0,0.0,0.0,0.0,0.0,0.0,0.0,0.0,0.0,0.0,0.0,0.0,1313532.73,0.0,0.0,0.0,0.0,0.0,0.0,0.0,0.0,0.0,0.0,0.0,0.0,0.0,0.0,0.0,0.0,0.0,0.0,0.0,0.0,0.0,0.0,0.0,0.0,0.0,0.0,0.0,0.0,0.0,0.0,0.0,0.0,0.0,0.0,0.0,0.0,0.0,0.0,0.0,0.0,0,10,MD
9922.0,544.3266602,5.0735983,0.0,0.0,0.0,0.0,0.0,0.0,0.0,0.0,0.0,0.0,0.0,0.0,0.0,0.0,0.0,4578669.525,0.0,0.0,0.0,0.0,0.0,0.0,0.0,0.0,0.0,0.0,0.0,0.0,0.0,0.0,0.0,0.0,0.0,0.0,0.0,0.0,0.0,0.0,0.0,0.0,0.0,0.0,0.0,0.0,0.0,0.0,0.0,0.0,0.0,0.0,0.0,0.0,0.0,0.0,0.0,0.0,0,6,MD
9929.0,535.3259277,9.3441936,0.0,0.0,0.0,0.0,0.0,0.0,0.0,0.0,0.0,0.0,0.0,0.0,0.0,0.0,0.0,613670.8391,0.0,0.0,0.0,0.0,0.0,0.0,0.0,0.0,0.0,0.0,0.0,0.0,0.0,0.0,0.0,0.0,0.0,0.0,0.0,0.0,0.0,0.0,0.0,0.0,0.0,0.0,0.0,0.0,0.0,0.0,0.0,0.0,0.0,0.0,0.0,0.0,0.0,0.0,0.0,0.0,9,0,D
9957.0,609.2687531,3.427524925,0.0,0.0,0.0,0.0,0.0,0.0,0.0,0.0,0.0,0.0,0.0,0.0,0.0,0.0,0.0,182632.1403,0.0,0.0,0.0,0.0,0.0,0.0,0.0,0.0,68000000.0,0.0,0.0,0.0,0.0,0.0,0.0,0.0,0.0,0.0,0.0,0.0,0.0,0.0,0.0,0.0,0.0,0.0,0.0,0.0,189723.4145,0.0,36600000.0,0.0,0.0,0.0,0.0,0.0,0.0,0.0,0.0,0.0,11,0,D
10020.0,984.4370728,8.8999135,0.0,0.0,0.0,0.0,0.0,0.0,0.0,0.0,0.0,0.0,0.0,0.0,0.0,0.0,0.0,0.0,0.0,0.0,0.0,0.0,0.0,0.0,0.0,0.0,0.0,0.0,0.0,0.0,0.0,0.0,0.0,0.0,0.0,0.0,0.0,0.0,0.0,0.0,0.0,0.0,0.0,0.0,0.0,0.0,0.0,0.0,0.0,4224811.355,0.0,0.0,0.0,0.0,0.0,0.0,0.0,0.0,0,6,MD
10090.0,984.4366455,8.4831342,0.0,0.0,0.0,0.0,0.0,0.0,0.0,0.0,0.0,0.0,0.0,0.0,0.0,0.0,0.0,0.0,0.0,0.0,0.0,0.0,0.0,0.0,0.0,0.0,0.0,0.0,0.0,0.0,0.0,0.0,0.0,0.0,0.0,0.0,0.0,0.0,0.0,0.0,0.0,0.0,0.0,0.0,0.0,0.0,0.0,0.0,0.0,1172432.166,0.0,0.0,0.0,0.0,0.0,0.0,0.0,0.0,0,6,MD
10227.0,373.252594,6.4188745,0.0,0.0,0.0,0.0,0.0,0.0,0.0,0.0,0.0,0.0,0.0,0.0,0.0,0.0,0.0,0.0,0.0,0.0,0.0,0.0,0.0,0.0,0.0,0.0,0.0,0.0,0.0,0.0,1766031.297,0.0,0.0,0.0,0.0,0.0,0.0,0.0,0.0,0.0,0.0,0.0,0.0,0.0,0.0,0.0,0.0,0.0,0.0,0.0,0.0,0.0,0.0,0.0,0.0,0.0,0.0,0.0,6,0,D
10257.0,317.211113,3.18021435,0.0,0.0,0.0,0.0,0.0,0.0,0.0,0.0,0.0,0.0,0.0,0.0,0.0,0.0,0.0,0.0,0.0,0.0,0.0,0.0,0.0,0.0,0.0,0.0,0.0,0.0,0.0,0.0,257920.3901,0.0,0.0,0.0,0.0,0.0,0.0,0.0,0.0,0.0,0.0,0.0,0.0,0.0,0.0,0.0,0.0,0.0,0.0,0.0,0.0,0.0,0.0,0.0,0.0,0.0,3868979.379,0.0,8,0,D
10281.0,691.349411,14.230141,0.0,0.0,0.0,0.0,0.0,0.0,0.0,0.0,0.0,0.0,0.0,0.0,0.0,0.0,0.0,0.0,0.0,0.0,0.0,0.0,0.0,0.0,0.0,0.0,3067524.014,0.0,0.0,0.0,256444.0327,0.0,0.0,0.0,0.0,0.0,0.0,0.0,0.0,0.0,0.0,0.0,0.0,0.0,0.0,0.0,0.0,0.0,0.0,0.0,0.0,0.0,0.0,0.0,0.0,0.0,0.0,0.0,13,0,D
10324.0,693.3265991,11.936822,0.0,0.0,0.0,0.0,0.0,0.0,0.0,0.0,0.0,0.0,0.0,0.0,0.0,0.0,0.0,0.0,0.0,5149428.656,0.0,0.0,0.0,0.0,0.0,0.0,0.0,0.0,0.0,0.0,0.0,0.0,0.0,0.0,0.0,0.0,0.0,0.0,0.0,0.0,0.0,0.0,0.0,0.0,0.0,0.0,0.0,0.0,0.0,0.0,0.0,0.0,0.0,0.0,0.0,0.0,0.0,0.0,15,0,D
10335.0,739.3312378,9.356662,0.0,0.0,0.0,0.0,0.0,0.0,0.0,0.0,0.0,0.0,0.0,0.0,0.0,0.0,0.0,0.0,0.0,3462673.082,0.0,0.0,0.0,0.0,0.0,0.0,0.0,0.0,0.0,0.0,0.0,0.0,0.0,0.0,0.0,0.0,0.0,0.0,0.0,0.0,0.0,0.0,0.0,0.0,0.0,0.0,0.0,0.0,0.0,0.0,0.0,0.0,0.0,0.0,0.0,0.0,0.0,0.0,15,0,D
10344.0,709.3208618,9.0902522,0.0,0.0,0.0,0.0,0.0,0.0,0.0,0.0,0.0,0.0,0.0,0.0,0.0,0.0,0.0,0.0,0.0,2540829.043,0.0,0.0,0.0,0.0,0.0,0.0,0.0,0.0,0.0,0.0,0.0,0.0,0.0,0.0,0.0,0.0,0.0,0.0,0.0,0.0,0.0,0.0,0.0,0.0,0.0,0.0,0.0,0.0,0.0,0.0,0.0,0.0,0.0,0.0,0.0,0.0,0.0,0.0,14,0,D
10358.0,845.4673462,12.580466,0.0,0.0,0.0,0.0,0.0,0.0,0.0,0.0,0.0,0.0,0.0,0.0,0.0,0.0,0.0,0.0,0.0,2024272.116,0.0,0.0,0.0,0.0,0.0,0.0,0.0,0.0,0.0,0.0,0.0,0.0,0.0,0.0,0.0,0.0,0.0,0.0,0.0,0.0,0.0,0.0,0.0,0.0,0.0,0.0,0.0,0.0,0.0,0.0,0.0,0.0,0.0,0.0,0.0,0.0,0.0,0.0,7,0,D
10531.0,406.2433472,1.7976086,0.0,0.0,0.0,0.0,0.0,0.0,0.0,0.0,0.0,0.0,0.0,0.0,0.0,0.0,0.0,0.0,0.0,617190.7425,0.0,0.0,0.0,0.0,0.0,0.0,0.0,0.0,0.0,0.0,0.0,0.0,0.0,0.0,0.0,0.0,0.0,0.0,0.0,0.0,0.0,0.0,0.0,0.0,0.0,0.0,390597.6105,182125.464,0.0,0.0,0.0,0.0,0.0,0.0,19900000.0,0.0,0.0,0.0,7,0,D
10541.0,404.263621,1.575461767,0.0,0.0,0.0,0.0,0.0,0.0,0.0,0.0,0.0,0.0,0.0,0.0,0.0,0.0,0.0,0.0,0.0,1226759.038,0.0,0.0,0.0,0.0,0.0,0.0,1274699.564,0.0,0.0,0.0,0.0,0.0,0.0,0.0,0.0,0.0,0.0,0.0,0.0,0.0,0.0,0.0,0.0,0.0,0.0,0.0,0.0,0.0,0.0,0.0,0.0,0.0,0.0,0.0,7962536.788,0.0,0.0,0.0,6,0,D
10565.0,682.4150391,2.0854852,0.0,0.0,0.0,0.0,0.0,0.0,0.0,0.0,0.0,0.0,0.0,0.0,0.0,0.0,9446755.674,0.0,0.0,0.0,0.0,0.0,0.0,0.0,0.0,0.0,0.0,0.0,0.0,0.0,0.0,0.0,0.0,0.0,0.0,0.0,0.0,0.0,0.0,0.0,0.0,0.0,0.0,0.0,0.0,0.0,0.0,0.0,0.0,0.0,0.0,0.0,0.0,0.0,0.0,0.0,0.0,0.0,0,6,MD
10611.0,992.4276123,6.0117366,0.0,0.0,0.0,0.0,0.0,0.0,0.0,0.0,0.0,0.0,0.0,0.0,0.0,0.0,2258646.428,0.0,0.0,0.0,0.0,0.0,0.0,0.0,0.0,0.0,0.0,0.0,0.0,0.0,0.0,0.0,0.0,0.0,0.0,0.0,0.0,0.0,0.0,0.0,0.0,0.0,0.0,0.0,0.0,0.0,0.0,0.0,0.0,0.0,0.0,0.0,0.0,0.0,0.0,0.0,0.0,0.0,0,6,MD
10631.0,605.367218,13.45906867,0.0,0.0,0.0,0.0,0.0,0.0,0.0,0.0,0.0,0.0,0.0,0.0,0.0,0.0,1855550.542,0.0,0.0,0.0,0.0,0.0,0.0,0.0,0.0,0.0,0.0,0.0,0.0,0.0,0.0,0.0,0.0,0.0,0.0,0.0,0.0,0.0,0.0,0.0,0.0,0.0,0.0,0.0,0.0,0.0,0.0,0.0,0.0,0.0,0.0,465883.4427,0.0,0.0,0.0,0.0,975493.995,0.0,10,0,D
10774.0,914.5968018,14.849514,0.0,0.0,0.0,0.0,0.0,0.0,0.0,0.0,0.0,0.0,0.0,0.0,0.0,0.0,0.0,0.0,0.0,0.0,0.0,0.0,0.0,0.0,0.0,0.0,0.0,0.0,0.0,0.0,0.0,0.0,0.0,0.0,0.0,0.0,0.0,0.0,0.0,0.0,0.0,0.0,0.0,0.0,0.0,0.0,0.0,0.0,0.0,0.0,0.0,0.0,25300000.0,0.0,0.0,0.0,0.0,0.0,0,7,MD
10775.0,778.4355164,8.1928863,0.0,0.0,0.0,0.0,0.0,0.0,0.0,0.0,0.0,0.0,0.0,0.0,0.0,0.0,0.0,0.0,0.0,0.0,0.0,0.0,0.0,0.0,0.0,0.0,0.0,0.0,0.0,0.0,0.0,0.0,0.0,0.0,0.0,0.0,0.0,0.0,0.0,0.0,0.0,0.0,0.0,0.0,0.0,0.0,0.0,0.0,0.0,0.0,0.0,0.0,13800000.0,0.0,0.0,0.0,0.0,0.0,0,13,MD
10776.0,747.3938293,8.1906987,0.0,0.0,0.0,0.0,0.0,0.0,0.0,0.0,0.0,0.0,0.0,0.0,0.0,0.0,0.0,0.0,0.0,0.0,0.0,0.0,0.0,0.0,0.0,0.0,0.0,0.0,0.0,0.0,0.0,0.0,0.0,0.0,0.0,0.0,0.0,0.0,0.0,0.0,0.0,0.0,0.0,0.0,0.0,0.0,0.0,0.0,0.0,0.0,0.0,0.0,12300000.0,0.0,0.0,1203465.639,0.0,0.0,0,13,MD
10778.0,585.3407593,8.1633111,0.0,0.0,0.0,0.0,0.0,0.0,0.0,0.0,0.0,0.0,0.0,0.0,0.0,0.0,0.0,0.0,0.0,0.0,0.0,0.0,0.0,0.0,0.0,0.0,0.0,0.0,0.0,0.0,0.0,0.0,0.0,0.0,0.0,0.0,0.0,0.0,0.0,0.0,0.0,0.0,0.0,0.0,0.0,0.0,0.0,0.0,0.0,0.0,0.0,0.0,11300000.0,0.0,0.0,0.0,0.0,0.0,11,13,MD
10787.0,619.3467916,9.341885467,0.0,0.0,0.0,0.0,0.0,0.0,0.0,0.0,0.0,0.0,0.0,0.0,0.0,0.0,0.0,0.0,0.0,0.0,0.0,0.0,0.0,0.0,0.0,0.0,0.0,0.0,0.0,0.0,0.0,0.0,0.0,0.0,0.0,0.0,0.0,0.0,0.0,0.0,0.0,0.0,0.0,0.0,0.0,0.0,0.0,0.0,0.0,0.0,0.0,195000000.0,7770041.832,0.0,0.0,0.0,978570.4044,0.0,6,0,D
10793.0,692.4011841,7.8496543,0.0,0.0,0.0,0.0,0.0,0.0,0.0,0.0,0.0,0.0,0.0,0.0,0.0,0.0,0.0,0.0,0.0,0.0,0.0,0.0,0.0,0.0,0.0,0.0,0.0,0.0,0.0,0.0,0.0,0.0,0.0,0.0,0.0,0.0,0.0,0.0,0.0,0.0,0.0,0.0,0.0,0.0,0.0,0.0,0.0,0.0,0.0,0.0,0.0,0.0,3734734.424,0.0,0.0,0.0,0.0,0.0,0,11,MD
10794.0,748.4258423,10.9922755,0.0,0.0,0.0,0.0,0.0,0.0,0.0,0.0,0.0,0.0,0.0,0.0,0.0,0.0,0.0,0.0,0.0,0.0,0.0,0.0,0.0,0.0,0.0,0.0,0.0,0.0,0.0,0.0,0.0,0.0,0.0,0.0,0.0,0.0,0.0,0.0,0.0,0.0,0.0,0.0,0.0,0.0,0.0,0.0,0.0,0.0,0.0,0.0,0.0,862827.834,4462870.222,0.0,0.0,0.0,0.0,0.0,0,14,MD
10795.0,778.4356384,8.985203,0.0,0.0,0.0,0.0,0.0,0.0,0.0,0.0,0.0,0.0,0.0,0.0,0.0,0.0,0.0,0.0,0.0,0.0,0.0,0.0,0.0,0.0,0.0,0.0,0.0,0.0,0.0,0.0,0.0,0.0,0.0,0.0,0.0,0.0,0.0,0.0,0.0,0.0,0.0,0.0,0.0,0.0,0.0,0.0,0.0,0.0,0.0,0.0,0.0,0.0,5037624.247,0.0,0.0,0.0,0.0,0.0,0,8,MD
10800.0,645.3621216,12.13144,0.0,0.0,0.0,0.0,0.0,0.0,0.0,0.0,0.0,0.0,0.0,0.0,0.0,0.0,0.0,0.0,0.0,0.0,0.0,0.0,0.0,0.0,0.0,0.0,0.0,0.0,0.0,0.0,0.0,0.0,0.0,0.0,0.0,0.0,0.0,0.0,0.0,0.0,0.0,0.0,0.0,0.0,0.0,0.0,0.0,0.0,0.0,0.0,0.0,0.0,3760513.247,0.0,0.0,0.0,0.0,0.0,0,8,MD
10801.0,643.3468018,7.8496543,0.0,0.0,0.0,0.0,0.0,0.0,0.0,0.0,0.0,0.0,0.0,0.0,0.0,0.0,0.0,0.0,0.0,0.0,0.0,0.0,0.0,0.0,0.0,0.0,0.0,0.0,0.0,0.0,0.0,0.0,0.0,0.0,0.0,0.0,0.0,0.0,0.0,0.0,0.0,0.0,0.0,0.0,0.0,0.0,0.0,0.0,0.0,0.0,0.0,0.0,3806770.883,0.0,0.0,0.0,0.0,0.0,6,11,MD
10805.0,761.4092102,8.985203,0.0,0.0,0.0,0.0,0.0,0.0,0.0,0.0,0.0,0.0,0.0,0.0,0.0,0.0,0.0,0.0,0.0,0.0,0.0,0.0,0.0,0.0,0.0,0.0,0.0,0.0,0.0,0.0,0.0,0.0,0.0,0.0,0.0,0.0,0.0,0.0,0.0,0.0,0.0,0.0,0.0,0.0,0.0,0.0,0.0,0.0,0.0,0.0,0.0,0.0,2826624.656,0.0,0.0,0.0,0.0,0.0,0,6,MD
10809.0,605.3673503,8.8581962,0.0,0.0,0.0,0.0,0.0,0.0,0.0,0.0,0.0,0.0,0.0,0.0,0.0,0.0,0.0,0.0,0.0,0.0,0.0,0.0,0.0,0.0,0.0,0.0,0.0,0.0,0.0,0.0,0.0,0.0,0.0,0.0,0.0,0.0,0.0,0.0,0.0,0.0,0.0,0.0,0.0,0.0,0.0,0.0,0.0,0.0,0.0,0.0,0.0,8837992.981,1046171.587,0.0,0.0,0.0,3855241.301,0.0,7,12,MD
10816.0,731.401886,11.110728,0.0,0.0,0.0,0.0,0.0,0.0,0.0,0.0,0.0,0.0,0.0,0.0,0.0,0.0,0.0,0.0,0.0,0.0,0.0,0.0,0.0,0.0,0.0,0.0,0.0,0.0,0.0,0.0,0.0,0.0,0.0,0.0,0.0,0.0,0.0,0.0,0.0,0.0,0.0,0.0,0.0,0.0,0.0,0.0,0.0,0.0,0.0,0.0,0.0,0.0,1446856.227,0.0,0.0,2392848.78,0.0,0.0,0,10,MD
10817.0,677.3525238,8.8260007,0.0,0.0,0.0,0.0,0.0,0.0,0.0,0.0,0.0,0.0,0.0,0.0,0.0,0.0,0.0,0.0,0.0,0.0,0.0,0.0,0.0,0.0,0.0,0.0,0.0,0.0,0.0,0.0,0.0,0.0,0.0,0.0,0.0,0.0,0.0,0.0,0.0,0.0,0.0,0.0,0.0,0.0,0.0,0.0,0.0,0.0,0.0,0.0,0.0,0.0,2612023.528,0.0,0.0,1430909.325,0.0,0.0,7,0,D
10819.0,689.3876343,9.6678212,0.0,0.0,0.0,0.0,0.0,0.0,0.0,0.0,0.0,0.0,0.0,0.0,0.0,0.0,0.0,0.0,0.0,0.0,0.0,0.0,0.0,0.0,0.0,0.0,0.0,0.0,0.0,0.0,0.0,0.0,0.0,0.0,0.0,0.0,0.0,0.0,0.0,0.0,0.0,0.0,0.0,0.0,0.0,0.0,0.0,0.0,0.0,0.0,0.0,0.0,2057426.017,0.0,0.0,0.0,0.0,0.0,0,9,MD
10826.0,619.3466187,10.22619933,0.0,0.0,0.0,0.0,0.0,0.0,0.0,0.0,0.0,0.0,0.0,0.0,0.0,0.0,0.0,0.0,0.0,0.0,0.0,0.0,0.0,0.0,0.0,0.0,0.0,0.0,0.0,0.0,0.0,0.0,0.0,0.0,0.0,0.0,0.0,0.0,0.0,0.0,0.0,0.0,0.0,0.0,0.0,0.0,0.0,0.0,0.0,0.0,0.0,1301615.737,3590179.041,0.0,0.0,0.0,906378.9469,0.0,9,0,D
10878.0,720.3948517,10.157943,0.0,0.0,0.0,0.0,0.0,0.0,0.0,0.0,0.0,0.0,0.0,0.0,0.0,0.0,0.0,0.0,0.0,0.0,0.0,0.0,0.0,0.0,0.0,0.0,0.0,0.0,0.0,0.0,0.0,0.0,0.0,0.0,0.0,0.0,0.0,0.0,0.0,0.0,0.0,0.0,0.0,0.0,0.0,0.0,0.0,0.0,0.0,0.0,0.0,0.0,675860.9892,0.0,0.0,1931504.974,0.0,0.0,0,7,MD
10899.0,703.4047241,9.235051,0.0,0.0,0.0,0.0,0.0,0.0,0.0,0.0,0.0,0.0,0.0,0.0,0.0,0.0,0.0,0.0,0.0,0.0,0.0,0.0,0.0,0.0,0.0,0.0,0.0,0.0,0.0,0.0,0.0,0.0,0.0,0.0,0.0,0.0,0.0,0.0,0.0,0.0,0.0,0.0,0.0,0.0,0.0,0.0,0.0,0.0,0.0,0.0,0.0,3295665.165,655505.1514,0.0,0.0,0.0,0.0,0.0,9,11,MD
10914.0,603.3530579,11.107695,0.0,0.0,0.0,0.0,0.0,0.0,0.0,0.0,0.0,0.0,0.0,0.0,0.0,0.0,0.0,0.0,0.0,0.0,0.0,0.0,0.0,0.0,0.0,0.0,0.0,0.0,0.0,0.0,0.0,0.0,0.0,0.0,0.0,0.0,0.0,0.0,0.0,0.0,0.0,0.0,0.0,0.0,0.0,0.0,0.0,0.0,0.0,0.0,0.0,1963281.454,380728.8851,0.0,0.0,0.0,0.0,0.0,11,0,D
10919.0,650.3879395,9.3224792,0.0,0.0,0.0,0.0,0.0,0.0,0.0,0.0,0.0,0.0,0.0,0.0,0.0,0.0,0.0,0.0,0.0,0.0,0.0,0.0,0.0,0.0,0.0,0.0,0.0,0.0,0.0,0.0,0.0,0.0,0.0,0.0,0.0,0.0,0.0,0.0,0.0,0.0,0.0,0.0,0.0,0.0,0.0,0.0,0.0,0.0,0.0,0.0,0.0,23200000.0,0.0,0.0,0.0,0.0,0.0,0.0,13,0,D
10920.0,721.3569336,12.379766,0.0,0.0,0.0,0.0,0.0,0.0,0.0,0.0,0.0,0.0,0.0,0.0,0.0,0.0,0.0,0.0,0.0,0.0,0.0,0.0,0.0,0.0,0.0,0.0,0.0,0.0,0.0,0.0,0.0,0.0,0.0,0.0,0.0,0.0,0.0,0.0,0.0,0.0,0.0,0.0,0.0,0.0,0.0,0.0,0.0,0.0,0.0,0.0,0.0,25700000.0,0.0,0.0,0.0,0.0,0.0,0.0,7,0,D
10922.0,752.3989563,12.379766,0.0,0.0,0.0,0.0,0.0,0.0,0.0,0.0,0.0,0.0,0.0,0.0,0.0,0.0,0.0,0.0,0.0,0.0,0.0,0.0,0.0,0.0,0.0,0.0,0.0,0.0,0.0,0.0,0.0,0.0,0.0,0.0,0.0,0.0,0.0,0.0,0.0,0.0,0.0,0.0,0.0,0.0,0.0,0.0,0.0,0.0,0.0,0.0,0.0,15500000.0,0.0,0.0,0.0,0.0,0.0,0.0,0,11,MD
10928.0,636.3730469,9.9927534,0.0,0.0,0.0,0.0,0.0,0.0,0.0,0.0,0.0,0.0,0.0,0.0,0.0,0.0,0.0,0.0,0.0,0.0,0.0,0.0,0.0,0.0,0.0,0.0,0.0,0.0,0.0,0.0,0.0,0.0,0.0,0.0,0.0,0.0,0.0,0.0,0.0,0.0,0.0,0.0,0.0,0.0,0.0,0.0,0.0,0.0,0.0,0.0,0.0,12600000.0,0.0,0.0,0.0,0.0,0.0,0.0,12,0,D
10930.0,601.3361816,10.056834,0.0,0.0,0.0,0.0,0.0,0.0,0.0,0.0,0.0,0.0,0.0,0.0,0.0,0.0,0.0,0.0,0.0,0.0,0.0,0.0,0.0,0.0,0.0,0.0,0.0,0.0,0.0,0.0,0.0,0.0,0.0,0.0,0.0,0.0,0.0,0.0,0.0,0.0,0.0,0.0,0.0,0.0,0.0,0.0,0.0,0.0,0.0,0.0,0.0,20700000.0,0.0,0.0,0.0,0.0,0.0,0.0,13,0,D
10932.0,719.3988647,9.3224792,0.0,0.0,0.0,0.0,0.0,0.0,0.0,0.0,0.0,0.0,0.0,0.0,0.0,0.0,0.0,0.0,0.0,0.0,0.0,0.0,0.0,0.0,0.0,0.0,0.0,0.0,0.0,0.0,0.0,0.0,0.0,0.0,0.0,0.0,0.0,0.0,0.0,0.0,0.0,0.0,0.0,0.0,0.0,0.0,0.0,0.0,0.0,0.0,0.0,9709664.332,0.0,0.0,0.0,0.0,0.0,0.0,11,19,MD
10934.0,634.3943176,9.0530369,0.0,0.0,0.0,0.0,0.0,0.0,0.0,0.0,0.0,0.0,0.0,0.0,0.0,0.0,0.0,0.0,0.0,0.0,0.0,0.0,0.0,0.0,0.0,0.0,0.0,0.0,0.0,0.0,0.0,0.0,0.0,0.0,0.0,0.0,0.0,0.0,0.0,0.0,0.0,0.0,0.0,0.0,0.0,0.0,0.0,0.0,0.0,0.0,0.0,8116913.826,0.0,0.0,0.0,0.0,0.0,0.0,10,0,D
10941.0,737.3522339,12.712867,0.0,0.0,0.0,0.0,0.0,0.0,0.0,0.0,0.0,0.0,0.0,0.0,0.0,0.0,0.0,0.0,0.0,0.0,0.0,0.0,0.0,0.0,0.0,0.0,0.0,0.0,0.0,0.0,0.0,0.0,0.0,0.0,0.0,0.0,0.0,0.0,0.0,0.0,0.0,0.0,0.0,0.0,0.0,0.0,0.0,0.0,0.0,0.0,0.0,5472850.553,0.0,0.0,0.0,0.0,0.0,0.0,0,9,MD
10942.0,632.3781738,10.056834,0.0,0.0,0.0,0.0,0.0,0.0,0.0,0.0,0.0,0.0,0.0,0.0,0.0,0.0,0.0,0.0,0.0,0.0,0.0,0.0,0.0,0.0,0.0,0.0,0.0,0.0,0.0,0.0,0.0,0.0,0.0,0.0,0.0,0.0,0.0,0.0,0.0,0.0,0.0,0.0,0.0,0.0,0.0,0.0,0.0,0.0,0.0,0.0,0.0,10600000.0,0.0,0.0,0.0,0.0,0.0,0.0,9,0,D
10945.0,621.3609314,9.3914016,0.0,0.0,0.0,0.0,0.0,0.0,0.0,0.0,0.0,0.0,0.0,0.0,0.0,0.0,0.0,0.0,0.0,0.0,0.0,0.0,0.0,0.0,0.0,0.0,0.0,0.0,0.0,0.0,0.0,0.0,0.0,0.0,0.0,0.0,0.0,0.0,0.0,0.0,0.0,0.0,0.0,0.0,0.0,0.0,0.0,0.0,0.0,0.0,0.0,1883015.262,0.0,0.0,0.0,0.0,0.0,0.0,12,0,D
10966.0,637.3571167,7.940685,0.0,0.0,0.0,0.0,0.0,0.0,0.0,0.0,0.0,0.0,0.0,0.0,0.0,0.0,0.0,0.0,0.0,0.0,0.0,0.0,0.0,0.0,0.0,0.0,0.0,0.0,0.0,0.0,0.0,0.0,0.0,0.0,0.0,0.0,0.0,0.0,0.0,0.0,0.0,0.0,0.0,0.0,0.0,0.0,0.0,0.0,0.0,0.0,0.0,3781767.384,0.0,0.0,0.0,0.0,0.0,0.0,0,11,MD
10976.0,705.3834839,8.5471629,0.0,0.0,0.0,0.0,0.0,0.0,0.0,0.0,0.0,0.0,0.0,0.0,0.0,0.0,0.0,0.0,0.0,0.0,0.0,0.0,0.0,0.0,0.0,0.0,0.0,0.0,0.0,0.0,0.0,0.0,0.0,0.0,0.0,0.0,0.0,0.0,0.0,0.0,0.0,0.0,0.0,0.0,0.0,0.0,0.0,0.0,0.0,0.0,0.0,3958136.87,0.0,0.0,0.0,0.0,0.0,0.0,6,9,MD
10977.0,701.3881226,9.3224792,0.0,0.0,0.0,0.0,0.0,0.0,0.0,0.0,0.0,0.0,0.0,0.0,0.0,0.0,0.0,0.0,0.0,0.0,0.0,0.0,0.0,0.0,0.0,0.0,0.0,0.0,0.0,0.0,0.0,0.0,0.0,0.0,0.0,0.0,0.0,0.0,0.0,0.0,0.0,0.0,0.0,0.0,0.0,0.0,0.0,0.0,0.0,0.0,0.0,3483325.593,0.0,0.0,0.0,0.0,0.0,0.0,10,9,D
10980.0,633.3630981,10.392046,0.0,0.0,0.0,0.0,0.0,0.0,0.0,0.0,0.0,0.0,0.0,0.0,0.0,0.0,0.0,0.0,0.0,0.0,0.0,0.0,0.0,0.0,0.0,0.0,0.0,0.0,0.0,0.0,0.0,0.0,0.0,0.0,0.0,0.0,0.0,0.0,0.0,0.0,0.0,0.0,0.0,0.0,0.0,0.0,0.0,0.0,0.0,0.0,0.0,3126859.141,0.0,0.0,0.0,0.0,0.0,0.0,8,0,D
10988.0,617.3308411,6.9436954,0.0,0.0,0.0,0.0,0.0,0.0,0.0,0.0,0.0,0.0,0.0,0.0,0.0,0.0,0.0,0.0,0.0,0.0,0.0,0.0,0.0,0.0,0.0,0.0,0.0,0.0,0.0,0.0,0.0,0.0,0.0,0.0,0.0,0.0,0.0,0.0,0.0,0.0,0.0,0.0,0.0,0.0,0.0,0.0,0.0,0.0,0.0,0.0,0.0,3859305.535,0.0,0.0,0.0,0.0,0.0,0.0,0,7,MD
10999.0,498.24823,4.325265,0.0,0.0,0.0,0.0,0.0,0.0,0.0,0.0,0.0,0.0,0.0,0.0,0.0,0.0,0.0,0.0,0.0,0.0,0.0,0.0,0.0,0.0,0.0,0.0,0.0,0.0,0.0,0.0,0.0,0.0,0.0,0.0,0.0,0.0,0.0,0.0,0.0,0.0,0.0,0.0,0.0,0.0,0.0,0.0,0.0,0.0,0.0,0.0,0.0,2184848.847,0.0,0.0,0.0,0.0,0.0,0.0,6,0,D
11003.0,617.3314819,2.8867478,0.0,0.0,0.0,0.0,0.0,0.0,0.0,0.0,0.0,0.0,0.0,0.0,0.0,0.0,0.0,0.0,0.0,0.0,0.0,0.0,0.0,0.0,0.0,0.0,0.0,0.0,0.0,0.0,0.0,0.0,0.0,0.0,0.0,0.0,0.0,0.0,0.0,0.0,0.0,0.0,0.0,0.0,0.0,0.0,0.0,0.0,0.0,0.0,0.0,3040777.61,0.0,0.0,0.0,0.0,0.0,0.0,0,9,MD
11015.0,633.3627319,11.064066,0.0,0.0,0.0,0.0,0.0,0.0,0.0,0.0,0.0,0.0,0.0,0.0,0.0,0.0,0.0,0.0,0.0,0.0,0.0,0.0,0.0,0.0,0.0,0.0,0.0,0.0,0.0,0.0,0.0,0.0,0.0,0.0,0.0,0.0,0.0,0.0,0.0,0.0,0.0,0.0,0.0,0.0,0.0,0.0,0.0,0.0,0.0,0.0,0.0,1601053.628,0.0,0.0,0.0,0.0,0.0,0.0,10,0,D
11034.0,637.3578186,9.6933849,0.0,0.0,0.0,0.0,0.0,0.0,0.0,0.0,0.0,0.0,0.0,0.0,0.0,0.0,0.0,0.0,0.0,0.0,0.0,0.0,0.0,0.0,0.0,0.0,0.0,0.0,0.0,0.0,0.0,0.0,0.0,0.0,0.0,0.0,0.0,0.0,0.0,0.0,0.0,0.0,0.0,0.0,0.0,0.0,0.0,0.0,0.0,0.0,0.0,1381843.709,0.0,0.0,0.0,0.0,0.0,0.0,12,0,D
11064.0,477.2120056,2.3051169,0.0,0.0,0.0,0.0,0.0,0.0,0.0,0.0,0.0,0.0,0.0,0.0,0.0,0.0,0.0,0.0,0.0,0.0,0.0,0.0,0.0,0.0,0.0,0.0,0.0,0.0,0.0,0.0,0.0,0.0,0.0,0.0,0.0,0.0,0.0,0.0,0.0,0.0,0.0,0.0,0.0,0.0,0.0,0.0,0.0,0.0,0.0,0.0,0.0,1881535.452,0.0,0.0,0.0,0.0,0.0,0.0,8,0,D
11065.0,508.2541809,2.3051169,0.0,0.0,0.0,0.0,0.0,0.0,0.0,0.0,0.0,0.0,0.0,0.0,0.0,0.0,0.0,0.0,0.0,0.0,0.0,0.0,0.0,0.0,0.0,0.0,0.0,0.0,0.0,0.0,0.0,0.0,0.0,0.0,0.0,0.0,0.0,0.0,0.0,0.0,0.0,0.0,0.0,0.0,0.0,0.0,0.0,0.0,0.0,0.0,0.0,942946.3661,0.0,0.0,0.0,0.0,0.0,0.0,7,0,D
11125.0,641.3309937,7.68380745,0.0,0.0,0.0,0.0,0.0,0.0,0.0,0.0,0.0,0.0,0.0,0.0,0.0,0.0,0.0,0.0,0.0,0.0,0.0,0.0,0.0,0.0,0.0,0.0,3685944.719,0.0,0.0,0.0,0.0,0.0,0.0,0.0,0.0,0.0,0.0,0.0,0.0,0.0,0.0,0.0,0.0,0.0,0.0,0.0,0.0,0.0,0.0,0.0,0.0,170534.8141,0.0,0.0,0.0,0.0,0.0,0.0,14,0,D
11196.0,334.2372437,2.4222568,0.0,0.0,0.0,0.0,0.0,0.0,0.0,0.0,0.0,0.0,0.0,0.0,0.0,0.0,0.0,0.0,0.0,0.0,0.0,0.0,0.0,0.0,0.0,0.0,0.0,0.0,0.0,0.0,0.0,0.0,0.0,0.0,0.0,0.0,0.0,0.0,0.0,0.0,0.0,0.0,0.0,0.0,0.0,0.0,0.0,0.0,0.0,0.0,0.0,0.0,0.0,0.0,0.0,0.0,1572899.352,0.0,9,0,D
11467.0,305.2110367,2.86036575,0.0,0.0,0.0,0.0,0.0,0.0,0.0,0.0,0.0,0.0,0.0,0.0,0.0,0.0,0.0,0.0,0.0,0.0,0.0,0.0,0.0,0.0,1198557.67,0.0,852015.7198,1174001.738,0.0,0.0,0.0,0.0,0.0,0.0,0.0,0.0,0.0,0.0,0.0,0.0,0.0,0.0,0.0,0.0,0.0,0.0,0.0,0.0,0.0,0.0,0.0,0.0,0.0,0.0,0.0,521560.2747,0.0,0.0,6,0,D
11566.0,591.258016,3.590174667,0.0,0.0,0.0,0.0,0.0,0.0,0.0,0.0,0.0,0.0,0.0,0.0,0.0,0.0,0.0,0.0,0.0,0.0,0.0,0.0,0.0,0.0,0.0,0.0,40300000.0,0.0,0.0,0.0,0.0,0.0,0.0,0.0,0.0,0.0,0.0,0.0,0.0,0.0,0.0,0.0,0.0,0.0,0.0,0.0,3087946.817,0.0,20500000.0,0.0,0.0,0.0,0.0,0.0,0.0,0.0,0.0,0.0,10,0,D
11568.0,658.3212484,4.174895533,0.0,0.0,0.0,0.0,0.0,0.0,0.0,0.0,0.0,0.0,0.0,0.0,0.0,0.0,0.0,0.0,0.0,0.0,0.0,0.0,0.0,0.0,0.0,0.0,642268.1106,0.0,0.0,0.0,0.0,0.0,0.0,0.0,0.0,0.0,0.0,0.0,0.0,0.0,0.0,0.0,0.0,0.0,0.0,0.0,585223.4506,0.0,9307589.658,0.0,0.0,0.0,0.0,0.0,0.0,0.0,0.0,0.0,7,0,D
11569.0,451.211085,4.1650607,0.0,0.0,0.0,0.0,0.0,0.0,0.0,0.0,0.0,0.0,0.0,0.0,0.0,0.0,0.0,0.0,0.0,0.0,0.0,0.0,0.0,0.0,0.0,0.0,11700000.0,0.0,0.0,0.0,0.0,0.0,0.0,0.0,0.0,0.0,0.0,0.0,0.0,0.0,0.0,0.0,0.0,0.0,0.0,0.0,509179.8208,0.0,21600000.0,0.0,0.0,0.0,0.0,0.0,0.0,0.0,0.0,0.0,15,0,D
11570.0,487.2328949,6.0617334,0.0,0.0,0.0,0.0,0.0,0.0,0.0,0.0,0.0,0.0,0.0,0.0,0.0,0.0,0.0,0.0,0.0,0.0,0.0,0.0,0.0,0.0,0.0,0.0,682777.7196,0.0,0.0,0.0,0.0,0.0,0.0,0.0,0.0,0.0,0.0,0.0,0.0,0.0,0.0,0.0,0.0,0.0,0.0,0.0,0.0,0.0,16400000.0,0.0,0.0,0.0,0.0,0.0,0.0,0.0,0.0,0.0,12,0,D
11571.0,487.2328415,4.0628807,0.0,0.0,0.0,0.0,0.0,0.0,0.0,0.0,0.0,0.0,0.0,0.0,0.0,0.0,0.0,0.0,0.0,0.0,0.0,0.0,0.0,0.0,0.0,0.0,493743.3298,0.0,0.0,0.0,0.0,0.0,0.0,0.0,0.0,0.0,0.0,0.0,0.0,0.0,0.0,0.0,0.0,0.0,0.0,0.0,0.0,0.0,12600000.0,0.0,0.0,0.0,0.0,0.0,0.0,0.0,0.0,0.0,17,0,D
11572.0,934.5299377,12.467911,0.0,0.0,0.0,0.0,0.0,0.0,0.0,0.0,0.0,0.0,0.0,0.0,0.0,0.0,0.0,0.0,0.0,0.0,0.0,0.0,0.0,0.0,0.0,0.0,0.0,0.0,0.0,0.0,0.0,0.0,0.0,0.0,0.0,0.0,0.0,0.0,0.0,0.0,0.0,0.0,0.0,0.0,0.0,0.0,0.0,0.0,31200000.0,0.0,0.0,0.0,0.0,0.0,0.0,0.0,0.0,0.0,7,0,D
11573.0,573.2477264,3.4304774,0.0,0.0,0.0,0.0,0.0,0.0,0.0,0.0,0.0,0.0,0.0,0.0,0.0,0.0,0.0,0.0,0.0,0.0,0.0,0.0,0.0,0.0,0.0,0.0,22500000.0,0.0,0.0,0.0,0.0,0.0,0.0,0.0,0.0,0.0,0.0,0.0,0.0,0.0,0.0,0.0,0.0,0.0,0.0,0.0,0.0,0.0,11500000.0,0.0,0.0,0.0,0.0,0.0,0.0,0.0,0.0,0.0,6,0,D
11574.0,469.2214355,3.9279177,0.0,0.0,0.0,0.0,0.0,0.0,0.0,0.0,0.0,0.0,0.0,0.0,0.0,0.0,0.0,0.0,0.0,0.0,0.0,0.0,0.0,0.0,0.0,0.0,192041.6188,0.0,0.0,0.0,0.0,0.0,0.0,0.0,0.0,0.0,0.0,0.0,0.0,0.0,0.0,0.0,0.0,0.0,0.0,0.0,0.0,0.0,8420805.485,0.0,0.0,0.0,0.0,0.0,0.0,0.0,0.0,0.0,18,0,D
11576.0,573.2476501,4.94522555,0.0,0.0,0.0,0.0,0.0,0.0,0.0,0.0,0.0,0.0,0.0,0.0,0.0,0.0,0.0,0.0,0.0,0.0,0.0,0.0,0.0,0.0,0.0,0.0,0.0,0.0,0.0,0.0,0.0,0.0,0.0,0.0,0.0,0.0,0.0,0.0,0.0,0.0,0.0,0.0,0.0,0.0,0.0,0.0,484987.9525,0.0,5558105.935,0.0,0.0,0.0,0.0,0.0,0.0,0.0,0.0,0.0,7,0,D
11578.0,900.5252686,14.490671,0.0,0.0,0.0,0.0,0.0,0.0,0.0,0.0,0.0,0.0,0.0,0.0,0.0,0.0,0.0,0.0,0.0,0.0,0.0,0.0,0.0,0.0,0.0,0.0,0.0,0.0,0.0,0.0,0.0,0.0,0.0,0.0,0.0,0.0,0.0,0.0,0.0,0.0,0.0,0.0,0.0,0.0,0.0,0.0,0.0,0.0,6096597.245,0.0,0.0,0.0,0.0,0.0,0.0,0.0,0.0,0.0,7,0,D
11579.0,640.3113403,6.2951719,0.0,0.0,0.0,0.0,0.0,0.0,0.0,0.0,0.0,0.0,0.0,0.0,0.0,0.0,0.0,0.0,0.0,0.0,0.0,0.0,0.0,0.0,0.0,0.0,0.0,0.0,0.0,0.0,0.0,0.0,0.0,0.0,0.0,0.0,0.0,0.0,0.0,0.0,0.0,0.0,0.0,0.0,0.0,0.0,0.0,0.0,13500000.0,0.0,0.0,0.0,0.0,0.0,0.0,0.0,0.0,0.0,10,0,D
11580.0,920.5142212,12.467911,0.0,0.0,0.0,0.0,0.0,0.0,0.0,0.0,0.0,0.0,0.0,0.0,0.0,0.0,0.0,0.0,0.0,0.0,0.0,0.0,0.0,0.0,0.0,0.0,0.0,0.0,0.0,0.0,0.0,0.0,0.0,0.0,0.0,0.0,0.0,0.0,0.0,0.0,0.0,0.0,0.0,0.0,0.0,0.0,0.0,0.0,10700000.0,0.0,0.0,0.0,0.0,0.0,0.0,0.0,0.0,0.0,7,0,D
11581.0,918.5343628,12.56688,0.0,0.0,0.0,0.0,0.0,0.0,0.0,0.0,0.0,0.0,0.0,0.0,0.0,0.0,0.0,0.0,0.0,0.0,0.0,0.0,0.0,0.0,0.0,0.0,0.0,0.0,0.0,0.0,0.0,0.0,0.0,0.0,0.0,0.0,0.0,0.0,0.0,0.0,0.0,0.0,0.0,0.0,0.0,0.0,0.0,0.0,11700000.0,0.0,0.0,0.0,0.0,0.0,0.0,0.0,0.0,0.0,7,0,D
11588.0,862.5099487,14.829296,0.0,0.0,0.0,0.0,0.0,0.0,0.0,0.0,0.0,0.0,0.0,0.0,0.0,0.0,0.0,0.0,0.0,0.0,0.0,0.0,0.0,0.0,0.0,0.0,0.0,0.0,0.0,0.0,0.0,0.0,0.0,0.0,0.0,0.0,0.0,0.0,0.0,0.0,0.0,0.0,0.0,0.0,0.0,0.0,0.0,0.0,3988209.98,0.0,0.0,0.0,0.0,0.0,0.0,0.0,0.0,0.0,6,0,D
11589.0,429.2990112,11.96806,0.0,0.0,0.0,0.0,0.0,0.0,0.0,0.0,0.0,0.0,0.0,0.0,0.0,0.0,0.0,0.0,0.0,0.0,0.0,0.0,0.0,0.0,0.0,0.0,0.0,0.0,0.0,0.0,0.0,0.0,0.0,0.0,0.0,0.0,0.0,0.0,0.0,0.0,0.0,0.0,0.0,0.0,0.0,0.0,0.0,0.0,6014380.417,0.0,0.0,0.0,0.0,0.0,0.0,0.0,0.0,0.0,7,0,D
11590.0,930.5346069,14.829296,0.0,0.0,0.0,0.0,0.0,0.0,0.0,0.0,0.0,0.0,0.0,0.0,0.0,0.0,0.0,0.0,0.0,0.0,0.0,0.0,0.0,0.0,0.0,0.0,0.0,0.0,0.0,0.0,0.0,0.0,0.0,0.0,0.0,0.0,0.0,0.0,0.0,0.0,0.0,0.0,0.0,0.0,0.0,0.0,0.0,0.0,3275701.576,0.0,0.0,0.0,0.0,0.0,0.0,0.0,0.0,0.0,7,0,D
11598.0,626.2958221,3.56446165,0.0,0.0,0.0,0.0,0.0,0.0,0.0,0.0,0.0,0.0,0.0,0.0,0.0,0.0,0.0,0.0,0.0,0.0,0.0,0.0,0.0,0.0,0.0,0.0,2265742.676,0.0,0.0,0.0,0.0,0.0,0.0,0.0,0.0,0.0,0.0,0.0,0.0,0.0,0.0,0.0,0.0,0.0,0.0,0.0,0.0,0.0,2148086.178,0.0,0.0,0.0,0.0,0.0,0.0,0.0,0.0,0.0,10,0,D
11602.0,916.5193481,11.801778,0.0,0.0,0.0,0.0,0.0,0.0,0.0,0.0,0.0,0.0,0.0,0.0,0.0,0.0,0.0,0.0,0.0,0.0,0.0,0.0,0.0,0.0,0.0,0.0,0.0,0.0,0.0,0.0,0.0,0.0,0.0,0.0,0.0,0.0,0.0,0.0,0.0,0.0,0.0,0.0,0.0,0.0,0.0,0.0,0.0,0.0,3555584.274,0.0,0.0,0.0,0.0,0.0,0.0,0.0,0.0,0.0,7,0,D
11610.0,616.2592773,5.620134,0.0,0.0,0.0,0.0,0.0,0.0,0.0,0.0,0.0,0.0,0.0,0.0,0.0,0.0,0.0,0.0,0.0,0.0,0.0,0.0,0.0,0.0,0.0,0.0,0.0,0.0,0.0,0.0,0.0,0.0,0.0,0.0,0.0,0.0,0.0,0.0,0.0,0.0,0.0,0.0,0.0,0.0,0.0,0.0,0.0,0.0,2383042.427,0.0,0.0,0.0,0.0,0.0,0.0,0.0,0.0,0.0,6,0,D
11611.0,607.2533569,4.453936,0.0,0.0,0.0,0.0,0.0,0.0,0.0,0.0,0.0,0.0,0.0,0.0,0.0,0.0,0.0,0.0,0.0,0.0,0.0,0.0,0.0,0.0,0.0,0.0,0.0,0.0,0.0,0.0,0.0,0.0,0.0,0.0,0.0,0.0,0.0,0.0,0.0,0.0,0.0,0.0,0.0,0.0,0.0,0.0,0.0,0.0,1850830.971,0.0,0.0,0.0,0.0,0.0,0.0,0.0,0.0,0.0,7,0,D
11622.0,930.5345459,14.968626,0.0,0.0,0.0,0.0,0.0,0.0,0.0,0.0,0.0,0.0,0.0,0.0,0.0,0.0,0.0,0.0,0.0,0.0,0.0,0.0,0.0,0.0,0.0,0.0,0.0,0.0,0.0,0.0,0.0,0.0,0.0,0.0,0.0,0.0,0.0,0.0,0.0,0.0,0.0,0.0,0.0,0.0,0.0,0.0,0.0,0.0,584420.3554,0.0,0.0,0.0,0.0,0.0,0.0,0.0,0.0,0.0,7,0,D
11628.0,672.3740845,9.05721455,0.0,0.0,0.0,0.0,0.0,0.0,0.0,0.0,0.0,0.0,0.0,0.0,0.0,0.0,0.0,0.0,0.0,0.0,0.0,0.0,0.0,0.0,0.0,0.0,3489182.524,0.0,0.0,0.0,0.0,0.0,0.0,0.0,0.0,0.0,0.0,0.0,0.0,0.0,0.0,0.0,0.0,0.0,0.0,0.0,0.0,0.0,1810755.929,0.0,0.0,0.0,0.0,0.0,0.0,0.0,0.0,0.0,8,0,D
11635.0,914.5055542,13.756703,0.0,0.0,0.0,0.0,0.0,0.0,0.0,0.0,0.0,0.0,0.0,0.0,0.0,0.0,0.0,0.0,0.0,0.0,0.0,0.0,0.0,0.0,0.0,0.0,0.0,0.0,0.0,0.0,0.0,0.0,0.0,0.0,0.0,0.0,0.0,0.0,0.0,0.0,0.0,0.0,0.0,0.0,0.0,0.0,0.0,0.0,1569951.228,0.0,0.0,0.0,0.0,0.0,0.0,0.0,0.0,0.0,7,0,D
11638.0,505.2433319,2.20369735,0.0,0.0,0.0,0.0,0.0,0.0,0.0,0.0,0.0,0.0,0.0,0.0,0.0,0.0,0.0,0.0,0.0,0.0,0.0,0.0,0.0,0.0,0.0,0.0,1880445.663,0.0,0.0,0.0,0.0,0.0,0.0,0.0,0.0,0.0,0.0,0.0,0.0,0.0,0.0,0.0,0.0,0.0,0.0,0.0,0.0,0.0,940937.0254,0.0,0.0,0.0,0.0,0.0,0.0,0.0,0.0,0.0,9,0,D
11649.0,627.3160706,6.0244597,0.0,0.0,0.0,0.0,0.0,0.0,0.0,0.0,0.0,0.0,0.0,0.0,0.0,0.0,0.0,0.0,0.0,0.0,0.0,0.0,0.0,0.0,0.0,0.0,3135707.183,0.0,0.0,0.0,0.0,0.0,0.0,0.0,0.0,0.0,0.0,0.0,0.0,0.0,0.0,0.0,0.0,0.0,0.0,0.0,0.0,0.0,615086.162,0.0,0.0,0.0,0.0,0.0,0.0,0.0,0.0,0.0,11,0,D
11666.0,637.3361664,7.1952595,0.0,0.0,0.0,0.0,0.0,0.0,0.0,0.0,0.0,0.0,0.0,0.0,0.0,0.0,0.0,0.0,0.0,0.0,0.0,0.0,0.0,0.0,0.0,0.0,28100000.0,0.0,0.0,0.0,0.0,0.0,0.0,0.0,0.0,0.0,0.0,0.0,0.0,0.0,0.0,0.0,0.0,0.0,0.0,0.0,0.0,0.0,903990.2422,0.0,0.0,0.0,0.0,0.0,0.0,0.0,0.0,0.0,8,0,D
11675.0,658.3586426,6.07729205,0.0,0.0,0.0,0.0,0.0,0.0,0.0,0.0,0.0,0.0,0.0,0.0,0.0,0.0,0.0,0.0,0.0,0.0,0.0,0.0,0.0,0.0,0.0,0.0,1895001.78,0.0,0.0,0.0,0.0,0.0,0.0,0.0,0.0,0.0,0.0,0.0,0.0,0.0,0.0,0.0,0.0,0.0,0.0,0.0,0.0,0.0,226825.6152,0.0,0.0,0.0,0.0,0.0,0.0,0.0,0.0,0.0,9,0,D
11687.0,619.3256683,7.21568275,0.0,0.0,0.0,0.0,0.0,0.0,0.0,0.0,0.0,0.0,0.0,0.0,0.0,0.0,0.0,0.0,0.0,0.0,0.0,0.0,0.0,0.0,0.0,0.0,19100000.0,0.0,0.0,0.0,0.0,0.0,0.0,0.0,0.0,0.0,0.0,0.0,0.0,0.0,0.0,0.0,0.0,0.0,0.0,0.0,0.0,0.0,591531.808,0.0,0.0,0.0,0.0,0.0,0.0,0.0,0.0,0.0,8,0,D
11696.0,531.239563,1.8589982,0.0,0.0,0.0,0.0,0.0,0.0,0.0,0.0,0.0,0.0,0.0,0.0,0.0,0.0,0.0,0.0,0.0,0.0,0.0,0.0,0.0,0.0,0.0,0.0,3934201.01,0.0,0.0,0.0,0.0,0.0,0.0,0.0,0.0,0.0,0.0,0.0,0.0,0.0,0.0,0.0,0.0,0.0,0.0,0.0,0.0,0.0,330847.8912,0.0,0.0,0.0,0.0,0.0,0.0,0.0,0.0,0.0,6,0,D
11798.0,737.4255981,12.977253,0.0,0.0,0.0,0.0,0.0,0.0,0.0,0.0,0.0,0.0,0.0,0.0,0.0,0.0,0.0,0.0,0.0,0.0,0.0,0.0,0.0,0.0,0.0,0.0,57500000.0,0.0,0.0,0.0,0.0,0.0,0.0,0.0,0.0,0.0,0.0,0.0,0.0,0.0,0.0,0.0,0.0,0.0,0.0,0.0,0.0,0.0,0.0,0.0,0.0,0.0,0.0,0.0,0.0,0.0,0.0,0.0,8,0,D
11799.0,737.4257507,13.331816,0.0,0.0,0.0,0.0,0.0,0.0,0.0,0.0,0.0,0.0,0.0,0.0,0.0,0.0,0.0,0.0,0.0,0.0,0.0,0.0,0.0,0.0,0.0,0.0,53200000.0,0.0,0.0,0.0,0.0,0.0,0.0,0.0,0.0,0.0,0.0,0.0,0.0,0.0,0.0,0.0,0.0,0.0,0.0,0.0,0.0,0.0,0.0,0.0,0.0,0.0,0.0,0.0,0.0,0.0,0.0,0.0,8,0,D
11800.0,743.4718018,14.231186,0.0,0.0,0.0,0.0,0.0,0.0,0.0,0.0,0.0,0.0,0.0,0.0,0.0,0.0,0.0,0.0,0.0,0.0,0.0,0.0,0.0,0.0,0.0,0.0,40800000.0,0.0,0.0,0.0,0.0,0.0,0.0,0.0,0.0,0.0,0.0,0.0,0.0,0.0,0.0,0.0,0.0,0.0,0.0,0.0,0.0,0.0,0.0,0.0,0.0,0.0,0.0,0.0,0.0,0.0,0.0,0.0,11,0,D
11801.0,659.3423462,3.9790233,0.0,0.0,0.0,0.0,0.0,0.0,0.0,0.0,0.0,0.0,0.0,0.0,0.0,0.0,0.0,0.0,0.0,0.0,0.0,0.0,0.0,0.0,0.0,0.0,23800000.0,0.0,0.0,0.0,0.0,0.0,0.0,0.0,0.0,0.0,0.0,0.0,0.0,0.0,0.0,0.0,0.0,0.0,0.0,0.0,0.0,0.0,0.0,0.0,0.0,0.0,0.0,0.0,0.0,0.0,0.0,0.0,11,0,D
11802.0,522.2697144,1.6676887,0.0,0.0,0.0,0.0,0.0,0.0,0.0,0.0,0.0,0.0,0.0,0.0,0.0,0.0,0.0,0.0,0.0,0.0,0.0,0.0,0.0,0.0,0.0,0.0,14000000.0,0.0,0.0,0.0,0.0,0.0,0.0,0.0,0.0,0.0,0.0,0.0,0.0,0.0,0.0,0.0,0.0,0.0,0.0,0.0,0.0,0.0,0.0,0.0,0.0,0.0,0.0,0.0,0.0,0.0,0.0,0.0,9,0,D
11804.0,774.5141907,14.231186,0.0,0.0,0.0,0.0,0.0,0.0,0.0,0.0,0.0,0.0,0.0,0.0,0.0,0.0,0.0,0.0,0.0,0.0,0.0,0.0,0.0,0.0,0.0,0.0,23600000.0,0.0,0.0,0.0,0.0,0.0,0.0,0.0,0.0,0.0,0.0,0.0,0.0,0.0,0.0,0.0,0.0,0.0,0.0,0.0,0.0,0.0,0.0,0.0,0.0,0.0,0.0,0.0,0.0,0.0,0.0,0.0,9,0,D
11805.0,587.3208618,7.0316504,0.0,0.0,0.0,0.0,0.0,0.0,0.0,0.0,0.0,0.0,0.0,0.0,0.0,0.0,0.0,0.0,0.0,0.0,0.0,0.0,0.0,0.0,0.0,0.0,21400000.0,0.0,0.0,0.0,0.0,0.0,0.0,0.0,0.0,0.0,0.0,0.0,0.0,0.0,0.0,0.0,0.0,0.0,0.0,0.0,0.0,0.0,0.0,0.0,0.0,0.0,0.0,0.0,0.0,0.0,0.0,0.0,19,0,D
11806.0,513.2121582,5.0527097,0.0,0.0,0.0,0.0,0.0,0.0,0.0,0.0,0.0,0.0,0.0,0.0,0.0,0.0,0.0,0.0,0.0,0.0,0.0,0.0,0.0,0.0,0.0,0.0,19000000.0,0.0,0.0,0.0,0.0,0.0,0.0,0.0,0.0,0.0,0.0,0.0,0.0,0.0,0.0,0.0,0.0,0.0,0.0,0.0,0.0,0.0,0.0,0.0,0.0,0.0,0.0,0.0,0.0,0.0,0.0,0.0,6,0,D
11807.0,451.2111816,1.6676887,0.0,0.0,0.0,0.0,0.0,0.0,0.0,0.0,0.0,0.0,0.0,0.0,0.0,0.0,0.0,0.0,0.0,0.0,0.0,0.0,0.0,0.0,0.0,0.0,9450418.821,0.0,0.0,0.0,0.0,0.0,0.0,0.0,0.0,0.0,0.0,0.0,0.0,0.0,0.0,0.0,0.0,0.0,0.0,0.0,0.0,0.0,0.0,0.0,0.0,0.0,0.0,0.0,0.0,0.0,0.0,0.0,8,0,D
11809.0,655.3461609,11.015999,0.0,0.0,0.0,0.0,0.0,0.0,0.0,0.0,0.0,0.0,0.0,0.0,0.0,0.0,0.0,0.0,0.0,0.0,0.0,0.0,0.0,0.0,0.0,0.0,21800000.0,0.0,0.0,0.0,0.0,0.0,0.0,0.0,0.0,0.0,0.0,0.0,0.0,0.0,0.0,0.0,0.0,0.0,0.0,0.0,0.0,0.0,0.0,0.0,0.0,0.0,0.0,0.0,0.0,0.0,0.0,0.0,16,0,D
11810.0,725.4611816,14.231186,0.0,0.0,0.0,0.0,0.0,0.0,0.0,0.0,0.0,0.0,0.0,0.0,0.0,0.0,0.0,0.0,0.0,0.0,0.0,0.0,0.0,0.0,0.0,0.0,12500000.0,0.0,0.0,0.0,0.0,0.0,0.0,0.0,0.0,0.0,0.0,0.0,0.0,0.0,0.0,0.0,0.0,0.0,0.0,0.0,0.0,0.0,0.0,0.0,0.0,0.0,0.0,0.0,0.0,0.0,0.0,0.0,14,0,D
11811.0,531.2223511,2.2257204,0.0,0.0,0.0,0.0,0.0,0.0,0.0,0.0,0.0,0.0,0.0,0.0,0.0,0.0,0.0,0.0,0.0,0.0,0.0,0.0,0.0,0.0,0.0,0.0,7972223.7,0.0,0.0,0.0,0.0,0.0,0.0,0.0,0.0,0.0,0.0,0.0,0.0,0.0,0.0,0.0,0.0,0.0,0.0,0.0,0.0,0.0,0.0,0.0,0.0,0.0,0.0,0.0,0.0,0.0,0.0,0.0,12,0,D
11813.0,780.3939209,6.6386179,0.0,0.0,0.0,0.0,0.0,0.0,0.0,0.0,0.0,0.0,0.0,0.0,0.0,0.0,0.0,0.0,0.0,0.0,0.0,0.0,0.0,0.0,0.0,0.0,9078280.372,0.0,0.0,0.0,0.0,0.0,0.0,0.0,0.0,0.0,0.0,0.0,0.0,0.0,0.0,0.0,0.0,0.0,0.0,0.0,0.0,0.0,0.0,0.0,0.0,0.0,0.0,0.0,0.0,0.0,0.0,0.0,6,0,D
11814.0,569.3103027,11.178147,0.0,0.0,0.0,0.0,0.0,0.0,0.0,0.0,0.0,0.0,0.0,0.0,0.0,0.0,0.0,0.0,0.0,0.0,0.0,0.0,0.0,0.0,0.0,0.0,9605637.849,0.0,0.0,0.0,0.0,0.0,0.0,0.0,0.0,0.0,0.0,0.0,0.0,0.0,0.0,0.0,0.0,0.0,0.0,0.0,0.0,0.0,0.0,0.0,0.0,0.0,0.0,0.0,0.0,0.0,0.0,0.0,9,0,D
11817.0,522.2699585,1.4737763,0.0,0.0,0.0,0.0,0.0,0.0,0.0,0.0,0.0,0.0,0.0,0.0,0.0,0.0,0.0,0.0,0.0,0.0,0.0,0.0,0.0,0.0,0.0,0.0,2624408.782,0.0,0.0,0.0,0.0,0.0,0.0,0.0,0.0,0.0,0.0,0.0,0.0,0.0,0.0,0.0,0.0,0.0,0.0,0.0,0.0,0.0,0.0,0.0,0.0,0.0,0.0,0.0,0.0,0.0,0.0,0.0,7,0,D
11818.0,760.4984131,14.231186,0.0,0.0,0.0,0.0,0.0,0.0,0.0,0.0,0.0,0.0,0.0,0.0,0.0,0.0,0.0,0.0,0.0,0.0,0.0,0.0,0.0,0.0,0.0,0.0,9086140.897,0.0,0.0,0.0,0.0,0.0,0.0,0.0,0.0,0.0,0.0,0.0,0.0,0.0,0.0,0.0,0.0,0.0,0.0,0.0,0.0,0.0,0.0,0.0,0.0,0.0,0.0,0.0,0.0,0.0,0.0,0.0,9,0,D
11819.0,469.2223206,1.4737763,0.0,0.0,0.0,0.0,0.0,0.0,0.0,0.0,0.0,0.0,0.0,0.0,0.0,0.0,0.0,0.0,0.0,0.0,0.0,0.0,0.0,0.0,0.0,0.0,4375254.79,0.0,0.0,0.0,0.0,0.0,0.0,0.0,0.0,0.0,0.0,0.0,0.0,0.0,0.0,0.0,0.0,0.0,0.0,0.0,0.0,0.0,0.0,0.0,0.0,0.0,0.0,0.0,0.0,0.0,0.0,0.0,7,0,D
11820.0,587.3210449,11.64826,0.0,0.0,0.0,0.0,0.0,0.0,0.0,0.0,0.0,0.0,0.0,0.0,0.0,0.0,0.0,0.0,0.0,0.0,0.0,0.0,0.0,0.0,0.0,0.0,8935395.319,0.0,0.0,0.0,0.0,0.0,0.0,0.0,0.0,0.0,0.0,0.0,0.0,0.0,0.0,0.0,0.0,0.0,0.0,0.0,0.0,0.0,0.0,0.0,0.0,0.0,0.0,0.0,0.0,0.0,0.0,0.0,12,0,D
11821.0,809.4473267,13.762771,0.0,0.0,0.0,0.0,0.0,0.0,0.0,0.0,0.0,0.0,0.0,0.0,0.0,0.0,0.0,0.0,0.0,0.0,0.0,0.0,0.0,0.0,0.0,0.0,11800000.0,0.0,0.0,0.0,0.0,0.0,0.0,0.0,0.0,0.0,0.0,0.0,0.0,0.0,0.0,0.0,0.0,0.0,0.0,0.0,0.0,0.0,0.0,0.0,0.0,0.0,0.0,0.0,0.0,0.0,0.0,0.0,12,6,D
11822.0,823.4630127,12.771317,0.0,0.0,0.0,0.0,0.0,0.0,0.0,0.0,0.0,0.0,0.0,0.0,0.0,0.0,0.0,0.0,0.0,0.0,0.0,0.0,0.0,0.0,0.0,0.0,7165694.19,0.0,0.0,0.0,0.0,0.0,0.0,0.0,0.0,0.0,0.0,0.0,0.0,0.0,0.0,0.0,0.0,0.0,0.0,0.0,0.0,0.0,0.0,0.0,0.0,0.0,0.0,0.0,0.0,0.0,0.0,0.0,11,0,D
11823.0,768.4664001,13.006573,0.0,0.0,0.0,0.0,0.0,0.0,0.0,0.0,0.0,0.0,0.0,0.0,0.0,0.0,0.0,0.0,0.0,0.0,0.0,0.0,0.0,0.0,0.0,0.0,12900000.0,0.0,0.0,0.0,0.0,0.0,0.0,0.0,0.0,0.0,0.0,0.0,0.0,0.0,0.0,0.0,0.0,0.0,0.0,0.0,0.0,0.0,0.0,0.0,0.0,0.0,0.0,0.0,0.0,0.0,0.0,0.0,6,0,D
11825.0,691.3476868,10.432092,0.0,0.0,0.0,0.0,0.0,0.0,0.0,0.0,0.0,0.0,0.0,0.0,0.0,0.0,0.0,0.0,0.0,0.0,0.0,0.0,0.0,0.0,0.0,0.0,6147603.842,0.0,0.0,0.0,0.0,0.0,0.0,0.0,0.0,0.0,0.0,0.0,0.0,0.0,0.0,0.0,0.0,0.0,0.0,0.0,0.0,0.0,0.0,0.0,0.0,0.0,0.0,0.0,0.0,0.0,0.0,0.0,12,0,D
11828.0,621.2328491,3.8162557,0.0,0.0,0.0,0.0,0.0,0.0,0.0,0.0,0.0,0.0,0.0,0.0,0.0,0.0,0.0,0.0,0.0,0.0,0.0,0.0,0.0,0.0,0.0,0.0,6603971.348,0.0,0.0,0.0,0.0,0.0,0.0,0.0,0.0,0.0,0.0,0.0,0.0,0.0,0.0,0.0,0.0,0.0,0.0,0.0,0.0,0.0,0.0,0.0,0.0,0.0,0.0,0.0,0.0,0.0,0.0,0.0,20,0,D
11830.0,707.4503174,14.231186,0.0,0.0,0.0,0.0,0.0,0.0,0.0,0.0,0.0,0.0,0.0,0.0,0.0,0.0,0.0,0.0,0.0,0.0,0.0,0.0,0.0,0.0,0.0,0.0,6460838.171,0.0,0.0,0.0,0.0,0.0,0.0,0.0,0.0,0.0,0.0,0.0,0.0,0.0,0.0,0.0,0.0,0.0,0.0,0.0,0.0,0.0,0.0,0.0,0.0,0.0,0.0,0.0,0.0,0.0,0.0,0.0,6,0,D
11832.0,672.3753052,8.0278479,0.0,0.0,0.0,0.0,0.0,0.0,0.0,0.0,0.0,0.0,0.0,0.0,0.0,0.0,0.0,0.0,0.0,0.0,0.0,0.0,0.0,0.0,0.0,0.0,6294672.006,0.0,0.0,0.0,0.0,0.0,0.0,0.0,0.0,0.0,0.0,0.0,0.0,0.0,0.0,0.0,0.0,0.0,0.0,0.0,0.0,0.0,0.0,0.0,0.0,0.0,0.0,0.0,0.0,0.0,0.0,0.0,11,0,D
11834.0,1326.714722,8.1642008,0.0,0.0,0.0,0.0,0.0,0.0,0.0,0.0,0.0,0.0,0.0,0.0,0.0,0.0,0.0,0.0,0.0,0.0,0.0,0.0,0.0,0.0,0.0,0.0,3080298.737,0.0,0.0,0.0,0.0,0.0,0.0,0.0,0.0,0.0,0.0,0.0,0.0,0.0,0.0,0.0,0.0,0.0,0.0,0.0,0.0,0.0,0.0,0.0,0.0,0.0,0.0,0.0,0.0,0.0,0.0,0.0,7,0,D
11837.0,673.3378296,13.82625,0.0,0.0,0.0,0.0,0.0,0.0,0.0,0.0,0.0,0.0,0.0,0.0,0.0,0.0,0.0,0.0,0.0,0.0,0.0,0.0,0.0,0.0,0.0,0.0,4877861.382,0.0,0.0,0.0,0.0,0.0,0.0,0.0,0.0,0.0,0.0,0.0,0.0,0.0,0.0,0.0,0.0,0.0,0.0,0.0,0.0,0.0,0.0,0.0,0.0,0.0,0.0,0.0,0.0,0.0,0.0,0.0,14,0,D
11841.0,629.2592773,4.8825077,0.0,0.0,0.0,0.0,0.0,0.0,0.0,0.0,0.0,0.0,0.0,0.0,0.0,0.0,0.0,0.0,0.0,0.0,0.0,0.0,0.0,0.0,0.0,0.0,4103401.559,0.0,0.0,0.0,0.0,0.0,0.0,0.0,0.0,0.0,0.0,0.0,0.0,0.0,0.0,0.0,0.0,0.0,0.0,0.0,0.0,0.0,0.0,0.0,0.0,0.0,0.0,0.0,0.0,0.0,0.0,0.0,6,0,D
11842.0,601.3148804,8.1348188,0.0,0.0,0.0,0.0,0.0,0.0,0.0,0.0,0.0,0.0,0.0,0.0,0.0,0.0,0.0,0.0,0.0,0.0,0.0,0.0,0.0,0.0,0.0,0.0,4660107.883,0.0,0.0,0.0,0.0,0.0,0.0,0.0,0.0,0.0,0.0,0.0,0.0,0.0,0.0,0.0,0.0,0.0,0.0,0.0,0.0,0.0,0.0,0.0,0.0,0.0,0.0,0.0,0.0,0.0,0.0,0.0,7,0,D
11845.0,809.4463501,9.7782049,0.0,0.0,0.0,0.0,0.0,0.0,0.0,0.0,0.0,0.0,0.0,0.0,0.0,0.0,0.0,0.0,0.0,0.0,0.0,0.0,0.0,0.0,0.0,0.0,4586295.921,0.0,0.0,0.0,0.0,0.0,0.0,0.0,0.0,0.0,0.0,0.0,0.0,0.0,0.0,0.0,0.0,0.0,0.0,0.0,0.0,0.0,0.0,0.0,0.0,0.0,0.0,0.0,0.0,0.0,0.0,0.0,8,0,D
11849.0,722.389679,9.7782049,0.0,0.0,0.0,0.0,0.0,0.0,0.0,0.0,0.0,0.0,0.0,0.0,0.0,0.0,0.0,0.0,0.0,0.0,0.0,0.0,0.0,0.0,0.0,0.0,3877393.63,0.0,0.0,0.0,0.0,0.0,0.0,0.0,0.0,0.0,0.0,0.0,0.0,0.0,0.0,0.0,0.0,0.0,0.0,0.0,0.0,0.0,0.0,0.0,0.0,0.0,0.0,0.0,0.0,0.0,0.0,0.0,6,0,D
11850.0,858.4995728,10.269544,0.0,0.0,0.0,0.0,0.0,0.0,0.0,0.0,0.0,0.0,0.0,0.0,0.0,0.0,0.0,0.0,0.0,0.0,0.0,0.0,0.0,0.0,0.0,0.0,4660457.361,0.0,0.0,0.0,0.0,0.0,0.0,0.0,0.0,0.0,0.0,0.0,0.0,0.0,0.0,0.0,0.0,0.0,0.0,0.0,0.0,0.0,0.0,0.0,0.0,0.0,0.0,0.0,0.0,0.0,0.0,0.0,8,7,D
11851.0,872.5153809,12.771317,0.0,0.0,0.0,0.0,0.0,0.0,0.0,0.0,0.0,0.0,0.0,0.0,0.0,0.0,0.0,0.0,0.0,0.0,0.0,0.0,0.0,0.0,0.0,0.0,4469127.747,0.0,0.0,0.0,0.0,0.0,0.0,0.0,0.0,0.0,0.0,0.0,0.0,0.0,0.0,0.0,0.0,0.0,0.0,0.0,0.0,0.0,0.0,0.0,0.0,0.0,0.0,0.0,0.0,0.0,0.0,0.0,8,0,D
11854.0,676.3690796,3.9449434,0.0,0.0,0.0,0.0,0.0,0.0,0.0,0.0,0.0,0.0,0.0,0.0,0.0,0.0,0.0,0.0,0.0,0.0,0.0,0.0,0.0,0.0,0.0,0.0,5707750.871,0.0,0.0,0.0,0.0,0.0,0.0,0.0,0.0,0.0,0.0,0.0,0.0,0.0,0.0,0.0,0.0,0.0,0.0,0.0,0.0,0.0,0.0,0.0,0.0,0.0,0.0,0.0,0.0,0.0,0.0,0.0,6,0,D
11855.0,627.316803,5.1824679,0.0,0.0,0.0,0.0,0.0,0.0,0.0,0.0,0.0,0.0,0.0,0.0,0.0,0.0,0.0,0.0,0.0,0.0,0.0,0.0,0.0,0.0,0.0,0.0,3312767.37,0.0,0.0,0.0,0.0,0.0,0.0,0.0,0.0,0.0,0.0,0.0,0.0,0.0,0.0,0.0,0.0,0.0,0.0,0.0,0.0,0.0,0.0,0.0,0.0,0.0,0.0,0.0,0.0,0.0,0.0,0.0,7,0,D
11858.0,637.3375854,8.4731501,0.0,0.0,0.0,0.0,0.0,0.0,0.0,0.0,0.0,0.0,0.0,0.0,0.0,0.0,0.0,0.0,0.0,0.0,0.0,0.0,0.0,0.0,0.0,0.0,3723898.36,0.0,0.0,0.0,0.0,0.0,0.0,0.0,0.0,0.0,0.0,0.0,0.0,0.0,0.0,0.0,0.0,0.0,0.0,0.0,0.0,0.0,0.0,0.0,0.0,0.0,0.0,0.0,0.0,0.0,0.0,0.0,6,0,D
11860.0,469.2216644,7.3294075,0.0,0.0,0.0,0.0,0.0,0.0,0.0,0.0,0.0,0.0,0.0,0.0,0.0,0.0,0.0,0.0,0.0,0.0,0.0,0.0,0.0,0.0,0.0,0.0,8983647.654,0.0,0.0,0.0,0.0,0.0,0.0,0.0,0.0,0.0,0.0,0.0,0.0,0.0,0.0,0.0,0.0,0.0,0.0,0.0,0.0,0.0,0.0,0.0,0.0,0.0,0.0,0.0,0.0,0.0,0.0,0.0,10,0,D
11863.0,708.3742065,9.7782049,0.0,0.0,0.0,0.0,0.0,0.0,0.0,0.0,0.0,0.0,0.0,0.0,0.0,0.0,0.0,0.0,0.0,0.0,0.0,0.0,0.0,0.0,0.0,0.0,2948184.399,0.0,0.0,0.0,0.0,0.0,0.0,0.0,0.0,0.0,0.0,0.0,0.0,0.0,0.0,0.0,0.0,0.0,0.0,0.0,0.0,0.0,0.0,0.0,0.0,0.0,0.0,0.0,0.0,0.0,0.0,0.0,8,0,D
11866.0,827.4577637,10.269544,0.0,0.0,0.0,0.0,0.0,0.0,0.0,0.0,0.0,0.0,0.0,0.0,0.0,0.0,0.0,0.0,0.0,0.0,0.0,0.0,0.0,0.0,0.0,0.0,3299002.867,0.0,0.0,0.0,0.0,0.0,0.0,0.0,0.0,0.0,0.0,0.0,0.0,0.0,0.0,0.0,0.0,0.0,0.0,0.0,0.0,0.0,0.0,0.0,0.0,0.0,0.0,0.0,0.0,0.0,0.0,0.0,12,6,D
11867.0,573.305481,5.9064502,0.0,0.0,0.0,0.0,0.0,0.0,0.0,0.0,0.0,0.0,0.0,0.0,0.0,0.0,0.0,0.0,0.0,0.0,0.0,0.0,0.0,0.0,0.0,0.0,1893527.298,0.0,0.0,0.0,0.0,0.0,0.0,0.0,0.0,0.0,0.0,0.0,0.0,0.0,0.0,0.0,0.0,0.0,0.0,0.0,0.0,0.0,0.0,0.0,0.0,0.0,0.0,0.0,0.0,0.0,0.0,0.0,18,0,D
11868.0,659.3416748,7.191819,0.0,0.0,0.0,0.0,0.0,0.0,0.0,0.0,0.0,0.0,0.0,0.0,0.0,0.0,0.0,0.0,0.0,0.0,0.0,0.0,0.0,0.0,0.0,0.0,2903402.821,0.0,0.0,0.0,0.0,0.0,0.0,0.0,0.0,0.0,0.0,0.0,0.0,0.0,0.0,0.0,0.0,0.0,0.0,0.0,0.0,0.0,0.0,0.0,0.0,0.0,0.0,0.0,0.0,0.0,0.0,0.0,12,0,D
11870.0,645.3268433,3.2994036,0.0,0.0,0.0,0.0,0.0,0.0,0.0,0.0,0.0,0.0,0.0,0.0,0.0,0.0,0.0,0.0,0.0,0.0,0.0,0.0,0.0,0.0,0.0,0.0,1915051.261,0.0,0.0,0.0,0.0,0.0,0.0,0.0,0.0,0.0,0.0,0.0,0.0,0.0,0.0,0.0,0.0,0.0,0.0,0.0,0.0,0.0,0.0,0.0,0.0,0.0,0.0,0.0,0.0,0.0,0.0,0.0,12,0,D
11875.0,641.3314819,3.9790233,0.0,0.0,0.0,0.0,0.0,0.0,0.0,0.0,0.0,0.0,0.0,0.0,0.0,0.0,0.0,0.0,0.0,0.0,0.0,0.0,0.0,0.0,0.0,0.0,1997390.951,0.0,0.0,0.0,0.0,0.0,0.0,0.0,0.0,0.0,0.0,0.0,0.0,0.0,0.0,0.0,0.0,0.0,0.0,0.0,0.0,0.0,0.0,0.0,0.0,0.0,0.0,0.0,0.0,0.0,0.0,0.0,7,0,D
11876.0,723.4101257,12.298044,0.0,0.0,0.0,0.0,0.0,0.0,0.0,0.0,0.0,0.0,0.0,0.0,0.0,0.0,0.0,0.0,0.0,0.0,0.0,0.0,0.0,0.0,0.0,0.0,2353840.514,0.0,0.0,0.0,0.0,0.0,0.0,0.0,0.0,0.0,0.0,0.0,0.0,0.0,0.0,0.0,0.0,0.0,0.0,0.0,0.0,0.0,0.0,0.0,0.0,0.0,0.0,0.0,0.0,0.0,0.0,0.0,6,0,D
11878.0,755.4349976,13.331816,0.0,0.0,0.0,0.0,0.0,0.0,0.0,0.0,0.0,0.0,0.0,0.0,0.0,0.0,0.0,0.0,0.0,0.0,0.0,0.0,0.0,0.0,0.0,0.0,2927042.663,0.0,0.0,0.0,0.0,0.0,0.0,0.0,0.0,0.0,0.0,0.0,0.0,0.0,0.0,0.0,0.0,0.0,0.0,0.0,0.0,0.0,0.0,0.0,0.0,0.0,0.0,0.0,0.0,0.0,0.0,0.0,9,7,D
11881.0,826.4737854,10.011085,0.0,0.0,0.0,0.0,0.0,0.0,0.0,0.0,0.0,0.0,0.0,0.0,0.0,0.0,0.0,0.0,0.0,0.0,0.0,0.0,0.0,0.0,0.0,0.0,2127320.875,0.0,0.0,0.0,0.0,0.0,0.0,0.0,0.0,0.0,0.0,0.0,0.0,0.0,0.0,0.0,0.0,0.0,0.0,0.0,0.0,0.0,0.0,0.0,0.0,0.0,0.0,0.0,0.0,0.0,0.0,0.0,7,0,D
11882.0,709.3941345,11.8408,0.0,0.0,0.0,0.0,0.0,0.0,0.0,0.0,0.0,0.0,0.0,0.0,0.0,0.0,0.0,0.0,0.0,0.0,0.0,0.0,0.0,0.0,0.0,0.0,4394426.807,0.0,0.0,0.0,0.0,0.0,0.0,0.0,0.0,0.0,0.0,0.0,0.0,0.0,0.0,0.0,0.0,0.0,0.0,0.0,0.0,0.0,0.0,0.0,0.0,0.0,0.0,0.0,0.0,0.0,0.0,0.0,9,0,D
11885.0,794.4107971,9.3875857,0.0,0.0,0.0,0.0,0.0,0.0,0.0,0.0,0.0,0.0,0.0,0.0,0.0,0.0,0.0,0.0,0.0,0.0,0.0,0.0,0.0,0.0,0.0,0.0,2485814.286,0.0,0.0,0.0,0.0,0.0,0.0,0.0,0.0,0.0,0.0,0.0,0.0,0.0,0.0,0.0,0.0,0.0,0.0,0.0,0.0,0.0,0.0,0.0,0.0,0.0,0.0,0.0,0.0,0.0,0.0,0.0,6,0,D
11886.0,587.3218994,10.777636,0.0,0.0,0.0,0.0,0.0,0.0,0.0,0.0,0.0,0.0,0.0,0.0,0.0,0.0,0.0,0.0,0.0,0.0,0.0,0.0,0.0,0.0,0.0,0.0,2977544.617,0.0,0.0,0.0,0.0,0.0,0.0,0.0,0.0,0.0,0.0,0.0,0.0,0.0,0.0,0.0,0.0,0.0,0.0,0.0,0.0,0.0,0.0,0.0,0.0,0.0,0.0,0.0,0.0,0.0,0.0,0.0,16,0,D
11887.0,689.3526001,2.864626,0.0,0.0,0.0,0.0,0.0,0.0,0.0,0.0,0.0,0.0,0.0,0.0,0.0,0.0,0.0,0.0,0.0,0.0,0.0,0.0,0.0,0.0,0.0,0.0,2847796.334,0.0,0.0,0.0,0.0,0.0,0.0,0.0,0.0,0.0,0.0,0.0,0.0,0.0,0.0,0.0,0.0,0.0,0.0,0.0,0.0,0.0,0.0,0.0,0.0,0.0,0.0,0.0,0.0,0.0,0.0,0.0,9,0,D
11890.0,791.436676,13.65899,0.0,0.0,0.0,0.0,0.0,0.0,0.0,0.0,0.0,0.0,0.0,0.0,0.0,0.0,0.0,0.0,0.0,0.0,0.0,0.0,0.0,0.0,0.0,0.0,3978031.71,0.0,0.0,0.0,0.0,0.0,0.0,0.0,0.0,0.0,0.0,0.0,0.0,0.0,0.0,0.0,0.0,0.0,0.0,0.0,0.0,0.0,0.0,0.0,0.0,0.0,0.0,0.0,0.0,0.0,0.0,0.0,6,0,D
11892.0,687.3376465,5.5639486,0.0,0.0,0.0,0.0,0.0,0.0,0.0,0.0,0.0,0.0,0.0,0.0,0.0,0.0,0.0,0.0,0.0,0.0,0.0,0.0,0.0,0.0,0.0,0.0,2370327.526,0.0,0.0,0.0,0.0,0.0,0.0,0.0,0.0,0.0,0.0,0.0,0.0,0.0,0.0,0.0,0.0,0.0,0.0,0.0,0.0,0.0,0.0,0.0,0.0,0.0,0.0,0.0,0.0,0.0,0.0,0.0,14,0,D
11893.0,807.4307861,13.206179,0.0,0.0,0.0,0.0,0.0,0.0,0.0,0.0,0.0,0.0,0.0,0.0,0.0,0.0,0.0,0.0,0.0,0.0,0.0,0.0,0.0,0.0,0.0,0.0,3612618.243,0.0,0.0,0.0,0.0,0.0,0.0,0.0,0.0,0.0,0.0,0.0,0.0,0.0,0.0,0.0,0.0,0.0,0.0,0.0,0.0,0.0,0.0,0.0,0.0,0.0,0.0,0.0,0.0,0.0,0.0,0.0,8,0,D
11895.0,603.2443237,4.5266006,0.0,0.0,0.0,0.0,0.0,0.0,0.0,0.0,0.0,0.0,0.0,0.0,0.0,0.0,0.0,0.0,0.0,0.0,0.0,0.0,0.0,0.0,0.0,0.0,1480040.494,0.0,0.0,0.0,0.0,0.0,0.0,0.0,0.0,0.0,0.0,0.0,0.0,0.0,0.0,0.0,0.0,0.0,0.0,0.0,0.0,0.0,0.0,0.0,0.0,0.0,0.0,0.0,0.0,0.0,0.0,0.0,13,0,D
11896.0,635.3209839,6.5498925,0.0,0.0,0.0,0.0,0.0,0.0,0.0,0.0,0.0,0.0,0.0,0.0,0.0,0.0,0.0,0.0,0.0,0.0,0.0,0.0,0.0,0.0,0.0,0.0,4734960.878,0.0,0.0,0.0,0.0,0.0,0.0,0.0,0.0,0.0,0.0,0.0,0.0,0.0,0.0,0.0,0.0,0.0,0.0,0.0,0.0,0.0,0.0,0.0,0.0,0.0,0.0,0.0,0.0,0.0,0.0,0.0,7,0,D
11900.0,559.2904663,4.8825077,0.0,0.0,0.0,0.0,0.0,0.0,0.0,0.0,0.0,0.0,0.0,0.0,0.0,0.0,0.0,0.0,0.0,0.0,0.0,0.0,0.0,0.0,0.0,0.0,1280594.746,0.0,0.0,0.0,0.0,0.0,0.0,0.0,0.0,0.0,0.0,0.0,0.0,0.0,0.0,0.0,0.0,0.0,0.0,0.0,0.0,0.0,0.0,0.0,0.0,0.0,0.0,0.0,0.0,0.0,0.0,0.0,15,0,D
11901.0,681.3632202,10.17275,0.0,0.0,0.0,0.0,0.0,0.0,0.0,0.0,0.0,0.0,0.0,0.0,0.0,0.0,0.0,0.0,0.0,0.0,0.0,0.0,0.0,0.0,0.0,0.0,2500544.927,0.0,0.0,0.0,0.0,0.0,0.0,0.0,0.0,0.0,0.0,0.0,0.0,0.0,0.0,0.0,0.0,0.0,0.0,0.0,0.0,0.0,0.0,0.0,0.0,0.0,0.0,0.0,0.0,0.0,0.0,0.0,7,0,D
11902.0,629.3320313,11.346017,0.0,0.0,0.0,0.0,0.0,0.0,0.0,0.0,0.0,0.0,0.0,0.0,0.0,0.0,0.0,0.0,0.0,0.0,0.0,0.0,0.0,0.0,0.0,0.0,1408768.604,0.0,0.0,0.0,0.0,0.0,0.0,0.0,0.0,0.0,0.0,0.0,0.0,0.0,0.0,0.0,0.0,0.0,0.0,0.0,0.0,0.0,0.0,0.0,0.0,0.0,0.0,0.0,0.0,0.0,0.0,0.0,6,0,D
11904.0,611.2481079,5.3526421,0.0,0.0,0.0,0.0,0.0,0.0,0.0,0.0,0.0,0.0,0.0,0.0,0.0,0.0,0.0,0.0,0.0,0.0,0.0,0.0,0.0,0.0,0.0,0.0,1406175.774,0.0,0.0,0.0,0.0,0.0,0.0,0.0,0.0,0.0,0.0,0.0,0.0,0.0,0.0,0.0,0.0,0.0,0.0,0.0,0.0,0.0,0.0,0.0,0.0,0.0,0.0,0.0,0.0,0.0,0.0,0.0,7,0,D
11906.0,619.2172241,3.3293116,0.0,0.0,0.0,0.0,0.0,0.0,0.0,0.0,0.0,0.0,0.0,0.0,0.0,0.0,0.0,0.0,0.0,0.0,0.0,0.0,0.0,0.0,0.0,0.0,1058362.393,0.0,0.0,0.0,0.0,0.0,0.0,0.0,0.0,0.0,0.0,0.0,0.0,0.0,0.0,0.0,0.0,0.0,0.0,0.0,0.0,0.0,0.0,0.0,0.0,0.0,0.0,0.0,0.0,0.0,0.0,0.0,6,0,D
11907.0,629.3681641,10.527015,0.0,0.0,0.0,0.0,0.0,0.0,0.0,0.0,0.0,0.0,0.0,0.0,0.0,0.0,0.0,0.0,0.0,0.0,0.0,0.0,0.0,0.0,0.0,0.0,1744387.427,0.0,0.0,0.0,0.0,0.0,0.0,0.0,0.0,0.0,0.0,0.0,0.0,0.0,0.0,0.0,0.0,0.0,0.0,0.0,0.0,0.0,0.0,0.0,0.0,0.0,0.0,0.0,0.0,0.0,0.0,0.0,15,0,D
11908.0,591.2957153,6.0707975,0.0,0.0,0.0,0.0,0.0,0.0,0.0,0.0,0.0,0.0,0.0,0.0,0.0,0.0,0.0,0.0,0.0,0.0,0.0,0.0,0.0,0.0,0.0,0.0,1659088.05,0.0,0.0,0.0,0.0,0.0,0.0,0.0,0.0,0.0,0.0,0.0,0.0,0.0,0.0,0.0,0.0,0.0,0.0,0.0,0.0,0.0,0.0,0.0,0.0,0.0,0.0,0.0,0.0,0.0,0.0,0.0,6,0,D
11909.0,618.3627625,6.4808393,0.0,0.0,0.0,0.0,0.0,0.0,0.0,0.0,0.0,0.0,0.0,0.0,0.0,0.0,0.0,0.0,0.0,0.0,0.0,0.0,0.0,0.0,0.0,0.0,722338.3124,0.0,0.0,0.0,0.0,0.0,0.0,0.0,0.0,0.0,0.0,0.0,0.0,0.0,0.0,0.0,0.0,0.0,0.0,0.0,0.0,0.0,0.0,0.0,0.0,0.0,0.0,0.0,0.0,0.0,0.0,0.0,8,0,D
11911.0,653.3323975,4.3249827,0.0,0.0,0.0,0.0,0.0,0.0,0.0,0.0,0.0,0.0,0.0,0.0,0.0,0.0,0.0,0.0,0.0,0.0,0.0,0.0,0.0,0.0,0.0,0.0,2389977.447,0.0,0.0,0.0,0.0,0.0,0.0,0.0,0.0,0.0,0.0,0.0,0.0,0.0,0.0,0.0,0.0,0.0,0.0,0.0,0.0,0.0,0.0,0.0,0.0,0.0,0.0,0.0,0.0,0.0,0.0,0.0,6,0,D
11917.0,569.3102417,6.4808393,0.0,0.0,0.0,0.0,0.0,0.0,0.0,0.0,0.0,0.0,0.0,0.0,0.0,0.0,0.0,0.0,0.0,0.0,0.0,0.0,0.0,0.0,0.0,0.0,1191210.151,0.0,0.0,0.0,0.0,0.0,0.0,0.0,0.0,0.0,0.0,0.0,0.0,0.0,0.0,0.0,0.0,0.0,0.0,0.0,0.0,0.0,0.0,0.0,0.0,0.0,0.0,0.0,0.0,0.0,0.0,0.0,7,0,D
11918.0,447.2736206,7.0316504,0.0,0.0,0.0,0.0,0.0,0.0,0.0,0.0,0.0,0.0,0.0,0.0,0.0,0.0,0.0,0.0,0.0,0.0,0.0,0.0,0.0,0.0,0.0,0.0,1624513.428,0.0,0.0,0.0,0.0,0.0,0.0,0.0,0.0,0.0,0.0,0.0,0.0,0.0,0.0,0.0,0.0,0.0,0.0,0.0,0.0,0.0,0.0,0.0,0.0,0.0,0.0,0.0,0.0,0.0,0.0,0.0,14,0,D
11925.0,671.3432007,4.2945986,0.0,0.0,0.0,0.0,0.0,0.0,0.0,0.0,0.0,0.0,0.0,0.0,0.0,0.0,0.0,0.0,0.0,0.0,0.0,0.0,0.0,0.0,0.0,0.0,3290047.251,0.0,0.0,0.0,0.0,0.0,0.0,0.0,0.0,0.0,0.0,0.0,0.0,0.0,0.0,0.0,0.0,0.0,0.0,0.0,0.0,0.0,0.0,0.0,0.0,0.0,0.0,0.0,0.0,0.0,0.0,0.0,10,0,D
11929.0,629.2590332,4.4955003,0.0,0.0,0.0,0.0,0.0,0.0,0.0,0.0,0.0,0.0,0.0,0.0,0.0,0.0,0.0,0.0,0.0,0.0,0.0,0.0,0.0,0.0,0.0,0.0,878832.2285,0.0,0.0,0.0,0.0,0.0,0.0,0.0,0.0,0.0,0.0,0.0,0.0,0.0,0.0,0.0,0.0,0.0,0.0,0.0,0.0,0.0,0.0,0.0,0.0,0.0,0.0,0.0,0.0,0.0,0.0,0.0,12,0,D
11948.0,687.3371582,5.6934358,0.0,0.0,0.0,0.0,0.0,0.0,0.0,0.0,0.0,0.0,0.0,0.0,0.0,0.0,0.0,0.0,0.0,0.0,0.0,0.0,0.0,0.0,0.0,0.0,1512132.775,0.0,0.0,0.0,0.0,0.0,0.0,0.0,0.0,0.0,0.0,0.0,0.0,0.0,0.0,0.0,0.0,0.0,0.0,0.0,0.0,0.0,0.0,0.0,0.0,0.0,0.0,0.0,0.0,0.0,0.0,0.0,13,0,D
11950.0,531.2227783,4.3941841,0.0,0.0,0.0,0.0,0.0,0.0,0.0,0.0,0.0,0.0,0.0,0.0,0.0,0.0,0.0,0.0,0.0,0.0,0.0,0.0,0.0,0.0,0.0,0.0,511384.6221,0.0,0.0,0.0,0.0,0.0,0.0,0.0,0.0,0.0,0.0,0.0,0.0,0.0,0.0,0.0,0.0,0.0,0.0,0.0,0.0,0.0,0.0,0.0,0.0,0.0,0.0,0.0,0.0,0.0,0.0,0.0,9,0,D
11954.0,483.3315735,4.4248863,0.0,0.0,0.0,0.0,0.0,0.0,0.0,0.0,0.0,0.0,0.0,0.0,0.0,0.0,0.0,0.0,0.0,0.0,0.0,0.0,0.0,0.0,0.0,0.0,840727.3938,0.0,0.0,0.0,0.0,0.0,0.0,0.0,0.0,0.0,0.0,0.0,0.0,0.0,0.0,0.0,0.0,0.0,0.0,0.0,0.0,0.0,0.0,0.0,0.0,0.0,0.0,0.0,0.0,0.0,0.0,0.0,12,0,D
11957.0,783.3607178,4.669262,0.0,0.0,0.0,0.0,0.0,0.0,0.0,0.0,0.0,0.0,0.0,0.0,0.0,0.0,0.0,0.0,0.0,0.0,0.0,0.0,0.0,0.0,0.0,0.0,673052.7869,0.0,0.0,0.0,0.0,0.0,0.0,0.0,0.0,0.0,0.0,0.0,0.0,0.0,0.0,0.0,0.0,0.0,0.0,0.0,0.0,0.0,0.0,0.0,0.0,0.0,0.0,0.0,0.0,0.0,0.0,0.0,7,0,D
11968.0,635.3220215,4.3249827,0.0,0.0,0.0,0.0,0.0,0.0,0.0,0.0,0.0,0.0,0.0,0.0,0.0,0.0,0.0,0.0,0.0,0.0,0.0,0.0,0.0,0.0,0.0,0.0,679188.6751,0.0,0.0,0.0,0.0,0.0,0.0,0.0,0.0,0.0,0.0,0.0,0.0,0.0,0.0,0.0,0.0,0.0,0.0,0.0,0.0,0.0,0.0,0.0,0.0,0.0,0.0,0.0,0.0,0.0,0.0,0.0,8,0,D
11971.0,692.3638916,3.097584,0.0,0.0,0.0,0.0,0.0,0.0,0.0,0.0,0.0,0.0,0.0,0.0,0.0,0.0,0.0,0.0,0.0,0.0,0.0,0.0,0.0,0.0,0.0,0.0,631107.451,0.0,0.0,0.0,0.0,0.0,0.0,0.0,0.0,0.0,0.0,0.0,0.0,0.0,0.0,0.0,0.0,0.0,0.0,0.0,0.0,0.0,0.0,0.0,0.0,0.0,0.0,0.0,0.0,0.0,0.0,0.0,7,0,D
11975.0,629.2590942,5.3223349,0.0,0.0,0.0,0.0,0.0,0.0,0.0,0.0,0.0,0.0,0.0,0.0,0.0,0.0,0.0,0.0,0.0,0.0,0.0,0.0,0.0,0.0,0.0,0.0,1217875.303,0.0,0.0,0.0,0.0,0.0,0.0,0.0,0.0,0.0,0.0,0.0,0.0,0.0,0.0,0.0,0.0,0.0,0.0,0.0,0.0,0.0,0.0,0.0,0.0,0.0,0.0,0.0,0.0,0.0,0.0,0.0,8,0,D
11978.0,649.3011475,3.7768515,0.0,0.0,0.0,0.0,0.0,0.0,0.0,0.0,0.0,0.0,0.0,0.0,0.0,0.0,0.0,0.0,0.0,0.0,0.0,0.0,0.0,0.0,0.0,0.0,798949.8244,0.0,0.0,0.0,0.0,0.0,0.0,0.0,0.0,0.0,0.0,0.0,0.0,0.0,0.0,0.0,0.0,0.0,0.0,0.0,0.0,0.0,0.0,0.0,0.0,0.0,0.0,0.0,0.0,0.0,0.0,0.0,6,0,D
11981.0,521.2384644,2.0233945,0.0,0.0,0.0,0.0,0.0,0.0,0.0,0.0,0.0,0.0,0.0,0.0,0.0,0.0,0.0,0.0,0.0,0.0,0.0,0.0,0.0,0.0,0.0,0.0,344346.5499,0.0,0.0,0.0,0.0,0.0,0.0,0.0,0.0,0.0,0.0,0.0,0.0,0.0,0.0,0.0,0.0,0.0,0.0,0.0,0.0,0.0,0.0,0.0,0.0,0.0,0.0,0.0,0.0,0.0,0.0,0.0,9,0,D
11992.0,653.3317871,5.8765939,0.0,0.0,0.0,0.0,0.0,0.0,0.0,0.0,0.0,0.0,0.0,0.0,0.0,0.0,0.0,0.0,0.0,0.0,0.0,0.0,0.0,0.0,0.0,0.0,588891.5885,0.0,0.0,0.0,0.0,0.0,0.0,0.0,0.0,0.0,0.0,0.0,0.0,0.0,0.0,0.0,0.0,0.0,0.0,0.0,0.0,0.0,0.0,0.0,0.0,0.0,0.0,0.0,0.0,0.0,0.0,0.0,6,0,D
11995.0,357.2262039,1.5563875,0.0,0.0,0.0,0.0,0.0,0.0,0.0,0.0,0.0,0.0,0.0,0.0,0.0,0.0,0.0,0.0,0.0,0.0,0.0,0.0,0.0,0.0,0.0,0.0,367367.7049,0.0,0.0,0.0,0.0,0.0,0.0,0.0,0.0,0.0,0.0,0.0,0.0,0.0,0.0,0.0,0.0,0.0,0.0,0.0,0.0,0.0,0.0,0.0,0.0,0.0,0.0,0.0,19300000.0,0.0,0.0,0.0,8,0,D
11996.0,587.3214111,10.10717,0.0,0.0,0.0,0.0,0.0,0.0,0.0,0.0,0.0,0.0,0.0,0.0,0.0,0.0,0.0,0.0,0.0,0.0,0.0,0.0,0.0,0.0,0.0,0.0,553183.9745,0.0,0.0,0.0,0.0,0.0,0.0,0.0,0.0,0.0,0.0,0.0,0.0,0.0,0.0,0.0,0.0,0.0,0.0,0.0,0.0,0.0,0.0,0.0,0.0,0.0,0.0,0.0,0.0,0.0,0.0,0.0,7,0,D
12007.0,675.3374634,6.3387404,0.0,0.0,0.0,0.0,0.0,0.0,0.0,0.0,0.0,0.0,0.0,0.0,0.0,0.0,0.0,0.0,0.0,0.0,0.0,0.0,0.0,0.0,0.0,0.0,266481.7295,0.0,0.0,0.0,0.0,0.0,0.0,0.0,0.0,0.0,0.0,0.0,0.0,0.0,0.0,0.0,0.0,0.0,0.0,0.0,0.0,0.0,0.0,0.0,0.0,0.0,0.0,0.0,0.0,0.0,0.0,0.0,8,0,D
12008.0,587.3222046,5.765578,0.0,0.0,0.0,0.0,0.0,0.0,0.0,0.0,0.0,0.0,0.0,0.0,0.0,0.0,0.0,0.0,0.0,0.0,0.0,0.0,0.0,0.0,0.0,0.0,253854.0828,0.0,0.0,0.0,0.0,0.0,0.0,0.0,0.0,0.0,0.0,0.0,0.0,0.0,0.0,0.0,0.0,0.0,0.0,0.0,0.0,0.0,0.0,0.0,0.0,0.0,0.0,0.0,0.0,0.0,0.0,0.0,6,0,D
12031.0,1326.711975,8.0278479,0.0,0.0,0.0,0.0,0.0,0.0,0.0,0.0,0.0,0.0,0.0,0.0,0.0,0.0,0.0,0.0,0.0,0.0,0.0,0.0,0.0,0.0,0.0,0.0,231620.9892,0.0,0.0,0.0,0.0,0.0,0.0,0.0,0.0,0.0,0.0,0.0,0.0,0.0,0.0,0.0,0.0,0.0,0.0,0.0,0.0,0.0,0.0,0.0,0.0,0.0,0.0,0.0,0.0,0.0,0.0,0.0,7,0,D
12088.0,512.3006287,5.9770447,0.0,0.0,0.0,0.0,0.0,0.0,0.0,0.0,0.0,0.0,0.0,0.0,0.0,0.0,0.0,0.0,0.0,0.0,0.0,0.0,0.0,0.0,0.0,0.0,0.0,0.0,0.0,0.0,0.0,0.0,0.0,0.0,0.0,0.0,0.0,0.0,0.0,0.0,0.0,0.0,0.0,0.0,0.0,0.0,2222051.451,0.0,0.0,0.0,0.0,0.0,0.0,0.0,0.0,0.0,0.0,0.0,0,8,MD
12089.0,530.310791,4.175502,0.0,0.0,0.0,0.0,0.0,0.0,0.0,0.0,0.0,0.0,0.0,0.0,0.0,0.0,0.0,0.0,0.0,0.0,0.0,0.0,0.0,0.0,0.0,0.0,0.0,0.0,0.0,0.0,0.0,0.0,0.0,0.0,0.0,0.0,0.0,0.0,0.0,0.0,0.0,0.0,0.0,0.0,0.0,0.0,18200000.0,0.0,0.0,0.0,0.0,0.0,0.0,0.0,0.0,0.0,0.0,0.0,0,9,MD
12138.0,677.3525391,9.715906,0.0,0.0,0.0,0.0,0.0,0.0,0.0,0.0,0.0,0.0,0.0,0.0,0.0,0.0,0.0,0.0,0.0,0.0,0.0,0.0,0.0,0.0,0.0,0.0,0.0,0.0,0.0,0.0,0.0,0.0,0.0,0.0,0.0,0.0,0.0,0.0,0.0,0.0,0.0,0.0,0.0,0.0,0.0,0.0,0.0,0.0,0.0,0.0,0.0,0.0,0.0,0.0,0.0,3852653.149,0.0,0.0,6,0,D
12309.0,357.1902466,2.8291352,0.0,0.0,0.0,0.0,0.0,0.0,0.0,0.0,0.0,0.0,0.0,0.0,0.0,0.0,0.0,0.0,0.0,0.0,0.0,0.0,0.0,0.0,0.0,0.0,0.0,0.0,0.0,0.0,0.0,0.0,0.0,0.0,0.0,0.0,0.0,0.0,0.0,0.0,0.0,0.0,0.0,0.0,0.0,0.0,0.0,0.0,0.0,0.0,0.0,0.0,0.0,0.0,7360894.773,0.0,0.0,0.0,6,0,D
12346.0,339.1811829,2.6384293,0.0,0.0,0.0,0.0,0.0,0.0,0.0,0.0,0.0,0.0,0.0,0.0,0.0,0.0,0.0,0.0,0.0,0.0,0.0,0.0,0.0,0.0,0.0,0.0,0.0,0.0,0.0,0.0,0.0,0.0,0.0,0.0,0.0,0.0,0.0,0.0,0.0,0.0,0.0,0.0,0.0,0.0,0.0,0.0,0.0,0.0,0.0,0.0,0.0,0.0,0.0,0.0,4318494.772,0.0,0.0,0.0,6,0,D
12385.0,371.2056274,4.7157305,0.0,0.0,0.0,0.0,0.0,0.0,0.0,0.0,0.0,0.0,0.0,0.0,0.0,0.0,0.0,0.0,0.0,0.0,0.0,0.0,0.0,0.0,0.0,0.0,0.0,0.0,0.0,0.0,0.0,0.0,0.0,0.0,0.0,0.0,0.0,0.0,0.0,0.0,0.0,0.0,0.0,0.0,0.0,0.0,0.0,0.0,0.0,0.0,0.0,0.0,0.0,0.0,1278196.665,0.0,0.0,0.0,6,0,D
12404.0,322.2227325,3.2639364,0.0,0.0,0.0,0.0,0.0,0.0,0.0,0.0,0.0,0.0,0.0,0.0,0.0,0.0,0.0,0.0,0.0,0.0,0.0,0.0,0.0,0.0,0.0,0.0,0.0,0.0,0.0,0.0,0.0,0.0,0.0,0.0,0.0,0.0,0.0,0.0,0.0,0.0,0.0,0.0,0.0,0.0,0.0,0.0,0.0,0.0,0.0,0.0,0.0,0.0,0.0,0.0,520552.2578,0.0,0.0,0.0,7,0,D
12417.0,404.2278595,1.7285219,0.0,0.0,0.0,0.0,0.0,0.0,0.0,0.0,0.0,0.0,0.0,0.0,0.0,0.0,0.0,0.0,0.0,0.0,0.0,0.0,0.0,0.0,0.0,0.0,0.0,0.0,0.0,0.0,0.0,0.0,0.0,0.0,0.0,0.0,0.0,0.0,0.0,0.0,0.0,0.0,0.0,0.0,0.0,0.0,0.0,0.0,0.0,0.0,0.0,0.0,0.0,0.0,5521357.311,0.0,0.0,0.0,6,0,D
12426.0,374.2174683,1.5118719,0.0,0.0,0.0,0.0,0.0,0.0,0.0,0.0,0.0,0.0,0.0,0.0,0.0,0.0,0.0,0.0,0.0,0.0,0.0,0.0,0.0,0.0,0.0,0.0,0.0,0.0,0.0,0.0,0.0,0.0,0.0,0.0,0.0,0.0,0.0,0.0,0.0,0.0,0.0,0.0,0.0,0.0,0.0,0.0,0.0,0.0,0.0,0.0,0.0,0.0,0.0,0.0,4525392.846,0.0,0.0,0.0,6,0,D
12435.0,418.2789459,3.0515834,0.0,0.0,0.0,0.0,0.0,0.0,0.0,0.0,0.0,0.0,0.0,0.0,0.0,0.0,0.0,0.0,0.0,0.0,0.0,0.0,0.0,0.0,0.0,0.0,0.0,0.0,0.0,0.0,0.0,0.0,0.0,0.0,0.0,0.0,0.0,0.0,0.0,0.0,0.0,0.0,0.0,0.0,0.0,0.0,0.0,0.0,0.0,0.0,0.0,0.0,0.0,0.0,442964.0144,0.0,0.0,0.0,6,0,D
12443.0,322.2230225,3.3933307,0.0,0.0,0.0,0.0,0.0,0.0,0.0,0.0,0.0,0.0,0.0,0.0,0.0,0.0,0.0,0.0,0.0,0.0,0.0,0.0,0.0,0.0,0.0,0.0,0.0,0.0,0.0,0.0,0.0,0.0,0.0,0.0,0.0,0.0,0.0,0.0,0.0,0.0,0.0,0.0,0.0,0.0,0.0,0.0,0.0,0.0,0.0,0.0,0.0,0.0,0.0,0.0,419233.4322,0.0,0.0,0.0,7,0,D
12460.0,367.2111816,3.0812424,0.0,0.0,0.0,0.0,0.0,0.0,0.0,0.0,0.0,0.0,0.0,0.0,0.0,0.0,0.0,0.0,0.0,0.0,0.0,0.0,0.0,0.0,0.0,0.0,0.0,0.0,0.0,0.0,0.0,0.0,0.0,0.0,0.0,0.0,0.0,0.0,0.0,0.0,0.0,0.0,0.0,0.0,0.0,0.0,0.0,0.0,0.0,0.0,0.0,0.0,0.0,0.0,449549.8973,0.0,0.0,0.0,9,0,D
12469.0,340.2466125,7.2304554,0.0,0.0,0.0,0.0,0.0,0.0,0.0,0.0,0.0,0.0,0.0,0.0,0.0,0.0,0.0,0.0,0.0,0.0,0.0,0.0,0.0,0.0,0.0,0.0,0.0,0.0,0.0,0.0,0.0,0.0,0.0,0.0,0.0,0.0,0.0,0.0,0.0,0.0,0.0,0.0,0.0,0.0,0.0,0.0,0.0,0.0,0.0,0.0,0.0,0.0,0.0,0.0,664105.022,0.0,0.0,0.0,6,0,D
12482.0,367.2110291,3.1405341,0.0,0.0,0.0,0.0,0.0,0.0,0.0,0.0,0.0,0.0,0.0,0.0,0.0,0.0,0.0,0.0,0.0,0.0,0.0,0.0,0.0,0.0,0.0,0.0,0.0,0.0,0.0,0.0,0.0,0.0,0.0,0.0,0.0,0.0,0.0,0.0,0.0,0.0,0.0,0.0,0.0,0.0,0.0,0.0,0.0,0.0,0.0,0.0,0.0,0.0,0.0,0.0,671445.2879,0.0,0.0,0.0,9,0,D
12488.0,374.2198334,3.4226493,0.0,0.0,0.0,0.0,0.0,0.0,0.0,0.0,0.0,0.0,0.0,0.0,0.0,0.0,0.0,0.0,0.0,0.0,0.0,0.0,0.0,0.0,0.0,0.0,0.0,0.0,0.0,0.0,0.0,0.0,0.0,0.0,0.0,0.0,0.0,0.0,0.0,0.0,0.0,0.0,0.0,0.0,0.0,0.0,0.0,0.0,0.0,0.0,0.0,0.0,0.0,0.0,313970.1159,0.0,0.0,0.0,7,0,D
12495.0,390.2116699,2.1276544,0.0,0.0,0.0,0.0,0.0,0.0,0.0,0.0,0.0,0.0,0.0,0.0,0.0,0.0,0.0,0.0,0.0,0.0,0.0,0.0,0.0,0.0,0.0,0.0,0.0,0.0,0.0,0.0,0.0,0.0,0.0,0.0,0.0,0.0,0.0,0.0,0.0,0.0,0.0,0.0,0.0,0.0,0.0,0.0,0.0,0.0,0.0,0.0,0.0,0.0,0.0,0.0,1118513.565,0.0,0.0,0.0,6,0,D
12500.0,390.2116699,1.8825867,0.0,0.0,0.0,0.0,0.0,0.0,0.0,0.0,0.0,0.0,0.0,0.0,0.0,0.0,0.0,0.0,0.0,0.0,0.0,0.0,0.0,0.0,0.0,0.0,0.0,0.0,0.0,0.0,0.0,0.0,0.0,0.0,0.0,0.0,0.0,0.0,0.0,0.0,0.0,0.0,0.0,0.0,0.0,0.0,0.0,0.0,0.0,0.0,0.0,0.0,0.0,0.0,4926190.802,0.0,0.0,0.0,6,0,D
12530.0,386.217392,2.858679,0.0,0.0,0.0,0.0,0.0,0.0,0.0,0.0,0.0,0.0,0.0,0.0,0.0,0.0,0.0,0.0,0.0,0.0,0.0,0.0,0.0,0.0,0.0,0.0,0.0,0.0,0.0,0.0,0.0,0.0,0.0,0.0,0.0,0.0,0.0,0.0,0.0,0.0,0.0,0.0,0.0,0.0,0.0,0.0,0.0,0.0,0.0,0.0,0.0,0.0,0.0,0.0,1123875.185,0.0,0.0,0.0,6,0,D
12543.0,353.2314758,3.5528603,0.0,0.0,0.0,0.0,0.0,0.0,0.0,0.0,0.0,0.0,0.0,0.0,0.0,0.0,0.0,0.0,0.0,0.0,0.0,0.0,0.0,0.0,0.0,0.0,0.0,0.0,0.0,0.0,0.0,0.0,0.0,0.0,0.0,0.0,0.0,0.0,0.0,0.0,0.0,0.0,0.0,0.0,0.0,0.0,0.0,0.0,0.0,0.0,0.0,0.0,0.0,0.0,411869.9634,0.0,0.0,0.0,9,0,D
12557.0,372.274292,2.1566364,0.0,0.0,0.0,0.0,0.0,0.0,0.0,0.0,0.0,0.0,0.0,0.0,0.0,0.0,0.0,0.0,0.0,0.0,0.0,0.0,0.0,0.0,0.0,0.0,0.0,0.0,0.0,0.0,0.0,0.0,0.0,0.0,0.0,0.0,0.0,0.0,0.0,0.0,0.0,0.0,0.0,0.0,0.0,0.0,0.0,0.0,0.0,0.0,0.0,0.0,0.0,0.0,331003.2435,0.0,0.0,0.0,6,0,D
