row ID,row m/z,row retention time,CUP_MeOH,PC_MeOH,AFI_MeOH,CUPI_MeOH,CUP_EtOAc,PC_EtOAc
1,199.9875573,0.14506824,0,0,73400.65,0,0,0
2,158.9611737,0.14655146,390088.25,393891.47,409311.22,387342.75,271870.47,389610.7
3,186.9560253,0.14655146,129244.67,131782.98,139600.95,137107.27,91028.22,130597.08
4,259.8940607,0.14655146,45346.145,64963.82,66116.59,45659.727,48065.004,63761.387
5,276.8963648,0.14655146,156958.9,156099.98,140619.47,146429.84,141308.34,148938.78
6,200.972062,0.17086999,0,116379.52,107409.44,0,108519.52,121053.81
7,159.9689788,0.23521064,434562.53,478072.88,466276.38,464853.2,433191.8,483191
8,182.9849124,0.23924693,0,1966784.5,1910080.8,1845885.2,1823742.1,2030983.2
9,287.8883993,0.26128837,448210.6,444278.22,379497.84,391769.25,402867.88,447296.88
10,246.8618501,0.2629796,171270.88,179330.66,155680.62,154833.7,162711.31,183845.88
11,328.9147265,0.28388909,146304.94,134272.61,134020.27,128037.055,143782.2,137668.53
12,264.8724498,0.294159,402565.03,416974.47,388768.2,351728.5,392525.2,416288.5
13,305.8988478,0.31161132,427423.97,439409.78,353539.75,358462.28,436001.34,449437.22
14,282.8831668,0.32798913,179800.3,184094.12,142467.44,149725.58,179953.42,182400.44
15,271.916182,0.4341611,0,0,0,0,23340.031,0
16,248.9001054,0.43828735,23400.71,11668.126,20158.357,0,45746.234,13849.11
17,259.0919245,0.5055921,0,0,894558.8,715316.06,0,0
18,277.102573,0.5055921,0,0,801317,634295.7,0,0
19,280.9950094,0.5070429,212577.25,74877.555,303706.84,292124.9,0,0
20,234.096753,0.50736755,0,0,0,807243.2,0,0
21,365.1045336,0.5257848,120169.21,327476.1,0,36147.03,251647.94,351376.56
22,266.1229453,0.53510624,1859714,0,863176.6,1494070.8,1429755.8,0
23,180.0862856,0.53692585,639742.7,79468.625,155136.89,256261.67,689746.8,45298.97
24,360.1490356,0.53692585,4166630.8,1880295.2,467368.8,2619445.5,2825300.5,1222044.2
25,325.1120887,0.5377569,1570117.5,384870.97,0,760846.56,1310481.2,235282.61
26,223.0630648,0.53888625,561698.94,0,0,0,0,0
27,443.0472528,0.54684657,83365.805,193887.33,48139.46,73624.27,84643.63,203618.8
28,289.0910915,0.55009985,404061.1,0,367190.66,186857.31,307532.3,0
29,188.0914145,0.5649779,243475.06,0,154754.97,464093.78,203915.7,0
30,193.0703778,0.5649779,86138.14,0,957441.44,269707.88,87822.734,0
31,260.1122993,0.5649779,2976011.8,0,297822.9,722874.1,2238992.2,0
32,278.122916,0.5649779,6374309,0,751651.7,1681526.1,5017508.5,0
33,330.1540859,0.5938672,1102572,0,116343.34,459245.47,838804.6,0
34,292.1383641,0.59424114,229022.2,0,0,27296.004,281095.56,0
35,312.1436287,0.59424114,943158.9,0,0,386162.3,741001.9,0
36,196.1328772,0.60143185,0,256987.31,0,0,0,0
37,172.977031,0.60604846,0,39807.113,0,71556.61,78197.75,32773.957
38,152.1068695,0.6280432,0,0,288482.88,0,0,0
39,182.9849927,0.6308364,1076030.6,830947.1,802882.25,0,1172670.2,0
40,294.1544251,0.6317498,91866.29,0,138592.64,77735.7,0,0
41,200.9721137,0.6401573,0,280930.88,0,0,0,0
42,287.8884203,0.64066225,0,119389.01,0,0,0,116175.16
43,284.1339906,0.66046345,31302.838,0,17698.445,130760.24,24107.906,0
44,305.8988287,0.6710175,0,169431.05,0,0,0,199404.2
45,264.8727658,0.73455215,0,0,0,82301.04,0,0
46,180.1018325,0.74287367,115844.41,0,0,0,78976,0
47,282.883206,0.7513819,0,72408.29,0,44228.242,45607.785,86162.01
48,330.1545739,0.7926807,22955.076,0,0,8671.251,28039.352,0
49,234.1333317,0.8239519,40156.88,0,0,0,0,0
50,264.8726463,0.82959765,73384.12,150565.62,0,65739.65,84004.58,0
51,198.1123104,0.8543741,35346.73,0,0,0,16123.606,0
52,360.1652215,0.8543741,46885.9,0,0,0,40639.76,0
53,200.972215,0.8547938,0,0,227506,0,235770.55,0
54,168.101762,0.86039025,0,0,0,619734.1,0,0
55,223.0633831,0.86045533,0,342089,1014872.6,310097.84,907622.75,813629.94
56,371.1007448,0.86045533,0,593910.25,710246.7,711357.6,724931.7,708231
57,297.0821598,0.8656861,976479.2,415506.72,940308.56,352664.25,977484.8,931960
58,258.1333067,0.8731588,60012.93,0,0,0,31215.727,0
59,312.1436637,0.87611514,357904.5,0,0,173010.81,0,0
60,150.0912421,0.883347,323689.9,0,99879.414,1122214.1,119517.07,0
61,330.1541582,0.890767,1058830.8,0,61737.984,395250.3,453572.66,0
62,200.1279352,0.8993596,24489.62,0,9651.244,55266.75,28956.672,0
63,196.1329345,0.9052876,0,296993.47,0,0,0,41044.008
64,389.015669,0.9230322,0,0,321319.6,0,0,0
65,192.1016594,0.931334,295923.2,0,115505,329411.34,112580.71,0
66,210.1122153,0.931334,430721.78,0,140753.7,453713.84,144176.2,0
67,316.138694,0.9382384,0,0,0,79862.11,49587.6,0
68,230.1020109,0.94645953,47445.555,0,29656.941,29857.777,36213.12,0
69,448.1960591,0.9528743,0,311856.12,0,0,0,34388.855
70,294.1543536,0.9544568,0,0,88393.54,44209.203,37585.984,0
71,402.1593912,0.9561431,59722.758,0,0,0,0,0
72,311.0729965,0.95657253,0,0,99607.65,0,0,0
73,346.1492976,0.9855306,0,0,0,0,297805.7,0
74,182.0810228,0.9872544,0,0,94159.32,33484.586,0,0
75,180.1380634,0.99879456,0,161925.58,0,0,0,22782.84
76,268.1037153,1.0110958,60850.316,0,840150.1,452675.78,120913.75,0
77,276.1440206,1.0338728,98686.34,0,110676.914,68054.67,57026.457,0
78,294.1543765,1.0338728,184942.95,0,215080.69,73505.8,103226.37,0
79,300.1438206,1.0338728,42754.375,0,121159.945,71346.14,44046.43,0
80,312.1437562,1.0498306,364242.2,0,0,440124.62,372607.4,0
81,340.1386705,1.0714949,0,80164.81,0,0,13495.501,0
82,284.0986311,1.0839564,0,0,77057.56,0,0,0
83,289.0900644,1.0903424,17887.93,0,275001.9,34805.953,11118.673,0
84,243.990018,1.1028033,38909.81,0,16042.926,0,159237.78,0
85,240.1227486,1.1078014,58074.383,0,18070.465,76586.32,51351.457,0
86,222.1122916,1.1157498,156849.05,0,0,159554.94,114320.15,0
87,166.0861668,1.1306084,17093.469,0,38008.973,116599.83,23189.113,0
88,284.1338226,1.1381927,58205.453,0,32761.756,232654.36,44052.098,0
89,321.0262396,1.1381927,17794.164,0,10318.846,65862.336,9192.16,0
90,300.1438052,1.1448654,0,0,124243.59,0,0,0
91,267.1073071,1.1653551,15208.395,0,0,68917.16,0,0
92,229.1543412,1.1899338,23479.98,0,63571.39,61048.125,0,0
93,287.888728,1.2145213,0,0,0,0,64858.855,0
94,305.8991474,1.2490746,330356.2,0,0,319096.8,91529.89,0
95,178.0861379,1.262204,31105.668,6340.0024,0,0,26792.574,0
96,438.1754851,1.2737601,0,0,90451.12,0,0,0
97,226.1071415,1.2758704,0,0,0,0,309285,0
98,798.2863673,1.2913213,0,0,19746.947,14341.912,0,0
99,152.1069167,1.3110247,0,0,437951.34,7354.135,0,0
100,416.1545345,1.3110447,0,0,90503.38,30423.305,12531.6,0
101,194.1173504,1.3268974,0,62580.016,0,0,0,0
102,245.099203,1.3641683,0,0,67189.86,0,0,0
103,323.0418076,1.3641683,0,0,78957.43,0,0,0
104,367.1857874,1.3641683,0,0,152149.08,0,0,0
105,340.138966,1.3765386,21522.35,0,0,0,0,0
106,438.1753453,1.398373,0,0,116504.81,0,0,0
107,180.1380323,1.4267192,0,2059377.8,0,0,0,312511.7
108,238.1071474,1.4332633,26238.338,0,0,9744.581,12997.056,0
109,239.995082,1.4430037,0,0,0,0,105576.555,0
110,281.02185,1.4430037,0,0,0,0,14497.998,0
111,166.1224973,1.464071,0,0,26603.559,0,0,0
112,314.15929,1.464071,0,0,70889.38,0,0,0
113,312.1438737,1.4856421,275171.34,0,0,61604.836,245600.4,0
114,532.1870807,1.4897208,0,0,12388.184,6599.8643,0,0
115,208.1329034,1.4922992,0,27831.39,0,0,0,0
116,180.1018087,1.4977572,281661.1,0,6088.133,13841.266,230109.69,0
117,328.1386981,1.5094852,23346.998,0,0,0,56310.21,0
118,448.1961202,1.5231272,0,169402.98,0,0,0,0
119,282.1195131,1.525366,0,0,13457.391,0,0,0
120,237.1228865,1.5505154,0,0,0,38956.594,0,0
121,358.1490275,1.5628281,0,0,106251.445,0,0,0
122,343.1020494,1.5812403,0,0,0,19610.797,0,0
123,194.1174018,1.5925791,0,144404.22,0,0,0,68001
124,204.0653545,1.6079972,0,0,0,0,10682.688,0
125,208.1330377,1.6240784,0,22227.586,0,0,0,0
126,310.128087,1.6634688,58550.195,0,125423.81,45886.336,33636.656,0
127,328.1386175,1.6634688,106595.35,0,386117.28,130455.78,105476.01,0
128,342.1547217,1.6903316,57163.22,0,0,0,36374.457,0
129,166.0861534,1.7123283,9926.001,0,452755.3,99171.61,0,0
130,358.1490201,1.7132223,29467.96,0,280267.3,0,0,0
131,254.1383587,1.7283696,59295.688,0,0,22516.316,43471.55,0
132,324.1438895,1.7406641,211462.55,0,0,0,103009.86,0
133,150.0913035,1.7422376,45471.145,0,0,36858.246,33184.4,0
134,178.1224267,1.7552091,0,20807.723,0,0,0,0
135,414.1751624,1.758472,0,0,44917.88,0,0,0
136,504.2072955,1.7610307,14126.207,0,69591.2,0,0,0
137,210.1485371,1.7890989,0,86809.86,0,0,0,10297.846
138,191.1176915,1.7933506,0,0,40549.67,0,0,0
139,228.0499838,1.8187767,0,0,8708.206,28900.105,10205.76,0
140,606.2022119,1.8238809,0,0,26390.021,0,0,0
141,192.1016275,1.8352247,0,129381.75,0,0,0,39568.617
142,448.1961015,1.8881724,0,123890.05,0,0,0,15851.376
143,466.1916082,1.913891,0,19149.178,0,0,0,0
144,205.1334085,1.920398,0,0,60090.434,0,0,0
145,294.1333652,1.9246601,59275.188,0,0,0,39623.477,0
146,323.1597124,1.9400908,25025.668,0,0,0,15368.006,0
147,400.1709738,1.9507675,0,0,48865.883,0,0,0
148,188.0916092,1.9553875,6376.5635,0,0,0,16614.523,0
149,254.1383257,1.9583615,24736.924,0,13922.258,34704.22,20995.02,0
150,468.1863714,1.9583615,13471.809,0,120046.35,38021.566,9933.181,0
151,164.1069399,1.9708152,77881.305,0,0,0,54357.53,0
152,462.1754629,1.9803104,0,39721.832,0,0,0,0
153,326.1596581,1.9852701,97803.22,0,0,69700.49,111128.336,0
154,416.1544787,1.9883634,0,0,18340.916,0,0,0
155,318.1543765,2.0296216,0,0,20827.664,61124.78,0,0
156,484.2539425,2.0620964,12853.24,0,0,8138.282,8404.947,0
157,468.1861621,2.0780096,0,0,57358.613,6256.538,0,0
158,236.1279082,2.081086,0,0,9627.347,20238.469,8202.139,0
159,254.1383822,2.081086,0,0,6479.753,16524.225,8138.645,0
160,194.1173592,2.1062503,0,179524.75,0,0,0,0
161,464.1910017,2.1106825,0,31115.75,0,0,0,6345.593
162,428.1910874,2.1159418,0,0,9974.809,0,0,0
163,462.2115628,2.1717415,0,69985.37,0,0,0,0
164,264.1228859,2.1978269,78693.33,0,0,25171.037,78076.516,0
165,326.1595011,2.2073016,43794.22,0,0,0,27189.883,0
166,358.1642277,2.2116141,0,17337.684,0,0,0,6961.661
167,632.1813194,2.226124,0,0,102215.96,0,0,0
168,448.1959038,2.2265973,0,1339546.6,0,0,0,182137.81
169,190.0860156,2.2573853,0,23592.61,0,0,0,5591.792
170,168.06547,2.2584794,0,0,0,0,26392.688,0
171,240.0858896,2.2981331,0,0,0,0,21949.195,0
172,464.2125514,2.3371866,0,0,0,34514.023,0,0
173,444.1649576,2.360662,0,17482.725,0,0,0,0
174,367.1496548,2.3865156,0,0,64002.34,288249.34,15685.069,0
175,194.1174684,2.3989136,252940.81,0,0,0,0,0
176,206.0810867,2.3990302,0,0,0,0,23022.115,0
177,438.1756177,2.4233503,0,0,34888.906,0,0,0
178,158.0811423,2.4294052,0,0,0,0,73796.78,0
179,294.1333272,2.4376478,0,0,0,54905.816,0,0
180,218.078636,2.4682765,0,0,0,0,26577.889,0
181,178.0861332,2.4724474,0,0,0,87912.15,224778.72,0
182,196.0966726,2.4772527,0,0,0,253694.31,577916.56,25884.885
183,193.1335759,2.493387,0,0,16897.89,0,0,0
184,470.1655538,2.5459611,16392.559,0,0,53115.246,12000.6875,0
185,488.1759708,2.5459611,25384.053,0,0,103331.58,18216.453,0
186,510.1580875,2.5459611,11439.014,0,0,41678.477,6630.426,0
187,324.1438213,2.550133,22067.74,0,0,0,40939.125,0
188,358.1642129,2.5664568,0,41863.277,0,0,0,0
189,188.0703933,2.5786703,0,0,135731.58,246718.44,0,0
190,205.0969402,2.5786703,0,0,91404.86,162476.06,0,0
191,300.1590342,2.5974052,0,26126.277,0,0,0,0
192,193.1433446,2.6540442,0,0,18473.654,0,0,20817.818
193,158.0812017,2.6658256,0,0,0,0,24105.008,0
194,326.1232919,2.6664515,0,0,0,34175.188,10268.877,0
195,531.1703715,2.6681466,0,37272.62,0,0,0,0
196,308.1125513,2.6747031,12116.0625,0,8413.294,97114.81,25000.39,0
197,438.1753832,2.6886964,0,0,13485.029,0,0,0
198,357.1175865,2.728587,0,0,0,24929.535,0,0
199,358.1642321,2.7298882,0,46362.453,0,0,0,0
200,254.1020347,2.7362673,0,0,0,0,15888.338,0
201,377.2067176,2.7397258,87244.44,0,0,0,41267.887,0
202,227.175088,2.7534702,0,0,0,202829.23,0,153489
203,450.1963694,2.7602792,0,193747.88,0,0,0,0
204,314.0653069,2.769436,0,106925.25,0,0,0,35088.242
205,341.086265,2.8226964,0,0,85976.32,0,0,0
206,394.1127448,2.8226964,0,0,35762.664,0,0,0
207,410.0163137,2.8226964,0,0,11582.893,0,0,0
208,360.2009918,2.824849,0,0,0,71145.836,0,0
209,150.0912657,2.8364658,0,0,0,0,36363.734,0
210,286.1434333,2.8378577,0,60873.477,0,0,0,39759.22
211,358.1642238,2.8378577,0,64911.68,0,0,0,18863.764
212,192.1016805,2.8456283,0,0,0,43396.3,350104.88,0
213,325.0912506,2.8480968,0,0,40567.387,100645.95,16134.712,0
214,357.1174584,2.8547907,0,0,0,134633.67,0,0
215,360.1649448,2.8547907,0,0,0,75012.09,0,0
216,210.1122536,2.872373,19296.94,0,19650.697,43932.08,366230.22,0
217,328.1538157,2.888548,0,43686.188,0,0,0,12484.794
218,464.1911238,2.888548,0,99415.46,0,0,0,28393.18
219,230.1173373,2.923758,0,0,0,22989.95,0,0
220,360.2010618,2.923758,0,0,0,78787.02,0,0
221,358.1643494,2.9257612,0,17057.66,0,0,0,0
222,177.0544995,2.94818,29548.107,0,16816.965,153999.67,0,0
223,427.207211,2.9681156,68455.62,0,0,32286.584,116541.234,0
224,218.0810471,2.9694822,0,0,0,0,110835.516,0
225,250.1071317,2.9694822,0,0,0,0,81843.68,0
226,377.2066961,2.972753,75441.37,0,0,0,48383.26,0
227,340.1750956,2.9998317,0,0,0,0,29321.768,0
228,227.1750815,3.0072951,245632.23,203504.44,209987.81,0,196240.1,36730.29
229,325.0912788,3.0110435,0,0,42564.69,29468.94,11389.0625,0
230,260.1278728,3.034967,128057.43,0,0,0,94415.09,0
231,377.2067001,3.034967,64871.5,0,0,0,34182.324,0
232,265.1544589,3.0546272,0,0,0,124078.54,0,0
233,372.1431901,3.0738063,0,113978.14,0,0,0,13372.303
234,339.1070757,3.0750427,9346.452,0,0,17453.756,47113.242,0
235,268.1177678,3.0952196,0,0,0,0,38643.574,0
236,398.2017419,3.1055102,27700.74,0,0,0,0,0
237,380.1700169,3.1154652,0,0,0,68362.766,0,0
238,344.2274347,3.1484585,19122.662,49061.9,39473.805,33745.867,28670.43,54729.242
239,314.1744125,3.1583214,0,353104.7,0,0,0,43389.92
240,339.1071468,3.1624472,10557.099,0,0,18301.275,31962.498,0
241,373.1966134,3.1682944,40394.96,0,0,0,27625.795,0
242,488.1755758,3.1774817,0,0,506924.03,0,0,0
243,309.0964921,3.1837013,10105.596,0,0,15736.336,57416.734,0
244,372.1433505,3.1838496,0,0,0,0,0,18718.963
245,260.1279486,3.199963,32811.445,0,0,0,24717.707,0
246,455.0266306,3.2148707,0,0,42009.33,35163.777,0,0
247,177.0543936,3.2188063,20196.117,560547.25,0,0,0,0
248,163.0387863,3.2241173,0,88013.51,264050.28,164113.31,44990.43,0
249,355.1017863,3.2258918,22066.477,262130.78,639939.9,513972.53,141817.02,31748.102
250,171.0651204,3.2341285,0,0,0,0,85936.04,0
251,193.0494067,3.276354,0,0,12642.916,0,0,0
252,501.1598142,3.276354,0,0,72684.29,0,0,0
253,314.1382192,3.2763848,0,242403.61,0,0,0,38513.004
254,330.1694058,3.2763848,0,80315.85,0,0,0,9239.498
255,303.1335837,3.2789874,50508.867,0,24694.887,81797.016,44298.355,0
256,308.1124852,3.2848763,11045.053,0,0,0,135767.62,0
257,611.1601197,3.3106196,0,0,0,285259.28,0,0
258,297.0604402,3.315556,0,0,45808.508,0,0,0
259,369.1173542,3.3239317,0,461973.6,0,48038.195,20164.754,0
260,356.1484686,3.3256679,0,78103.375,0,0,0,16105.699
261,212.0915768,3.3338833,0,0,0,0,34095.96,0
262,388.2534312,3.3436291,0,58784.137,0,38843.74,48864.47,0
263,339.1070483,3.3458805,10787.77,0,0,25372.459,52661.617,0
264,268.0962385,3.3557894,0,12380.381,0,0,0,37041.35
265,314.174288,3.3557894,0,3162721.8,0,0,0,394990.56
266,300.1223479,3.356331,0,44404.098,0,0,0,0
267,222.112294,3.364114,0,0,0,0,51088.266,0
268,311.0756751,3.3896918,0,0,6506.0947,0,29179.734,0
269,303.1336748,3.3901863,48211.234,0,24414.146,67522.58,37470.758,0
270,504.2221086,3.3909688,0,32692.047,0,0,0,0
271,294.1333293,3.4028447,0,0,0,0,90487.664,0
272,300.1226054,3.421834,0,80129.08,0,0,0,0
273,388.2534864,3.4437342,88425.27,60186.29,42330.203,32499.379,34126.117,91275.125
274,538.2272261,3.4569101,0,55889.082,0,0,0,0
275,339.1070626,3.4907358,57978.344,0,0,82863.95,266922.47,0
276,418.1851934,3.4919188,0,86193.63,0,0,0,0
277,230.1173582,3.5058928,0,0,28819.377,352873.94,0,0
278,177.0544564,3.5387797,60180.113,17291.523,0,294073.9,182566.48,0
279,194.0810818,3.542075,0,0,0,26017.064,47257.047,55155.73
280,395.0734422,3.5443223,16714.75,0,0,71400.82,59177.9,0
281,195.0650706,3.5454137,22099.709,0,12376.447,128325.75,81894.945,0
282,379.0994394,3.5454137,37529.863,0,14578.385,125410.91,104044.86,0
283,434.1801761,3.5521183,0,18167.746,0,0,0,0
284,448.1957804,3.5550096,0,1177209.4,0,0,0,159382.08
285,328.1535885,3.570444,0,213589.4,0,0,0,64881.246
286,556.2380056,3.582349,0,30742.72,0,0,0,0
287,356.1487012,3.5856757,12837.188,572772.5,0,0,11434.651,62739.51
288,207.1377535,3.6018908,125421.6,0,0,0,0,0
289,345.5586213,3.6354864,0,0,0,89160.15,0,0
290,595.1644202,3.64181,0,0,2426148.2,3235981.5,0,0
291,312.1579743,3.6491656,0,29328.873,0,0,0,0
292,300.1588685,3.649451,0,0,0,0,0,39098.164
293,169.0494105,3.660719,0,0,0,0,67967.08,0
294,194.0810794,3.660719,0,0,0,0,35303.65,0
295,309.0964571,3.6628833,0,0,0,9918.307,78240.305,0
296,280.1540701,3.6757667,14413.157,0,0,41760.54,11610.431,0
297,432.2793699,3.6787677,0,70040.12,0,0,0,0
298,342.1694915,3.6788094,0,2.22E+07,28561.363,0,0,3497761
299,192.1013968,3.6790621,0,333948.03,0,0,0,47655.62
300,287.1386899,3.707592,70928.37,0,0,177545.64,84772.36,0
301,432.2797588,3.7233174,99962.58,79046.89,0,90845.87,103023.555,117816.83
302,209.0805184,3.7463224,0,51909.883,0,0,0,0
303,468.2222577,3.7490697,0,0,0,0,0,120675.28
304,339.1069436,3.750344,51223.41,0,10669.349,69283.11,161040.05,0
305,174.0911928,3.7549722,0,0,0,0,145923.5,0
306,267.0860603,3.7549722,0,0,0,0,85007.71,0
307,177.0544104,3.7575428,33744.363,57391.098,0,83985.586,0,0
308,340.2589476,3.7588942,346617.75,177723.5,241631.3,260346.92,246298.61,260938.77
309,592.2377497,3.7762089,0,1021096.4,0,0,0,0
310,374.1803722,3.7796037,0,0,94111.47,0,0,0
311,328.1537436,3.7834442,0,141391.31,0,19316.322,0,16438.93
312,625.1753239,3.7974832,159368.3,0,0,1963510.1,0,0
313,344.185007,3.8125067,0,1483914.8,0,0,0,152165.38
314,265.1431034,3.8231213,0,0,0,0,456495.7,0
315,358.1641333,3.843286,0,40366.125,0,0,0,22214.828
316,208.0966252,3.8528543,0,0,0,0,160387.02,0
317,568.2170392,3.8798263,0,99203.85,0,0,0,66391.695
318,276.1228742,3.8872738,0,0,0,4872.082,20434.38,0
319,287.1387847,3.8879676,0,0,0,17069.906,0,0
320,977.2758035,3.893868,46254.645,0,0,0,32275.791,0
321,625.1757543,3.8964455,92493.8,0,538855.5,250782.62,54306.176,0
322,328.1900194,3.9104676,0,652857.06,0,0,0,101516.12
323,578.2222683,3.9108963,0,34079.39,0,0,0,0
324,339.1069858,3.9174638,58781.902,69087.234,165775.16,113636.57,402427.8,0
325,595.1653221,3.9293008,0,0,54077.004,27802.227,0,0
326,379.0996387,3.9323158,14252.732,0,0,19861.277,85553.586,0
327,598.2274595,3.9410667,0,196107.39,0,0,0,57824.125
328,282.1333253,3.9463716,0,0,0,0,134646.94,0
329,357.1173302,3.9463716,0,0,0,0,39791.29,0
330,422.1076065,3.9486537,0,0,0,29132.697,0,0
331,209.0441722,3.9759378,0,15836.203,0,0,0,89640.68
332,194.0810616,3.9849064,0,0,0,0,104304,0
333,177.0544396,3.9856021,66295.555,503540.56,0,0,297357.88,0
334,476.3062573,3.9941037,89622.55,125682.45,84514.164,74153.76,87216.625,98803.47
335,326.1381066,4.0062604,0,155053.69,0,0,0,9835.488
336,342.1694433,4.0062604,0,2503691,0,0,0,87906.49
337,274.1434689,4.0091853,43553.37,193175.33,42153.39,86105.62,35686.31,41111.152
338,191.0701027,4.0150046,0,0,0,0,27808.02,0
339,493.1336134,4.0158887,0,0,0,130801.45,0,0
340,369.1171582,4.0391097,0,275902.62,0,0,0,0
341,469.0421284,4.0391097,0,45578.13,0,0,0,0
342,249.1117798,4.048966,0,0,27221.973,0,0,0
343,225.1119125,4.0795183,0,0,0,0,53412.586,0
344,364.1961338,4.0860806,0,0,0,21545.195,0,0
345,385.1257241,4.0860806,0,0,0,10528.645,0,0
346,328.1540228,4.0866685,0,67233.734,0,30780.729,0,17366.79
347,815.2234765,4.0910378,36362.91,0,0,0,37004.715,0
348,177.0544246,4.139577,22462.582,1631170.1,59657.684,129137.32,0,307265.7
349,311.0756483,4.1469707,0,0,35595.105,10115.518,30760.398,0
350,595.1652641,4.1473856,0,0,72725.914,21606.29,0,0
351,625.1756375,4.1624155,0,0,16342.252,58796.566,0,0
352,469.0421494,4.167632,0,74632.94,0,0,0,31425.297
353,391.0988692,4.1694655,0,108845.07,0,0,0,0
354,330.169268,4.1715736,0,11120.961,0,0,0,17419.965
355,369.1172592,4.1731176,0,3971540.2,133451.84,162748.17,98148.31,768007.4
356,355.172169,4.1767755,0,0,43171.305,55185.43,11021.296,0
357,299.0768262,4.1957035,0,0,0,0,0,18497.178
358,217.1068981,4.207948,166639.84,0,0,0,0,0
359,234.1333884,4.207948,39890.758,0,0,0,0,0
360,477.1386028,4.208291,0,0,50905.773,0,0,0
361,290.1020778,4.21462,0,0,0,0,83722.805,0
362,520.3324957,4.2198434,80694.91,66267.12,70526.93,74631.55,84437.73,82422.65
363,163.0387112,4.2382827,0,0,43123.188,0,0,0
364,180.0654461,4.2450304,0,0,0,0,25864.15,0
365,252.0862816,4.2498503,0,0,0,27255.244,0,0
366,282.1486938,4.2498503,0,0,0,123344.82,0,0
367,449.1073327,4.2641983,0,0,32961.234,132985.97,142644.88,0
368,249.1114627,4.2676635,0,0,386940.34,0,0,0
369,267.1220592,4.2676635,0,0,561206.9,0,0,0
370,446.2009533,4.2676635,0,0,1899035.1,0,0,0
371,625.175469,4.273947,0,0,53602.953,49997.945,0,0
372,213.1021054,4.2750807,0,0,0,0,51038.812,0
373,342.1694618,4.282815,0,270411.97,0,0,0,29974.209
374,355.1017155,4.2857885,0,0,0,0,8259.465,47792.215
375,178.0861829,4.3145437,0,0,0,14419.784,190413.55,0
376,260.1279122,4.319711,0,0,0,27011.777,0,0
377,340.1536033,4.3325977,0,145842.48,0,0,0,16783.727
378,358.2003544,4.347644,0,1142147.5,0,0,0,147157.86
379,507.1495709,4.3501472,0,0,0,130541.63,0,0
380,269.1280671,4.362429,17563.393,0,0,32911.836,0,0
381,314.1743719,4.363917,0,6833028.5,10875.585,0,0,1480118.1
382,177.0543769,4.364443,0,249650.08,0,0,0,54798.14
383,290.1020644,4.3729596,0,0,0,0,61820.008,0
384,207.1378992,4.3738356,31602.574,0,0,0,313050.34,0
385,797.2127748,4.3912964,31044.262,0,0,0,40963.19,0
386,270.0421508,4.3955145,0,12160.447,0,0,0,80727.91
387,387.1275972,4.3955145,0,166812.05,0,0,0,43896.023
388,369.1173595,4.399384,0,156389.8,0,0,69622.74,82930.21
389,217.1068065,4.4266176,0,217977.31,184966.66,246776.4,190592.08,217964.78
390,597.1804962,4.429574,0,0,191009.73,0,0,0
391,564.3583503,4.4307604,77258.445,89840.01,70294.92,61769.79,58084.684,0
392,738.2595707,4.4455442,0,0,0,45311.703,0,0
393,228.1227198,4.449516,0,0,0,0,0,210097.9
394,180.1017558,4.4560537,0,0,0,83758.55,172964.48,0
395,162.0912105,4.4665627,0,0,0,0,54469.55,0
396,565.154764,4.4706726,58902.953,0,0,0,114785.7,0
397,356.1851085,4.4803247,0,127549.914,0,0,0,14999.38
398,479.1183419,4.48052,0,0,0,40466.906,0,0
399,346.1281592,4.4967875,0,0,0,0,46336.56,0
400,282.148559,4.520303,0,0,14186.527,265393,0,0
401,225.1481938,4.5265393,0,0,0,0,135378.98,0
402,366.1330739,4.5333023,0,92543.92,0,0,0,0
403,246.1484886,4.545273,0,0,0,172269.86,0,0
404,760.2801642,4.545273,0,0,0,71684.71,0,0
405,470.3697548,4.545456,18639.203,0,0,12687.921,0,12603.94
406,453.3429717,4.5502267,271473.44,203888.1,190192.83,194286.23,193996,201727.88
407,208.096573,4.558313,0,0,0,0,10187.96,551152.8
408,435.1278872,4.5621414,0,0,207917.1,0,8967.16,0
409,630.2746322,4.583893,0,0,0,0,0,47448.99
410,165.0545097,4.58404,0,0,0,25533.727,167298.05,24611.066
411,289.0700972,4.595174,0,0,1543773.2,0,109162.86,0
412,451.1228857,4.595174,0,0,136785.38,0,12709.253,0
413,597.1799167,4.597743,0,0,1984807.5,0,0,0
414,614.206436,4.597743,0,0,344888.72,0,0,0
415,331.1532822,4.5985727,0,160624.48,0,0,0,0
416,790.290584,4.6055193,0,0,0,42333.87,0,0
417,540.2433669,4.606407,0,263967.56,0,0,0,16179.021
418,608.3844872,4.6204348,47945.6,0,0,57475.48,33389.996,59366.473
419,595.1651561,4.6230183,0,0,16231.21,360566.53,184158.5,0
420,177.0544462,4.6254063,20853.67,0,0,0,207175.75,12114.33
421,342.1694461,4.6291184,0,103135.52,0,15123.954,0,22352.812
422,611.1598604,4.629358,0,0,0,0,429932.1,0
423,197.1170586,4.659026,0,0,0,0,197720.39,0
424,273.0753781,4.66124,0,0,163445.45,0,69046.01,0
425,600.2643555,4.6615505,0,83059,0,0,0,0
426,597.1802355,4.663454,0,0,233239.61,0,0,0
427,692.1261685,4.663454,0,0,32659.559,0,0,0
428,192.1017002,4.6889305,0,0,0,0,116612.92,0
429,390.1537037,4.691901,0,56403.016,0,0,0,0
430,177.0544439,4.701569,0,0,0,0,137063.06,37593.375
431,356.1848408,4.7224207,0,1543180.6,0,0,0,261185.3
432,355.1017314,4.7226863,0,27765.703,0,0,44373.81,151321.1
433,169.1221424,4.723216,0,0,0,0,226403.6,0
434,433.1124045,4.728141,0,0,44001.086,0,53898.13,0
435,344.1850436,4.7375307,0,255320.25,0,0,0,37493.438
436,570.2540575,4.7375307,0,40679.19,0,0,0,6698.6426
437,247.1324787,4.7531724,0,0,0,0,73017.375,0
438,331.1381088,4.7579117,25176.23,40879.8,48948.168,43066.094,46748.71,39691.71
439,366.1751895,4.7579117,17685.846,31834.842,32066.703,33070.082,38880.656,29969.822
440,182.0810093,4.7829375,0,0,0,0,36344.523,0
441,326.7086767,4.795572,39745.47,0,28946.873,0,0,0
442,652.4105452,4.7966967,0,25018.576,30075.346,0,0,0
443,163.1326589,4.8062453,155201.2,164291.52,171360.39,146369.95,156825.98,171157.98
444,521.2013637,4.8076715,0,0,0,0,0,35883.14
445,556.2381897,4.8076715,0,0,0,0,0,213281.34
446,595.1650052,4.810922,20855.807,0,948186.9,8726.396,46940.758,0
447,352.1387689,4.8170767,0,0,0,0,72707.14,0
448,435.1279671,4.8267384,0,0,74845.71,0,0,0
449,563.1390684,4.835294,0,0,0,101055.12,0,0
450,760.2804265,4.835294,0,0,0,70618.91,0,0
451,177.0544183,4.83933,0,38658.96,48848.516,151307.81,0,58476.75
452,453.3430018,4.8533325,208544.98,162269.72,174774.12,143392.98,147547.81,163462.45
453,227.1750451,4.856496,10625.589,10132.744,0,0,0,0
454,328.1900325,4.8638377,0,197801.84,0,0,0,52177.6
455,193.0493679,4.8883815,0,0,103707.49,0,404042,0
456,463.1229936,4.8936033,77730.02,0,634574.44,551842.1,649532.4,0
457,192.0651981,4.8984327,0,401209.34,0,0,0,4425049.5
458,493.1337138,4.9035473,0,0,0,191680.45,0,0
459,296.1277042,4.9338746,0,0,0,0,0,35366.824
460,195.0649698,4.9357114,92002.72,16838.879,43430.062,201286.22,1331327.5,318446.28
461,207.0649238,4.9363413,0,0,0,6771.6855,118711.54,0
462,177.0544383,4.937669,161807.84,29365.158,0,323602.88,2157228.5,457024.22
463,522.2333874,4.9582767,0,48709.215,0,0,0,0
464,357.2349539,4.9590416,54975.41,25850.447,26622.617,0,0,0
465,676.1315156,4.9667635,0,0,0,106616.234,229150.4,0
466,581.1854024,4.970382,2639107.2,0,618397.44,2463916.2,1.09E+07,0
467,463.1225966,4.9841237,0,0,725318.7,382187.97,487720.53,0
468,273.0752561,4.9841704,0,0,106038.016,154551.1,684788.5,0
469,239.1272644,4.9999104,0,0,0,0,252886,0
470,639.1538401,4.9999104,0,0,0,0,250734.83,0
471,627.1901438,5.005792,0,0,179430.03,7358.952,0,0
472,339.1069101,5.0224323,0,60825.277,313111.03,14045.569,0,328294.8
473,227.1273587,5.0260963,0,57257.14,16435.553,11901.822,22600.672,437076.62
474,361.0887068,5.028689,0,0,0,0,0,105597.03
475,377.0626518,5.028689,0,0,0,0,0,155836.47
476,262.1069193,5.029808,0,0,0,0,86881,0
477,245.1379317,5.0306735,21077.863,136868.22,54915.785,31336.559,42744.45,993343.06
478,303.0858442,5.048674,0,0,139018.08,17719.256,24908.348,0
479,247.0960382,5.0534368,0,0,24219.98,0,0,0
480,595.1649511,5.0657268,0,0,0,0,217350.36,0
481,177.0543761,5.073556,0,130607.02,387883.62,0,86884.305,291279.22
482,815.2229019,5.0759892,175257.97,0,0,0,254651.23,0
483,611.1959039,5.080427,18543.29,0,8117.158,58505.64,52470.594,0
484,692.2328196,5.0875964,0,109616.85,0,0,0,0
485,324.1224937,5.0896683,0,80107.21,0,0,0,9881.103
486,566.426824,5.0904016,80357.36,57817.418,0,46918.883,49979.152,55424.734
487,379.2480896,5.091221,0,32701.904,0,36957.42,24241.203,0
488,369.1172249,5.09174,0,0,0,0,0,298798.47
489,407.0730419,5.09174,0,0,0,0,0,167975.44
490,493.1334204,5.093033,0,0,0,887401,305920.78,0
491,342.1692855,5.127883,0,0,0,0,0,75954.32
492,625.1754061,5.143159,108330.93,0,0,94406.69,332188.72,0
493,419.132666,5.1471405,0,0,2037232,0,0,0
494,461.1440273,5.1471405,0,0,66280.375,0,0,0
495,598.2117118,5.1471405,0,0,514814.38,0,0,0
496,273.0751984,5.150565,0,0,1.28E+07,0,903797.3,0
497,581.1854633,5.1515007,221459.84,0,1.54E+07,360943.12,1060222.1,0
498,435.1277732,5.1517644,0,0,1291667.5,18824.594,56761.297,0
499,253.179201,5.15399,0,0,0,0,113375.08,0
500,197.1169792,5.1548233,240654.28,5805.876,0,210484.17,2630990.2,74977.14
501,179.1063521,5.156061,0,0,0,0,460637.56,16892.309
502,260.1275743,5.158132,0,0,0,0,0,437830
503,579.1699898,5.1631446,0,0,5596644,251142.81,278948.03,0
504,509.128667,5.1820054,17690.29,0,0,0,150525.84,0
505,324.1223894,5.187639,0,1560164.2,0,0,0,992318.06
506,247.0959519,5.210712,0,0,979982.5,0,0,0
507,356.1848013,5.22134,0,1174469.5,0,0,0,262833.4
508,265.0966719,5.2317023,72317.76,0,0,0,1243911.2,0
509,301.1637201,5.2330084,0,0,0,0,20595.584,59832.945
510,458.2011713,5.239877,0,0,619037,0,0,0
511,261.1114947,5.244437,0,0,2327446.2,0,45521.21,0
512,369.1171406,5.250922,0,506057.62,0,0,0,2280363.8
513,400.1592686,5.250922,0,180636.4,0,0,0,303111.4
514,292.1173189,5.256085,110318.805,0,0,163512.3,1271605.6,0
515,296.1275132,5.2565827,11852.746,0,0,138613.3,0,276647.2
516,177.0542864,5.2623067,38215.84,598830.9,32654.61,59546.652,225391.2,2443437.2
517,407.0729447,5.265521,0,222237.11,0,0,0,429069.5
518,376.1744464,5.2689395,0,0,77420.56,0,0,0
519,303.0855828,5.2753773,520062.38,0,0,2582973,1625728.2,0
520,449.1431447,5.2753773,599885.06,0,0,3172420.8,1965347,0
521,465.1381853,5.2753773,235822.34,0,0,1382799.2,805428.2,0
522,611.1956852,5.2753773,6962472.5,0,0,3.36E+07,2.13E+07,0
523,509.1282567,5.2927623,55394.86,0,0,0,590690.3,0
524,435.1277714,5.3052206,0,0,1071129.4,0,0,0
525,383.1329082,5.314781,0,483471.75,0,0,0,924256.7
526,414.1749245,5.3151207,0,0,0,0,0,148655.56
527,609.1807304,5.336443,0,0,0,1107247.8,308180.38,0
528,273.075319,5.3562517,0,0,402777.12,0,142663.05,0
529,537.1959797,5.383189,0,0,0,0,0,52298.43
530,358.164039,5.3985095,0,19006.031,0,0,0,52478.434
531,404.2059594,5.402612,0,0,204485.03,0,0,0
532,751.2070514,5.4029574,0,0,0,287477.84,0,0
533,570.2538163,5.413351,0,0,0,0,0,68035.39
534,352.117223,5.4135904,0,1757462.1,0,0,0,231647.31
535,450.1538374,5.4135904,0,59809.332,0,0,0,10301.143
536,449.1432548,5.433506,0,0,2637597.2,60983.215,104243.836,0
537,628.2222785,5.433506,0,0,1490591.2,104872.97,145891.1,0
538,303.0856761,5.434359,200130.22,0,1.56E+07,517900.66,899643.8,0
539,465.1381092,5.434359,10665.098,0,1427204,43896.41,70001.14,0
540,611.195839,5.434359,269503.6,0,1.96E+07,740356.8,1208561.4,0
541,207.1587598,5.4432774,0,848438.2,1129255,1201164.6,848832,844385.1
542,224.1852102,5.4432774,0,279865.5,338297.94,370879.3,275971.75,434056.94
543,368.1485766,5.443532,0,139583.47,0,0,0,14362.775
544,678.2535596,5.443532,0,162281.75,0,0,0,7869.2295
545,708.2638161,5.443532,0,718764.75,0,0,0,36434.48
546,342.1330681,5.4438972,0,130486.58,0,0,40781.895,15378.277
547,609.1809579,5.467559,0,0,2971750,0,10900.508,0
548,781.2172752,5.470783,12900.893,0,0,279867.9,0,0
549,445.2876564,5.471293,83775.98,0,0,0,0,0
550,653.1702467,5.4729548,64589.062,0,0,0,549511.44,0
551,284.0576494,5.475808,0,64229.504,0,6692.3076,13485.144,318082.8
552,171.1012887,5.477653,0,25574.785,0,0,9105.228,255358.92
553,874.3265563,5.4778,0,268829.66,0,0,0,0
554,517.1334748,5.48969,0,0,176988.11,0,0,0
555,692.2324572,5.507971,0,123010.33,0,0,0,0
556,507.1495888,5.530042,0,0,0,22083.674,0,0
557,470.1805779,5.5355673,10668.702,0,0,0,145682.33,0
558,260.1275764,5.5488205,0,0,0,0,0,409387.66
559,570.2537807,5.5488205,0,0,0,0,0,155436.5
560,177.054399,5.5537486,0,0,29504.729,193756.66,0,18329.125
561,463.123023,5.5567045,16924.182,0,36297.312,67380.95,126727.61,0
562,167.1064981,5.5690227,17434.705,0,0,18543.92,178531.8,0
563,301.1640837,5.574955,0,0,0,0,32282.727,97650.31
564,653.1701442,5.588914,196824.12,0,882397.94,65457.137,2044669.8,0
565,683.1805745,5.595568,99872.81,0,241390.19,0,838550.6,0
566,274.106986,5.6006875,0,0,0,0,99752.945,0
567,904.33732,5.604329,0,56956.316,0,0,0,0
568,308.0912954,5.6065674,0,30946.918,0,0,0,14039.574
569,184.1330679,5.6088057,0,0,0,0,0,39170.953
570,544.2019467,5.6211996,0,0,257934.12,0,0,0
571,258.1121075,5.635844,0,0,0,22190.184,301400.53,0
572,245.1379619,5.638807,0,0,0,0,52795.07,167778.78
573,303.0858831,5.6407833,0,0,198715.95,15039.327,72493.89,0
574,420.1435176,5.6411924,0,28241.445,0,0,0,37140.19
575,554.2224975,5.643024,0,0,0,0,0,75641.31
576,463.1228711,5.6607704,0,0,399765.6,41416.39,25364.766,0
577,531.1491823,5.665825,0,0,0,57245.973,9670.313,0
578,623.1595306,5.6724195,0,0,154490.94,0,125373.984,0
579,448.2111876,5.6732683,0,0,0,0,0,40987.46
580,465.1386366,5.6881056,0,0,9447.56,0,139054.23,0
581,489.3140776,5.693167,34923.633,0,0,0,0,0
582,394.1280499,5.701146,0,37516.957,0,0,0,0
583,667.1854175,5.71242,0,0,204354.98,0,0,0
584,272.1278519,5.729113,0,0,0,0,40513.42,0
585,509.1288137,5.73009,11102.9795,0,0,0,102151.17,0
586,493.1335452,5.734142,0,0,42084.59,127264.65,39385.95,0
587,725.2273865,5.7416215,0,0,2725525.5,0,0,0
588,303.0859693,5.750243,0,0,104936.44,0,28511.98,0
589,302.1018289,5.7588644,0,0,0,0,118501.14,0
590,592.3714254,5.761835,11507.602,0,0,0,0,0
591,315.0856384,5.7637973,0,0,110577.91,3154147.5,941930.7,0
592,704.2329013,5.764947,0,55800.965,0,0,0,0
593,904.3375378,5.764947,0,71633.25,0,0,0,0
594,570.2541967,5.7652454,0,0,0,0,7979.456,268780.8
595,356.1848781,5.7716265,0,0,0,0,0,199189.08
596,500.191008,5.7930355,0,0,0,0,60590.742,0
597,351.070521,5.7954483,0,0,0,21702.955,299473.38,0
598,369.1174801,5.80637,0,55406.016,0,0,0,299676
599,407.0732427,5.810251,0,0,0,0,0,110698.07
600,177.054389,5.820562,0,0,13333.534,109439.586,226114.11,0
601,258.1121961,5.8226757,0,0,0,0,73793.65,0
602,611.1965798,5.825471,0,0,0,48957.977,31852.004,0
603,1095.297648,5.8282657,0,0,0,34840.76,0,0
604,708.2644695,5.83321,0,42990.836,0,0,0,0
605,338.1380053,5.869442,0,416184.28,0,0,0,58715.664
606,400.1232987,5.8899126,0,0,0,0,36609.45,0
607,306.1332591,5.9202003,0,0,0,0,27338.385,0
608,322.106738,5.934366,0,541091.75,0,0,0,169920.66
609,370.2005154,5.934366,0,148216.72,0,0,0,36523.805
610,579.1696797,5.936802,0,0,215830.17,0,0,0
611,755.2376599,5.936802,0,0,4662329.5,0,0,0
612,809.1566049,5.936802,0,0,126729.21,0,0,0
613,623.1588632,5.9632006,0,0,60048.555,0,7553.828,0
614,521.165212,5.9672594,0,0,0,241599.66,0,0
615,808.3156011,5.96757,0,38240.64,0,0,0,0
616,408.1432251,5.9706993,0,50244.688,0,0,0,47843.832
617,296.1277435,5.973829,0,0,0,0,0,70370.86
618,536.2121884,5.973829,0,0,0,0,0,86489.41
619,338.1380442,5.985465,0,9554003,0,0,0,978930.9
620,383.0966248,5.989247,0,0,0,0,140461.11,0
621,667.1858459,5.989247,0,0,0,0,84933.81,0
622,873.265052,5.994175,65839.51,0,0,0,35056.93,0
623,366.1909259,5.9991026,12597.537,0,0,0,0,0
624,505.2060901,6.0036793,0,0,0,0,0,218590.78
625,540.2436806,6.0036793,0,0,0,0,0,289221.47
626,162.0911532,6.018898,0,0,0,0,172696.16,0
627,531.149286,6.02298,0,0,0,332709.53,95200.55,0
628,209.1169609,6.0260124,0,0,0,0,7937.865,100024.83
629,262.1644738,6.0260124,0,0,0,0,9408.751,166522.78
630,177.0544424,6.0270624,0,0,0,78951.28,0,0
631,333.0962546,6.0270624,0,0,0,49612.78,0,0
632,639.191054,6.0270624,0,0,0,93695.555,0,0
633,320.0912585,6.029992,0,65708.7,0,0,0,7552.7305
634,372.1798169,6.029992,0,26756.44,0,0,0,300666.6
635,261.1116399,6.06398,0,0,2.06E+07,0,1016733.56,0
636,279.122289,6.06398,0,0,431536.25,0,22972.658,0
637,243.1011197,6.070677,0,0,2193775.5,0,0,0
638,296.1487419,6.070677,0,0,4347897.5,0,0,0
639,301.1040781,6.070677,0,0,527041.56,0,0,0
640,317.0778924,6.070677,0,0,567906.94,0,0,0
641,253.1793826,6.0871754,0,0,0,0,48073.246,0
642,265.1430658,6.0871754,0,0,0,0,62423.598,0
643,513.1387766,6.0892744,0,0,0,232391.9,48994.227,0
644,704.2327771,6.0927186,0,84784.3,0,0,0,0
645,422.15916,6.0952168,0,48482.184,0,0,0,33453.324
646,241.2033076,6.0965314,11843.089,69788.64,0,7260.6924,0,28465.2
647,519.1859839,6.0977144,0,0,0,0,0,58456.734
648,201.111943,6.123604,0,0,0,0,9529.42,69807.67
649,324.216494,6.1301165,0,0,0,0,0,97178.625
650,340.153916,6.1301165,0,0,0,0,0,124688.44
651,207.065023,6.1312675,48046.832,0,9337.672,89146.6,591348.25,0
652,501.1386594,6.1343136,0,0,66118.6,98960.51,0,0
653,177.0543794,6.1371765,0,0,63019.14,308511.12,130938.22,0
654,667.1858092,6.151584,0,0,0,0,94969.37,0
655,538.2283733,6.1602683,0,0,0,0,0,61494.598
656,859.2494088,6.1602764,79088.234,0,0,0,121857.05,0
657,531.1493411,6.169831,0,0,126626.81,1648887.4,363912.12,0
658,326.1381592,6.1812015,0,0,0,0,110766.69,0
659,961.2964355,6.189057,0,0,0,53546.2,0,0
660,856.316262,6.1934423,0,252461.6,0,0,0,0
661,886.3271696,6.1934423,0,33110.16,0,0,0,0
662,324.216439,6.2254634,0,0,0,0,0,105217.31
663,614.280276,6.2254634,0,0,0,0,0,37491.152
664,683.1812643,6.228486,0,0,11470.869,0,100179.52,0
665,322.1068031,6.259793,0,321902.28,0,0,0,34028.453
666,354.1694357,6.259793,0,82607.76,0,0,0,61138.19
667,607.164992,6.2683034,0,0,32880.07,104875.43,20066.629,0
668,406.2317639,6.268702,0,0,38353.773,0,0,0
669,248.1277846,6.278742,0,0,0,0,154809.27,0
670,667.1860075,6.278742,0,0,0,0,59490.34,0
671,653.1702787,6.288859,0,0,37231.855,0,135208.58,0
672,284.1276215,6.2899585,0,0,0,0,0,763103.1
673,201.0544151,6.295805,0,0,0,118284.41,0,0
674,704.2331263,6.312474,0,196106.61,0,0,0,18927.078
675,637.175555,6.3207855,12721.951,0,184464.67,981733.7,143307.64,0
676,356.1486817,6.322781,0,0,0,0,0,91741.414
677,572.269531,6.322781,0,0,0,0,0,193840.75
678,1109.31254,6.325715,0,0,0,61098.12,0,0
679,207.1377462,6.338854,0,0,0,0,391984.62,0
680,436.1749397,6.3430595,0,31774.055,0,0,0,29429.66
681,519.18554,6.353249,0,0,0,0,0,43590.805
682,536.2124877,6.353249,0,0,0,0,0,43450.562
683,433.1482927,6.3725834,0,0,0,0,423531.06,0
684,441.1177816,6.373894,0,0,62580.957,0,0,0
685,315.0853826,6.3807373,0,0,0,36611.617,17443.15,0
686,595.2009935,6.3807373,0,0,0,2878451,5554542.5,0
687,284.0577696,6.3879986,0,0,0,0,0,38708.348
688,554.2594047,6.418222,0,0,0,0,0,39246.46
689,356.1487424,6.4266496,0,15149.343,0,0,0,193959.6
690,448.1750194,6.4266496,0,22566.113,0,0,0,23708.895
691,229.1219519,6.433502,0,0,0,0,344491.53,0
692,532.195876,6.435077,0,34736.42,0,0,0,0
693,287.0908325,6.435985,0,0,1750498.9,170124.08,338512.9,0
694,247.132468,6.436363,71105.5,0,0,0,1211231.5,0
695,382.2582319,6.4485235,0,0,0,0,0,154362.97
696,449.1432021,6.459532,0,0,97171.11,0,191162.2,0
697,265.1431206,6.460186,0,0,0,0,273409.25,10967.339
698,704.2327076,6.4614563,0,19672.941,0,0,0,58048.633
699,253.142936,6.4727106,6848.207,0,0,0,111607.04,0
700,887.2802813,6.4727106,113382.234,0,0,0,100272.34,0
701,474.1545747,6.474389,0,68518.086,0,0,0,0
702,917.2910629,6.4781046,21979.691,0,0,0,0,0
703,352.1173915,6.48063,0,71828.01,0,0,0,114268.625
704,530.1805243,6.48063,0,67645.75,0,0,0,85680.57
705,314.1382402,6.488038,0,0,0,35853.41,0,28206.004
706,501.211371,6.510226,0,0,64982.23,0,6286.6147,31800.156
707,436.1748817,6.510701,0,38788.02,0,0,0,61609.44
708,165.1271854,6.5269737,0,0,0,0,32649.846,0
709,209.1532545,6.5269737,0,0,0,0,602336,0
710,306.133106,6.5269737,0,0,0,0,349262.38,0
711,343.116942,6.5269737,0,0,0,0,55207.93,0
712,887.2803881,6.5299172,135915.11,0,0,21442.625,189945.44,0
713,259.0960753,6.536727,0,0,274497.7,0,5714.5874,0
714,595.2012661,6.536727,0,0,2084404.8,0,21268.256,0
715,681.2019413,6.5411015,0,0,0,46944.133,14655.796,0
716,477.1966339,6.5422287,9425.635,14599.454,0,11663.299,11059.256,0
717,494.222705,6.5443344,32874.41,57681.01,300571.78,42278.58,47006.54,66006.1
718,422.1592734,6.54529,0,14890.474,0,0,0,31089.518
719,277.1066939,6.5464797,0,0,204368.33,0,0,0
720,436.123084,6.5464797,0,0,139475.33,0,0,0
721,345.0963717,6.5625687,0,0,0,0,25774.232,0
722,667.1854632,6.565571,6190.517,0,12402.119,11799.197,155634.17,0
723,516.2010573,6.577739,0,13394.806,0,0,0,6090.866
724,505.2060479,6.5802794,0,0,0,0,0,54550.35
725,521.2010745,6.5802794,0,0,0,0,0,250994.69
726,568.2380061,6.5802794,0,0,0,0,0,68075.71
727,315.0858096,6.5909758,0,0,0,273304.7,65991.23,0
728,452.1697219,6.608091,0,39972.254,0,0,0,11899.36
729,293.1955679,6.614367,24341.645,0,19570.773,19748.748,18953.617,18474.059
730,695.2172485,6.6156316,51456.062,0,0,0,312691.22,0
731,273.0318032,6.6169457,17827.7,0,0,23095.96,10074.2295,14375.982
732,790.2542239,6.622829,0,0,0,187419.36,0,0
733,309.0964574,6.6248207,0,0,0,71454.06,11491.742,0
734,773.2276364,6.6248207,0,0,0,455413.28,78211.94,0
735,553.1544872,6.6329093,39000.61,0,0,0,464291.9,0
736,711.2121221,6.641517,0,0,0,34491.4,1099931.4,0
737,503.1905959,6.6421385,0,50270.562,0,0,0,130676.3
738,418.1851614,6.644381,0,0,0,0,0,86814.2
739,536.2492771,6.6490765,0,0,185398,24438,0,0
740,494.2223558,6.6523986,0,0,0,9508.093,10275.051,11820.588
741,530.1805832,6.6715755,0,25099.992,0,0,0,23697.861
742,352.1536704,6.675395,0,2.41E+07,29739.492,0,29422.824,2979280.8
743,336.1955644,6.6869674,0,0,0,38361.09,0,0
744,247.0961415,6.7063622,0,0,482118.3,0,0,0
745,461.1797618,6.707554,0,0,0,0,0,107287.25
746,503.1906148,6.716696,0,0,0,13045.911,0,259856.64
747,221.0806201,6.720656,0,0,0,0,313749.12,0
748,384.2951298,6.7230945,35032.375,0,29935.568,23642.803,29016.61,0
749,436.1234049,6.7311172,0,0,67186.64,16326.129,0,0
750,567.3496217,6.7403345,0,0,1160101,0,0,0
751,589.3313686,6.7403345,0,0,198186.47,0,0,0
752,605.3052324,6.7403345,0,0,117140.305,0,0,0
753,211.1690676,6.7450037,11417.2705,0,0,0,174515.34,0
754,242.1171937,6.7504854,0,0,0,0,280084.5,0
755,507.1499025,6.755872,0,0,0,30197.277,0,0
756,383.0756324,6.7629642,0,0,112005.84,20758.143,0,0
757,304.0974263,6.76546,0,148790.14,0,0,0,0
758,320.0914362,6.76546,0,497018.1,0,0,0,0
759,337.125096,6.76546,0,4.06E+07,0,0,0,0
760,472.1747855,6.765877,0,0,0,0,0,133486.53
761,278.0804083,6.7831664,0,305881.53,0,0,0,70409.74
762,306.0766803,6.7831664,0,164752.1,0,0,0,32593.887
763,345.0964169,6.7856236,0,0,0,210661.8,44136.65,0
764,653.2072469,6.790458,0,0,0,55739.184,0,0
765,336.1225711,6.8005843,11385.406,2.06E+08,541301,0,89202.56,5.21E+07
766,545.1651143,6.8249288,0,0,0,69635.984,0,0
767,697.1963569,6.82719,0,0,186140.16,44805.527,1458622.8,0
768,191.142794,6.8290334,11398.348,0,0,0,180890.89,0
769,203.0336265,6.838387,0,0,434670.4,0,0,0
770,333.0597555,6.847664,0,0,0,0,48657.113,0
771,515.1541503,6.8510866,0,0,0,143272.52,30720.957,0
772,584.2697052,6.8528814,0,0,0,58321.35,0,34590.332
773,461.1797351,6.8569164,0,0,0,20534.977,0,295768.7
774,352.15323,6.858053,0,90170.75,0,0,0,0
775,520.2173015,6.858106,0,0,98156.81,218880.05,37122.43,2502244.2
776,530.1800258,6.8586884,0,584213.3,0,0,0,433141.66
777,503.1905352,6.861587,0,0,30342.807,70832.76,0,1014784.06
778,287.0548322,6.8780766,0,0,25981.508,0,54086.535,0
779,303.0495897,6.885225,0,0,0,0,49076.848,0
780,345.0963651,6.886347,0,0,0,94734.586,25807.465,0
781,468.2005402,6.8903913,0,0,0,0,0,93698.34
782,219.0649307,6.9101615,0,0,291193.66,0,88617.06,0
783,291.1223029,6.9101615,0,0,496847.97,0,146731.34,0
784,309.0864488,6.9149575,0,0,0,0,605509.56,0
785,653.2072831,6.91783,0,0,0,15429.209,0,0
786,308.2214428,6.9225907,0,45328.676,0,0,0,2137020.2
787,488.2059634,6.9252863,0,79248.23,0,0,0,0
788,536.2272687,6.9252863,0,80867.57,0,0,0,0
789,212.1642573,6.943654,8062.413,0,13466.209,16631.969,13141.711,14061.692
790,328.1535352,6.947339,0,0,0,0,70616.97,25703.283
791,545.165246,6.959735,0,0,19664.23,234839.84,0,0
792,267.1950457,6.977571,0,0,0,0,130343.25,0
793,190.0860394,6.9887695,0,0,0,0,0,289335.3
794,546.2115478,6.9898043,0,50111.637,0,0,0,22185.902
795,247.0963811,7.002806,0,0,65832.75,0,0,0
796,581.1857951,7.0040054,231531.12,0,12359.169,0,2486763.2,0
797,391.6611911,7.0068283,0,0,0,0,111060.984,0
798,728.3966358,7.009363,324299.2,0,0,687593.2,3362465.8,0
799,750.378572,7.009363,66479.58,0,0,181488.1,458540.97,0
800,766.3525365,7.01166,0,0,0,55467.266,182008.1,0
801,227.1273629,7.0128107,0,0,0,0,69241.78,144679.03
802,366.1697084,7.021581,0,28427.16,0,0,0,0
803,651.1907694,7.0277624,0,0,0,106214.03,40117.67,0
804,505.2063221,7.057213,0,22803.129,0,0,0,122791.67
805,522.2333214,7.057213,0,40387.21,0,0,0,111524.95
806,702.2175956,7.061132,0,33457.137,0,0,0,0
807,603.1672181,7.068461,0,0,0,0,120455.43,0
808,436.1236574,7.0733366,0,0,64706.85,0,0,0
809,1005.323055,7.080719,0,0,0,18146.678,0,0
810,198.1486843,7.08347,0,0,0,0,0,202354.5
811,554.2595504,7.08347,0,0,0,0,0,130251.695
812,536.2275424,7.0919924,0,70576.41,0,0,0,0
813,341.1376516,7.0981836,0,0,0,0,62047.86,0
814,375.1067916,7.1042585,0,0,0,161688.38,45729.484,0
815,329.1015187,7.1236086,0,0,0,2706058.5,369935.75,0
816,237.1481916,7.1368837,0,0,0,0,20932.387,0
817,450.1907226,7.1393356,0,176563.81,0,0,0,141214.06
818,1083.296336,7.1420555,0,0,0,43184.3,0,0
819,545.2381129,7.143538,0,0,46094.97,0,0,0
820,580.2753242,7.143538,0,0,69581.82,0,0,0
821,601.2045802,7.143538,0,0,20959.812,0,0,0
822,522.2341847,7.1479163,0,0,0,0,0,334611.84
823,436.1749152,7.1696596,0,25558.21,0,0,0,43798.715
824,361.1276447,7.1723514,0,0,0,88353.086,0,0
825,350.1381904,7.204028,0,514311.25,0,0,0,126783.56
826,586.2853237,7.216089,0,0,0,0,0,53742.45
827,787.243401,7.2187243,0,0,0,395527.97,79164.13,0
828,360.2374302,7.223342,0,0,0,0,12645.011,73465.984
829,487.1957165,7.2235446,0,15075.422,0,0,0,222880.72
830,505.2061583,7.2235446,0,32614.602,0,0,0,565067.06
831,390.0765271,7.2305946,0,0,0,0,154672.78,0
832,747.2085026,7.2305946,0,0,0,0,171989.03,0
833,725.2270429,7.230923,1191995.5,0,0,0,1.16E+07,0
834,323.112037,7.2408624,0,0,0,109017.25,0,0
835,423.2351839,7.2442837,0,0,9516.318,0,0,0
836,651.191311,7.2715077,0,0,0,127771.44,0,0
837,244.0965335,7.2973857,0,0,0,0,66819.14,0
838,277.1281427,7.307434,14834.758,18722.559,15260.22,15668.6875,0,22590.037
839,299.1098763,7.3079786,9323.566,0,8906.2295,0,0,0
840,384.107102,7.322907,0,210390.05,0,0,0,2367756.5
841,725.2277214,7.329669,4797.111,0,0,0,53997.934,0
842,456.179955,7.330871,0,135005.45,0,0,0,0
843,563.1578423,7.365931,0,0,0,20113.69,0,0
844,269.1743724,7.367163,0,22230.24,0,0,74839,104075.87
845,422.3101777,7.367163,0,16846.863,0,0,58048.312,123501.555
846,427.2658617,7.367163,0,10312.866,0,0,69208.266,144749.8
847,487.1940994,7.382606,0,0,0,0,0,549729.9
848,636.2792664,7.382606,0,0,0,0,0,134367.16
849,545.2377769,7.384679,0,0,97939.25,0,0,0
850,594.2904266,7.384679,0,0,64402.938,0,0,0
851,601.2041655,7.384679,0,0,76168.88,0,0,0
852,486.1907762,7.388945,0,1823857.6,10409.946,0,0,1405729.6
853,336.1223576,7.391079,0,347818.28,0,0,0,248642.19
854,208.0964146,7.3919544,0,0,0,0,345500.1,0
855,580.2748615,7.394511,0,0,331761.2,35213.79,0,0
856,329.1014594,7.403624,0,0,224743.61,3138793.2,1740616.2,0
857,209.08047,7.4126315,0,0,0,9534.583,392928.9,21894.686
858,681.2012951,7.434021,0,0,0,396841.7,0,0
859,191.1639714,7.444883,37974.547,33417.676,27016.553,32469.967,24960.12,31467.469
860,505.2051457,7.4501386,0,8421.193,5175.3975,0,0,669512
861,190.1258016,7.4681497,7859.1787,0,0,10749.366,90934.75,10987.248
862,305.1017208,7.4733224,0,0,0,12475.72,0,0
863,502.2215169,7.485689,0,82317.06,0,0,0,45586.047
864,289.1643658,7.4915404,11353.99,11818.291,11221.424,0,10078.64,0
865,694.2639673,7.4950075,0,32031.748,0,0,0,0
866,501.1750026,7.500341,0,5704.346,0,0,0,109064.74
867,550.2431892,7.503857,0,82692.234,0,0,0,89440.41
868,321.0927938,7.5056744,0,0,0,0,0,73656.37
869,522.232464,7.5056744,0,0,0,0,0,1177401.1
870,522.2545994,7.5236444,13811.38,0,0,0,26663.857,0
871,185.1170097,7.5393167,0,0,0,0,0,263117.44
872,298.0731087,7.5393167,0,0,0,0,0,209925.9
873,203.1275759,7.5564437,8206.838,81448.32,0,0,49771.73,1293870.8
874,464.2064071,7.568618,0,166138.47,0,0,0,76581.1
875,505.2279039,7.5849276,10085.87,0,18711.986,23860.066,18727.174,0
876,273.0753082,7.5863094,0,0,692554.7,0,745380.06,0
877,522.254432,7.5870523,25233.94,50073.406,63081.785,71894.28,56614.76,0
878,241.143037,7.609664,0,0,0,0,24889.408,106352.56
879,695.2173605,7.6170454,0,0,0,0,85673.61,0
880,725.2277781,7.6170454,0,0,0,0,241714.81,0
881,276.1803577,7.6290703,0,0,0,0,75071.195,159673.84
882,225.1117504,7.6410956,0,0,0,0,0,111620.914
883,621.1809862,7.6421547,0,0,0,46754.57,0,0
884,281.1356992,7.6484995,0,0,0,0,71139.54,137458.22
885,536.2269597,7.653606,0,34299.168,0,0,0,96056.484
886,442.3370625,7.6663327,72554,48206.203,50778.98,54374.465,50315.598,51634.1
887,245.1379572,7.6781244,0,0,0,0,43235.527,108896.055
888,259.153624,7.6781244,0,0,0,0,104207.22,324826.06
889,396.0159687,7.6787176,0,0,0,37823.07,5708.7925,0
890,301.0703578,7.679531,19635.203,0,0,1560920.9,0,0
891,400.2113319,7.6857696,0,0,0,0,222110.58,0
892,712.3166379,7.689788,6371.1963,0,12644.291,25695.773,63639.047,0
893,544.1965836,7.696884,0,47516.3,0,0,0,0
894,501.1748401,7.7003446,0,0,0,0,0,251040.84
895,487.1953046,7.7007327,0,0,0,48673.07,0,35501.457
896,505.2057724,7.7007327,0,0,0,22144.637,0,189189.78
897,547.216926,7.7102275,0,0,23135.914,52161.324,0,0
898,564.2434045,7.7102275,0,0,121226.56,367192.3,0,0
899,585.1726347,7.7102275,0,0,25338.686,60568.996,0,0
900,299.0910644,7.7273912,0,0,0,353214.88,185891.88,0
901,562.2432727,7.736622,0,46173.26,0,0,0,0
902,520.2540673,7.7496247,0,0,65815.97,0,0,0
903,725.2279136,7.749994,0,0,0,0,55371.086,0
904,366.0967592,7.7649083,0,0,0,0,0,57601.99
905,442.1647249,7.7674437,0,47793.777,0,0,0,0
906,560.22743,7.770548,0,12597.893,0,0,0,218917.5
907,329.1015622,7.772368,0,0,0,1213623.1,227693.44,0
908,271.0598292,7.77476,0,0,217756.88,117991.414,82090.49,0
909,221.0706703,7.8036823,0,0,0,0,0,813831.56
910,464.2064734,7.8049655,0,154349.83,0,0,0,122802.54
911,226.1798319,7.811661,146275.84,247795.31,267977.2,269771.25,226581.52,285765.1
912,244.1903861,7.811661,89090.93,144791.28,148780.77,140553.75,138388.53,161149.31
913,261.1117216,7.8133006,0,0,1347825.5,0,0,0
914,283.0937129,7.8133006,0,0,232491.22,0,0,0
915,292.153874,7.8133006,0,0,215050.47,0,0,0
916,243.1012397,7.819061,4462.5205,0,4868369.5,0,61806.945,0
917,359.1119367,7.8325915,0,0,0,626589.1,0,0
918,260.0914319,7.8334327,0,0,0,0,0,136697.78
919,450.1907248,7.8349876,0,34186.35,0,0,0,80364.89
920,704.3963665,7.846957,0,0,0,0,905804.8,0
921,331.080698,7.855232,10263.932,0,0,722736.4,153428.02,0
922,368.1121962,7.862712,0,0,0,0,0,83325.68
923,487.1957261,7.868933,0,99507.32,10302.998,0,0,1699144.4
924,205.1432595,7.890558,35478.836,35332.29,33984.33,31477.277,35145.094,37679.977
925,303.0859677,7.9041343,0,0,249064.6,108330.5,392047.12,0
926,277.1070151,7.907272,0,0,18169.559,0,0,0
927,498.2482814,7.907272,0,0,81298.88,0,0,0
928,564.2577493,7.91695,0,265545.1,0,0,0,136730.1
929,1215.339351,7.9178257,9369.487,0,0,0,78177.49,0
930,277.2160511,7.9298882,7552.91,28936.115,0,0,0,438542.78
931,562.2430579,7.9318914,0,290694.28,0,0,0,668158.2
932,295.2265388,7.9320674,22984.13,70357.54,12988.9,32049.54,302079.8,1068932.4
933,348.273918,7.9320674,29879.11,104138.91,16623.305,41556.29,347564.6,1427527.4
934,213.1481965,7.933821,0,0,0,0,63763.77,184352.34
935,369.2033466,7.933821,0,0,0,0,71492.484,246693.17
936,353.2292544,7.9343762,0,19995.04,0,0,117227.08,439556.16
937,343.2472348,7.9393463,0,0,0,0,62622.84,0
938,195.1377684,7.941328,0,18616.004,0,9974.097,88691.266,240924.28
939,331.0807347,7.971062,0,0,43809.21,217558.38,80719.55,0
940,442.164498,7.974592,0,27162.953,0,0,0,0
941,363.1062935,7.9918575,0,0,0,30312.445,0,0
942,241.1430598,7.9943895,0,0,0,0,0,223834.89
943,281.1357071,7.9943895,0,0,0,0,0,133895.97
944,301.0703722,7.9998136,36764.87,0,204766.45,407347,422825.47,0
945,739.2431088,8.005163,0,0,0,0,402995.47,0
946,361.0911873,8.028294,0,0,0,283883.38,187626.05,0
947,230.0809243,8.031754,0,78673.95,0,0,0,1621898.1
948,348.2739075,8.031754,0,44301.586,0,0,0,515377.88
949,501.2112777,8.059009,0,0,0,0,0,405622.56
950,377.0860952,8.060387,9359.29,0,0,15149.777,141898.2,0
951,375.1432518,8.062443,0,0,0,550760.75,322154.4,0
952,564.2587826,8.070003,0,237092.6,0,0,0,0
953,578.2745105,8.070003,0,25353.646,0,0,0,0
954,263.1276065,8.075335,0,0,56388.336,0,0,0
955,550.2431768,8.100678,0,85633.375,0,0,0,0
956,271.059864,8.125108,0,0,0,51997,0,0
957,255.0760719,8.131454,0,0,0,0,42710.734,0
958,258.1121841,8.131454,0,0,0,0,269174.66,0
959,331.0808111,8.132276,0,0,15930.676,660507.5,123150.055,0
960,435.1281193,8.15503,0,0,0,77307.78,0,0
961,536.2699412,8.159044,7232.4023,0,0,0,14971.792,0
962,291.1950568,8.18732,0,0,0,0,0,249303.16
963,480.2373168,8.18732,0,0,0,0,0,219252.73
964,288.0862901,8.188296,0,0,0,130156.414,29989.893,0
965,309.2054871,8.189453,0,0,0,0,23329.02,394827.94
966,504.2223506,8.194342,0,91377.66,0,0,0,2755372.2
967,389.1222225,8.218875,0,0,0,2928033,0,0
968,312.0873314,8.225276,0,0,0,0,0,145342.28
969,487.1955377,8.225276,0,0,0,0,0,1999476.4
970,478.2222637,8.263439,0,129998.52,0,0,0,123585
971,199.1803121,8.270801,29588.703,30114.627,23972.568,26200.592,25766.252,37933.492
972,322.2372467,8.280633,0,24093.754,0,0,0,939248.3
973,329.1013666,8.287025,0,0,0,192745.48,141903.72,0
974,501.2113701,8.289554,0,0,0,0,0,219804.89
975,536.2484709,8.289554,0,0,0,0,0,811502.75
976,541.2036546,8.289554,0,0,0,0,0,126685.27
977,557.1777549,8.289554,0,0,0,0,0,145966.03
978,489.2107253,8.307087,0,0,0,0,110709.125,10397.664
979,359.1116029,8.312292,0,0,0,4756678.5,0,0
980,550.2655685,8.323414,0,0,0,0,0,121633.18
981,450.2694933,8.330294,0,0,16964.445,0,0,48717.094
982,478.2222051,8.353638,0,0,0,0,0,224785.14
983,696.3368686,8.353638,0,0,0,0,0,50808.01
984,386.1229998,8.388288,0,0,0,0,0,102964.11
985,534.2340948,8.388288,0,0,0,0,0,61898.273
986,288.0861379,8.391817,13153.927,0,0,0,147252.12,0
987,375.1327996,8.392843,0,0,0,0,690377.06,0
988,358.1037244,8.400145,0,0,0,106646.19,62775.54,0
989,373.1273657,8.406762,2072135.6,0,1266348.5,3.01E+07,1.91E+07,0
990,374.1305095,8.407447,0,0,0,6652800.5,0,0
991,395.1090922,8.422152,0,0,0,0,169842.05,0
992,464.2066221,8.438094,0,16729.66,0,0,0,0
993,476.2064907,8.443649,0,37337.164,0,0,0,115875.82
994,490.2216194,8.443649,0,54860.516,0,0,0,29939.516
995,506.2171055,8.463032,0,31343.86,0,0,0,124196.18
996,478.2220773,8.482198,0,170319.08,0,0,0,412952.62
997,519.2216848,8.482198,0,15729.211,0,0,0,103671.38
998,450.2692233,8.484091,20835.271,24983.979,21244.668,0,23427.383,87620.695
999,181.122083,8.489648,141508.83,0,13239.544,55712.793,1397249,36366.164
1000,464.2065059,8.512221,0,56706.395,0,0,0,219860.2
1001,361.0909923,8.512487,0,0,0,117698.74,49412.855,0
1002,500.3787884,8.519553,40147.773,0,0,0,0,0
1003,389.122288,8.526063,358857.06,0,0,1.18E+07,4881610,0
1004,411.1042123,8.529318,0,0,0,251692.8,133129.88,0
1005,427.0780577,8.529318,0,0,0,175677.94,89757.59,0
1006,353.2293276,8.585184,0,0,0,0,35422.555,164718.44
1007,382.09144,8.585855,0,0,0,0,0,172587.16
1008,400.1020287,8.585855,0,0,0,0,0,236565.02
1009,488.2062912,8.601463,0,36052.08,0,0,0,124916.16
1010,403.1384262,8.605962,0,0,50082.363,0,0,0
1011,490.2218426,8.611481,0,46070.883,0,0,0,87396.375
1012,217.1431716,8.615251,0,0,0,0,10147.758,139025.9
1013,239.1268429,8.615533,0,0,0,0,0,36009.668
1014,564.2581108,8.631504,0,61508.47,0,0,0,59896.434
1015,506.2171817,8.6798935,0,135480.25,0,0,0,204888.28
1016,465.1391464,8.6846,0,0,0,0,88840.36,0
1017,510.2482636,8.717897,0,66338.69,0,0,0,382614.72
1018,519.2219957,8.717897,0,11438.659,0,0,0,209348.5
1019,536.2485133,8.719499,0,0,0,0,0,446349.06
1020,287.2212279,8.72287,0,0,0,0,551640,0
1021,325.1770709,8.72287,0,0,0,0,99307.695,0
1022,251.2001326,8.732186,0,0,0,47900,500731.53,0
1023,269.2108232,8.732186,0,0,0,71711.22,758804.06,0
1024,217.0492859,8.743831,0,0,2818298.5,0,0,0
1025,490.2218826,8.747846,0,92606.484,0,0,0,462530.47
1026,462.2268158,8.749087,0,0,0,0,0,92694.83
1027,405.1175023,8.76842,0,0,10433.027,104369.95,98126.74,0
1028,317.101587,8.771479,0,0,0,39514.227,0,0
1029,391.1016009,8.773264,0,0,64674.88,0,0,0
1030,490.2431116,8.773264,0,0,212225.75,0,0,0
1031,158.1538132,8.777629,269702.3,184028.98,205767.73,234342.62,219765.31,226650.81
1032,200.0703665,8.777678,0,28362.508,0,0,0,528449.7
1033,473.2165887,8.805728,0,0,300336.5,66548.4,0,7620.636
1034,353.2293564,8.808403,0,0,0,0,0,150920.86
1035,494.2534515,8.812048,0,24997.06,0,0,0,271113.4
1036,403.1380653,8.818005,382577.8,0,16315.033,0,5189910.5,0
1037,343.1169364,8.8279,0,0,0,1756965.8,784460.1,0
1038,508.2325614,8.838089,0,0,0,0,0,179594.44
1039,249.2056649,8.838914,45064.01,37474.035,29513.941,41809.05,46739.027,39636.816
1040,564.2587674,8.845984,0,36744.234,0,0,0,0
1041,228.195561,8.849664,151841.4,149367.06,163779.03,140984.92,139389.64,153747.86
1042,228.1014969,8.863484,0,0,0,0,12423.997,199819.58
1043,250.1774107,8.872118,42084.125,35577.37,0,29196.371,16086.359,23975.258
1044,480.2373404,8.872443,0,0,0,0,0,63000.215
1045,478.2222116,8.8788395,0,32694.627,0,0,0,57635.4
1046,359.1118661,8.904583,0,0,0,1432822.5,0,0
1047,419.1330308,8.904583,0,0,0,140250.81,0,0
1048,423.2884607,8.910183,0,19594.988,24304.152,25051.219,17817.633,18168.207
1049,347.1121419,8.9115095,0,0,0,243079.03,31036.297,0
1050,261.1116734,8.926592,0,0,2.16E+07,0,671769,0
1051,283.0937521,8.926592,0,0,414482.38,0,4916.321,0
1052,345.0964628,8.926592,0,0,25745.777,0,76255.15,0
1053,189.0543245,8.934747,0,0,1071721.4,0,0,0
1054,243.1011395,8.934747,0,0,949042.56,0,0,0
1055,278.1382862,8.934747,0,0,2608209.2,0,0,0
1056,292.1538938,8.934747,0,0,750633.1,0,0,0
1057,299.067556,8.934747,0,0,571544.6,0,0,0
1058,203.1275492,8.93704,0,0,0,0,0,67579.914
1059,211.0862857,8.948359,0,0,0,0,74554.7,0
1060,492.2375795,8.958637,0,445194.97,0,0,0,346103.5
1061,304.1076764,8.971596,0,0,0,0,0,46433.676
1062,265.1333296,8.97272,0,0,0,205136.78,0,0
1063,256.1327726,8.976645,0,0,0,106170.67,778023.8,353351.6
1064,266.1366415,8.985619,0,0,0,0,96832.89,0
1065,520.2548031,9.001342,0,0,0,0,0,102841.19
1066,596.2845594,9.001342,0,0,0,0,0,135544.33
1067,240.2317876,9.006681,0,45913.023,29520.592,29360.297,39197.664,51220.61
1068,343.2949626,9.008351,218091.27,464756.3,363005.9,282627.03,411027.62,487298.72
1069,315.0856542,9.0320015,0,0,0,1200398.2,0,0
1070,347.1116565,9.067081,0,0,0,260371.05,0,0
1071,365.0988059,9.067081,0,0,0,120266.766,0,0
1072,189.0544151,9.068137,0,0,123176.93,0,0,0
1073,243.1012416,9.068137,0,0,97977.02,0,0,0
1074,261.1117638,9.068137,0,0,1506560,0,0,0
1075,278.1385556,9.068137,0,0,100983,0,0,0
1076,311.2212364,9.068535,0,0,0,0,0,59109.36
1077,386.1227818,9.068535,0,0,0,0,0,64169.1
1078,343.1169678,9.073432,2902354.2,0,2173337.8,3.92E+07,2.53E+07,0
1079,317.1950786,9.088991,151093.22,113133.234,138006.19,103858.04,132006.72,114074.45
1080,299.1848192,9.090769,0,61284.56,94341.09,80666.31,91846.875,69264.54
1081,334.221802,9.093099,0,40843.914,55781.68,0,0,46496.47
1082,533.2374517,9.097365,0,0,570348.3,0,0,0
1083,550.2639768,9.097365,0,0,1042525.2,0,0,0
1084,373.1273103,9.102602,3233777.8,0,1861538.2,4.19E+07,3.31E+07,0
1085,395.1094436,9.104347,120117.22,0,0,135755.95,139306.86,0
1086,488.2059237,9.113692,0,62407.9,0,0,0,0
1087,373.1656388,9.12046,0,0,417626.8,169423.02,130294.36,0
1088,508.2325683,9.124275,0,11550.545,0,0,0,141279.31
1089,355.1522086,9.128033,0,0,480200.2,0,0,25329.4
1090,231.1011809,9.12868,0,0,521705.9,0,0,0
1091,279.0930042,9.130924,0,0,44832.676,203161.52,0,12163.015
1092,367.2470832,9.134859,0,0,0,0,0,59329.992
1093,471.2007357,9.137919,292636.88,315557.4,1767348.1,3584261.8,3411261.8,2064890.9
1094,203.0335731,9.157755,0,0,898548.56,0,0,0
1095,395.1458552,9.157755,0,0,416712.06,0,0,0
1096,404.2060217,9.157755,0,0,444696.3,0,0,0
1097,251.0809744,9.164144,0,0,0,0,0,84716.06
1098,289.1794093,9.164144,0,0,0,0,0,34201.465
1099,398.122702,9.164144,0,0,0,0,0,390918.3
1100,389.1223503,9.174452,129729.82,0,81532.36,0,2686825.5,31773.648
1101,492.2369714,9.185604,0,535112.75,0,0,0,730544.75
1102,431.1326827,9.1996975,0,0,0,0,149559.89,0
1103,478.2217246,9.204487,0,44170.098,0,0,0,247314.47
1104,288.2893739,9.206266,56217.387,72538.02,72737.43,78432.84,41715.344,77702.016
1105,201.1481303,9.21376,0,0,0,0,19387.22,56732.055
1106,483.2322047,9.215366,0,91573.06,0,0,0,0
1107,578.2741957,9.221596,0,180108.36,0,0,0,37057.383
1108,291.1951362,9.225107,0,0,0,60106.164,0,0
1109,375.1431185,9.225906,69279.1,0,0,751102.2,879835.5,0
1110,368.1485096,9.227824,0,0,0,0,0,112550.35
1111,301.2845967,9.229444,45546.035,65544.195,65246.254,66286.15,64649.566,65957.805
1112,307.2260864,9.237729,0,0,0,0,207375.6,0
1113,373.127526,9.241415,58658.95,0,0,0,834715.9,0
1114,508.2688994,9.245353,0,40068.938,0,0,0,0
1115,365.2293311,9.246811,11502.152,0,0,0,184748.69,57977.496
1116,540.1500718,9.256197,0,0,45518.254,0,0,0
1117,360.2735287,9.259513,9132.093,0,0,0,174240.02,64920.773
1118,291.1950307,9.2718315,14906.941,0,0,25642.664,178281.02,63981.863
1119,345.0963021,9.275587,61360.96,0,0,3690613.5,841550.1,0
1120,272.1276924,9.283845,0,0,0,169982.3,0,0
1121,367.0780403,9.283845,0,0,0,94053.17,0,0
1122,383.0519248,9.283845,0,0,0,62926.08,0,0
1123,473.2166,9.300525,0,130490.78,0,0,0,1030903.56
1124,506.2535165,9.300525,0,41002.1,0,0,0,226187.16
1125,219.1868506,9.309993,10275.714,7733.6885,0,14324.748,17532.238,0
1126,370.1277694,9.325004,0,0,0,0,0,742274.7
1127,422.0627085,9.325004,0,0,0,0,0,216257.06
1128,384.1070489,9.330149,0,170801.06,0,0,0,2933833.2
1129,241.1429214,9.330387,0,0,0,0,101190.31,72600.37
1130,315.0857398,9.341378,10704.291,0,0,515616.6,168512.25,0
1131,377.1226064,9.347819,0,0,0,306084.9,0,0
1132,352.2510855,9.360993,150532.25,228175.39,222305.45,202408.28,204939.94,251013.02
1133,225.1960191,9.36989,40892.406,33958.61,34943.06,35766.414,39377.934,0
1134,322.2042068,9.383551,23179.438,33418.71,29858.465,30989.248,28981.227,0
1135,302.1021777,9.385968,0,0,0,132018.69,0,0
1136,576.2587088,9.410957,0,93088.49,0,0,0,236069.84
1137,578.2735579,9.410957,0,179426.83,0,0,0,76817
1138,540.1502421,9.421339,0,0,8490.806,0,0,0
1139,365.2296664,9.431256,0,0,0,0,17022.58,0
1140,254.2110949,9.443061,10407.814,13086.747,16147.29,14863.572,12284.405,16827.928
1141,473.216698,9.449545,0,0,0,0,0,262460.4
1142,578.3164074,9.464381,7667.5,0,12915.649,0,16429.55,0
1143,289.1065859,9.465758,0,0,0,0,227401.77,0
1144,316.2842055,9.502581,18456.023,19955.55,20822.164,18905,18023.871,13656.677
1145,302.1019038,9.504067,0,0,0,35233.535,45959.703,0
1146,313.2004153,9.51626,0,0,0,0,0,61288.984
1147,331.2108932,9.51626,0,0,0,0,0,89114.71
1148,494.2532797,9.51626,0,0,0,0,0,158781.47
1149,403.1380725,9.522788,489078.47,0,11994.817,190288.78,7166854,0
1150,425.1193618,9.525079,0,0,0,0,195826.4,0
1151,441.0937272,9.525079,0,0,0,0,135844.25,0
1152,335.0882844,9.550903,0,0,0,98815.89,0,0
1153,405.1537438,9.550903,0,0,0,1671069.9,0,0
1154,272.0913536,9.556816,0,0,0,23796.824,152850.72,0
1155,313.1063483,9.560479,142211,0,0,3638561.8,1967382.5,0
1156,265.103736,9.579526,25614.64,0,21272.746,27996.39,0,23495.375
1157,373.1274844,9.595074,96795.97,0,0,0,1402231.4,0
1158,345.0964057,9.597042,63493.785,0,11299.363,3547315.2,831734.7,0
1159,367.0782569,9.609638,0,0,0,52440.066,0,0
1160,272.2581511,9.62334,73760.46,113119.15,96527.09,121747.42,109106.664,142668.9
1161,285.0756815,9.639414,0,0,0,46448.94,0,0
1162,315.0858503,9.639414,0,0,0,66223.65,0,0
1163,501.2117158,9.641054,0,30757.582,0,0,0,76220.336
1164,646.3363854,9.650077,0,0,0,0,0,299624.4
1165,376.305141,9.656038,0,36688.33,0,0,0,327259.6
1166,309.2420099,9.661999,0,62554.992,0,0,0,0
1167,367.2449112,9.667367,0,49855.742,0,0,223396.56,456662.3
1168,362.2894301,9.670813,0,86983.914,0,0,0,808069.5
1169,187.1326423,9.679627,0,0,0,0,0,72078.42
1170,243.1586825,9.679627,0,0,0,0,0,97839.234
1171,501.2115964,9.712668,0,0,0,0,0,67478
1172,518.2381558,9.712668,0,0,0,0,0,240056.1
1173,539.1673655,9.712668,0,0,0,0,0,63095.89
1174,172.1691791,9.722142,34445.83,20486.18,21723.918,0,0,26366.256
1175,405.1435399,9.722227,0,0,825329.25,0,0,0
1176,373.090866,9.724013,191811.2,0,106141.58,0,1055246.2,0
1177,843.2246791,9.726335,402834,0,249363.42,1502837.8,1251030.8,0
1178,406.1464518,9.729456,0,0,0,1241309.6,1083044,0
1179,403.1378458,9.729568,3.33E+07,0,2.05E+07,2.42E+08,2.09E+08,28327.295
1180,441.0941074,9.73205,266099.88,0,224479.1,327742.7,353958.47,0
1181,388.1136916,9.733618,98714.15,0,61509.258,746585.4,621224.06,0
1182,827.250242,9.733594,1274657.4,0,856312.3,3594852.2,2821139.5,0
1183,425.1199394,9.756649,339114.78,0,303609.9,297302.5,182906.83,0
1184,227.1638083,9.766163,0,10433.35,0,0,0,98852
1185,309.2418952,9.766163,0,36047.086,0,0,0,415255.78
1186,367.2450254,9.766163,0,28346.512,0,0,0,369472
1187,383.2191358,9.766163,0,15597.469,0,0,0,207796.34
1188,291.122251,9.78107,0,0,293306.66,0,0,0
1189,362.289398,9.783589,0,39697.133,0,0,0,436456
1190,376.3051434,9.783589,0,21475.715,0,0,0,294903.47
1191,492.2378835,9.801544,0,47115.664,0,0,0,128650.34
1192,592.3323108,9.801544,0,13844.129,0,0,0,17079.27
1193,515.2272163,9.837186,0,0,984712.56,1762018.8,0,27874.39
1194,398.1230127,9.838253,0,0,0,0,0,88692.484
1195,365.0988196,9.838839,85137.195,0,0,406016.66,0,0
1196,343.1170531,9.849683,1955893.1,0,708431.25,3.04E+07,2.20E+07,0
1197,381.0729611,9.8555,0,0,0,346877.4,0,0
1198,462.2270439,9.882748,0,45043.32,0,0,0,122166
1199,630.342521,9.910736,0,33870.24,0,0,0,280600.3
1200,316.2844179,9.916025,0,0,31976.95,14384.035,0,0
1201,285.0756897,9.920125,0,0,0,98090.016,0,0
1202,375.1067769,9.9292555,223127.25,0,0,9413903,33536.89,0
1203,414.1176362,9.931675,0,0,0,0,0,180054.22
1204,550.2640364,9.931675,0,0,0,0,0,64830.42
1205,311.1848281,9.93577,8728.126,7661.74,6249.6304,0,0,10993.437
1206,293.2107766,9.953203,0,34700.617,11157.409,16742.3,68744.305,722151.5
1207,290.1958677,9.955032,0,0,0,0,140436.77,210127.72
1208,275.2003364,9.957541,0,7122.085,0,0,46817.133,182866.97
1209,311.2211366,9.957541,0,6930.294,0,0,28460.031,232435.25
1210,389.1226031,9.957796,74483.016,0,37338.84,65959.56,1507773.5,30090.207
1211,289.1794857,9.959349,0,9935.488,0,0,0,23632.846
1212,446.3265499,9.990455,0,0,0,53897.395,0,0
1213,352.1172994,9.993735,0,241326.5,0,0,0,2625847.5
1214,239.127393,9.9950075,0,0,0,0,0,96701.805
1215,374.0992536,9.9950075,0,0,0,0,0,101201.41
1216,219.0650562,10.00809,0,0,25311.953,0,0,0
1217,230.2476235,10.012216,135313.08,0,196822.64,0,132710.94,0
1218,307.1899772,10.024859,0,0,0,0,0,49823.535
1219,345.0965966,10.034878,0,0,0,35031.59,17988.334,0
1220,191.142816,10.053813,0,0,0,0,41841.14,14127.4795
1221,414.11774,10.059128,0,0,0,0,0,83410.93
1222,361.127712,10.069284,0,0,0,618802.25,320153.56,0
1223,817.4572645,10.074444,0,0,259149.55,0,0,0
1224,826.517507,10.074444,0,0,23183.465,0,0,0
1225,833.4309757,10.074444,0,0,80834.05,0,0,0
1226,795.4755083,10.076382,0,0,724962.4,0,13542.689,0
1227,316.2843645,10.097376,0,0,77739.29,30158.348,0,0
1228,234.169639,10.118408,0,0,0,0,0,160291.66
1229,275.2003792,10.118408,0,0,0,0,0,106533.81
1230,203.1275252,10.12071,0,34902.105,0,0,0,276713.8
1231,217.1431837,10.12071,0,74690.94,0,0,0,650193.25
1232,343.1172425,10.128357,14133.932,0,0,17072.473,275365.75,0
1233,446.3261287,10.129098,0,0,0,89743.54,0,0
1234,239.1257647,10.136265,0,23120.152,0,0,0,96871.734
1235,335.2188543,10.149516,0,0,0,0,0,42832.48
1236,508.2691194,10.149516,0,0,0,0,0,264832.4
1237,524.2640182,10.157625,0,82112.9,0,0,0,0
1238,315.0858432,10.158552,0,0,0,223443.44,0,0
1239,471.1046507,10.159305,248590.75,0,0,187032.94,395588.22,0
1240,433.1485818,10.161538,1.49E+07,0,1290167.2,9616197,1.27E+08,0
1241,418.1246287,10.171071,0,0,0,0,448396.66,0
1242,435.1538399,10.171071,0,0,0,0,5718929.5,0
1243,436.1564611,10.171071,0,0,0,0,744515.44,0
1244,887.2713291,10.171071,0,0,0,0,3636921.5,0
1245,903.2447985,10.171071,0,0,0,0,1341656.6,0
1246,455.1305038,10.180247,350158.78,0,0,279772.56,467508.25,0
1247,406.2008537,10.183825,0,55336.62,0,0,0,111516.7
1248,288.1590978,10.187949,0,0,0,229124.34,0,0
1249,345.1327012,10.187949,0,0,0,333088.4,0,0
1250,496.1591652,10.211617,0,0,0,23193.688,81307.15,0
1251,632.3579278,10.227322,0,46133.49,0,0,0,0
1252,193.1223324,10.23265,0,0,8609.656,45986.34,0,0
1253,589.3217896,10.237913,16290.54,0,25836.238,0,0,0
1254,606.3479201,10.244493,32539.717,51265.074,50598.117,53829.695,50500.06,57341.36
1255,391.1383149,10.25696,0,0,0,355790.16,0,0
1256,413.1203406,10.25696,0,0,0,29897.291,0,0
1257,307.1900722,10.260821,0,0,0,20927.596,70945.414,0
1258,403.1382325,10.260821,0,0,0,222375.72,118487.01,0
1259,405.1176098,10.260821,0,0,0,114590.414,203131.16,0
1260,305.2107349,10.271727,0,0,0,0,0,42835.08
1261,323.2211692,10.286883,0,16007.985,0,0,26770.941,154538.34
1262,418.2792949,10.287967,86531.19,54061.902,0,0,0,121206.65
1263,429.0941435,10.30876,0,0,0,12264.596,8842.564,0
1264,285.2422699,10.331324,18370.438,0,0,0,60860.03,0
1265,506.2535666,10.34598,0,36840.934,0,0,0,40663.883
1266,391.1382712,10.349919,0,0,10433.049,719058.1,319510.2,0
1267,215.1639818,10.356978,0,0,0,0,94330.55,0
1268,272.1277842,10.356978,0,0,0,0,234979.52,0
1269,298.2738701,10.375114,0,0,48820.645,0,0,0
1270,343.1168086,10.391377,0,0,0,33480.07,0,0
1271,286.1432824,10.42074,0,0,0,6687646.5,0,0
1272,564.2791459,10.423128,0,0,0,0,1184836.8,0
1273,242.1170961,10.436843,0,0,0,0,0,1148044.5
1274,783.2031322,10.453245,0,0,0,1979975.4,1090491.5,0
1275,419.1326286,10.456475,973083.44,34385.32,2113995.8,211058.03,9381729,295939.1
1276,376.1359664,10.45661,0,0,0,0,764393.5,0
1277,343.0799069,10.456834,113107.055,0,0,1148075.6,858177.44,0
1278,395.1092669,10.460996,374392.66,0,318277.47,658226.9,478229.72,0
1279,373.1274042,10.462159,2.31E+07,22135.379,1.14E+07,2.20E+08,1.75E+08,20168.373
1280,767.2293516,10.467958,972374.6,0,0,6069256.5,4282496.5,0
1281,411.0833835,10.470413,244403.42,0,201703.44,618767,486144.28,0
1282,375.1329717,10.470894,825868.4,0,416779.66,0,0,0
1283,516.1645975,10.470947,0,0,0,0,0,76878.13
1284,506.2533366,10.494322,0,105026.195,0,0,0,240675.97
1285,411.2156336,10.500477,0,0,0,0,0,164251.78
1286,455.205732,10.509447,0,268701.1,510842.38,192418.4,0,1792740.5
1287,359.1115898,10.514233,290801.8,0,70827.76,6842634.5,3650518.2,0
1288,371.3264073,10.519387,130402.3,217370.66,167624.42,0,0,216895.94
1289,630.3416547,10.529882,0,0,0,0,0,707650.2
1290,227.163815,10.556342,0,11420.746,0,0,97657.63,92902.44
1291,367.2447889,10.557393,14162.385,33088.934,0,0,207759.02,427085.78
1292,592.2895702,10.5584545,0,33309.8,0,0,0,18225.83
1293,376.3049812,10.559152,6449.4717,23683.21,0,0,0,244195.97
1294,646.3355049,10.562254,0,0,0,0,0,782691.1
1295,327.2161476,10.60267,86967.76,70568.09,83073.34,94003.88,107181.484,126847.75
1296,345.2266506,10.60267,114784.55,136395.23,110757.414,122540.61,142596.67,148071.06
1297,318.299855,10.60654,0,0,83778.77,32581.797,19023.68,0
1298,286.1437372,10.606549,0,0,0,92346.875,0,0
1299,362.2530668,10.6186905,0,52526.465,26363.977,32441.91,43589.492,148458.2
1300,376.2689032,10.621725,0,44264.48,10836.215,0,21965.39,55591.734
1301,316.2114157,10.628333,39344.133,26519.25,26935.256,0,0,32896.453
1302,330.2268798,10.6847,129909.05,126939.21,109971.516,117712.97,115785.43,128646.61
1303,603.3368171,10.6847,58960.27,93679.2,87855.12,78603.914,91234.05,99705.9
1304,620.3632113,10.6847,134625.88,322990.2,179993.72,173733.89,247850.64,405572.34
1305,625.3185661,10.6847,17875.639,49309.15,25641.158,24297.148,61927.586,87534.125
1306,186.1850695,10.706743,0,20350.613,24803.215,0,0,0
1307,340.1175706,10.716953,35395.53,0,0,172326.72,605852.94,0
1308,338.101505,10.72254,0,0,0,0,0,98877.195
1309,403.1352561,10.725082,20903.209,154527,24969.256,225415.47,117304.11,74755.01
1310,191.1427887,10.748461,45814.62,0,0,0,571270.1,0
1311,337.2342008,10.751887,0,0,0,0,0,190647.66
1312,367.2449168,10.776877,0,20087.426,0,0,54317.08,239300.55
1313,376.3050367,10.776877,0,11143.994,0,0,24940.043,108918.39
1314,288.2530621,10.781659,32642.705,31198.252,31098.771,31565.457,32196.586,33929.395
1315,478.2923278,10.788427,0,0,14596.275,0,203133,0
1316,628.3262159,10.795746,0,107456.22,0,0,0,223809.16
1317,403.1376554,10.808805,0,0,0,0,160461.34,0
1318,199.1690842,10.815025,42815.285,0,0,38385.242,37773.305,39891.156
1319,375.1067501,10.820526,9592.757,0,5887.305,0,143391.64,0
1320,539.2270702,10.831971,0,0,95470.66,0,0,0
1321,556.2532648,10.831971,0,0,57541.76,0,0,0
1322,570.2692776,10.831971,0,0,44830.477,0,0,0
1323,612.3736089,10.83809,0,12519.826,12611.426,0,13616.623,0
1324,504.2584927,10.84252,0,0,0,0,28503.865,605344.1
1325,487.231947,10.846633,0,0,0,0,0,224352.73
1326,518.2742877,10.846633,0,0,0,0,0,204173.61
1327,525.187837,10.846633,0,0,0,0,0,95315.36
1328,454.0578717,10.85545,0,0,0,27768.764,11318.944,0
1329,359.1118516,10.863945,101332.87,0,54310.895,2720562.5,1548683.4,0
1330,269.2108672,10.864628,47272.12,0,0,19298.77,956578.94,0
1331,301.2368849,10.864628,150478.16,0,0,53585.89,3378748,0
1332,323.2188995,10.864628,52163.29,0,0,17093.91,634523.7,0
1333,518.3235979,10.864868,0,0,202623.89,0,47473.68,0
1334,305.2106644,10.866073,0,14563.182,0,0,31372.73,206855.78
1335,251.1999758,10.867842,0,0,0,0,809332.2,0
1336,339.1925689,10.867842,0,0,0,0,502967.34,0
1337,332.2788543,10.874989,61232.07,0,0,21108.852,726851.25,40866.55
1338,343.2110741,10.876316,0,0,0,0,0,33233.332
1339,632.3572756,10.879906,0,28380.17,0,0,0,427498.12
1340,597.3028948,10.883802,0,0,81457.33,12331.365,0,0
1341,579.292246,10.892112,0,0,67094.72,0,0,0
1342,337.2344365,10.906069,0,0,0,0,0,82101.16
1343,195.1379359,10.9144745,0,0,5670.399,31766.768,0,0
1344,402.0965893,10.935833,0,0,0,0,0,49618.89
1345,406.120379,10.969263,0,0,0,0,162949.72,0
1346,487.2322175,10.972264,0,0,0,0,0,225276.33
1347,626.3108037,10.975912,0,14847.596,0,0,0,104574.125
1348,186.1851227,10.978105,96799.04,82610.47,77301.69,95204.9,101169.516,96168.414
1349,405.1175782,10.979201,43664.24,0,43839.332,30017.7,705847.7,0
1350,269.2107672,10.998744,0,0,0,0,57707.11,0
1351,425.1200982,11.000366,0,0,0,20692.184,237250.2,0
1352,474.3582707,11.001987,0,0,0,55583.016,0,0
1353,403.138242,11.004943,387188.8,0,0,349911.8,6056741,0
1354,630.3416233,11.010104,0,45937.805,0,0,0,0
1355,331.1171815,11.015137,0,0,0,40540.062,36900.42,0
1356,483.3312191,11.031932,0,0,0,0,0,92633.87
1357,518.3683193,11.031932,0,0,0,0,0,153416.86
1358,523.3240884,11.031932,0,0,0,0,0,72678.22
1359,191.1428044,11.040807,21899.457,0,0,0,311849.84,0
1360,350.2354347,11.0527725,33002.293,42185.203,41953.48,38373.754,0,43249.035
1361,640.3451402,11.064579,0,0,62816.83,0,54637.168,0
1362,346.2580915,11.068421,7156.218,0,0,0,102029.95,62508.664
1363,244.2267859,11.0881405,15457.891,11744.81,10322.5625,0,0,9701.991
1364,556.2540034,11.091829,0,0,27636.879,0,0,0
1365,272.1277798,11.096423,0,0,0,0,0,117197.48
1366,195.1015206,11.103241,21154.643,16361.93,16059.138,0,0,15121.747
1367,626.3106714,11.103721,0,9700.4795,0,0,0,98888.31
1368,630.3418681,11.111018,0,61342.906,0,0,0,0
1369,231.1587385,11.117193,28449.324,22768.297,29545.797,0,28383.584,26458.316
1370,291.1951467,11.133076,0,0,0,0,0,103409.9
1371,309.2055673,11.133076,0,0,0,0,0,92896.52
1372,367.2447956,11.134497,0,0,0,0,54685.285,131362.9
1373,359.0749841,11.138151,0,0,0,188670.62,123695.07,0
1374,374.0984556,11.138151,0,0,0,131734.77,89530.555,0
1375,419.1331429,11.138151,0,0,0,22567.557,468894.88,0
1376,427.0777185,11.138151,0,0,0,448580.56,329679.3,0
1377,799.2190429,11.138151,0,0,0,990986.75,836398.3,0
1378,815.1930611,11.138151,0,0,0,663644.4,571131,0
1379,392.1301152,11.140385,0,0,0,243591.4,0,0
1380,831.1561139,11.140385,0,0,0,216641.75,0,0
1381,411.1041555,11.141238,55478,0,0,517545.72,401106.75,0
1382,389.1223572,11.143413,2612497.8,0,884602.44,5.23E+07,3.32E+07,23097.816
1383,522.2830183,11.190713,0,0,23804.887,0,0,0
1384,646.3344942,11.192782,0,0,0,0,0,237908.84
1385,231.1587642,11.193737,0,0,0,0,32314.887,55298.87
1386,375.1432195,11.196819,0,0,0,380231.72,283284.16,0
1387,186.1851197,11.230488,72500.18,50060.793,56373.88,52171.086,54679.934,51758.492
1388,626.3105241,11.231396,0,0,0,0,0,127488.14
1389,300.2893825,11.235539,54276.938,61025.06,82852.82,68889.67,74150.97,87812.11
1390,270.315381,11.253158,143057.66,0,53196.477,0,133434.28,0
1391,323.2211896,11.260087,0,0,0,0,205207.44,55964.152
1392,305.2107963,11.267674,17816.309,15865.821,0,8640.783,216701.14,57158.188
1393,197.117046,11.29979,0,0,0,0,0,99096.4
1394,328.2476648,11.29979,0,0,0,0,0,63764.68
1395,333.2032289,11.29979,0,0,0,0,0,116699.305
1396,342.2634419,11.29979,0,0,0,0,0,109095.8
1397,349.1773117,11.29979,0,0,0,0,0,73773.52
1398,351.0834088,11.304912,0,0,0,75540.266,0,0
1399,367.057349,11.304912,0,0,0,48758.707,0,0
1400,474.3577067,11.304912,0,0,0,95937.25,0,0
1401,329.1016075,11.313716,94261.91,0,0,2146637.8,1640824.5,0
1402,203.0337829,11.324382,0,0,35312.332,0,0,0
1403,337.1430947,11.324382,0,0,61181.03,0,0,0
1404,359.2421995,11.330925,19735.637,0,15656.998,15678.129,17800.643,16952.203
1405,232.1693101,11.343343,0,0,0,21684.107,137816.97,0
1406,411.1047689,11.343343,0,0,0,16926.615,128681.734,0
1407,389.1225671,11.344948,236997.58,0,74851.01,0,4523050.5,13656.042
1408,427.0780886,11.352194,0,0,0,0,73271.81,0
1409,799.2196565,11.352194,0,0,0,0,84330.28,0
1410,376.3050917,11.353159,0,11902.27,0,0,0,31389.486
1411,321.2054346,11.355828,0,0,0,0,21325.432,42630.055
1412,373.1275523,11.3583555,0,0,0,89871.08,81563.836,0
1413,710.4256649,11.359463,0,0,0,0,0,50125.566
1414,341.2314878,11.360107,11996.449,14150.152,0,13056.724,40247.668,17854.264
1415,316.3206418,11.362496,0,18591.383,28650.219,18113.443,16798.467,21560.97
1416,263.1638641,11.381367,13050.99,0,0,0,219437.73,0
1417,305.2107024,11.386745,0,9220.974,0,0,96240.66,35272.777
1418,405.1538951,11.392319,0,0,0,1453273.5,865726.4,0
1419,520.3395037,11.39264,0,0,93396.61,25684.51,36098.242,0
1420,555.2928363,11.39264,0,0,96719.17,28749.186,16213.881,0
1421,573.3025907,11.39264,0,0,96257.02,32714.475,18427.213,0
1422,191.1065064,11.398428,0,0,0,89378.51,0,0
1423,323.2212107,11.402791,0,0,0,0,54680.414,33165.688
1424,353.268216,11.412115,0,18141.082,0,11245.296,20692.025,130497.71
1425,393.2608604,11.4166765,0,5321.34,0,0,9636.303,58473.336
1426,632.3573559,11.417027,0,38573.734,0,0,0,605671.44
1427,342.2634587,11.421878,0,0,0,0,0,86917.05
1428,329.1014845,11.427048,15879.817,0,0,410096.38,216552.58,0
1429,314.1748697,11.428264,0,0,0,104709.73,0,0
1430,258.2788896,11.48093,108639.305,91403.055,0,0,49368.625,38570.77
1431,219.1952949,11.482493,16280.349,12676.796,11730.752,0,11398.99,11637.783
1432,362.2531075,11.482683,0,10475.314,0,0,0,202504.34
1433,345.2266493,11.485669,0,0,0,0,0,204209.67
1434,478.2925643,11.488749,0,0,244164.88,0,0,0
1435,293.210985,11.489566,0,0,0,50302.992,93748.02,0
1436,275.2007304,11.4967,0,0,0,19554.855,0,0
1437,358.2581526,11.4995,0,0,0,0,42287.266,140540.19
1438,353.2681898,11.514223,0,38864.39,15557.354,0,91666.59,333778.38
1439,393.2606349,11.514223,0,9997.875,5748.9443,0,22490.592,93869.914
1440,409.2346546,11.515373,0,0,0,0,0,45141.97
1441,433.2346122,11.517109,0,0,25369.135,0,0,9506.079
1442,337.1042604,11.542274,23120.652,17554.42,19074.01,15907.412,0,0
1443,822.3071425,11.546641,0,0,0,0,64515.92,0
1444,632.3576663,11.548731,0,33083.484,0,0,0,645428.3
1445,341.2317029,11.549761,0,0,0,0,13980.723,118105.6
1446,616.3448008,11.55344,0,0,35353.887,16050.015,170928.69,0
1447,419.132971,11.56497,533118.2,0,203704.98,1060011.4,8892291,0
1448,441.1149559,11.567729,10042.864,0,0,21748.473,116782.65,0
1449,457.0885952,11.576024,0,0,0,0,73817.42,0
1450,734.2555584,11.576024,0,0,0,0,267326.97,0
1451,312.1590144,11.586755,0,0,0,434563.12,0,0
1452,311.2211032,11.588097,0,23465.434,0,0,26961.535,207358.55
1453,514.1249255,11.605397,0,0,0,0,330058.2,0
1454,558.1510207,11.605397,0,0,0,0,841269.4,0
1455,646.2031289,11.605397,0,0,0,0,692334.75,0
1456,520.3392879,11.610155,22141.129,0,732959.1,186305.19,344660.38,15962.564
1457,329.1014384,11.611141,0,0,0,100905.98,81143.95,0
1458,328.2474853,11.612185,0,0,0,0,0,133495
1459,333.2030205,11.612185,0,0,0,0,0,154031.56
1460,189.0543142,11.616115,0,0,87021.695,0,0,0
1461,245.1168042,11.616115,0,0,962457.6,0,0,0
1462,353.2681637,11.625571,0,25923.455,22654.207,29427.584,69355.484,217875.5
1463,648.3942414,11.627895,13165.872,22756.387,22452.418,18934.102,21913.988,35309.938
1464,217.1584985,11.640693,0,0,0,0,71597.766,0
1465,602.1773796,11.640693,0,0,0,0,893328.56,0
1466,430.1279808,11.645354,0,0,0,0,0,198701.98
1467,358.258242,11.67288,0,0,0,0,8972.165,89304.664
1468,632.3577252,11.673439,0,47971.3,0,0,0,830891.9
1469,374.1016969,11.675422,0,100878.47,15325.012,0,0,1132795.9
1470,312.1592345,11.684467,0,0,0,189492.66,0,0
1471,646.3740961,11.708765,0,0,0,0,0,146833.56
1472,480.308016,11.735773,0,0,0,0,127672.97,0
1473,304.2996079,11.748949,0,0,626283.5,323725.7,0,0
1474,349.1980992,11.7656,0,0,0,0,60926.383,0
1475,358.258255,11.7656,0,0,0,0,104149.984,0
1476,277.2159949,11.765693,17253.438,86225.33,112479.8,420972.88,315599.7,1358115.8
1477,237.1845082,11.767819,0,0,0,0,0,24733.64
1478,242.117265,11.778902,0,0,0,48659.758,0,0
1479,310.1797658,11.778902,0,0,0,409683.03,0,0
1480,312.1590557,11.778902,0,0,0,133409.55,0,0
1481,418.091445,11.802933,0,29173.613,0,0,0,208289.1
1482,200.2007015,11.806825,24514.988,17171.281,18202.328,25082.145,22085.963,23467.105
1483,353.2682813,11.820103,0,0,74838.35,70253.266,32646.668,0
1484,532.3478633,11.820103,0,0,118021.16,109884.58,30299.715,0
1485,274.1435271,11.831576,0,0,0,0,0,50061.035
1486,232.1692819,11.832131,0,0,0,0,62594.56,0
1487,614.3470086,11.847662,0,75112.02,0,0,0,1923583.4
1488,277.2159956,11.856701,39573.91,37012.246,52073.617,599642.8,678832.5,607443.4
1489,300.2529732,11.856701,17065.283,12244.101,14517.103,18208.854,17547.783,17214.44
1490,316.1903446,11.878389,0,0,0,92742.03,0,0
1491,351.2524056,11.896205,12815.708,8198.106,0,7188.307,209751.45,86036.98
1492,381.0936864,11.903858,0,0,0,102064.7,80206.734,0
1493,397.0678048,11.903858,0,0,0,59250.07,48691.785,0
1494,496.339491,11.906314,0,0,21859.762,16053.098,62528.63,0
1495,359.111913,11.9109535,249471.1,0,19480.318,4484208.5,4325694,0
1496,253.1793506,11.915928,0,7440.223,0,0,32215.113,53543.523
1497,574.3250584,11.918321,18129.83,0,38081.84,42089.316,214576.34,0
1498,369.2629935,11.926098,0,0,0,0,105621.81,25518.885
1499,391.2450887,11.926098,0,0,0,0,118996.67,27022.693
1500,632.3568132,11.958595,0,11036.39,0,0,0,255778.52
1501,375.143454,11.981972,0,0,0,263691.56,493639.88,0
1502,537.339728,11.984687,0,0,0,0,0,126834.64
1503,293.2107861,11.995257,0,8363.332,0,10211.837,0,157870.62
1504,324.1227795,11.997164,0,0,0,27387.986,135143.38,0
1505,349.2347231,11.998902,0,18579.63,0,0,19690.836,35081.613
1506,203.1793284,12.019458,0,0,0,0,52367.79,0
1507,454.292669,12.039871,0,0,159541.45,50431.215,0,0
1508,351.2523958,12.054284,0,0,0,0,78089.734,124403.77
1509,369.2630062,12.054284,0,0,0,0,152742.61,238288.4
1510,355.2474409,12.0578785,76054.11,88820.305,0,73837.83,91934.2,100935.5
1511,373.2579275,12.0578785,139758.55,132557.89,0,118239.06,109906.52,141771.88
1512,258.2425005,12.060601,62161.12,41389.35,47362.46,56052.68,48761.004,49378.785
1513,399.3578618,12.060601,73630.35,147931.72,115571.766,99574,135311.8,158816.56
1514,360.2736517,12.064934,0,15636.889,0,0,48416.85,170438.9
1515,521.2166812,12.074211,0,0,22783.867,0,0,0
1516,538.2431711,12.074211,0,0,40166.9,0,0,0
1517,357.3470097,12.075474,38771.945,51367.426,73870.31,48357.902,67835.88,58579.41
1518,374.289256,12.0848465,0,9272.225,0,0,49237.72,137936.78
1519,642.3419749,12.086703,0,34102.867,0,0,0,0
1520,325.2368363,12.087002,15054.946,36558.46,0,0,206042.1,773376.2
1521,345.1328232,12.087687,0,0,0,0,53774.863,0
1522,219.1741853,12.088085,32908.74,0,0,0,467621.38,0
1523,307.2262506,12.108554,0,53828.297,0,0,41830.938,489291.06
1524,532.3839676,12.109725,0,0,0,0,0,235765.45
1525,356.278925,12.113286,0,7948.0586,0,0,0,48855.11
1526,307.2264253,12.116782,6502.8315,0,0,0,81515.6,250551.62
1527,313.2369244,12.117574,0,0,0,0,30820.861,0
1528,362.2890826,12.117574,0,0,0,0,31229.066,0
1529,347.2187813,12.148284,0,8108.8477,0,0,25834.215,53848.56
1530,369.2631779,12.160504,0,0,0,0,54608.805,52969.875
1531,391.2451679,12.160504,0,0,0,0,44262.383,23317.527
1532,259.1328387,12.164029,0,0,0,38036.13,0,0
1533,496.3396378,12.175241,42303.824,0,241037.36,177297.12,551275.94,0
1534,219.1742424,12.2064,0,0,0,24883.102,32293.137,0
1535,642.34162,12.206729,0,31728.717,0,0,0,82440.96
1536,349.2344662,12.210579,0,21792.066,0,0,77064.125,98478.086
1537,309.2420054,12.218277,0,0,0,0,80911.53,0
1538,293.210829,12.218387,0,11918.776,7665.656,52945.97,128418.15,154266.77
1539,516.3530192,12.235218,0,0,0,0,0,61979.906
1540,286.2375834,12.246764,64616.36,59006.297,63836.03,62960.086,65373.26,64816.047
1541,358.1577246,12.264414,33212.19,22734.828,22422.102,24135.988,0,22053.232
1542,340.147294,12.271883,90023.88,0,65087.797,65662.35,67393.74,62889.28
1543,316.2999132,12.288119,0,0,0,53493.9,22110.195,0
1544,229.122491,12.297607,0,0,0,11659.784,0,0
1545,275.1276281,12.301683,0,0,22640.758,0,0,0
1546,522.3555274,12.30739,0,0,27299.293,0,25778.006,0
1547,358.2583792,12.337077,88915.164,91985.56,90516.14,81079.89,90890.664,100572.516
1548,203.1793315,12.342864,0,0,0,0,84144.875,0
1549,616.3624524,12.3479,0,73804.47,0,0,0,1261073.1
1550,257.1743327,12.348307,0,0,0,0,65695.42,10242.96
1551,420.2737279,12.348307,0,0,0,0,89154.3,11729.923
1552,355.2835475,12.35375,0,0,0,0,0,88073.836
1553,646.3729648,12.35375,0,0,0,0,0,158427.33
1554,293.2108937,12.354303,0,0,10579.986,36780.91,45725.918,60825.094
1555,369.2629706,12.365046,7286.339,20504.79,7787.238,0,88252.18,243792.86
1556,391.2450188,12.366664,0,0,0,0,45867.6,112971.266
1557,417.2396149,12.3973875,0,0,57387.02,0,60275.88,47038.137
1558,435.2500697,12.3973875,0,0,65309.035,0,66843.13,48101.6
1559,204.138193,12.4066515,25839.385,18035.758,18905.969,18223.799,21217.855,23019.154
1560,279.2316568,12.4218855,0,0,31029.686,31540.973,0,1407726.9
1561,243.1011717,12.423923,0,0,75915.36,0,0,0
1562,521.2164347,12.423923,0,0,134831.08,0,0,0
1563,538.2428787,12.423923,0,0,369777.56,0,0,0
1564,552.2584444,12.423923,0,0,82003.78,0,0,0
1565,319.2241646,12.427275,0,8456.879,0,0,0,48215.605
1566,375.1434492,12.4317045,0,0,0,227261.61,240808.64,0
1567,598.3799808,12.439355,0,0,0,0,43947.125,0
1568,532.383871,12.447084,0,0,0,0,0,78445.45
1569,275.2005007,12.471564,0,0,0,19211.81,47768.45,56168.074
1570,616.362494,12.480843,0,179980.67,31054.52,0,0,2955409
1571,632.3946442,12.481069,0,0,0,0,0,223143.1
1572,251.2000807,12.4947605,8873.348,0,0,0,94442.555,0
1573,286.2376699,12.4947605,18170.035,0,0,0,95475,0
1574,307.2262527,12.503206,0,8473.746,0,0,0,84292.8
1575,644.3570703,12.503206,0,51496.703,0,0,0,125223.195
1576,376.2687126,12.51048,0,0,0,0,0,192792.12
1577,397.1982413,12.51048,0,0,0,0,0,66705.74
1578,293.2107372,12.518963,7202.9707,13456.084,0,40551.957,86575.21,69644.6
1579,321.2055458,12.529219,0,0,0,12596.757,264671.12,0
1580,319.22396,12.533958,0,8934.852,0,0,16086.1,71557.6
1581,269.209595,12.538035,20863.834,8646.361,15278.241,19162.564,192517.5,15522.236
1582,358.1195996,12.53825,50258.375,37754.305,0,0,33393.52,15479.93
1583,532.3839238,12.540449,0,0,0,0,0,353955.88
1584,537.3395028,12.540449,0,0,0,0,0,258978.89
1585,557.4557915,12.540449,0,0,0,0,0,78184.28
1586,279.2315609,12.542129,0,566183.7,203537.14,593758.1,1189095.5,6203378
1587,327.0775969,12.544347,231791.5,210792.55,208412.23,209603.72,219937.28,270852.8
1588,522.355408,12.558207,18562.834,0,156362.17,65697.95,245251.19,0
1589,376.2687383,12.569541,0,0,0,0,0,188899.86
1590,381.2241415,12.569541,0,0,0,0,0,118794.46
1591,351.2507811,12.580676,0,16399.023,0,0,16565.662,121126.41
1592,650.2952281,12.587269,0,0,15229.502,0,0,0
1593,664.3110285,12.587269,0,0,17601.613,0,0,0
1594,293.2107127,12.589377,0,24947.707,0,7502.0034,21507.23,115964.64
1595,269.2091337,12.608838,25037.105,15575.717,14034.445,14482.264,16475.344,10035.676
1596,247.2264827,12.624576,42499.004,30780.992,36231.99,37264.594,38402.594,33834.816
1597,402.3573364,12.641884,136574.98,0,155314.75,0,139108.44,122706.38
1598,203.1793703,12.653895,15961.983,0,0,16922.504,210176.36,0
1599,316.2842443,12.657199,32373.51,34785.87,29794.668,31809.602,36028.145,36646.977
1600,329.2316676,12.662827,0,0,0,0,50199.62,0
1601,346.2582199,12.669136,16594.514,0,0,0,223930.88,0
1602,360.2739686,12.669136,11976.957,0,0,0,87749.055,0
1603,340.190679,12.684023,0,0,0,59526.24,0,0
1604,598.3795061,12.692889,0,0,0,0,62766.75,0
1605,235.1689795,12.6939535,32162.91,34359.65,31356.09,34660.258,33793.914,33666.094
1606,467.3361541,12.696596,0,0,0,0,0,107779.41
1607,205.1950087,12.720281,7225.473,0,0,8791.22,53509.234,0
1608,323.2212829,12.727346,0,0,0,0,96970.34,0
1609,311.2575548,12.729076,0,0,0,0,21825.582,90308.83
1610,356.2787888,12.729076,0,0,0,0,48860.9,9953.459
1611,351.2506716,12.729396,0,9636.518,0,0,20824.129,60904.664
1612,376.3051282,12.757201,0,0,0,0,55659.27,0
1613,203.1793607,12.783711,35130.664,0,0,30157.473,492613.3,0
1614,369.2631151,12.784153,16888.87,0,13582.447,13512.192,0,23907.488
1615,387.2733809,12.78581,28158.604,26757.8,23099.348,25135.63,29612.004,0
1616,532.3840688,12.798185,0,0,0,0,0,175856.81
1617,537.3395753,12.798185,0,0,0,0,0,150126.83
1618,279.2318556,12.817447,0,0,18172.23,81685.625,0,0
1619,463.3051937,12.825587,51420.547,72408.195,61584.043,67621.33,69447.25,97347.61
1620,498.3426238,12.825587,53758.586,75416.71,73150.96,73075.22,66811.586,85910.5
1621,516.3534055,12.855962,0,0,0,0,42405.24,0
1622,357.2628854,12.856827,0,0,0,0,21401.426,8178.1494
1623,327.2524035,12.857692,0,0,0,0,0,30704.488
1624,432.1436369,12.857692,0,0,0,0,0,24219.713
1625,646.3728471,12.857692,0,0,0,0,0,316308.7
1626,203.1793992,12.888962,0,0,0,16193.962,125042.35,0
1627,336.2162112,12.922029,0,0,0,0,0,66425.14
1628,346.2582199,12.924947,0,0,0,0,104406.04,0
1629,345.1328628,12.934339,0,0,0,101939.08,155657.27,0
1630,261.1118837,12.948158,0,0,79855.26,0,0,0
1631,521.2168423,12.948158,0,0,94446.664,0,0,0
1632,372.3466459,12.953735,0,333795.97,154413.16,237947.77,190747.56,137701.6
1633,358.2942987,12.956795,0,8673.83,0,0,0,76086.24
1634,646.372568,12.956795,0,93777.09,0,0,0,241200.8
1635,317.2083127,12.963203,0,0,0,0,274666.53,0
1636,277.2160202,12.971909,60376.5,56881.336,20827.613,209692.16,958479.2,0
1637,295.2265068,12.974383,70002.58,76872.49,39286.938,243108.2,1094448.9,769928.7
1638,351.2501996,12.983379,8784.536,37164.855,0,0,0,265552.44
1639,329.2679498,12.986751,0,0,0,0,0,182782.34
1640,311.2574865,12.989632,0,27969.582,0,0,99732.97,326961.88
1641,360.3100305,12.989632,0,17093.79,0,0,45580.848,129731.734
1642,272.2581465,12.998213,20944.902,0,0,0,19160.574,0
1643,284.330897,13.014172,989219.3,527377.06,437595.8,296722.8,419242,537979.06
1644,460.3265847,13.019499,0,0,0,0,61729.777,14651.695
1645,399.2502045,13.027344,168498.98,130690.83,149125.11,0,170765.36,160571.86
1646,317.2087172,13.030039,19299.455,0,0,52429.094,78540.03,491925.53
1647,342.2060742,13.044223,0,0,0,37480.805,0,0
1648,277.1800887,13.057599,38232.887,34305.426,16085.373,32836.996,32851.105,48395
1649,295.2264144,13.082313,72531.86,322006.8,99759.28,258053.1,987254.1,5141611
1650,311.2573944,13.083905,0,19547.973,0,0,149903.5,219183.02
1651,351.2500982,13.086202,8850.484,18259.088,0,0,114850.47,115316.69
1652,333.1821812,13.102295,0,0,0,16578.904,44279.977,232424.64
1653,393.2398286,13.103257,20604.36,18317.283,120833.914,46209.637,208607.81,121979.445
1654,277.2159413,13.104127,23362.674,61550.344,47156.74,122479.95,301675.22,1888317.1
1655,618.377955,13.109045,0,0,0,0,0,316894.84
1656,322.2736411,13.128361,0,0,0,49767.312,55297.32,0
1657,205.1949453,13.131365,17029.852,0,17355.611,30264.58,130086.9,0
1658,219.174124,13.139493,29883.326,25340.951,22554.729,21291.393,0,20402.703
1659,571.2802095,13.140915,0,0,0,63521.395,0,0
1660,646.3724066,13.145444,0,25280.617,0,0,0,0
1661,309.2419374,13.149764,0,0,0,0,44512.93,0
1662,317.2086604,13.149764,0,0,0,0,85480.69,0
1663,333.1821511,13.149764,0,0,0,0,49770.254,0
1664,408.2408159,13.179445,0,0,0,0,122401.42,0
1665,422.2565714,13.179445,0,0,0,0,82432.28,0
1666,365.1355972,13.193278,0,0,22477.383,22310.715,20813.076,0
1667,313.2368409,13.20615,0,0,0,0,0,119774.375
1668,460.3264737,13.209838,0,0,0,0,80517.914,17344.367
1669,330.2632128,13.213486,196344.75,135380.7,133954.98,132759.22,0,71820.77
1670,425.2889712,13.214437,6719.1323,0,0,0,136784.48,21390.863
1671,281.1726764,13.230354,17577.668,0,18071.432,18378.082,0,0
1672,259.1902047,13.234851,50027.992,0,35417.348,26668.59,43537.754,35825.996
1673,177.1636329,13.241066,25527.47,17579.371,23142.857,18206.38,23854.793,18492.91
1674,343.2472556,13.263119,7935.47,0,0,0,147411.36,0
1675,317.2086368,13.269604,0,0,0,28281.445,113457.34,949352.44
1676,365.2292359,13.272784,0,0,0,0,135901.44,0
1677,381.2030738,13.272784,0,0,0,0,115844.484,0
1678,456.331669,13.276424,28694.068,23511.281,24721.463,27189.15,28557.18,32016.564
1679,365.1355414,13.28507,65962.1,55641.965,31671.488,29614.424,30750.723,0
1680,374.1959472,13.287564,45656.383,32788.234,37911.332,34364.137,50755.254,26579.709
1681,277.2158787,13.289817,18974.248,155363.34,0,0,314323.06,3018169.5
1682,360.2737672,13.29592,46090.074,8150.3926,0,0,650400.75,0
1683,313.236813,13.298604,137964.05,96508.16,96341.81,103792.35,111363.62,48577.96
1684,295.2264146,13.302695,27124.65,297289.5,74874.516,82283.29,610448.8,5536857
1685,205.1949559,13.304016,0,0,0,21723.727,83495.33,0
1686,311.2211706,13.305067,0,0,0,0,63631.6,0
1687,374.2889225,13.312531,36093.52,9941.54,0,0,276386.06,19583.393
1688,628.3617078,13.332521,0,51749.246,0,0,0,365386.88
1689,259.205056,13.333225,0,0,0,0,0,80514.85
1690,333.1819569,13.333238,0,33655.492,0,0,66936.766,538945.25
1691,326.2682552,13.333948,0,0,0,0,31893.523,162950.08
1692,425.2677258,13.334672,0,0,0,0,71703.766,0
1693,325.2366477,13.361944,0,48828.38,0,0,0,49394.61
1694,358.2945302,13.364311,0,0,0,0,84538.84,0
1695,349.2344614,13.369843,7059.1504,0,0,0,91820.92,18653.73
1696,358.3673078,13.384473,55974.93,47775.594,0,48601.94,39769.6,0
1697,385.3781932,13.393422,1877833.1,1307309.6,2082038.8,1557838.9,1370410.6,2415905.5
1698,389.1106756,13.394816,0,23727.283,23753.523,0,0,20669.57
1699,323.2209667,13.411909,0,10986.778,0,0,0,95049.73
1700,374.362367,13.423192,30880.219,37162.96,22564.805,20541.293,39320.67,29984.275
1701,344.3307948,13.426327,0,0,0,0,59267.723,0
1702,425.2890809,13.458514,0,0,0,0,75179.53,0
1703,460.3265531,13.460353,0,0,0,0,68853.19,13641.208
1704,361.2212686,13.485298,268998.9,188436.39,178900.52,200831.92,191768.44,236159.52
1705,369.3833434,13.485298,119665.79,181290.3,172626.16,178693.6,183841.75,208964.45
1706,378.2479148,13.485298,62743.777,43048.125,46663.91,48814.88,45927.836,61227.957
1707,392.2635391,13.485298,170679.14,126164.305,143349.16,155358.08,132777.25,116577.836
1708,399.1774973,13.485298,144510.97,101062.87,94224.484,114133.76,110764.164,89926.61
1709,705.4856864,13.518035,0,0,0,0,35372.887,0
1710,683.4726018,13.554614,0,0,0,0,70067.02,0
1711,279.1588838,13.555773,0,0,0,34092.527,48032.164,0
1712,305.2682083,13.565486,47345.594,29925.787,40997.547,45250.324,48113.24,37703.81
1713,504.323253,13.580396,103403.84,131444.47,88230.05,77960.71,145146.83,149833.25
1714,661.4596358,13.584444,0,0,0,0,93414.8,0
1715,487.2969072,13.585349,46698.734,57899.445,41404.85,36313.168,62187.27,54560.098
1716,518.3385911,13.585349,95275.62,112487.92,70120.805,68331.445,138656.34,146767.02
1717,326.3776015,13.604152,453468.78,204835.19,148864.89,0,0,0
1718,205.1949117,13.618564,11467.761,0,11321.0625,23011.383,51019.613,5980.8394
1719,427.3890693,13.642609,63631.863,147047.97,112745.54,101600.87,127205.29,138310.55
1720,639.4468927,13.644179,0,0,0,0,103304.34,0
1721,279.1588837,13.66745,140153.08,123273.586,121747.08,126470.945,130234.945,114968.58
1722,301.1407335,13.66745,63550.38,43926.54,53963.39,64189.61,48975.94,30396.445
1723,317.1143859,13.66745,50241.832,36788.098,42660.73,53296.785,45170.34,29164.71
1724,297.2421157,13.669617,0,26116.227,30497.34,34884.58,27768.059,201405.53
1725,617.4338202,13.674005,0,0,0,0,96273.69,0
1726,321.1660672,13.687351,26091.248,23694.127,26953.39,26189.82,20607.701,17835.281
1727,401.2889858,13.7105,0,0,0,0,88129.93,0
1728,436.3265176,13.7105,0,0,0,0,48855.33,0
1729,595.4207527,13.7105,0,0,0,0,101382.71,0
1730,342.2634087,13.715233,0,0,0,0,18190.568,143237.69
1731,356.2788562,13.719966,0,0,0,0,0,70825.984
1732,573.4078389,13.740335,0,0,0,0,93023.13,0
1733,470.3475605,13.746465,28321.455,34260.87,28941.113,31079.705,35616.527,39659.56
1734,228.2319609,13.749255,31740.594,0,33676.395,27966.611,32019.945,23629.627
1735,309.2055879,13.770122,0,0,0,0,60577,0
1736,277.1797188,13.776402,7424.164,0,0,0,56309.938,0
1737,524.3709612,13.777822,0,0,39716.05,19278.666,23459.367,0
1738,342.2633666,13.786015,0,23501.309,0,0,0,122311.39
1739,542.4411703,13.799726,81609.88,0,77356.9,77246.305,77395.84,58960.527
1740,630.3778363,13.80301,0,51687.984,0,0,0,314454.28
1741,551.3947421,13.804403,0,0,0,0,75988.484,0
1742,372.2738898,13.804598,9074.848,11859.406,0,0,100735.125,130612.83
1743,297.2420738,13.813626,0,67198.32,19634.223,35345.38,74724.84,229935.75
1744,529.3816355,13.834325,0,0,0,0,70871.945,0
1745,281.2109683,13.845446,21527.814,0,0,0,0,11116.684
1746,340.3932177,13.850948,0,78479.53,68574.25,0,0,0
1747,546.3997287,13.85456,26281.42,27602.361,12771.379,21970.986,36676.21,100517.76
1748,507.3685748,13.864096,0,0,0,0,53710.14,0
1749,279.2317097,13.870705,0,0,0,36607.324,41993.82,357481.7
1750,319.2239021,13.87603,0,19528.4,0,0,15227.369,126878.18
1751,630.3778439,13.881998,0,98822.24,0,0,0,805360.44
1752,249.1844693,13.896125,0,0,0,0,70068.91,0
1753,430.388517,13.897771,54689.836,90648.016,78546.04,69570.74,82981,72863.51
1754,353.2672847,13.912674,12524.013,12004.943,14107.374,7979.279,146631.86,80246.086
1755,342.263233,13.916335,0,18013.072,0,0,21913.27,201607.77
1756,281.2110062,13.916361,0,0,0,0,316684.97,11805.95
1757,401.2888527,13.922615,40198.723,0,0,42701.52,204328.28,0
1758,259.2051561,13.926219,0,26542.678,0,0,45797.906,107441.02
1759,325.2367261,13.926219,0,12694.42,0,0,28570.836,138879.75
1760,291.2314581,13.937614,53239.023,215041.03,16219.895,31571.238,762637.5,839380.2
1761,307.2263453,13.945142,20757.895,0,0,11374.584,348925.8,0
1762,530.3682102,13.957468,0,6068.5137,0,0,0,98731.37
1763,301.236858,13.962996,0,0,0,0,222670.7,0
1764,429.2993605,13.962996,0,0,0,0,66343.27,0
1765,494.3105184,13.962996,0,0,0,0,43516.277,0
1766,273.2059508,13.995659,0,0,0,0,6390.0996,38410.27
1767,286.2737568,14.000766,56556.06,41404.914,51180.78,45930.3,58403.258,52857.43
1768,344.2789352,14.005718,19543.72,18737.035,18570.344,20777.242,19304.477,26751.604
1769,322.27365,14.026532,0,0,0,7267.216,63097.215,0
1770,297.2421942,14.039348,0,0,20232.93,0,16838.473,42460.793
1771,340.2841018,14.053862,20991.943,15003.213,0,0,112238.23,36438.297
1772,347.1980229,14.053862,12235.658,11253.642,0,0,93135.76,25930.396
1773,331.2243668,14.05654,23953.5,17663.508,0,8254.713,168361.45,39920.36
1774,259.2052374,14.057778,0,0,0,0,49090.816,19505.078
1775,291.2314501,14.058837,236225.4,166669.12,21689.9,86327.6,3470085.2,943802.2
1776,425.3254056,14.063449,0,0,0,0,0,61645.203
1777,324.2891694,14.09065,0,0,0,89828.37,339945.34,96012.51
1778,353.2682319,14.099052,15836.252,11668.3125,66015.445,23573.22,232784.92,175004.53
1779,472.1750007,14.116177,0,32779.188,0,0,0,468271.22
1780,322.2371379,14.131506,0,0,0,0,0,260514.16
1781,732.5460584,14.159375,29279.773,21900.7,20156.111,25042.113,27704.084,24000.56
1782,444.331651,14.161223,0,0,0,0,0,71089.85
1783,458.3469203,14.161223,0,0,0,0,0,45862.55
1784,436.3269073,14.177102,0,0,0,0,32617.074,0
1785,441.2820176,14.177102,0,0,0,0,56203.68,0
1786,269.2109266,14.190996,0,0,0,0,0,36787.617
1787,400.3780246,14.191702,331259.9,260170.7,306493.78,264251.47,0,303916.66
1788,415.3038229,14.196869,0,23773.006,22262.164,26155.746,26322.658,19974.562
1789,688.5200188,14.208155,47758.98,32585.738,31331.848,34960.02,33963.68,0
1790,429.3208406,14.210996,29888.002,27941.477,24924.465,32382.41,32592.988,23366.898
1791,312.3619419,14.261967,0,0,1155868.5,1672437.2,1513264.5,0
1792,644.4937048,14.262118,71091.01,44372.63,51324.734,51522.105,58382.707,39626.21
1793,621.3965033,14.271311,0,0,0,0,57626.367,0
1794,366.299849,14.278032,0,0,0,0,5623.6797,45759.71
1795,600.4676463,14.317284,90711.516,59250.86,64339.797,77415.71,74055.43,49869.87
1796,369.1246583,14.321636,0,16557.973,15825.794,14985.32,0,21056.85
1797,526.3947056,14.326625,26794.16,21395.33,22243.582,23059.88,0,0
1798,427.3044366,14.32702,0,0,0,0,74542.73,16534.297
1799,482.3688102,14.361933,40594.957,31835.805,0,33293.37,29040.973,0
1800,421.2938332,14.372169,0,0,0,0,32807.91,0
1801,556.4413882,14.372423,105177.445,71582.7,83406.36,89422.38,82238.33,0
1802,615.2582076,14.382233,0,0,44712.25,0,0,0
1803,444.3315672,14.382729,0,0,0,0,0,89493.14
1804,458.3471065,14.382729,0,0,0,0,0,59678.46
1805,438.3422972,14.387373,53133.867,38575.152,46287.05,41014.707,0,0
1806,282.2789265,14.4094,51995.555,41165.11,44388.992,42732.57,42686.82,62321.273
1807,516.1650008,14.412424,0,0,0,0,0,123806.33
1808,516.3891626,14.412424,0,0,0,0,0,163242.69
1809,512.4154214,14.420702,145497.22,86839.66,98714.86,105402.13,97775.086,0
1810,394.3160449,14.434189,40809.375,41553.477,33452.098,44207.996,41607.676,43662.816
1811,546.3995449,14.44223,0,24926.27,0,0,0,239147.89
1812,873.4257396,14.473953,0,0,20021.695,0,0,0
1813,468.389377,14.478845,174355,97165.57,124956.22,105734.62,107057.734,100353.695
1814,318.263377,14.528913,211247.39,113751.22,149831.75,274856.53,124001.58,130177.125
1815,424.3625711,14.528913,190200.33,101329.08,125677.195,130512.164,123888.63,106120.375
1816,309.203163,14.532148,187843.23,87004.164,113540.8,237713.2,103679.61,0
1817,245.1743805,14.533826,72491.93,37772.953,40186.04,94186.74,45484.62,62583.695
1818,287.2213216,14.533826,601971.7,284408.97,370255.2,740947.7,345737.53,482473.7
1819,304.2478375,14.533826,91849.91,54295.438,67715.516,119752.055,59234.074,80212.87
1820,325.1770646,14.533826,102257.81,52385.992,59413.957,123307.02,51966.906,59589.05
1821,307.2262619,14.539846,40061.15,57647.188,0,14052.494,487272.34,178946.3
1822,323.2211681,14.570163,36415.56,27394.121,27358.352,26737.18,204967.42,0
1823,363.3097147,14.570443,89366.1,51726.477,64172.984,70113.76,59653.715,50682.176
1824,380.3364123,14.570443,180866.84,96659.08,110221.984,131097.42,112328.04,92756.77
1825,516.3889487,14.571846,0,0,0,0,0,259288.94
1826,413.4093196,14.590247,70806.67,122858.1,98574.86,119817.21,110574.63,94614.75
1827,319.2836848,14.595206,104904.59,59039.875,81785.56,86765.98,67132.72,86880.01
1828,336.3098995,14.595206,89142.54,45389.613,55627.5,72128.984,62013.637,73433.72
1829,293.2470303,14.615665,0,0,0,0,106252.17,244371.56
1830,307.2263558,14.63604,12638.382,0,0,0,201268.16,76320.05
1831,448.2898954,14.6601925,0,42426.773,66636.43,54189.426,38615.027,32450.004
1832,329.1587764,14.662524,105138.6,99974.445,91088.99,79622.65,77898.44,98631.2
1833,403.2318767,14.662524,794008.4,820629.9,806008.9,733974.25,913878.94,966972.75
1834,425.2137002,14.662524,501043.7,396381.6,480096.4,409002.3,423818.03,189142.84
1835,434.2740804,14.662524,385348.28,364213.28,348982.22,409246.03,277387.84,204407.77
1836,441.1878336,14.662524,369340.6,352257.28,326696.78,313787.84,280979.84,230072.06
1837,390.2840924,14.689238,0,33569.1,0,0,0,183553.42
1838,342.299622,14.733418,11924.877,52396.184,0,0,66962.336,95885.8
1839,333.2393253,14.740776,15731.146,71907.37,0,0,103543.734,124148.06
1840,293.2469926,14.749286,279438.9,1848990.9,72306.555,55607.83,4351184.5,6290294
1841,261.220827,14.753057,0,53015.59,0,0,128475.18,192049.58
1842,460.3623398,14.755995,0,0,0,0,0,98641.7
1843,650.4166829,14.756034,0,0,0,0,100067.49,0
1844,307.2261995,14.762912,0,97888.61,0,0,124027.59,97834.914
1845,280.2631516,14.764117,22735.318,20351.518,44787.844,24373.396,22269.334,46784.055
1846,570.4721588,14.777363,107068.95,109002.21,102133.2,0,0,109941.34
1847,336.326323,14.818473,11782.481,26424.156,49739.31,21542.73,24059.938,17508.752
1848,279.2315461,14.821401,0,0,0,0,0,742706
1849,484.3628845,14.821401,0,0,0,0,0,98612.84
1850,300.2893289,14.833313,48026.93,34877.94,47572.28,117373.74,131930.64,56920.414
1851,413.2892786,14.833313,84470.375,83853.22,81792.586,80247.86,83677.56,77090.836
1852,448.3263778,14.833313,70657.53,70788.695,73783.23,68391.03,71607.17,73716.664
1853,355.2833301,14.848095,0,0,19489.352,6010.7666,0,52690.3
1854,293.247238,14.849331,0,0,0,10239.492,333489.2,0
1855,819.4154344,14.873857,0,0,23394.998,0,0,0
1856,384.2530331,14.879056,0,0,0,41801.2,0,0
1857,353.2680934,14.882967,20949.412,0,0,0,173847.58,0
1858,307.226364,14.884612,0,0,0,0,71005.45,0
1859,489.3184609,14.884995,0,0,0,0,0,149808.52
1860,370.331045,14.91056,19445.44,26297.54,21582.781,22028.123,23324.105,23410.025
1861,277.2159938,14.914561,33143.66,0,0,96882.28,567538.1,0
1862,449.3261292,14.944449,0,0,0,0,0,53984.9
1863,383.1402295,14.951453,94093.7,82151.38,71443.93,70170.34,80219.79,77042.41
1864,414.1822259,14.951453,38311.734,36610.227,30720.97,31163.734,30192.625,20489.555
1865,309.2420353,14.954503,0,13835.437,0,0,112091.97,62979.305
1866,562.3578555,14.974174,35721.16,40973.156,31563.008,39880.02,35129.027,36263.44
1867,293.2471655,14.975813,0,0,0,8745.399,223694.84,0
1868,436.3054546,14.978272,0,0,0,0,67984.49,0
1869,552.3895215,14.978514,0,0,0,0,0,69636.17
1870,337.2730041,15.045307,0,0,0,0,100651.28,108193.836
1871,263.2366672,15.054909,15827.481,0,34748.08,0,173929.03,190170.16
1872,355.2835059,15.057952,28740.99,19673.33,67966.09,15695.82,369437,382744.75
1873,463.1300509,15.062878,44723.51,39268.734,42848.566,37918.9,44299.168,42231.83
1874,494.1723868,15.065866,38666.12,26772.86,28041.162,0,18934.078,0
1875,465.3181866,15.083386,0,6365.1504,0,0,0,73436.125
1876,277.215969,15.102563,13453.227,0,0,46608.51,177907.6,0
1877,386.4004266,15.129437,59370.145,63149.63,62776.477,64642.79,0,71098.766
1878,433.3306957,15.131391,66983.664,60889.312,63582.734,67624.16,78607.29,81495.06
1879,451.3409564,15.131391,25638.3,24762.979,23471.3,28158.715,36573.23,52947.965
1880,473.3234761,15.131391,24302.207,19185.836,20117,33225.03,51766.96,61681.586
1881,449.3256268,15.138388,0,0,0,0,0,106928.15
1882,466.3520159,15.138388,0,0,0,0,0,77280.66
1883,471.307283,15.138388,0,0,0,0,0,91849.914
1884,279.231598,15.141707,57951.465,37896.938,94280.14,336710.62,658228.4,1065853.5
1885,407.2781063,15.168852,34590.875,29842.537,0,38840.16,40419.812,46154.812
1886,581.3290832,15.181232,35379.57,41872.17,39922.598,49757.324,56190.35,74127.484
1887,597.302543,15.181232,24767.24,30089.74,26466.395,31551.918,36363.832,51210.523
1888,576.3735107,15.186196,149936.53,134594.48,138293.98,153284.19,180244.42,164343.11
1889,326.3047927,15.238383,15419.66,0,7459.0317,32732.51,170433.81,35600.234
1890,251.0463311,15.239262,139092.69,117027.55,120265.14,116012.62,117148.59,124857.58
1891,394.2136654,15.23942,47711.008,42019.855,37269.57,38931.07,0,22105.822
1892,179.1427921,15.242487,9196.351,6757.8857,0,0,134340.7,19210.344
1893,309.2418814,15.244227,488130.38,337994.97,20114.152,115782.56,6997833.5,809947
1894,331.2238947,15.244415,79391.27,52401.688,0,18950.768,897671.7,73847.766
1895,340.2841065,15.244415,84207.36,61713.97,0,25649.996,589358.3,100902.3
1896,347.1976769,15.244653,53944.89,32447.484,0,0,615064.06,0
1897,277.2158771,15.245153,86332.44,0,0,0,1301807.8,0
1898,679.4378688,15.267878,0,0,0,0,138979.17,0
1899,358.2946015,15.269499,0,39224.27,0,0,0,61502.586
1900,571.1955145,15.273048,0,0,29404.93,0,0,0
1901,340.3931919,15.300804,365333.6,302091.7,286185.7,300580.66,240907.16,259972.56
1902,462.3419241,15.307715,101350.51,92709.12,81046.914,96395.11,59669.97,89651.5
1903,427.3043726,15.312618,75764.17,70190.7,62255.13,56718.996,58794.87,68764.336
1904,354.2998924,15.334518,9419.07,23991.943,0,0,68522.42,49167.297
1905,277.2159237,15.335077,53152.66,114911.3,9446.738,0,729504.1,671195
1906,331.2236634,15.335077,54154.67,163102.4,9642.691,0,680342.6,487473.56
1907,347.1977809,15.33725,34399.684,95016.03,0,11986.371,423076.9,287743.47
1908,309.2418245,15.337258,449326.97,1270539.5,78055.445,137347.19,5869780,5856597.5
1909,340.2840833,15.337258,53662.086,118422.76,10333.559,21992.38,416868.62,246933.12
1910,331.190291,15.355863,75407.25,0,67310.5,59857.676,0,45596.15
1911,422.289499,15.35627,0,0,0,0,46412.254,0
1912,509.2530698,15.389685,0,0,0,35543.918,97871.85,0
1913,382.4401797,15.390213,88898.41,79118.44,0,89971.64,100598.99,51448.523
1914,590.3889739,15.400907,85166.68,72546.875,72539.016,72227.516,64896.168,70812.69
1915,438.3788561,15.425468,26561.59,21632.564,16417.715,22630.428,15331.627,0
1916,365.267949,15.449238,0,0,0,14158.5625,150419.62,0
1917,414.3205528,15.458614,30220.168,37709.57,33792.547,30321.66,30411.59,30883.424
1918,309.2418484,15.469249,168679.64,1402858.9,87372.44,24161.287,2234835,7994092.5
1919,340.2841366,15.469249,33829.203,198816.5,17232.867,6480.342,307743.78,548781.5
1920,277.2158634,15.469516,23791.84,177998.05,0,0,337223.97,1040074.1
1921,331.2237114,15.469516,21390.611,194680.12,0,0,316704.16,662393.44
1922,347.1976231,15.469516,17390.748,146408.03,0,0,230727.02,590625.06
1923,354.2998227,15.476845,5870.273,40505.29,0,0,56969.562,103708.984
1924,259.205261,15.482501,10314.176,0,0,0,170586.3,38059.273
1925,476.3574631,15.54642,68092.45,59637.13,63705.477,0,43570.01,16131.512
1926,256.263017,15.552952,222927.97,186706.44,253294.75,191839.55,206705.11,179764.94
1927,427.3045404,15.552952,99656.23,96707.52,97524.89,92013.46,89367.34,95810.12
1928,462.3418412,15.552952,79621,91555.66,94718.39,88731.76,68744.57,85212.9
1929,441.44088,15.573361,1318847,1716716,1689274.8,1865404.8,1791871.4,1413237.4
1930,398.2320035,15.582041,453529,311262.5,0,348360.1,293674.5,352033.25
1931,295.262787,15.583359,0,40917.555,0,0,34397.8,105483.6
1932,486.3782378,15.58826,0,0,0,0,0,131882.36
1933,607.2539095,15.595977,0,0,46632.234,282315.84,0,0
1934,590.3887862,15.602902,135344.48,127665.13,127680.48,126657.2,127547.445,134707.27
1935,351.2522966,15.610356,0,0,0,0,198119.12,0
1936,604.4048391,15.614723,65245.473,58216.117,57796.008,0,62399.5,72344.055
1937,437.3262684,15.617811,0,0,0,0,0,69204.93
1938,279.2317015,15.6213045,44351.895,0,0,19988.19,314013.78,0
1939,436.3053367,15.625941,73503.055,84478.945,82974.984,84609.3,0,44646.27
1940,384.3464323,15.65015,48348.027,58578.77,58292.1,59278.363,51111.723,51021.07
1941,306.27867,15.676958,0,0,0,0,0,75582.78
1942,540.388946,15.676958,0,0,0,0,0,60493.785
1943,413.341284,15.707445,0,0,0,0,80386.68,0
1944,586.4670723,15.707445,0,0,0,0,56211.04,0
1945,708.4579071,15.707445,0,0,0,0,161023.77,0
1946,425.4457551,15.734666,169098.95,261574.31,232134.42,242363.75,185914.44,224164.22
1947,380.3151206,15.7689705,0,0,0,0,30556.668,72922.414
1948,625.3338685,15.771845,38186.582,27269.629,30435.373,0,29024.135,39185.695
1949,604.4049258,15.774203,146125.55,126361.625,123941.77,139935.95,158052.98,120682.305
1950,609.3605496,15.774203,44368.13,47944.953,38114.21,39724.277,42822.117,44755.676
1951,309.241856,15.782799,18203.613,0,0,0,298314.9,456606.3
1952,590.389009,15.812248,137240.44,119663.266,128233.65,125580.33,131766.56,125975.85
1953,279.2315901,15.819733,90025.72,19578.566,11193.048,63031.074,989653.7,0
1954,435.3459531,15.835226,42971.473,45634.445,41397.17,0,39647.086,50552.816
1955,417.3357943,15.83691,101439.98,96969.72,84121.62,101800.01,88842.445,90542.055
1956,313.2732743,15.867115,43605.61,32607.807,48049.18,41934.01,189060.83,101576.58
1957,331.2835439,15.872777,51029.52,43902.76,59134.027,49172.234,272659.4,153145.22
1958,282.278832,15.894704,317344.22,202645.64,357778.88,268088.9,198859.25,221597.25
1959,496.3627631,15.895421,0,0,0,0,0,68078.36
1960,291.2313512,15.897704,13296.257,0,0,0,252880.05,69242.83
1961,464.3579153,15.899643,77883.11,63970.18,66330.05,60581.03,62153.406,61072.793
1962,357.2990925,15.924272,0,0,0,0,32620.018,40673.684
1963,291.1951716,15.931779,26053.32,28432.13,24696.324,25740.242,0,0
1964,323.257512,15.961415,0,0,0,9690.304,35213.13,54580.96
1965,607.2539423,15.96777,0,0,0,47577.61,0,0
1966,270.278839,15.991281,61074.72,44736.086,46524.188,57466.133,54711.492,50179.85
1967,476.3574625,15.991281,173735.75,156492.69,159784.47,157655.22,188511.4,174291.53
1968,590.3888234,15.996152,129475.76,91065.8,121278.31,84140.3,140350.94,154042.23
1969,481.3132712,16.00595,87155.64,61064.812,85862.48,95483.21,134329.78,135256.47
1970,414.4301542,16.00596,134650.73,145880.56,110965.13,132382.86,190579.14,162598.2
1971,388.283795,16.017086,0,0,0,0,216157.83,235478.28
1972,279.2315919,16.017197,0,91667.5,0,0,122978.45,362790.25
1973,311.2573675,16.019503,27871.172,421002.12,19934.895,0,414959.66,1322666.9
1974,467.2979347,16.020443,0,41733.54,80116.32,86926.87,122799.55,159824.52
1975,427.3041693,16.020712,97324.336,77915.86,72429.016,90791.26,79804.234,85572.72
1976,462.3420315,16.020712,67572.15,65501.203,111630.086,132356.4,105462.93,113668.445
1977,337.1663989,16.025944,63184.61,55478.605,78498.016,108219.73,259727.14,389466.3
1978,263.2366116,16.028393,24893.156,0,29396.838,46389.39,190798.94,389516.34
1979,281.2473056,16.031796,31586.959,23600.355,38295.54,51433.656,218056.72,431160.94
1980,342.2996612,16.032728,21662.93,120841.79,20404.635,0,77177.23,200677.81
1981,628.4986258,16.055042,66199.01,49290.887,57219.56,50943.305,66364.6,0
1982,598.5764057,16.06079,0,0,0,909725.9,0,0
1983,368.4244861,16.0971,3244982.2,0,2476237.2,2583165.5,2919970,2597572.2
1984,584.472454,16.107944,82628.02,69189.84,74296.31,78040.31,0,53378.27
1985,458.3476373,16.144787,0,20867.18,0,0,0,103831.98
1986,315.2524359,16.147343,301001.72,227143.94,227593.1,249933.03,223602.39,233555
1987,346.2943786,16.147343,88459.9,69022.195,73488.58,79394.9,49588.68,39941.004
1988,339.2886626,16.147911,0,0,0,0,72060.41,53393.066
1989,357.2991435,16.152262,18711.598,20824.27,17036.105,9530.067,205576.78,165304.33
1990,549.2483842,16.164474,0,0,138007.58,77619.586,0,0
1991,540.4464433,16.176388,108081.99,70039.96,69742.51,83055.375,86534.61,0
1992,604.4045734,16.191952,241968.03,258716.19,355201.53,234723.48,220105,184481.9
1993,609.3601092,16.191952,104816.03,109970.49,111110.33,99896.27,98144.81,114665.67
1994,618.4209799,16.191952,184091.56,166366.17,167955.58,169925.23,120775.664,132358.56
1995,590.3886872,16.223034,127023.33,182166,118337.99,153848.73,107979.9,119690.6
1996,476.3576127,16.232872,396590.1,394700.03,449523,341329.1,354816.5,302898
1997,497.2868297,16.232872,98192.125,138382.8,133874.4,114159.91,118615.83,90101.945
1998,481.3131141,16.237787,188175.9,243482.36,249055.84,175759.08,236897.86,127994.02
1999,490.3730431,16.237787,122101.54,122426.586,88728.33,101337.98,90943.47,86062.26
2000,542.4045543,16.267786,0,0,0,0,0,78173.47
2001,415.3563668,16.271805,0,0,0,0,127743.46,0
2002,541.2788088,16.272087,0,0,0,38091.24,102310.81,0
2003,452.3940055,16.277967,75465.3,74232.47,81432.99,66519.36,59331.31,67986.67
2004,436.3055284,16.301348,56297.402,55393.54,63927.445,64239.766,87489.15,30098.281
2005,408.3676084,16.330946,80224.5,67775.32,75898.23,75873.02,98688.45,53086.6
2006,301.2368616,16.335413,0,0,0,0,119277.86,0
2007,315.2523759,16.340815,102752.984,79959.23,94030.414,84360.84,233297.34,78472.734
2008,364.3412634,16.360527,60235.047,52506.098,70752.96,58347.33,73680.336,58477.07
2009,580.4201667,16.360527,43726.793,40957.016,54519.266,49614.72,48595.04,54433.17
2010,618.4203699,16.366339,160604.19,135574.27,145483.23,161365.19,143140.61,147904.23
2011,356.315209,16.381424,91106.25,64877.22,105054.92,90087.35,68884.48,56800.32
2012,530.4044523,16.388184,0,19382.512,0,0,0,110297.234
2013,782.5686045,16.394545,0,0,0,0,0,404413.44
2014,604.4045901,16.407312,391933.06,326872.06,358755.53,366898.66,351693.34,337309.28
2015,609.3600774,16.407312,163012.95,140765.94,144667.06,149498.64,145828.28,165562.6
2016,625.3338504,16.407312,104502.15,98853.24,102697.31,93927.8,90410.83,116932.71
2017,462.3417111,16.420559,56848.188,49470.664,53921.633,51008.15,0,47958.617
2018,542.4044209,16.423891,0,0,0,0,0,322752.12
2019,547.3599676,16.423891,0,0,0,0,0,165385.27
2020,609.2696757,16.427221,0,0,0,209012.12,0,0
2021,457.3271898,16.4527,44559.637,0,38250.227,0,0,12265.739
2022,417.3358482,16.45363,69934.5,70280.33,78548.516,75564.914,62020.344,60743.152
2023,377.2285896,16.484028,38825.48,40801.5,39921.164,35672.14,34822.21,29244.348
2024,498.3782824,16.486628,0,0,0,0,0,159115.39
2025,293.246957,16.550636,0,0,0,0,280365.5,316826.56
2026,375.249775,16.550636,0,0,0,0,33191.88,10480.083
2027,512.3927913,16.55489,0,22091.242,0,0,0,361572.03
2028,766.4994937,16.555346,0,0,0,0,153997.73,0
2029,347.2942207,16.564116,0,0,0,0,62051.805,28037.66
2030,498.3784138,16.569702,0,39645.664,0,0,0,500245.78
2031,503.3338609,16.569702,0,24278.574,0,0,0,248956.14
2032,519.3073122,16.569702,0,10758.484,0,0,0,217029.19
2033,490.3729722,16.62065,212753.69,161752.61,203777.98,159958.72,157326.42,145168.28
2034,209.1533202,16.623758,72927.43,98398.195,127278.734,65011.457,47700.766,0
2035,408.3076692,16.626272,161782.69,190106.61,272965.56,142176.9,111568.984,81654.305
2036,417.3677661,16.626272,339574.7,371811.94,479390.75,285517.88,199376.22,151496.78
2037,424.2813776,16.626272,158834.58,188221.11,250220.34,135971.22,103380.664,85072.48
2038,226.1797417,16.631594,274066.4,369112.97,448174.9,236017.81,205515.62,241458.9
2039,618.4200452,16.63545,149148.47,147136.4,0,118120.78,0,120901.67
2040,308.294099,16.638844,0,0,0,0,0,528021.6
2041,229.1408004,16.64202,0,0,0,189821.61,0,0
2042,341.2673549,16.64254,9625.218,0,0,0,71626.37,13736.235
2043,455.4085268,16.665018,170317.16,0,0,0,0,0
2044,509.345317,16.695236,22595.906,102344.68,21193.56,17708.855,166096.47,20538.64
2045,549.3772173,16.724472,7625.2466,12545.414,0,9418.953,148835.2,24867.68
2046,618.4199634,16.750254,91304.94,192016.53,237655.8,129200.01,243782.16,204414.69
2047,632.4361376,16.755186,211713.89,268065.47,224204.34,239206.16,245585.75,285735
2048,637.3916028,16.755186,84439.93,79093.58,85351.15,96008.48,66179.914,100321.61
2049,498.3786578,16.75726,0,0,0,0,0,51619.5
2050,435.3458712,16.760996,0,35169.707,0,0,12162.543,167439.33
2051,392.3148915,16.78394,0,0,0,0,80973.44,57608.46
2052,223.9880117,16.788134,303132.2,0,0,0,0,0
2053,469.3522502,16.80239,59325.684,74487.84,59176.438,75766.266,45085.414,92597.09
2054,504.3887591,16.80239,182696.39,208870.4,198812.14,227685.94,202792.97,228035.08
2055,758.567751,16.808573,0,485529.06,0,0,0,0
2056,476.3577165,16.811285,87222.54,271401.78,215485.95,326132.9,258304.16,107728.14
2057,762.4988473,16.81704,105541.28,118470.42,104640.29,126941.36,124856.41,122351.33
2058,509.3452281,16.819784,132012.47,0,163317.94,151575.19,0,0
2059,593.27443,16.820932,0,0,354441.75,4310268.5,0,0
2060,721.5765231,16.83176,0,0,0,0,337121.44,217453.42
2061,408.3076482,16.83453,0,224592.6,371644.47,241867.5,309053.78,200104.33
2062,424.2813367,16.83453,0,173773.4,272797.12,179705.81,170860.92,127718.17
2063,228.1954815,16.836573,247518.17,274054.2,390330.97,219380.61,199537.55,205619.6
2064,244.1903189,16.836573,165908.16,197260.11,278626.94,162856.52,143075.7,134370.22
2065,417.3677656,16.836573,197683.97,239471.3,335943.4,182045.44,177618.92,131980.61
2066,364.2839335,16.842672,0,0,0,0,163048.66,0
2067,343.282813,16.877573,126600.05,124823.33,105150.59,0,107749.18,89518.93
2068,632.4359134,16.899004,377340.97,317324.75,371642.06,331019.62,301233.94,253680.78
2069,637.3913825,16.899004,256872.95,196491.86,197666.73,211819.45,180339.64,154594.2
2070,653.3650194,16.899004,107008.44,95904.305,103765.68,104001.17,97439.36,92462.41
2071,480.3667791,16.906427,0,23433.754,0,0,0,155059.28
2072,291.2314204,16.92151,32847.062,0,0,0,734300,0
2073,646.4523745,16.952051,109333.984,78666.28,144086.61,95714.65,99805.47,0
2074,580.4203768,16.95617,123427.42,0,105881.164,126929.68,115585.32,0
2075,293.2473448,16.971344,0,0,0,0,85095.52,143546.31
2076,490.3732879,16.972963,83345.766,144642.22,67383.4,90029.484,0,62675.977
2077,379.2836277,16.975395,0,0,0,33333.98,1273073.6,0
2078,518.4045615,16.987162,49040.906,49888.227,56066.383,57012.58,45364.65,122929.72
2079,229.1406945,17.000229,251429.72,225187.03,205903.8,0,183647.98,0
2080,608.4893015,17.002445,0,0,0,0,0,177528.31
2081,399.3251358,17.011766,166654.84,159579.77,138213.05,155368.02,162733.28,139290.14
2082,417.3358426,17.016626,118726.06,105275.5,84168.3,128836.38,99473.94,112918.62
2083,467.2989972,17.019497,57020.023,36397.44,0,0,34851.453,24237.041
2084,475.3411427,17.01954,9827.331,0,0,0,99571.484,45952.01
2085,380.2088553,17.026846,71968.28,46997.85,65699.53,88118.89,294539.56,285014.47
2086,390.2998526,17.028357,0,0,0,0,119982.92,0
2087,632.4360052,17.028357,0,0,0,0,141854.1,0
2088,637.3915958,17.029976,0,0,0,0,98938.766,132229.06
2089,721.5766587,17.029976,0,0,0,0,227330.16,176371.4
2090,480.3675858,17.031593,0,0,0,0,0,116452.19
2091,412.3778363,17.031773,66318.61,56932.2,61571.508,77681.47,61277.66,55034.934
2092,457.3277743,17.042372,31789.63,15626.243,35548.14,24611.496,103179.44,24098.686
2093,490.3732899,17.092897,179398.64,156480,154115.75,182632.69,201442.44,155603.3
2094,504.3886579,17.092976,141822.11,110794.72,134884.14,117388.36,0,0
2095,518.404604,17.108498,223422.31,197351.77,217885.67,209636.7,193114.56,463833.1
2096,523.3602506,17.113749,136599.86,104492.555,89582.92,111764.15,90873.89,209159.42
2097,293.247112,17.124512,0,0,0,0,104951.766,254356.27
2098,361.3304958,17.125475,66774.9,58741.453,53623.32,67083.41,75424.78,56933.86
2099,554.4039793,17.125895,0,0,0,0,0,90668.86
2100,423.397847,17.150434,355420.34,0,0,0,0,0
2101,334.3098283,17.160618,0,0,0,168871.42,0,124359.734
2102,593.2741895,17.16289,0,0,43070.285,493226,0,0
2103,391.2834244,17.182652,0,0,0,0,1600988.5,0
2104,578.3944971,17.182652,0,0,0,0,202570.5,0
2105,476.3579388,17.183596,229677.77,188253.88,184331.55,0,131450.77,148284.6
2106,646.4518854,17.192013,203725.17,262458.94,243373.69,281342.66,178055.73,0
2107,651.4076974,17.19621,102139.76,56478.07,83670.09,69682.65,62845.023,82571
2108,450.3213335,17.19727,17894.074,0,0,0,83842.586,0
2109,504.3886986,17.211725,62592.11,54535.953,84284.46,83245.55,107215.05,50372.363
2110,229.1407589,17.236736,0,0,0,292605.47,0,212915.05
2111,490.3734549,17.242176,170802.58,149325.89,185080.89,163543.36,154553.56,148171.86
2112,544.4204463,17.245255,0,9726.177,0,0,0,290283.66
2113,549.3759057,17.248665,0,0,0,0,0,136292.16
2114,293.2471114,17.271877,83020.94,0,7660.628,28577.01,1608683.2,693834.6
2115,364.2475173,17.273798,0,0,0,0,135360.27,0
2116,350.2681147,17.274412,17314.49,0,0,0,188251.94,68440.06
2117,500.3940809,17.274841,0,31204.832,0,0,0,412021.5
2118,505.349696,17.27816,0,0,0,0,0,211928.62
2119,514.4098518,17.27816,0,0,0,0,0,188553.31
2120,660.4682281,17.30178,138697.8,84771.18,109906.89,81827.53,70287.15,0
2121,223.9880254,17.319618,0,478324.78,503835.88,638977.06,0,387724.8
2122,181.0141989,17.332937,954741.4,0,0,0,0,0
2123,660.4681462,17.339346,84987.76,49946.344,143598.47,138866.6,80811.836,146627.05
2124,554.4409944,17.365559,0,0,0,0,45490.914,0
2125,613.4435432,17.36973,0,0,0,0,8756.93,313226.9
2126,665.4226175,17.370333,75492.36,42723.4,46239.547,69988.195,41334.8,72226.54
2127,573.4512901,17.403755,0,0,0,0,0,164764.17
2128,608.4886912,17.403755,0,0,0,0,0,206935.38
2129,535.2690518,17.406433,0,0,1091741.6,712374,0,0
2130,509.3460701,17.428015,39152.324,0,0,0,31882.309,0
2131,542.4044624,17.43341,0,0,0,0,0,69538.31
2132,712.6073745,17.460169,110503.77,58863.676,107053.41,113448.414,70394.5,96762.24
2133,632.4351505,17.46591,76193.79,103013.77,168812.9,83352.05,100625.78,76577.195
2134,504.3887064,17.46818,174880.19,262210.66,296917.2,290819.72,202967.42,123600.77
2135,594.4725356,17.469542,0,0,0,0,116611.43,0
2136,490.3733251,17.475779,252841.06,325180.2,258847.25,328781.66,242166.16,221860.88
2137,608.4888156,17.484058,0,0,0,0,68438.414,112342.33
2138,399.3251406,17.510393,98218.62,95420.04,126443.21,65888.94,76939.47,82693.49
2139,229.1407139,17.523563,378862.38,303112.56,322740.47,0,311337.44,0
2140,293.2471593,17.529001,0,0,0,0,240936.12,0
2141,336.3257725,17.565252,0,9139.68,61499.395,55853.74,45899.344,54231.188
2142,401.2655519,17.566614,0,0,0,0,150853.02,0
2143,607.4166705,17.566614,0,0,0,0,210264.17,0
2144,343.2826035,17.566969,59510.17,64601.07,46938.17,44665.367,62803.508,39116.688
2145,379.2835542,17.571892,84255.49,0,0,0,1045789.8,0
2146,610.576027,17.57691,882615.2,653057.3,751943.44,617280.5,567120.5,680866.7
2147,656.5302337,17.580702,61360.97,55045.023,55586.367,51946.71,63887.52,0
2148,730.6373174,17.59634,0,0,0,0,265808.28,0
2149,365.3043378,17.617226,0,0,0,0,0,66826.59
2150,490.3731377,17.62412,290968.3,244088,379005.84,236732.55,238702.7,215312.62
2151,674.482846,17.626848,146506.36,0,116504.055,118165.66,111274.336,122262.56
2152,610.5027669,17.651566,0,0,0,0,0,275927.28
2153,293.2469391,17.660192,0,0,0,0,334539.66,0
2154,438.2955304,17.660192,0,0,0,0,52115.89,0
2155,409.1827673,17.66192,311311.62,0,0,93758.09,0,0
2156,615.4585928,17.662937,0,20105.232,0,0,0,336646.9
2157,184.9853397,17.662998,1898928.5,1819098.6,0,2143264.5,1818234.9,1688107.4
2158,310.309646,17.677784,0,16159.96,0,0,0,185366.95
2159,568.477803,17.685434,87003.59,61074.812,79459.69,62095.133,61375.977,57147.9
2160,575.4673541,17.702574,0,0,0,0,10960.396,206116.75
2161,215.1250873,17.712526,0,122972.51,159934.86,0,0,0
2162,524.4519556,17.733786,84577.58,73496.1,62709.27,86992.09,57722.883,70232.23
2163,561.3757925,17.742992,0,8038.5903,0,0,0,172676.25
2164,570.4352856,17.74484,0,0,0,0,0,113216.9
2165,480.4245264,17.769554,82290.2,54649.477,51733.094,0,0,46981.93
2166,700.6274264,17.796469,711639.44,1.59E+07,0,0,0,0
2167,436.3993261,17.811735,90427.164,73701.86,78648.22,74731.68,57661.316,62735.875
2168,440.3728322,17.835812,0,0,0,0,0,77312.734
2169,293.2470388,17.861862,87956.11,1710697.1,0,136663.81,57658.094,1800143.2
2170,683.5990816,17.863283,0,2229699,0,0,0,0
2171,714.6414669,17.863283,0,3626275.8,0,0,0,0
2172,688.4985174,17.87481,323818.9,273727.06,270282.94,295611.9,331543.44,303950.78
2173,693.4537916,17.87481,226684.28,168412.3,196337.89,197132.81,173065.16,200085.75
2174,709.4276192,17.87481,100737.086,76376.4,89627.18,88098.65,87939.31,85083.59
2175,518.4044416,17.880114,189213.38,146544.11,130062.3,122463.016,42570.082,130496.68
2176,596.4876412,17.883984,0,0,0,0,132496.12,0
2177,699.5944395,17.888477,0,4678846,0,0,2906346.2,0
2178,610.5030635,17.89171,0,0,0,0,51213.61,89828.25
2179,730.6369046,17.90204,0,1089344.2,0,0,280966.84,491812.66
2180,229.140694,17.90296,0,0,0,452448.47,282234.94,239544.75
2181,448.3779989,17.91367,0,0,0,0,75141.664,0
2182,737.5505273,17.91367,0,0,0,0,231753.36,0
2183,184.9853761,17.929031,0,0,2234634.8,0,0,0
2184,518.4048148,17.973886,69455.734,90656.98,0,112286,63676.758,108127.27
2185,512.3936956,17.99051,0,0,0,0,0,259233.03
2186,352.2838102,17.996635,0,0,0,0,1524446.8,697024.25
2187,844.6860262,17.996635,0,0,0,0,249370.38,85673.09
2188,366.2631515,18.00276,0,0,0,0,546544.44,0
2189,388.2449914,18.00276,0,0,0,0,72173.59,0
2190,371.3145133,18.016748,70223.69,64005.062,64634.33,85083.76,89424.016,64332.047
2191,721.5764806,18.037313,0,0,491562.6,0,1533537.8,1070601.5
2192,522.5966184,18.039442,1015079.44,684745,703579.8,821158.1,746658.7,779155.9
2193,615.4586326,18.046408,0,18541.703,0,0,24151.814,353991.62
2194,610.5033905,18.051933,0,0,0,0,0,290816.56
2195,714.640782,18.05503,0,446603.03,0,0,0,0
2196,413.2654303,18.063477,726521,569803.4,0,0,0,0
2197,705.5812803,18.063477,350661.6,6200279.5,0,0,0,0
2198,735.5591034,18.063889,100986.47,108519.984,0,142459.28,0,0
2199,411.3614481,18.07192,180291.84,0,0,0,0,0
2200,512.3936233,18.081345,0,0,0,0,0,102088.56
2201,638.6071847,18.096296,1360153.2,950828.75,1135854.9,1126442.9,1020327.75,1233777.9
2202,229.1406423,18.100498,0,197164.48,241292.27,0,0,0
2203,474.3782026,18.121326,277099.66,198352.4,210550.48,342910.28,180262.61,171534
2204,546.4360583,18.121326,48985.043,39624.78,66486.23,52876.22,37443.027,51729.207
2205,488.3938992,18.123224,154390.27,0,469696.3,313784.6,119645.875,114199.65
2206,336.3254833,18.128338,0,0,0,174590.16,0,0
2207,699.594608,18.129711,0,0,1370989.6,0,0,3968987.8
2208,610.5032975,18.14291,0,0,0,0,0,444605.53
2209,615.4588316,18.14291,0,0,0,0,0,232791.38
2210,631.4315182,18.14291,0,0,0,0,0,95472.39
2211,184.9852864,18.170256,0,455363.12,0,0,280217.7,283416.3
2212,409.2705822,18.184958,189078.83,123970.71,144774.89,137713.12,160756.94,0
2213,388.3413359,18.18822,291739.94,220201.45,198141.95,211637.9,195702.22,158042.28
2214,371.314766,18.19386,1466607.5,1067201.6,1387390.6,1486757.8,1008371.4,1287776.2
2215,279.158711,18.215353,294321.12,246318.06,242460.48,233956.36,248011.86,218200.64
2216,391.2833395,18.215353,1.09E+07,8589279,1.47E+07,1.09E+07,8550687,7884549
2217,413.2653233,18.215353,4076866.5,2844260.2,4870521,4633488,1958790.6,2273241.5
2218,422.3252444,18.215353,235507.84,202868.38,348698.66,293496.16,250170.64,235821.95
2219,429.2391672,18.215353,2911076,2044047.1,2550366.5,2463610,1596041.5,1585702.6
2220,454.2919458,18.217516,282212.03,196453.3,211111.53,192694.14,146814.62,0
2221,803.5416931,18.217516,1026898.44,739588.44,728825.3,873476.4,689488.06,0
2222,610.5032571,18.263405,0,0,0,0,0,280686.78
2223,615.4582545,18.263405,0,0,0,0,0,104819.67
2224,474.3779694,18.303057,0,57289.438,68193.3,0,0,73038.195
2225,532.4194485,18.332825,0,47328.6,0,0,0,177713.47
2226,537.3755285,18.332825,0,10346.9,0,0,0,72763.23
2227,558.4346324,18.394936,0,0,0,0,0,114568.43
2228,184.9853367,18.39615,581315.1,0,728782.4,786956.5,0,385724.9
2229,518.4044713,18.40084,86623.55,69356.734,98912.32,112044.03,92653.74,89627.91
2230,705.5812094,18.404604,0,1887246.2,0,0,0,0
2231,229.1406798,18.435429,274988.1,119074.04,78442.67,270853.75,0,227569.12
2232,293.2469588,18.457129,840816.56,245941.22,0,0,0,203180.97
2233,721.576634,18.465496,0,0,224107.72,0,699528.9,385926.84
2234,568.4264234,18.476124,0,0,0,86502.336,9221.172,0
2235,515.4088244,18.476837,0,0,0,0,70481.12,0
2236,597.4483408,18.48256,0,0,0,0,21938.053,177429.73
2237,338.3409995,18.485209,471274.1,782536.6,716562.2,525819.06,501036.4,536053.94
2238,557.4560238,18.518164,0,0,0,0,0,164864.94
2239,506.3832172,18.5409,0,0,0,0,75915.125,0
2240,514.4100406,18.556923,0,28961.32,0,0,0,103373.12
2241,714.6420696,18.56136,0,509916.56,0,0,0,0
2242,622.5034137,18.56176,0,0,0,0,58280.6,103900.28
2243,719.5425654,18.573795,0,84329.92,137243.66,135197.75,93235.43,59992.867
2244,714.5859692,18.581182,0,219318.94,0,0,196086.25,0
2245,582.4056556,18.600971,0,0,0,0,226674,0
2246,800.6782924,18.614342,0,489162.94,0,0,370113.66,393701.9
2247,391.2833023,18.665539,0,0,0,0,1421594.2,0
2248,557.4558333,18.676863,0,0,0,0,0,77503.375
2249,224.1852483,18.683432,0,0,133254.16,0,0,0
2250,595.4313784,18.687325,0,0,0,0,14322.469,117551.36
2251,721.4856724,18.694468,41688.562,31684.39,52462.33,41251.22,27571.377,22976.402
2252,696.5398952,18.69514,0,0,0,0,68319.62,0
2253,550.6277972,18.720667,0,695179.06,0,619112.9,0,557230.75
2254,354.2993732,18.727106,0,0,0,0,984669.7,0
2255,680.4781602,18.734264,2348998,0,0,0,0,28891.242
2256,608.487099,18.738926,0,0,0,0,0,84834.266
2257,816.6390655,18.750776,0,27857.297,45913.625,46613.336,18809.254,37333.594
2258,571.4321251,18.756603,0,0,0,0,210102.42,0
2259,624.5189126,18.77038,0,19733.066,0,0,56617.305,226742.16
2260,666.6384093,18.78413,0,0,0,846979.5,555534.94,718867.3
2261,549.2848863,18.790707,0,0,0,55253.664,0,0
2262,663.4524043,18.791664,2276583.8,0,0,0,0,0
2263,1342.926028,18.791664,310781.2,0,0,0,0,0
2264,586.5032989,18.805159,0,0,0,0,0,57957.695
2265,764.5365723,18.806969,5178482.5,0,0,0,58459.992,0
2266,419.3146777,18.814764,392105.44,272006.5,401247.22,302844.97,241223.55,287445.5
2267,708.5102937,18.82147,959324.1,0,0,0,0,0
2268,750.5209055,18.82147,441455.62,0,0,0,0,0
2269,800.6787969,18.82241,0,0,0,0,199840.44,0
2270,488.3939019,18.862774,0,897837.6,1034043.3,952176.56,661733,711555.75
2271,694.4953232,18.86385,1113324.9,22714.348,0,0,0,0
2272,572.4510742,18.865131,0,64783.574,96302.125,0,40054.664,76650.88
2273,509.3230286,18.865427,0,42352.77,106311.09,75162.15,0,45225.844
2274,327.2522207,18.869455,0,84594.01,144068.52,0,0,64932.926
2275,714.54803,18.869616,0,0,0,76455.555,284553.5,0
2276,596.5092196,18.893454,0,0,69338.98,78225.39,0,61986.926
2277,435.3460294,18.91575,0,0,0,0,52316.855,0
2278,552.4825413,18.918697,112910.016,81786.68,81646.84,88870.02,0,77398
2279,508.4566437,18.944208,93278.516,63147.44,64441.387,76361.24,65885.81,58543.16
2280,464.4300906,18.97529,114128.39,75995.24,108414.53,83694.375,69064.95,74663.484
2281,420.4037594,19.003616,0,39488.734,55273.008,61571.305,55227.707,36780.24
2282,454.3882967,19.01878,0,0,0,0,17439.846,60863.043
2283,559.4714312,19.05741,0,0,0,0,0,153832.05
2284,506.4412044,19.06958,151605.23,111092.99,122802.73,114911.445,108810.08,115883.25
2285,391.2833884,19.072596,0,233335.55,0,0,570072.6,0
2286,592.4931939,19.082647,0,0,0,0,134955.8,20260.064
2287,624.5180592,19.139372,0,52604.383,0,0,127078.12,500154.6
2288,699.5943555,19.146868,0,0,0,0,5609717.5,3823445.8
2289,429.3717568,19.15037,0,0,0,0,0,48916.832
2290,628.3734436,19.156172,0,1144109,1050509.9,1323334.8,964905.4,921368.25
2291,550.6277432,19.159264,987215.7,0,0,0,653514.75,0
2292,666.6385504,19.167797,875893.7,713850.7,0,0,0,0
2293,578.4769764,19.173742,0,0,0,0,591089.8,0
2294,656.5073688,19.180792,58826.133,45613.695,43140.473,50476.43,0,0
2295,677.4315532,19.208464,0,0,0,0,572052.06,0
2296,778.5152251,19.208464,0,0,0,0,1902754.1,0
2297,686.5568119,19.266207,249196.7,0,0,0,0,0
2298,534.450798,19.301863,11285.435,0,0,0,152858.22,0
2299,442.3668119,19.315016,116415.93,74565.15,56822.53,80662.37,68744.875,63317.555
2300,456.3463673,19.315016,165259.2,102704.125,109459.65,119279.26,103226.375,105296.945
2301,624.5184732,19.342491,0,14051.439,0,0,55487.56,0
2302,646.5257793,19.362083,112758.26,0,0,0,0,0
2303,542.4773163,19.396585,0,0,0,31569.152,249107.86,0
2304,547.4326927,19.39841,0,0,0,0,42521.39,0
2305,550.6277724,19.446863,0,0,631706.94,0,0,0
2306,666.6384364,19.446863,0,0,843194.25,0,0,0
2307,721.5761053,19.446863,0,0,538426.06,0,0,0
2308,737.5497811,19.446863,0,0,265021.72,0,0,0
2309,568.493302,19.454372,0,0,0,0,238338.97,7788.058
2310,546.5083499,19.46005,95565.08,0,0,0,0,0
2311,293.2470475,19.500134,138229.38,0,0,0,0,114363.234
2312,800.6782622,19.50106,0,0,0,0,1110864.2,1311050.5
2313,699.5942744,19.510336,0,0,0,0,0,1709595.1
2314,496.4719408,19.520634,120128.1,0,0,0,0,0
2315,606.5086111,19.530388,0,43343.4,0,0,49637.055,135211.34
2316,730.6370887,19.535114,0,0,834302.8,0,112844.29,0
2317,628.3736977,19.55524,1636297,0,0,0,0,0
2318,572.4882997,19.55529,18695.617,0,0,0,89174.81,0
2319,427.3771482,19.559723,49448.176,34972.316,0,49673.64,42509.27,22894.695
2320,564.4282657,19.559723,87530.766,61717.715,0,91429.56,68804.72,45173.05
2321,622.5020221,19.57633,0,0,0,0,0,68088.195
2322,598.5037812,19.581154,0,0,0,0,113609.15,24667.59
2323,686.5556283,19.58534,360447.94,0,0,0,0,0
2324,447.3461033,19.588099,95084.3,79958.56,28727.357,115076.2,107391.64,61071.836
2325,528.4617798,19.61652,0,0,0,0,88312.766,0
2326,516.4252618,19.64333,241930.4,202402.88,52383.06,228916.34,147552,111550.695
2327,542.483715,19.64747,395843.06,0,0,0,0,0
2328,700.5721856,19.64747,156548.58,0,0,0,0,0
2329,604.4922029,19.694815,0,0,0,0,52778.29,129980.74
2330,594.5081792,19.707836,0,0,0,0,319335.44,32124.947
2331,580.4925639,19.712425,230376.48,0,0,0,2214428.5,0
2332,585.4475626,19.71464,0,0,0,0,196096.1,0
2333,601.4212775,19.71464,0,0,0,0,82584.36,0
2334,664.5495073,19.71464,0,0,0,0,346107.84,0
2335,786.6624343,19.71561,0,0,1108858.9,0,0,0
2336,800.6777947,19.71561,0,0,1.65E+07,0,0,0
2337,1398.182575,19.71561,0,0,3114227.8,0,0,0
2338,425.3617221,19.753447,129166.33,113950.12,50050.55,119966.83,99036.68,89440.17
2339,448.3902954,19.770836,0,0,0,0,176723.22,22038.537
2340,823.5108112,19.80742,783567.9,0,0,0,0,0
2341,531.4071298,19.814817,302440.1,203323.42,81408.61,250855.06,302527.94,158374.19
2342,632.4904259,19.817146,82884.39,0,61864.383,0,0,69645.54
2343,730.6362063,19.844702,0,0,542693.2,0,0,0
2344,600.5194878,19.868277,0,24970.97,0,0,46671.87,170631.86
2345,626.534551,19.868277,0,12597.007,0,0,60515.668,80868.41
2346,431.3513913,19.925512,59958.023,0,0,39720.516,349317.3,8717.525
2347,532.435808,19.932484,0,0,0,0,200964.5,0
2348,533.4388953,19.932484,0,0,0,0,70740.09,0
