row ID,row m/z,row retention time,Peak area,Standards Identification,SMILES,True Type,D Score,MD Score,type,elemental composition,identification,same composition,adduct ion,same peak,C10 loss,C10 loss_ion_pair,C10 loss_intensity_pair,C10 loss_score,C11 loss,C11 loss_ion_pair,C11 loss_intensity_pair,C11 loss_score,C9 loss,C9 loss_ion_pair,C9 loss_intensity_pair,C9 loss_score,C3 loss,C3 loss_ion_pair,C3 loss_intensity_pair,C3 loss_score,C2 loss,C2 loss_ion_pair,C2 loss_intensity_pair,C2 loss_score,C7 loss,C7 loss_ion_pair,C7 loss_intensity_pair,C7 loss_score,C15 ion,C15 ion_intensity,C15 ion_score,C17 ion,C17 ion_intensity,C17 ion_score,C18 ion,C18 ion_intensity,C18 ion_score,C19 ion,C19 ion_intensity,C19 ion_score,C20 ion,C20 ion_intensity,C20 ion_score,Acyl A ion,Acyl A ion_intensity,Acyl A ion_score,Acyl B ion,Acyl B ion_intensity,Acyl B ion_score,C5 ion,C5 ion_intensity,C5 ion_score,C6 ion,C6 ion_intensity,C6 ion_score,IHD,A part,B part,C part,C-12,C-18,olefinic position,M part,Sub No.,Sub Carbon,Sub_An,Acyl part,Correct Acyl part,A_id,B_id,C_id,M_id,R1_id,R2_id,Total Score,Aglycone Type,Annotation SMILES,Annotation ID,Annotation Formula,Annotation MW,Top K,confidence score,manual verification
51,483.2007,4.5,2.81E+09,DA01_daphnetoxin (DPSft-28),C=C(C)C12CC(C)C34OC(c5ccccc5)(OC1C3C1OC1(CO)C(O)C1(O)C(=O)C(C)=CC14)O2,D,15,0,D,C27H30O8,possibly known,std_daphnetoxin (DA01),[M+H]+,none,C10H10O4,C27H26O6 / C17H16O2,113438.7813 / 2099114.75,3.9582,none,none,none,none,none,none,none,none,C3H4O2,C20H20O4 / C17H16O2,966125.25 / 2099114.75,8.812,none,none,none,none,C7H6O2,C27H30O8 / C20H24O6,21152604.0 / 312177.9375,36.4821,none,none,none,C17H16O2,2099114.75,20.9911,C18H16O1,219086.02,2.1909,C19H18O2,560846.88,5.6085,C20H16O2,67167.46,0.6717,C7H4O,477128.5,4.7713,none,none,none,none,none,none,none,none,none,13,"1,2-en-3-one","5-ol-6,7-epoxy","9,13,14-orthoester",no C-12,no C-18,others,others,1,C7,C7*1,"benzoyl(36.48),feruloyl(3.96),benzoyl(4.77)",benzoyl,A1,B1,C1,none,R92,none,87.1938,A1B1C1,OCC12OC1C1C3OC4(c6ccccc6)OC3(C(=C)C)CC(C)C1(O4)C1C=C(C)C(=O)C1(O)C2O,PD00007656,C27H30O8,482.529,Top1,1.000 ,T
51,483.2007,4.5,2.81E+09,DA01_daphnetoxin (DPSft-28),C=C(C)C12CC(C)C34OC(c5ccccc5)(OC1C3C1OC1(CO)C(O)C1(O)C(=O)C(C)=CC14)O2,D,15,0,D,C27H30O8,possibly known,std_daphnetoxin (DA01),[M+H]+,none,C10H10O4,C27H26O6 / C17H16O2,113438.7813 / 2099114.75,3.9582,none,none,none,none,none,none,none,none,C3H4O2,C20H20O4 / C17H16O2,966125.25 / 2099114.75,8.812,none,none,none,none,C7H6O2,C27H30O8 / C20H24O6,21152604.0 / 312177.9375,36.4821,none,none,none,C17H18O3,81407.23,0.8141,C18H18O2,1281015,12.8102,C19H20O4,215922.28,2.1592,C20H16O2,67167.46,0.6717,C7H4O,477128.5,4.7713,none,none,none,none,none,none,none,none,none,13,"1,2-dihydro-3-one","5-ol-6,7-epoxy","9,13,14-orthoester",with C-12,no C-18,others,others,1,C7,C7*1,"benzoyl(36.48),feruloyl(3.96),benzoyl(4.77)",benzoyl,A2,B1,C2,none,R92,none,59.65,A2B1C2,OCC12OC1C1C3OC4(c6ccccc6)OC3(C(=C)C)C(O)C(C)C1(O4)C1CC(C)C(=O)C1(O)C2O,PD00008232,C27H32O9,500.544,Top2,0.684 ,F
51,483.2007,4.5,2.81E+09,DA01_daphnetoxin (DPSft-28),C=C(C)C12CC(C)C34OC(c5ccccc5)(OC1C3C1OC1(CO)C(O)C1(O)C(=O)C(C)=CC14)O2,D,15,0,D,C27H30O8,possibly known,std_daphnetoxin (DA01),[M+H]+,none,C10H10O4,C27H26O6 / C17H16O2,113438.7813 / 2099114.75,3.9582,none,none,none,none,none,none,none,none,C3H4O2,C20H20O4 / C17H16O2,966125.25 / 2099114.75,8.812,none,none,none,none,C7H6O2,C27H30O8 / C20H24O6,21152604.0 / 312177.9375,36.4821,none,none,none,C17H18O2,65545.68,0.6555,C18H18O2,1281015,12.8102,C19H18O2,560846.88,5.6085,C20H16O2,67167.46,0.6717,C7H4O,477128.5,4.7713,none,none,none,none,none,none,none,none,none,13,"1,2-dihydro-3-one","5-ol-6,7-epoxy","9,13,14-orthoester",no C-12,no C-18,others,others,1,C7,C7*1,"benzoyl(36.48),feruloyl(3.96),benzoyl(4.77)",benzoyl,A2,B1,C1,none,R92,none,59.3328,A2B1C1,OCC12OC1C1C3OC4(c6ccccc6)OC3(C(=C)C)CC(C)C1(O4)C1CC(C)C(=O)C1(O)C2O,PD00007752,C27H32O8,484.545,Top3,0.680 ,F
51,483.2007,4.5,2.81E+09,DA01_daphnetoxin (DPSft-28),C=C(C)C12CC(C)C34OC(c5ccccc5)(OC1C3C1OC1(CO)C(O)C1(O)C(=O)C(C)=CC14)O2,D,15,0,D,C27H30O8,possibly known,std_daphnetoxin (DA01),[M+H]+,none,C10H10O4,C27H26O6 / C17H16O2,113438.7813 / 2099114.75,3.9582,none,none,none,none,none,none,none,none,C3H4O2,C20H20O4 / C17H16O2,966125.25 / 2099114.75,8.812,none,none,none,none,C7H6O2,C27H30O8 / C20H24O6,21152604.0 / 312177.9375,36.4821,none,none,none,C17H18O3,81407.23,0.8141,C18H16O1,219086.02,2.1909,C19H20O4,215922.28,2.1592,C20H16O2,67167.46,0.6717,C7H4O,477128.5,4.7713,none,none,none,none,none,none,none,none,none,13,"1,2-en-3-ol","5-ol-6,7-epoxy","9,13,14-orthoester",with C-12,no C-18,others,others,1,C7,C7*1,"benzoyl(36.48),feruloyl(3.96),benzoyl(4.77)",benzoyl,A3,B1,C2,none,R92,none,49.0307,A3B1C2,OCC12OC1C1C3OC4(c6ccccc6)OC3(C(=C)C)C(O)C(C)C1(O4)C1C=C(C)C(O)C1(O)C2O,PD00008328,C27H32O9,500.544,Top4,0.562 ,F
51,483.2007,4.5,2.81E+09,DA01_daphnetoxin (DPSft-28),C=C(C)C12CC(C)C34OC(c5ccccc5)(OC1C3C1OC1(CO)C(O)C1(O)C(=O)C(C)=CC14)O2,D,15,0,D,C27H30O8,possibly known,std_daphnetoxin (DA01),[M+H]+,none,C10H10O4,C27H26O6 / C17H16O2,113438.7813 / 2099114.75,3.9582,none,none,none,none,none,none,none,none,C3H4O2,C20H20O4 / C17H16O2,966125.25 / 2099114.75,8.812,none,none,none,none,C7H6O2,C27H30O8 / C20H24O6,21152604.0 / 312177.9375,36.4821,none,none,none,C17H18O2,65545.68,0.6555,C18H16O1,219086.02,2.1909,C19H20O3,626735.88,6.2674,C20H16O2,67167.46,0.6717,C7H4O,477128.5,4.7713,none,none,none,none,none,none,none,none,none,13,"1,2-en-3-ol","5-ol-6,7-epoxy","9,13,14-orthoester",no C-12,no C-18,others,others,1,C7,C7*1,"benzoyl(36.48),feruloyl(3.96),benzoyl(4.77)",benzoyl,A3,B1,C1,none,R92,none,48.7135,A3B1C1,OCC12OC1C1C3OC4(c6ccccc6)OC3(C(=C)C)CC(C)C1(O4)C1C=C(C)C(O)C1(O)C2O,PD00007848,C27H32O8,484.545,Top5,0.559 ,F
11,519.2948,10.2,9.67E+08,DA02_daphnepedunin J (TDPE-19),C=C(C)C12CC(C)C34OC(CCCCCCCC)(OC1C3C1OC1(CO)C(O)C1(O)C(=O)C(C)=CC14)O2,D,17,0,D,C29H42O8,possibly known,std_daphnepedunin J (DA02),[M+H]+,none,none,none,none,none,none,none,none,none,C9H18O2,C29H42O8 / C20H24O6,5000000.0 / 630000.0,11.0288,C3H4O2,C20H20O4 / C17H16O2,3500000.0 / 7800000.0,32.0829,none,none,none,none,none,none,none,none,none,none,none,C17H16O2,7800000,78,C18H18O2,4700000,47,C19H18O3,860000,8.6,C20H16O2,270000,2.7,C9H16O,680000,6.8,none,none,none,C5H4O,120000,1.2,none,none,none,9,"1,2-en-3-one","5-ol-6,7-epoxy","9,13,14-orthoester",no C-12,no C-18,others,others,1,C9,C9*1,"nonanoyl(11.03),nonanoyl(6.80)",nonanoyl,A1,B1,C1,none,R8,none,173.8288,A1B1C1,OCC12OC1C1C3OC4(CCCCCCCC)OC3(C(=C)C)CC(C)C1(O4)C1C=C(C)C(=O)C1(O)C2O,PD00007572,C29H42O8,518.647,Top1,1.000 ,T
11,519.2948,10.2,9.67E+08,DA02_daphnepedunin J (TDPE-19),C=C(C)C12CC(C)C34OC(CCCCCCCC)(OC1C3C1OC1(CO)C(O)C1(O)C(=O)C(C)=CC14)O2,D,17,0,D,C29H42O8,possibly known,std_daphnepedunin J (DA02),[M+H]+,none,none,none,none,none,none,none,none,none,C9H18O2,C29H42O8 / C20H24O6,5000000.0 / 630000.0,11.0288,C3H4O2,C20H20O4 / C17H16O2,3500000.0 / 7800000.0,32.0829,none,none,none,none,none,none,none,none,none,none,none,C17H18O3,300000,3,C18H18O2,4700000,47,C19H20O3,2300000,23,C20H16O2,270000,2.7,C9H16O,680000,6.8,none,none,none,C5H4O,120000,1.2,none,none,none,9,"1,2-dihydro-3-one","5-ol-6,7-epoxy","9,13,14-orthoester",with C-12,no C-18,others,others,1,C9,C9*1,"nonanoyl(11.03),nonanoyl(6.80)",nonanoyl,A2,B1,C2,none,R8,none,70.8288,A2B1C2,OCC12OC1C1C3OC4(CCCCCCCC)OC3(C(=C)C)C(O)C(C)C1(O4)C1CC(C)C(=O)C1(O)C2O,PD00008148,C29H44O9,536.662,Top2,0.407 ,F
11,519.2948,10.2,9.67E+08,DA02_daphnepedunin J (TDPE-19),C=C(C)C12CC(C)C34OC(CCCCCCCC)(OC1C3C1OC1(CO)C(O)C1(O)C(=O)C(C)=CC14)O2,D,17,0,D,C29H42O8,possibly known,std_daphnepedunin J (DA02),[M+H]+,none,none,none,none,none,none,none,none,none,C9H18O2,C29H42O8 / C20H24O6,5000000.0 / 630000.0,11.0288,C3H4O2,C20H20O4 / C17H16O2,3500000.0 / 7800000.0,32.0829,none,none,none,none,none,none,none,none,none,none,none,C17H18O3,300000,3,C18H16O1,860000,8.6,C19H20O3,2300000,23,C20H16O2,270000,2.7,C9H16O,680000,6.8,none,none,none,C5H4O,120000,1.2,none,none,none,9,"1,2-en-3-ol","5-ol-6,7-epoxy","9,13,14-orthoester",with C-12,no C-18,others,others,1,C9,C9*1,"nonanoyl(11.03),nonanoyl(6.80)",nonanoyl,A3,B1,C2,none,R8,none,32.4288,A3B1C2,OCC12OC1C1C3OC4(CCCCCCCC)OC3(C(=C)C)C(O)C(C)C1(O4)C1C=C(C)C(O)C1(O)C2O,PD00008244,C29H44O9,536.662,Top3,0.187 ,F
11,519.2948,10.2,9.67E+08,DA02_daphnepedunin J (TDPE-19),C=C(C)C12CC(C)C34OC(CCCCCCCC)(OC1C3C1OC1(CO)C(O)C1(O)C(=O)C(C)=CC14)O2,D,17,0,D,C29H42O8,possibly known,std_daphnepedunin J (DA02),[M+H]+,none,none,none,none,none,none,none,none,none,C9H18O2,C29H42O8 / C20H24O6,5000000.0 / 630000.0,11.0288,C3H4O2,C20H20O4 / C17H16O2,3500000.0 / 7800000.0,32.0829,none,none,none,none,none,none,none,none,none,none,none,C17H16O1,280000,2.8,C18H18O2,4700000,47,C19H18O3,860000,8.6,C20H16O2,270000,2.7,C9H16O,680000,6.8,none,none,none,C5H4O,120000,1.2,none,none,none,9,others,"5-ol-6,7-ene","9,13,14-orthoester",no C-12,no C-18,others,others,1,C9,C9*1,"nonanoyl(11.03),nonanoyl(6.80)",nonanoyl,none,B3,C1,none,R8,none,17.8288,none,,,,0,Top4,0.103 ,F
14,529.2795,9.6,2.57E+08,DA03_excoecariatoxin (WLI-k),C=C(C)C12CC(C)C34OC(C=CC=CCCCCC)(OC1C3C1OC1(CO)C(O)C1(O)C(=O)C(C)=CC14)O2,D,14,0,D,C30H40O8,possibly known,std_excoecariatoxin (DA03),[M+H]+,none,none,none,none,none,none,none,none,none,C9H8O2,C29H32O4 / C20H24O6,13000.0 / 160000.0,0.3204,C3H4O2,C20H20O4 / C17H16O2,600000.0 / 1700000.0,5.8778,none,none,none,none,none,none,none,none,none,none,none,C17H16O2,1700000,17,C18H18O2,1100000,11,C19H20O3,380000,3.8,C20H16O2,60000,0.6,C10H14O,2200000,22,C12H16O3,13000,0.13,C5H4O,54000,0.54,C6H6O,150000,1.5,11,"1,2-en-3-one","5-ol-6,7-epoxy","9,13,14-orthoester",no C-12,no C-18,"2,4-olefinic",others,1,C10,C10*1,"cinnamoyl(0.32),decadienoyl(22.00),8-methoxy-9-hydroxy-2-4-6-dodecatrienoyl(0.13)",decadienoyl,A1,B1,C1,none,R37,none,58.4904,A1B1C1,OCC12OC1C1C3OC4(C=CC=CCCCCC)OC3(C(=C)C)CC(C)C1(O4)C1C=C(C)C(=O)C1(O)C2O,PD00007601,C30H40O8,528.642,Top1,1.000 ,T
14,529.2795,9.6,2.57E+08,DA03_excoecariatoxin (WLI-k),C=C(C)C12CC(C)C34OC(C=CC=CCCCCC)(OC1C3C1OC1(CO)C(O)C1(O)C(=O)C(C)=CC14)O2,D,14,0,D,C30H40O8,possibly known,std_excoecariatoxin (DA03),[M+H]+,none,none,none,none,none,none,none,none,none,C9H8O2,C29H32O4 / C20H24O6,13000.0 / 160000.0,0.3204,C3H4O2,C20H20O4 / C17H16O2,600000.0 / 1700000.0,5.8778,none,none,none,none,none,none,none,none,none,none,none,C17H18O3,45000,0.45,C18H18O2,1100000,11,C19H18O2,400000,4,C20H16O2,60000,0.6,C10H14O,2200000,22,C12H16O3,13000,0.13,C5H4O,54000,0.54,C6H6O,150000,1.5,11,"1,2-dihydro-3-one","5-ol-6,7-epoxy","9,13,14-orthoester",with C-12,no C-18,"2,4-olefinic",others,1,C10,C10*1,"cinnamoyl(0.32),decadienoyl(22.00),8-methoxy-9-hydroxy-2-4-6-dodecatrienoyl(0.13)",decadienoyl,A2,B1,C2,none,R37,none,36.3904,A2B1C2,OCC12OC1C1C3OC4(C=CC=CCCCCC)OC3(C(=C)C)C(O)C(C)C1(O4)C1CC(C)C(=O)C1(O)C2O,PD00008177,C30H42O9,546.657,Top2,0.622 ,F
14,529.2795,9.6,2.57E+08,DA03_excoecariatoxin (WLI-k),C=C(C)C12CC(C)C34OC(C=CC=CCCCCC)(OC1C3C1OC1(CO)C(O)C1(O)C(=O)C(C)=CC14)O2,D,14,0,D,C30H40O8,possibly known,std_excoecariatoxin (DA03),[M+H]+,none,none,none,none,none,none,none,none,none,C9H8O2,C29H32O4 / C20H24O6,13000.0 / 160000.0,0.3204,C3H4O2,C20H20O4 / C17H16O2,600000.0 / 1700000.0,5.8778,none,none,none,none,none,none,none,none,none,none,none,C17H18O3,45000,0.45,C18H16O1,190000,1.9,C19H20O3,380000,3.8,C20H16O2,60000,0.6,C10H14O,2200000,22,C12H16O3,13000,0.13,C5H4O,54000,0.54,C6H6O,150000,1.5,11,"1,2-en-3-ol","5-ol-6,7-epoxy","9,13,14-orthoester",with C-12,no C-18,"2,4-olefinic",others,1,C10,C10*1,"cinnamoyl(0.32),decadienoyl(22.00),8-methoxy-9-hydroxy-2-4-6-dodecatrienoyl(0.13)",decadienoyl,A3,B1,C2,none,R37,none,27.2904,A3B1C2,OCC12OC1C1C3OC4(C=CC=CCCCCC)OC3(C(=C)C)C(O)C(C)C1(O4)C1C=C(C)C(O)C1(O)C2O,PD00008273,C30H42O9,546.657,Top3,0.467 ,F
14,529.2795,9.6,2.57E+08,DA03_excoecariatoxin (WLI-k),C=C(C)C12CC(C)C34OC(C=CC=CCCCCC)(OC1C3C1OC1(CO)C(O)C1(O)C(=O)C(C)=CC14)O2,D,14,0,D,C30H40O8,possibly known,std_excoecariatoxin (DA03),[M+H]+,none,none,none,none,none,none,none,none,none,C9H8O2,C29H32O4 / C20H24O6,13000.0 / 160000.0,0.3204,C3H4O2,C20H20O4 / C17H16O2,600000.0 / 1700000.0,5.8778,none,none,none,none,none,none,none,none,none,none,none,C17H16O1,45000,0.45,C18H18O2,1100000,11,C19H18O2,400000,4,C20H16O2,60000,0.6,C10H14O,2200000,22,C12H16O3,13000,0.13,C5H4O,54000,0.54,C6H6O,150000,1.5,11,others,"5-ol-6,7-ene","9,13,14-orthoester",no C-12,no C-18,"2,4-olefinic",others,1,C10,C10*1,"cinnamoyl(0.32),decadienoyl(22.00),8-methoxy-9-hydroxy-2-4-6-dodecatrienoyl(0.13)",decadienoyl,none,B3,C1,none,R37,none,24.4904,none,,,,0,Top4,0.419 ,F
15,533.3104,11.6,8.77E+08,DA04_simplexin (WSC-n),C=C(C)C12CC(C)C34OC(CCCCCCCCC)(OC1C3C1OC1(CO)C(O)C1(O)C(=O)C(C)=CC14)O2,D,14,0,D,C30H44O8,possibly known,"wikstroelide E, std_simplexin (DA04)",[M+H]+,none,C10H20O2,C30H44O8 / C20H24O6,1900000.0 / 240000.0,4.1938,none,none,none,none,none,none,none,none,C3H4O2,C20H20O4 / C17H16O2,1400000.0 / 2800000.0,12.6,none,none,none,none,none,none,none,none,none,none,none,C17H16O2,2800000,28,C18H18O1,260000,2.6,C19H18O2,780000,7.8,C20H16O2,120000,1.2,C10H18O,180000,1.8,none,none,none,C5H4O,42000,0.42,none,none,none,9,"1,2-en-3-one","5-ol-6,7-epoxy","9,13,14-orthoester",no C-12,no C-18,others,others,1,C10,C10*1,"decanoyl(4.19),decanoyl(1.80)",decanoyl,A1,B1,C1,none,R9,none,61.9938,A1B1C1,OCC12OC1C1C3OC4(CCCCCCCCC)OC3(C(=C)C)CC(C)C1(O4)C1C=C(C)C(=O)C1(O)C2O,PD00007573,C30H44O8,532.674,Top1,1.000 ,T
15,533.3104,11.6,8.77E+08,DA04_simplexin (WSC-n),C=C(C)C12CC(C)C34OC(CCCCCCCCC)(OC1C3C1OC1(CO)C(O)C1(O)C(=O)C(C)=CC14)O2,D,14,0,D,C30H44O8,possibly known,"wikstroelide E, std_simplexin (DA04)",[M+H]+,none,C10H20O2,C30H44O8 / C20H24O6,1900000.0 / 240000.0,4.1938,none,none,none,none,none,none,none,none,C3H4O2,C20H20O4 / C17H16O2,1400000.0 / 2800000.0,12.6,none,none,none,none,none,none,none,none,none,none,none,C17H18O3,100000,1,C18H18O2,1500000,15,C19H18O3,280000,2.8,C20H16O2,120000,1.2,C10H18O,180000,1.8,none,none,none,C5H4O,42000,0.42,none,none,none,9,"1,2-dihydro-3-one","5-ol-6,7-epoxy","9,13,14-orthoester",with C-12,no C-18,others,others,1,C10,C10*1,"decanoyl(4.19),decanoyl(1.80)",decanoyl,A2,B1,C2,none,R9,none,22.9938,A2B1C2,OCC12OC1C1C3OC4(CCCCCCCCC)OC3(C(=C)C)C(O)C(C)C1(O4)C1CC(C)C(=O)C1(O)C2O,PD00008149,C30H46O9,550.689,Top2,0.371 ,F
15,533.3104,11.6,8.77E+08,DA04_simplexin (WSC-n),C=C(C)C12CC(C)C34OC(CCCCCCCCC)(OC1C3C1OC1(CO)C(O)C1(O)C(=O)C(C)=CC14)O2,D,14,0,D,C30H44O8,possibly known,"wikstroelide E, std_simplexin (DA04)",[M+H]+,none,C10H20O2,C30H44O8 / C20H24O6,1900000.0 / 240000.0,4.1938,none,none,none,none,none,none,none,none,C3H4O2,C20H20O4 / C17H16O2,1400000.0 / 2800000.0,12.6,none,none,none,none,none,none,none,none,none,none,none,C17H18O2,77000,0.77,C18H18O2,1500000,15,C19H20O3,800000,8,C20H16O2,120000,1.2,C10H18O,180000,1.8,none,none,none,C5H4O,42000,0.42,none,none,none,9,"1,2-dihydro-3-one","5-ol-6,7-epoxy","9,13,14-orthoester",no C-12,no C-18,others,others,1,C10,C10*1,"decanoyl(4.19),decanoyl(1.80)",decanoyl,A2,B1,C1,none,R9,none,22.5338,A2B1C1,OCC12OC1C1C3OC4(CCCCCCCCC)OC3(C(=C)C)CC(C)C1(O4)C1CC(C)C(=O)C1(O)C2O,PD00007669,C30H46O8,534.69,Top3,0.363 ,F
15,533.3104,11.6,8.77E+08,DA04_simplexin (WSC-n),C=C(C)C12CC(C)C34OC(CCCCCCCCC)(OC1C3C1OC1(CO)C(O)C1(O)C(=O)C(C)=CC14)O2,D,14,0,D,C30H44O8,possibly known,"wikstroelide E, std_simplexin (DA04)",[M+H]+,none,C10H20O2,C30H44O8 / C20H24O6,1900000.0 / 240000.0,4.1938,none,none,none,none,none,none,none,none,C3H4O2,C20H20O4 / C17H16O2,1400000.0 / 2800000.0,12.6,none,none,none,none,none,none,none,none,none,none,none,C17H18O3,100000,1,C18H18O1,260000,2.6,C19H20O3,800000,8,C20H16O2,120000,1.2,C10H18O,180000,1.8,none,none,none,C5H4O,42000,0.42,none,none,none,9,"1,2-en-3-ol","5-ol-6,7-epoxy","9,13,14-orthoester",with C-12,no C-18,others,others,1,C10,C10*1,"decanoyl(4.19),decanoyl(1.80)",decanoyl,A3,B1,C2,none,R9,none,10.5938,A3B1C2,OCC12OC1C1C3OC4(CCCCCCCCC)OC3(C(=C)C)C(O)C(C)C1(O4)C1C=C(C)C(O)C1(O)C2O,PD00008245,C30H46O9,550.689,Top4,0.171 ,F
15,533.3104,11.6,8.77E+08,DA04_simplexin (WSC-n),C=C(C)C12CC(C)C34OC(CCCCCCCCC)(OC1C3C1OC1(CO)C(O)C1(O)C(=O)C(C)=CC14)O2,D,14,0,D,C30H44O8,possibly known,"wikstroelide E, std_simplexin (DA04)",[M+H]+,none,C10H20O2,C30H44O8 / C20H24O6,1900000.0 / 240000.0,4.1938,none,none,none,none,none,none,none,none,C3H4O2,C20H20O4 / C17H16O2,1400000.0 / 2800000.0,12.6,none,none,none,none,none,none,none,none,none,none,none,C17H18O2,77000,0.77,C18H18O1,260000,2.6,C19H18O2,780000,7.8,C20H16O2,120000,1.2,C10H18O,180000,1.8,none,none,none,C5H4O,42000,0.42,none,none,none,9,"1,2-en-3-ol","5-ol-6,7-epoxy","9,13,14-orthoester",no C-12,no C-18,others,others,1,C10,C10*1,"decanoyl(4.19),decanoyl(1.80)",decanoyl,A3,B1,C1,none,R9,none,10.1338,A3B1C1,OCC12OC1C1C3OC4(CCCCCCCCC)OC3(C(=C)C)CC(C)C1(O4)C1C=C(C)C(O)C1(O)C2O,PD00007765,C30H46O8,534.69,Top5,0.163 ,F
57,547.3266,12.7,2.88E+09,DA05_daphnepedunin I (TDPE-60),C=C(C)C12CC(C)C34OC(CCCCCCCCCC)(OC1C3C1OC1(CO)C(O)C1(O)C(=O)C(C)=CC14)O2,D,14,0,D,C31H46O8,possibly known,std_daphnepedunin I (DA05),[M+H]+,none,none,none,none,none,C11H22O2,C31H46O8 / C20H24O6,420000.0 / 62000.0,0.9696,none,none,none,none,C3H4O2,C20H20O4 / C17H16O2,340000.0 / 650000.0,3.0438,none,none,none,none,none,none,none,none,none,none,none,C17H16O2,650000,6.5,C18H18O1,84000,0.84,C19H18O3,83000,0.83,C20H16O2,28000,0.28,C11H20O,51000,0.51,none,none,none,none,none,none,none,none,none,9,"1,2-en-3-one","5-ol-6,7-epoxy","9,13,14-orthoester",no C-12,no C-18,others,others,1,C11,C11*1,"undecanoyl(0.97),undecanoyl(0.51)",undecanoyl,A1,B1,C1,none,R10,none,14.4796,A1B1C1,OCC12OC1C1C3OC4(CCCCCCCCCC)OC3(C(=C)C)CC(C)C1(O4)C1C=C(C)C(=O)C1(O)C2O,PD00007574,C31H46O8,546.701,Top1,1.000 ,T
57,547.3266,12.7,2.88E+09,DA05_daphnepedunin I (TDPE-60),C=C(C)C12CC(C)C34OC(CCCCCCCCCC)(OC1C3C1OC1(CO)C(O)C1(O)C(=O)C(C)=CC14)O2,D,14,0,D,C31H46O8,possibly known,std_daphnepedunin I (DA05),[M+H]+,none,none,none,none,none,C11H22O2,C31H46O8 / C20H24O6,420000.0 / 62000.0,0.9696,none,none,none,none,C3H4O2,C20H20O4 / C17H16O2,340000.0 / 650000.0,3.0438,none,none,none,none,none,none,none,none,none,none,none,C17H18O2,26000,0.26,C18H18O2,400000,4,C19H20O3,210000,2.1,C20H16O2,28000,0.28,C11H20O,51000,0.51,none,none,none,none,none,none,none,none,none,9,"1,2-dihydro-3-one","5-ol-6,7-epoxy","9,13,14-orthoester",no C-12,no C-18,others,others,1,C11,C11*1,"undecanoyl(0.97),undecanoyl(0.51)",undecanoyl,A2,B1,C1,none,R10,none,5.9996,A2B1C1,OCC12OC1C1C3OC4(CCCCCCCCCC)OC3(C(=C)C)CC(C)C1(O4)C1CC(C)C(=O)C1(O)C2O,PD00007670,C31H48O8,548.717,Top2,0.414 ,F
57,547.3266,12.7,2.88E+09,DA05_daphnepedunin I (TDPE-60),C=C(C)C12CC(C)C34OC(CCCCCCCCCC)(OC1C3C1OC1(CO)C(O)C1(O)C(=O)C(C)=CC14)O2,D,14,0,D,C31H46O8,possibly known,std_daphnepedunin I (DA05),[M+H]+,none,none,none,none,none,C11H22O2,C31H46O8 / C20H24O6,420000.0 / 62000.0,0.9696,none,none,none,none,C3H4O2,C20H20O4 / C17H16O2,340000.0 / 650000.0,3.0438,none,none,none,none,none,none,none,none,none,none,none,C17H18O3,21000,0.21,C18H18O2,400000,4,C19H18O2,250000,2.5,C20H16O2,28000,0.28,C11H20O,51000,0.51,none,none,none,none,none,none,none,none,none,9,"1,2-dihydro-3-one","5-ol-6,7-epoxy","9,13,14-orthoester",with C-12,no C-18,others,others,1,C11,C11*1,"undecanoyl(0.97),undecanoyl(0.51)",undecanoyl,A2,B1,C2,none,R10,none,5.8996,A2B1C2,OCC12OC1C1C3OC4(CCCCCCCCCC)OC3(C(=C)C)C(O)C(C)C1(O4)C1CC(C)C(=O)C1(O)C2O,PD00008150,C31H48O9,564.716,Top3,0.407 ,F
57,547.3266,12.7,2.88E+09,DA05_daphnepedunin I (TDPE-60),C=C(C)C12CC(C)C34OC(CCCCCCCCCC)(OC1C3C1OC1(CO)C(O)C1(O)C(=O)C(C)=CC14)O2,D,14,0,D,C31H46O8,possibly known,std_daphnepedunin I (DA05),[M+H]+,none,none,none,none,none,C11H22O2,C31H46O8 / C20H24O6,420000.0 / 62000.0,0.9696,none,none,none,none,C3H4O2,C20H20O4 / C17H16O2,340000.0 / 650000.0,3.0438,none,none,none,none,none,none,none,none,none,none,none,C17H18O2,26000,0.26,C18H18O1,84000,0.84,C19H18O2,250000,2.5,C20H16O2,28000,0.28,C11H20O,51000,0.51,none,none,none,none,none,none,none,none,none,9,"1,2-en-3-ol","5-ol-6,7-epoxy","9,13,14-orthoester",no C-12,no C-18,others,others,1,C11,C11*1,"undecanoyl(0.97),undecanoyl(0.51)",undecanoyl,A3,B1,C1,none,R10,none,2.8396,A3B1C1,OCC12OC1C1C3OC4(CCCCCCCCCC)OC3(C(=C)C)CC(C)C1(O4)C1C=C(C)C(O)C1(O)C2O,PD00007766,C31H48O8,548.717,Top4,0.196 ,F
57,547.3266,12.7,2.88E+09,DA05_daphnepedunin I (TDPE-60),C=C(C)C12CC(C)C34OC(CCCCCCCCCC)(OC1C3C1OC1(CO)C(O)C1(O)C(=O)C(C)=CC14)O2,D,14,0,D,C31H46O8,possibly known,std_daphnepedunin I (DA05),[M+H]+,none,none,none,none,none,C11H22O2,C31H46O8 / C20H24O6,420000.0 / 62000.0,0.9696,none,none,none,none,C3H4O2,C20H20O4 / C17H16O2,340000.0 / 650000.0,3.0438,none,none,none,none,none,none,none,none,none,none,none,C17H18O3,21000,0.21,C18H18O1,84000,0.84,C19H18O2,250000,2.5,C20H16O2,28000,0.28,C11H20O,51000,0.51,none,none,none,none,none,none,none,none,none,9,"1,2-en-3-ol","5-ol-6,7-epoxy","9,13,14-orthoester",with C-12,no C-18,others,others,1,C11,C11*1,"undecanoyl(0.97),undecanoyl(0.51)",undecanoyl,A3,B1,C2,none,R10,none,2.7396,A3B1C2,OCC12OC1C1C3OC4(CCCCCCCCCC)OC3(C(=C)C)C(O)C(C)C1(O4)C1C=C(C)C(O)C1(O)C2O,PD00008246,C31H48O9,564.716,Top5,0.189 ,F
9,585.3413,13.7,1.52E+09,DA06_huratoxin (NSC-2),C=C(C)C12CC(C)C34OC(C=CC=CCCCCCCCCC)(OC1C3C1OC1(CO)C(O)C1(O)C(=O)C(C)=CC14)O2,D,13,0,D,C34H48O8,possibly known,std_huratoxin (DA06),[M+H]+,none,none,none,none,none,none,none,none,none,none,none,none,none,C3H4O2,C20H20O4 / C17H16O2,380000.0 / 900000.0,3.531,none,none,none,none,none,none,none,none,none,none,none,C17H16O2,900000,9,C18H18O1,88000,0.88,C19H18O3,120000,1.2,C20H16O2,32000,0.32,C6H6O,56000,0.56,C14H22O,910000,9.1,none,none,none,C6H6O,56000,0.56,11,"1,2-en-3-one","5-ol-6,7-epoxy","9,13,14-orthoester",no C-12,no C-18,"2,4-olefinic",others,1,C14,C14*1,"hexadienoyl(0.56),tetradecadienoyl(9.10)",tetradecadienoyl,A1,B1,C1,none,R41,none,18.56,A1B1C1,OCC12OC1C1C3OC4(C=CC=CCCCCCCCCC)OC3(C(=C)C)CC(C)C1(O4)C1C=C(C)C(=O)C1(O)C2O,PD00007605,C34H48O8,584.75,Top1,1.000 ,T
9,585.3413,13.7,1.52E+09,DA06_huratoxin (NSC-2),C=C(C)C12CC(C)C34OC(C=CC=CCCCCCCCCC)(OC1C3C1OC1(CO)C(O)C1(O)C(=O)C(C)=CC14)O2,D,13,0,D,C34H48O8,possibly known,std_huratoxin (DA06),[M+H]+,none,none,none,none,none,none,none,none,none,none,none,none,none,C3H4O2,C20H20O4 / C17H16O2,380000.0 / 900000.0,3.531,none,none,none,none,none,none,none,none,none,none,none,C17H18O3,31000,0.31,C18H18O2,530000,5.3,C19H18O2,230000,2.3,C20H16O2,32000,0.32,C6H6O,56000,0.56,C14H22O,910000,9.1,none,none,none,C6H6O,56000,0.56,11,"1,2-dihydro-3-one","5-ol-6,7-epoxy","9,13,14-orthoester",with C-12,no C-18,"2,4-olefinic",others,2,C7,C7*2,"hexadienoyl(0.56),tetradecadienoyl(9.10)","benzoyl,benzoyl",A2,B1,C2,none,R92,R92,6.48,A2B1C2,OCC12OC1C1C3OC4(c6ccccc6)OC3(C(=C)C)C(OC(=O)c7ccccc7)C(C)C1(O4)C1CC(C)C(=O)C1(O)C2O,PD00134366,C34H36O10,604.652,Top2,0.349 ,F
9,585.3413,13.7,1.52E+09,DA06_huratoxin (NSC-2),C=C(C)C12CC(C)C34OC(C=CC=CCCCCCCCCC)(OC1C3C1OC1(CO)C(O)C1(O)C(=O)C(C)=CC14)O2,D,13,0,D,C34H48O8,possibly known,std_huratoxin (DA06),[M+H]+,none,none,none,none,none,none,none,none,none,none,none,none,none,C3H4O2,C20H20O4 / C17H16O2,380000.0 / 900000.0,3.531,none,none,none,none,none,none,none,none,none,none,none,C17H18O3,31000,0.31,C18H18O2,530000,5.3,C19H18O2,230000,2.3,C20H16O2,32000,0.32,C6H6O,56000,0.56,C14H22O,910000,9.1,none,none,none,C6H6O,56000,0.56,11,"1,2-dihydro-3-one","5-ol-6,7-epoxy","9,13,14-orthoester",with C-12,no C-18,"2,4-olefinic",others,2,C7,C7*2,"hexadienoyl(0.56),tetradecadienoyl(9.10)","benzoyl,benzoyl",A2,B1,C2,none,R92,R92,6.48,A2B1C2,c7ccccc7C(=O)OCC12OC1C1C3OC4(c6ccccc6)OC3(C(=C)C)C(O)C(C)C1(O4)C1CC(C)C(=O)C1(O)C2O,PD00297326,C34H36O10,604.652,Top2,0.349 ,F
9,585.3413,13.7,1.52E+09,DA06_huratoxin (NSC-2),C=C(C)C12CC(C)C34OC(C=CC=CCCCCCCCCC)(OC1C3C1OC1(CO)C(O)C1(O)C(=O)C(C)=CC14)O2,D,13,0,D,C34H48O8,possibly known,std_huratoxin (DA06),[M+H]+,none,none,none,none,none,none,none,none,none,none,none,none,none,C3H4O2,C20H20O4 / C17H16O2,380000.0 / 900000.0,3.531,none,none,none,none,none,none,none,none,none,none,none,C17H18O3,31000,0.31,C18H16O1,140000,1.4,C19H18O2,230000,2.3,C20H16O2,32000,0.32,C6H6O,56000,0.56,C14H22O,910000,9.1,none,none,none,C6H6O,56000,0.56,11,"1,2-en-3-ol","5-ol-6,7-epoxy","9,13,14-orthoester",with C-12,no C-18,"2,4-olefinic",others,2,C7,C7*2,"hexadienoyl(0.56),tetradecadienoyl(9.10)","benzoyl,benzoyl",A3,B1,C2,none,R92,R92,2.58,A3B1C2,OCC12OC1C1C3OC4(c6ccccc6)OC3(C(=C)C)C(O)C(C)C1(O4)C1C=C(C)C(OC(=O)c7ccccc7)C1(O)C2O,PD00027278,C34H36O10,604.652,Top3,0.139 ,F
9,585.3413,13.7,1.52E+09,DA06_huratoxin (NSC-2),C=C(C)C12CC(C)C34OC(C=CC=CCCCCCCCCC)(OC1C3C1OC1(CO)C(O)C1(O)C(=O)C(C)=CC14)O2,D,13,0,D,C34H48O8,possibly known,std_huratoxin (DA06),[M+H]+,none,none,none,none,none,none,none,none,none,none,none,none,none,C3H4O2,C20H20O4 / C17H16O2,380000.0 / 900000.0,3.531,none,none,none,none,none,none,none,none,none,none,none,C17H18O3,31000,0.31,C18H16O1,140000,1.4,C19H18O2,230000,2.3,C20H16O2,32000,0.32,C6H6O,56000,0.56,C14H22O,910000,9.1,none,none,none,C6H6O,56000,0.56,11,"1,2-en-3-ol","5-ol-6,7-epoxy","9,13,14-orthoester",with C-12,no C-18,"2,4-olefinic",others,2,C7,C7*2,"hexadienoyl(0.56),tetradecadienoyl(9.10)","benzoyl,benzoyl",A3,B1,C2,none,R92,R92,2.58,A3B1C2,OCC12OC1C1C3OC4(c6ccccc6)OC3(C(=C)C)C(OC(=O)c7ccccc7)C(C)C1(O4)C1C=C(C)C(O)C1(O)C2O,PD00139022,C34H36O10,604.652,Top3,0.139 ,F
9,585.3413,13.7,1.52E+09,DA06_huratoxin (NSC-2),C=C(C)C12CC(C)C34OC(C=CC=CCCCCCCCCC)(OC1C3C1OC1(CO)C(O)C1(O)C(=O)C(C)=CC14)O2,D,13,0,D,C34H48O8,possibly known,std_huratoxin (DA06),[M+H]+,none,none,none,none,none,none,none,none,none,none,none,none,none,C3H4O2,C20H20O4 / C17H16O2,380000.0 / 900000.0,3.531,none,none,none,none,none,none,none,none,none,none,none,C17H18O3,31000,0.31,C18H16O1,140000,1.4,C19H18O2,230000,2.3,C20H16O2,32000,0.32,C6H6O,56000,0.56,C14H22O,910000,9.1,none,none,none,C6H6O,56000,0.56,11,"1,2-en-3-ol","5-ol-6,7-epoxy","9,13,14-orthoester",with C-12,no C-18,"2,4-olefinic",others,2,C7,C7*2,"hexadienoyl(0.56),tetradecadienoyl(9.10)","benzoyl,benzoyl",A3,B1,C2,none,R92,R92,2.58,A3B1C2,c7ccccc7C(=O)OCC12OC1C1C3OC4(c6ccccc6)OC3(C(=C)C)C(O)C(C)C1(O4)C1C=C(C)C(O)C1(O)C2O,PD00301982,C34H36O10,604.652,Top3,0.139 ,F
9,585.3413,13.7,1.52E+09,DA06_huratoxin (NSC-2),C=C(C)C12CC(C)C34OC(C=CC=CCCCCCCCCC)(OC1C3C1OC1(CO)C(O)C1(O)C(=O)C(C)=CC14)O2,D,13,0,D,C34H48O8,possibly known,std_huratoxin (DA06),[M+H]+,none,none,none,none,none,none,none,none,none,none,none,none,none,C3H4O2,C20H20O4 / C17H16O2,380000.0 / 900000.0,3.531,none,none,none,none,none,none,none,none,none,none,none,C17H18O1,32000,0.32,C18H16O1,140000,1.4,C19H18O2,230000,2.3,C20H16O2,32000,0.32,C4H4O,31000,0.31,C14H22O,910000,9.1,none,none,none,C6H6O,56000,0.56,11,others,"5-ol-6,7-ene","9,13,14-orthoester",no C-12,no C-18,"2,4-olefinic",others,1,C14,C14*1,"butenoyl(0.31),tetradecadienoyl(9.10)",tetradecadienoyl,none,B3,C1,none,R41,none,0.56,none,,,,0,Top4,0.030 ,F
58,591.259,8.8,2.06E+08,DA07_genkwanine N (Dpsft15),C=C(C)C12CC(C)C34OC(c5ccccc5)(OC1C3C1OC1(CO)C(O)C1(O)C(OC(=O)c3ccccc3)C(C)CC14)O2,D,19,0,D,C34H38O9,possibly known,"std_genkwanine N (DA07), std_genkwanine M (DA08)",[M+H]+,none,C10H10O4,C27H30O6 / C17H20O2,330000.0 / 810000.0,3.0943,none,none,none,none,none,none,none,none,C3H4O2,C20H24O4 / C17H20O2,650000.0 / 810000.0,5.9876,none,none,none,none,C7H6O2,C27H30O6 / C20H24O4,330000.0 / 650000.0,2.9642,none,none,none,C17H20O2,810000,8.1,C18H22O2,210000,2.1,C19H22O3,1500000,15,C20H22O3,1100000,11,C7H4O,2000000,20,none,none,none,none,none,none,C6H6O,19000,0.19,16,"1,2-dihydro-3-ol","5-ol-6,7-epoxy","9,13,14-orthoester",no C-12,no C-18,"2,4-olefinic",others,2,C7,C7*2,"benzoyl(2.96),feruloyl(3.09),benzoyl(20.00)","benzoyl,benzoyl",A4,B1,C1,none,R92,R92,42.4485,A4B1C1,OCC12OC1C1C3OC4(c6ccccc6)OC3(C(=C)C)CC(C)C1(O4)C1CC(C)C(OC(=O)c7ccccc7)C1(O)C2O,PD00022622,C34H38O9,590.669,Top1,1.000 ,T
58,591.259,8.8,2.06E+08,DA07_genkwanine N (Dpsft15),C=C(C)C12CC(C)C34OC(c5ccccc5)(OC1C3C1OC1(CO)C(O)C1(O)C(OC(=O)c3ccccc3)C(C)CC14)O2,D,19,0,D,C34H38O9,possibly known,"std_genkwanine N (DA07), std_genkwanine M (DA08)",[M+H]+,none,C10H10O4,C27H30O6 / C17H20O2,330000.0 / 810000.0,3.0943,none,none,none,none,none,none,none,none,C3H4O2,C20H24O4 / C17H20O2,650000.0 / 810000.0,5.9876,none,none,none,none,C7H6O2,C27H30O6 / C20H24O4,330000.0 / 650000.0,2.9642,none,none,none,C17H20O2,810000,8.1,C18H22O2,210000,2.1,C19H22O3,1500000,15,C20H22O3,1100000,11,C7H4O,2000000,20,none,none,none,none,none,none,C6H6O,19000,0.19,16,"1,2-dihydro-3-ol","5-ol-6,7-epoxy","9,13,14-orthoester",no C-12,no C-18,"2,4-olefinic",others,2,C7,C7*2,"benzoyl(2.96),feruloyl(3.09),benzoyl(20.00)","benzoyl,benzoyl",A4,B1,C1,none,R92,R92,42.4485,A4B1C1,c7ccccc7C(=O)OCC12OC1C1C3OC4(c6ccccc6)OC3(C(=C)C)CC(C)C1(O4)C1CC(C)C(O)C1(O)C2O,PD00283358,C34H38O9,590.669,Top1,1.000 ,T
58,591.259,8.8,2.06E+08,DA07_genkwanine N (Dpsft15),C=C(C)C12CC(C)C34OC(c5ccccc5)(OC1C3C1OC1(CO)C(O)C1(O)C(OC(=O)c3ccccc3)C(C)CC14)O2,D,19,0,D,C34H38O9,possibly known,"std_genkwanine N (DA07), std_genkwanine M (DA08)",[M+H]+,none,C10H10O4,C27H30O6 / C17H20O2,330000.0 / 810000.0,3.0943,none,none,none,none,none,none,none,none,C3H4O2,C20H24O4 / C17H20O2,650000.0 / 810000.0,5.9876,none,none,none,none,C7H6O2,C27H30O6 / C20H24O4,330000.0 / 650000.0,2.9642,none,none,none,C17H20O2,810000,8.1,C18H20O1,560000,5.6,C19H20O1,480000,4.8,C20H22O3,1100000,11,C7H4O,2000000,20,none,none,none,none,none,none,C6H6O,19000,0.19,16,"1,2-dihydro-3-ol","5-ol-6,7-diol","9,13,14-orthoester",no C-12,no C-18,"2,4-olefinic",others,2,C7,C7*2,"benzoyl(2.96),feruloyl(3.09),benzoyl(20.00)","benzoyl,benzoyl",A4,B2,C1,none,R92,R92,39.1485,A4B2C1,OCC1(O)C(O)C2C3OC4(c6ccccc6)OC3(C(=C)C)CC(C)C2(O4)C2CC(C)C(OC(=O)c7ccccc7)C2(O)C1O,PD00097118,C34H40O10,608.684,Top2,0.922 ,F
58,591.259,8.8,2.06E+08,DA07_genkwanine N (Dpsft15),C=C(C)C12CC(C)C34OC(c5ccccc5)(OC1C3C1OC1(CO)C(O)C1(O)C(OC(=O)c3ccccc3)C(C)CC14)O2,D,19,0,D,C34H38O9,possibly known,"std_genkwanine N (DA07), std_genkwanine M (DA08)",[M+H]+,none,C10H10O4,C27H30O6 / C17H20O2,330000.0 / 810000.0,3.0943,none,none,none,none,none,none,none,none,C3H4O2,C20H24O4 / C17H20O2,650000.0 / 810000.0,5.9876,none,none,none,none,C7H6O2,C27H30O6 / C20H24O4,330000.0 / 650000.0,2.9642,none,none,none,C17H20O2,810000,8.1,C18H20O1,560000,5.6,C19H20O1,480000,4.8,C20H22O3,1100000,11,C7H4O,2000000,20,none,none,none,none,none,none,C6H6O,19000,0.19,16,"1,2-dihydro-3-ol","5-ol-6,7-diol","9,13,14-orthoester",no C-12,no C-18,"2,4-olefinic",others,2,C7,C7*2,"benzoyl(2.96),feruloyl(3.09),benzoyl(20.00)","benzoyl,benzoyl",A4,B2,C1,none,R92,R92,39.1485,A4B2C1,c7ccccc7C(=O)OCC1(O)C(O)C2C3OC4(c6ccccc6)OC3(C(=C)C)CC(C)C2(O4)C2CC(C)C(O)C2(O)C1O,PD00469598,C34H40O10,608.684,Top2,0.922 ,F
58,591.259,8.8,2.06E+08,DA07_genkwanine N (Dpsft15),C=C(C)C12CC(C)C34OC(c5ccccc5)(OC1C3C1OC1(CO)C(O)C1(O)C(OC(=O)c3ccccc3)C(C)CC14)O2,D,19,0,D,C34H38O9,possibly known,"std_genkwanine N (DA07), std_genkwanine M (DA08)",[M+H]+,none,C10H10O4,C27H30O6 / C17H20O2,330000.0 / 810000.0,3.0943,none,none,none,none,none,none,none,none,C3H4O2,C20H24O4 / C17H20O2,650000.0 / 810000.0,5.9876,none,none,none,none,C7H6O2,C27H30O6 / C20H24O4,330000.0 / 650000.0,2.9642,none,none,none,C17H16O1,78000,0.78,C18H20O1,560000,5.6,C19H20O1,480000,4.8,C20H22O3,1100000,11,C7H4O,2000000,20,none,none,none,none,none,none,C6H6O,19000,0.19,16,others,"5-ol-6,7-diol","9,13,14-orthoester",no C-12,no C-18,"2,4-olefinic",others,2,C7,C7*2,"benzoyl(2.96),feruloyl(3.09),benzoyl(20.00)","benzoyl,benzoyl",none,B2,C1,none,R92,R92,31.0485,none,,,,0,Top3,0.731 ,F
58,591.259,8.8,2.06E+08,DA07_genkwanine N (Dpsft15),C=C(C)C12CC(C)C34OC(c5ccccc5)(OC1C3C1OC1(CO)C(O)C1(O)C(OC(=O)c3ccccc3)C(C)CC14)O2,D,19,0,D,C34H38O9,possibly known,"std_genkwanine N (DA07), std_genkwanine M (DA08)",[M+H]+,none,C10H10O4,C27H30O6 / C17H20O2,330000.0 / 810000.0,3.0943,none,none,none,none,none,none,none,none,C3H4O2,C20H24O4 / C17H20O2,650000.0 / 810000.0,5.9876,none,none,none,none,C7H6O2,C27H30O6 / C20H24O4,330000.0 / 650000.0,2.9642,none,none,none,C17H18O1,190000,1.9,C18H20O1,560000,5.6,C19H22O2,700000,7,C20H22O3,1100000,11,C7H4O,2000000,20,none,none,none,none,none,none,C6H6O,19000,0.19,16,others,"5-ol-6,7-ene","9,13,14-orthoester",no C-12,no C-18,"2,4-olefinic",others,2,C7,C7*2,"benzoyl(2.96),feruloyl(3.09),benzoyl(20.00)","benzoyl,benzoyl",none,B3,C1,none,R92,R92,26.2485,none,,,,0,Top4,0.618 ,F
56,591.2588,8.4,4.03E+09,DA08_genkwanine M (DPSft12),C=C(C)C12CC(C)C34OC(c5ccccc5)(OC1C3C1OC1(COC(=O)c1ccccc1)C(O)C1(O)C(O)C(C)CC14)O2,D,6,0,D,C34H38O9,possibly known,"std_genkwanine N (DA07), std_genkwanine M (DA08)",[M+H]+,none,C10H10O4,C27H30O6 / C17H20O2,4706969.0 / 76637416.0,146.9084,none,none,none,none,none,none,none,none,C3H4O2,C20H24O4 / C17H20O2,5983355.5 / 76637416.0,152.4187,none,none,none,none,C7H6O2,C27H30O6 / C20H24O4,4706969.0 / 5983355.5,43.1482,none,none,none,C17H20O2,76637416,766.3742,C18H20O1,1553038.25,15.5304,C19H20O1,6487011,64.8701,C20H22O3,9990143,99.9014,C7H4O,17018244,170.1824,none,none,none,none,none,none,C6H6O,271317.66,2.7132,16,"1,2-dihydro-3-ol","5-ol-6,7-epoxy","9,13,14-orthoester",no C-12,no C-18,"2,4-olefinic",others,2,C7,C7*2,"benzoyl(43.15),feruloyl(146.91),benzoyl(170.18)","benzoyl,benzoyl",A4,B1,C1,none,R92,R92,1895.7006,A4B1C1,OCC12OC1C1C3OC4(c6ccccc6)OC3(C(=C)C)CC(C)C1(O4)C1CC(C)C(OC(=O)c7ccccc7)C1(O)C2O,PD00022622,C34H38O9,590.669,Top1,1.000 ,T
56,591.2588,8.4,4.03E+09,DA08_genkwanine M (DPSft12),C=C(C)C12CC(C)C34OC(c5ccccc5)(OC1C3C1OC1(COC(=O)c1ccccc1)C(O)C1(O)C(O)C(C)CC14)O2,D,6,0,D,C34H38O9,possibly known,"std_genkwanine N (DA07), std_genkwanine M (DA08)",[M+H]+,none,C10H10O4,C27H30O6 / C17H20O2,4706969.0 / 76637416.0,146.9084,none,none,none,none,none,none,none,none,C3H4O2,C20H24O4 / C17H20O2,5983355.5 / 76637416.0,152.4187,none,none,none,none,C7H6O2,C27H30O6 / C20H24O4,4706969.0 / 5983355.5,43.1482,none,none,none,C17H20O2,76637416,766.3742,C18H20O1,1553038.25,15.5304,C19H20O1,6487011,64.8701,C20H22O3,9990143,99.9014,C7H4O,17018244,170.1824,none,none,none,none,none,none,C6H6O,271317.66,2.7132,16,"1,2-dihydro-3-ol","5-ol-6,7-epoxy","9,13,14-orthoester",no C-12,no C-18,"2,4-olefinic",others,2,C7,C7*2,"benzoyl(43.15),feruloyl(146.91),benzoyl(170.18)","benzoyl,benzoyl",A4,B1,C1,none,R92,R92,1895.7006,A4B1C1,c7ccccc7C(=O)OCC12OC1C1C3OC4(c6ccccc6)OC3(C(=C)C)CC(C)C1(O4)C1CC(C)C(O)C1(O)C2O,PD00283358,C34H38O9,590.669,Top1,1.000 ,T
56,591.2588,8.4,4.03E+09,DA08_genkwanine M (DPSft12),C=C(C)C12CC(C)C34OC(c5ccccc5)(OC1C3C1OC1(COC(=O)c1ccccc1)C(O)C1(O)C(O)C(C)CC14)O2,D,6,0,D,C34H38O9,possibly known,"std_genkwanine N (DA07), std_genkwanine M (DA08)",[M+H]+,none,C10H10O4,C27H30O6 / C17H20O2,4706969.0 / 76637416.0,146.9084,none,none,none,none,none,none,none,none,C3H4O2,C20H24O4 / C17H20O2,5983355.5 / 76637416.0,152.4187,none,none,none,none,C7H6O2,C27H30O6 / C20H24O4,4706969.0 / 5983355.5,43.1482,none,none,none,C17H20O1,854839.81,8.5484,C18H20O1,1553038.25,15.5304,C19H20O1,6487011,64.8701,C20H22O3,9990143,99.9014,C7H4O,17018244,170.1824,none,none,none,none,none,none,C6H6O,271317.66,2.7132,16,others,"5-ol-6,7-ene","9,13,14-orthoester",no C-12,no C-18,"2,4-olefinic",others,2,C7,C7*2,"benzoyl(43.15),feruloyl(146.91),benzoyl(170.18)","benzoyl,benzoyl",none,B3,C1,none,R92,R92,362.9522,none,,,,0,Top2,0.191 ,F
10,599.3564,14.5,8.90E+08,DA09_wikstrotoxin A (NSC-3),C=C(C)C12CC(C)C34OC(C=CC=CCCCCCCCCCC)(OC1C3C1OC1(CO)C(O)C1(O)C(=O)C(C)=CC14)O2,D,13,0,D,C35H50O8,possibly known,std_wikstrotoxin A (DA09),[M+H]+,none,none,none,none,none,none,none,none,none,none,none,none,none,C3H4O2,C20H20O4 / C17H16O2,670000.0 / 1900000.0,6.5655,none,none,none,none,none,none,none,none,none,none,none,C17H16O2,1900000,19,C18H16O1,230000,2.3,C19H18O3,230000,2.3,C20H16O2,69000,0.69,C4H4O,47000,0.47,C15H24O,1900000,19,C5H4O,41000,0.41,C6H6O,74000,0.74,11,"1,2-en-3-one","5-ol-6,7-epoxy","9,13,14-orthoester",no C-12,no C-18,"2,4-olefinic",others,1,C15,C15*1,"butenoyl(0.47),pentadecadienoyl(19.00)",pentadecadienoyl,A1,B1,C1,none,R42,none,39.15,A1B1C1,OCC12OC1C1C3OC4(C=CC=CCCCCCCCCCC)OC3(C(=C)C)CC(C)C1(O4)C1C=C(C)C(=O)C1(O)C2O,PD00007606,C35H50O8,598.777,Top1,1.000 ,T
10,599.3564,14.5,8.90E+08,DA09_wikstrotoxin A (NSC-3),C=C(C)C12CC(C)C34OC(C=CC=CCCCCCCCCCC)(OC1C3C1OC1(CO)C(O)C1(O)C(=O)C(C)=CC14)O2,D,13,0,D,C35H50O8,possibly known,std_wikstrotoxin A (DA09),[M+H]+,none,none,none,none,none,none,none,none,none,none,none,none,none,C3H4O2,C20H20O4 / C17H16O2,670000.0 / 1900000.0,6.5655,none,none,none,none,none,none,none,none,none,none,none,C17H18O3,67000,0.67,C18H18O2,1000000,10,C19H18O3,230000,2.3,C20H16O2,69000,0.69,C6H6O,74000,0.74,C15H24O,1900000,19,C5H4O,41000,0.41,C6H6O,74000,0.74,11,"1,2-dihydro-3-one","5-ol-6,7-epoxy","9,13,14-orthoester",with C-12,no C-18,"2,4-olefinic",others,3,"C2,C11",C2*2+C11*1,"hexadienoyl(0.74),pentadecadienoyl(19.00)",acyl,A2,B1,C2,none,R1,none,12.49,A2B1C2,OCC12OC1C1C3OC4(C)OC3(C(=C)C)C(O)C(C)C1(O4)C1CC(C)C(=O)C1(O)C2O,PD00008141,C22H30O9,438.473,Top2,0.319 ,F
10,599.3564,14.5,8.90E+08,DA09_wikstrotoxin A (NSC-3),C=C(C)C12CC(C)C34OC(C=CC=CCCCCCCCCCC)(OC1C3C1OC1(CO)C(O)C1(O)C(=O)C(C)=CC14)O2,D,13,0,D,C35H50O8,possibly known,std_wikstrotoxin A (DA09),[M+H]+,none,none,none,none,none,none,none,none,none,none,none,none,none,C3H4O2,C20H20O4 / C17H16O2,670000.0 / 1900000.0,6.5655,none,none,none,none,none,none,none,none,none,none,none,C17H18O3,67000,0.67,C18H16O1,230000,2.3,C19H18O3,230000,2.3,C20H16O2,69000,0.69,C4H4O,47000,0.47,C15H24O,1900000,19,C5H4O,41000,0.41,C6H6O,74000,0.74,11,"1,2-en-3-ol","5-ol-6,7-epoxy","9,13,14-orthoester",with C-12,no C-18,"2,4-olefinic",others,3,"C2,C11",C2*2+C11*1,"butenoyl(0.47),pentadecadienoyl(19.00)",acyl,A3,B1,C2,none,R1,none,4.79,A3B1C2,OCC12OC1C1C3OC4(C)OC3(C(=C)C)C(O)C(C)C1(O4)C1C=C(C)C(O)C1(O)C2O,PD00008237,C22H30O9,438.473,Top3,0.122 ,F
10,599.3564,14.5,8.90E+08,DA09_wikstrotoxin A (NSC-3),C=C(C)C12CC(C)C34OC(C=CC=CCCCCCCCCCC)(OC1C3C1OC1(CO)C(O)C1(O)C(=O)C(C)=CC14)O2,D,13,0,D,C35H50O8,possibly known,std_wikstrotoxin A (DA09),[M+H]+,none,none,none,none,none,none,none,none,none,none,none,none,none,C3H4O2,C20H20O4 / C17H16O2,670000.0 / 1900000.0,6.5655,none,none,none,none,none,none,none,none,none,none,none,C17H16O1,41000,0.41,C18H18O2,1000000,10,C19H18O3,230000,2.3,C20H16O2,69000,0.69,C4H4O,47000,0.47,C15H24O,1900000,19,C5H4O,41000,0.41,C6H6O,74000,0.74,11,others,"5-ol-6,7-ene","9,13,14-orthoester",no C-12,no C-18,"2,4-olefinic",others,1,C15,C15*1,"butenoyl(0.47),pentadecadienoyl(19.00)",pentadecadienoyl,none,B3,C1,none,R42,none,1.15,none,,,,0,Top4,0.029 ,F
52,603.2209,6.7,2.26E+09,DA10_genkwadaphnin (DPSft-21),C=C(C)C12OC3(c4ccccc4)OC1C1C4OC4(CO)C(O)C4(O)C(=O)C(C)=CC4C1(O3)C(C)C2OC(=O)c1ccccc1,D,10,0,D,C34H34O10,possibly known,std_genkwadaphnin (DA10),[M+H]+,none,C10H10O4,C27H24O6 / C17H14O2,2700.0 / 22000.0,0.0482,none,none,none,none,none,none,none,none,C3H4O2,C20H20O5 / C17H16O3,38000.0 / 130000.0,0.4009,none,none,none,none,C7H6O2,C27H24O6 / C20H18O4,2700.0 / 81000.0,0.1458,none,none,none,C17H16O3,130000,1.3,C18H16O1,44000,0.44,C19H20O4,16000,0.16,C20H20O5,38000,0.38,C7H4O,620000,6.2,none,none,none,C5H4O,34000,0.34,C6H6O,4400,0.044,18,"1,2-en-3-one","5-ol-6,7-epoxy","9,13,14-orthoester",with C-12,no C-18,"2,4-olefinic",others,2,C7,C7*2,"benzoyl(0.15),feruloyl(0.05),benzoyl(6.20)","benzoyl,benzoyl",A1,B1,C2,none,R92,R92,9.378,A1B1C2,OCC12OC1C1C3OC4(c6ccccc6)OC3(C(=C)C)C(OC(=O)c7ccccc7)C(C)C1(O4)C1C=C(C)C(=O)C1(O)C2O,PD00129710,C34H34O10,602.636,Top1,1.000 ,T
52,603.2209,6.7,2.26E+09,DA10_genkwadaphnin (DPSft-21),C=C(C)C12OC3(c4ccccc4)OC1C1C4OC4(CO)C(O)C4(O)C(=O)C(C)=CC4C1(O3)C(C)C2OC(=O)c1ccccc1,D,10,0,D,C34H34O10,possibly known,std_genkwadaphnin (DA10),[M+H]+,none,C10H10O4,C27H24O6 / C17H14O2,2700.0 / 22000.0,0.0482,none,none,none,none,none,none,none,none,C3H4O2,C20H20O5 / C17H16O3,38000.0 / 130000.0,0.4009,none,none,none,none,C7H6O2,C27H24O6 / C20H18O4,2700.0 / 81000.0,0.1458,none,none,none,C17H16O3,130000,1.3,C18H16O1,44000,0.44,C19H20O4,16000,0.16,C20H20O5,38000,0.38,C7H4O,620000,6.2,none,none,none,C5H4O,34000,0.34,C6H6O,4400,0.044,18,"1,2-en-3-one","5-ol-6,7-epoxy","9,13,14-orthoester",with C-12,no C-18,"2,4-olefinic",others,2,C7,C7*2,"benzoyl(0.15),feruloyl(0.05),benzoyl(6.20)","benzoyl,benzoyl",A1,B1,C2,none,R92,R92,9.378,A1B1C2,c7ccccc7C(=O)OCC12OC1C1C3OC4(c6ccccc6)OC3(C(=C)C)C(O)C(C)C1(O4)C1C=C(C)C(=O)C1(O)C2O,PD00292670,C34H34O10,602.636,Top1,1.000 ,T
52,603.2209,6.7,2.26E+09,DA10_genkwadaphnin (DPSft-21),C=C(C)C12OC3(c4ccccc4)OC1C1C4OC4(CO)C(O)C4(O)C(=O)C(C)=CC4C1(O3)C(C)C2OC(=O)c1ccccc1,D,10,0,D,C34H34O10,possibly known,std_genkwadaphnin (DA10),[M+H]+,none,C10H10O4,C27H24O6 / C17H14O2,2700.0 / 22000.0,0.0482,none,none,none,none,none,none,none,none,C3H4O2,C20H20O5 / C17H16O3,38000.0 / 130000.0,0.4009,none,none,none,none,C7H6O2,C27H24O6 / C20H18O4,2700.0 / 81000.0,0.1458,none,none,none,C17H14O2,22000,0.22,C18H16O1,44000,0.44,C19H16O2,53000,0.53,C20H20O5,38000,0.38,C7H4O,620000,6.2,none,none,none,C5H4O,34000,0.34,C6H6O,4400,0.044,18,others,"5-ol-6,7-epoxy","9,13,14-orthoester",no C-12,no C-18,"2,4-olefinic",others,2,C7,C7*2,"benzoyl(0.15),feruloyl(0.05),benzoyl(6.20)","benzoyl,benzoyl",none,B1,C1,none,R92,R92,6.998,none,,,,0,Top2,0.746 ,F
52,603.2209,6.7,2.26E+09,DA10_genkwadaphnin (DPSft-21),C=C(C)C12OC3(c4ccccc4)OC1C1C4OC4(CO)C(O)C4(O)C(=O)C(C)=CC4C1(O3)C(C)C2OC(=O)c1ccccc1,D,10,0,D,C34H34O10,possibly known,std_genkwadaphnin (DA10),[M+H]+,none,C10H10O4,C27H24O6 / C17H14O2,2700.0 / 22000.0,0.0482,none,none,none,none,none,none,none,none,C3H4O2,C20H20O5 / C17H16O3,38000.0 / 130000.0,0.4009,none,none,none,none,C7H6O2,C27H24O6 / C20H18O4,2700.0 / 81000.0,0.1458,none,none,none,C17H18O1,7200,0.072,C18H18O3,5200,0.052,C19H18O3,84000,0.84,C20H20O5,38000,0.38,C7H4O,620000,6.2,none,none,none,C5H4O,34000,0.34,C6H6O,4400,0.044,18,others,"5-ol-6,7-ene","9,13,14-orthoester",no C-12,no C-18,"2,4-olefinic",others,2,C7,C7*2,"benzoyl(0.15),feruloyl(0.05),benzoyl(6.20)","benzoyl,benzoyl",none,B3,C1,none,R92,R92,6.778,none,,,,0,Top3,0.723 ,F
12,585.3414,8.7,9.56E+07,DA11_wikstroelide M (NSC-8),C=C(C)C1(O)CC(C)C2(O)C(C1OC(=O)C=CC=CCCCCCCCCC)C1OC1(CO)C(O)C1(O)C(=O)C(C)=CC12,D,19,0,D,C34H48O8,possibly known,std_huratoxin (DA06),[M+H-H2O]+,"12, 59",none,none,none,none,none,none,none,none,none,none,none,none,C3H4O2,C20H20O4 / C17H16O2,130000.0 / 180000.0,1.172,none,none,none,none,none,none,none,none,none,none,none,C17H16O2,180000,1.8,C18H18O1,26000,0.26,C19H20O3,65000,0.65,C20H16O2,12000,0.12,C6H6O,18000,0.18,C14H22O,470000,4.7,C5H4O,13000,0.13,C6H6O,18000,0.18,11,"1,2-en-3-one","5-ol-6,7-epoxy","9,13,14-triol",no C-12,no C-18,"2,4-olefinic",others,1,C14,C14*1,"hexadienoyl(0.18),tetradecadienoyl(4.70)",tetradecadienoyl,A1,B1,C3,none,R41,none,3.91,A1B1C3,OCC12OC1C1C(OC(=O)C=CC=CCCCCCCCCC)C(O)(C(=C)C)CC(C)C1(O)C1C=C(C)C(=O)C1(O)C2O,PD00001461,C34H50O9,602.765,Top1,1.000 ,T
12,585.3414,8.7,9.56E+07,DA11_wikstroelide M (NSC-8),C=C(C)C1(O)CC(C)C2(O)C(C1OC(=O)C=CC=CCCCCCCCCC)C1OC1(CO)C(O)C1(O)C(=O)C(C)=CC12,D,19,0,D,C34H48O8,possibly known,std_huratoxin (DA06),[M+H-H2O]+,"12, 59",none,none,none,none,none,none,none,none,none,none,none,none,C3H4O2,C20H20O4 / C17H16O2,130000.0 / 180000.0,1.172,none,none,none,none,none,none,none,none,none,none,none,C17H18O3,17000,0.17,C18H18O2,110000,1.1,C19H20O3,65000,0.65,C20H16O2,12000,0.12,C6H6O,18000,0.18,C14H22O,470000,4.7,C5H4O,13000,0.13,C6H6O,18000,0.18,11,"1,2-dihydro-3-one","5-ol-6,7-epoxy","9,13,14-triol",with C-12,no C-18,"2,4-olefinic",others,2,C7,C7*2,"hexadienoyl(0.18),tetradecadienoyl(4.70)","benzoyl,benzoyl",A2,B1,C4,none,R92,R92,1.75,A2B1C4,c7ccccc7C(=O)OCC12OC1C1C(OC(=O)c6ccccc6)C(O)(C(=C)C)C(O)C(C)C1(O)C1CC(C)C(=O)C1(O)C2O,PD00856046,C34H38O11,622.667,Top2,0.448 ,F
12,585.3414,8.7,9.56E+07,DA11_wikstroelide M (NSC-8),C=C(C)C1(O)CC(C)C2(O)C(C1OC(=O)C=CC=CCCCCCCCCC)C1OC1(CO)C(O)C1(O)C(=O)C(C)=CC12,D,19,0,D,C34H48O8,possibly known,std_huratoxin (DA06),[M+H-H2O]+,"12, 59",none,none,none,none,none,none,none,none,none,none,none,none,C3H4O2,C20H20O4 / C17H16O2,130000.0 / 180000.0,1.172,none,none,none,none,none,none,none,none,none,none,none,C17H18O3,17000,0.17,C18H18O2,110000,1.1,C19H20O3,65000,0.65,C20H16O2,12000,0.12,C6H6O,18000,0.18,C14H22O,470000,4.7,C5H4O,13000,0.13,C6H6O,18000,0.18,11,"1,2-dihydro-3-one","5-ol-6,7-epoxy","9,13,14-triol",with C-12,no C-18,"2,4-olefinic",others,2,C7,C7*2,"hexadienoyl(0.18),tetradecadienoyl(4.70)","benzoyl,benzoyl",A2,B1,C4,none,R92,R92,1.75,A2B1C4,OCC12OC1C1C(OC(=O)c6ccccc6)C(O)(C(=C)C)C(OC(=O)c7ccccc7)C(C)C1(O)C1CC(C)C(=O)C1(O)C2O,PD00683774,C34H38O11,622.667,Top2,0.448 ,F
12,585.3414,8.7,9.56E+07,DA11_wikstroelide M (NSC-8),C=C(C)C1(O)CC(C)C2(O)C(C1OC(=O)C=CC=CCCCCCCCCC)C1OC1(CO)C(O)C1(O)C(=O)C(C)=CC12,D,19,0,D,C34H48O8,possibly known,std_huratoxin (DA06),[M+H-H2O]+,"12, 59",none,none,none,none,none,none,none,none,none,none,none,none,C3H4O2,C20H20O4 / C17H16O2,130000.0 / 180000.0,1.172,none,none,none,none,none,none,none,none,none,none,none,C17H18O2,7700,0.077,C18H18O2,110000,1.1,C19H20O3,65000,0.65,C20H16O2,12000,0.12,C10H12O,12000,0.12,C14H22O,470000,4.7,C5H4O,13000,0.13,C6H6O,18000,0.18,11,"1,2-dihydro-3-one","5-ol-6,7-epoxy","9,13,14-triol",no C-12,no C-18,"2,4-olefinic",others,1,C14,C14*1,"decatrienoyl(0.12),tetradecadienoyl(4.70)",tetradecadienoyl,A2,B1,C3,none,R41,none,1.564,A2B1C3,OCC12OC1C1C(OC(=O)C=CC=CCCCCCCCCC)C(O)(C(=C)C)CC(C)C1(O)C1CC(C)C(=O)C1(O)C2O,PD00001557,C34H52O9,604.781,Top3,0.400 ,F
12,585.3414,8.7,9.56E+07,DA11_wikstroelide M (NSC-8),C=C(C)C1(O)CC(C)C2(O)C(C1OC(=O)C=CC=CCCCCCCCCC)C1OC1(CO)C(O)C1(O)C(=O)C(C)=CC12,D,19,0,D,C34H48O8,possibly known,std_huratoxin (DA06),[M+H-H2O]+,"12, 59",none,none,none,none,none,none,none,none,none,none,none,none,C3H4O2,C20H20O4 / C17H16O2,130000.0 / 180000.0,1.172,none,none,none,none,none,none,none,none,none,none,none,C17H18O3,17000,0.17,C18H18O1,26000,0.26,C19H18O2,70000,0.7,C20H16O2,12000,0.12,C10H12O,12000,0.12,C14H22O,470000,4.7,C5H4O,13000,0.13,C6H6O,18000,0.18,11,"1,2-en-3-ol","5-ol-6,7-epoxy","9,13,14-triol",with C-12,no C-18,"2,4-olefinic",others,2,C7,C7*2,"decatrienoyl(0.12),tetradecadienoyl(4.70)","benzoyl,benzoyl",A3,B1,C4,none,R92,R92,0.91,A3B1C4,c7ccccc7C(=O)OCC12OC1C1C(OC(=O)c6ccccc6)C(O)(C(=C)C)C(O)C(C)C1(O)C1C=C(C)C(O)C1(O)C2O,PD00860702,C34H38O11,622.667,Top4,0.233 ,F
12,585.3414,8.7,9.56E+07,DA11_wikstroelide M (NSC-8),C=C(C)C1(O)CC(C)C2(O)C(C1OC(=O)C=CC=CCCCCCCCCC)C1OC1(CO)C(O)C1(O)C(=O)C(C)=CC12,D,19,0,D,C34H48O8,possibly known,std_huratoxin (DA06),[M+H-H2O]+,"12, 59",none,none,none,none,none,none,none,none,none,none,none,none,C3H4O2,C20H20O4 / C17H16O2,130000.0 / 180000.0,1.172,none,none,none,none,none,none,none,none,none,none,none,C17H18O3,17000,0.17,C18H18O1,26000,0.26,C19H18O2,70000,0.7,C20H16O2,12000,0.12,C10H12O,12000,0.12,C14H22O,470000,4.7,C5H4O,13000,0.13,C6H6O,18000,0.18,11,"1,2-en-3-ol","5-ol-6,7-epoxy","9,13,14-triol",with C-12,no C-18,"2,4-olefinic",others,2,C7,C7*2,"decatrienoyl(0.12),tetradecadienoyl(4.70)","benzoyl,benzoyl",A3,B1,C4,none,R92,R92,0.91,A3B1C4,OCC12OC1C1C(OC(=O)c6ccccc6)C(O)(C(=C)C)C(O)C(C)C1(O)C1C=C(C)C(OC(=O)c7ccccc7)C1(O)C2O,PD00558062,C34H38O11,622.667,Top4,0.233 ,F
12,585.3414,8.7,9.56E+07,DA11_wikstroelide M (NSC-8),C=C(C)C1(O)CC(C)C2(O)C(C1OC(=O)C=CC=CCCCCCCCCC)C1OC1(CO)C(O)C1(O)C(=O)C(C)=CC12,D,19,0,D,C34H48O8,possibly known,std_huratoxin (DA06),[M+H-H2O]+,"12, 59",none,none,none,none,none,none,none,none,none,none,none,none,C3H4O2,C20H20O4 / C17H16O2,130000.0 / 180000.0,1.172,none,none,none,none,none,none,none,none,none,none,none,C17H18O3,17000,0.17,C18H18O1,26000,0.26,C19H18O2,70000,0.7,C20H16O2,12000,0.12,C10H12O,12000,0.12,C14H22O,470000,4.7,C5H4O,13000,0.13,C6H6O,18000,0.18,11,"1,2-en-3-ol","5-ol-6,7-epoxy","9,13,14-triol",with C-12,no C-18,"2,4-olefinic",others,2,C7,C7*2,"decatrienoyl(0.12),tetradecadienoyl(4.70)","benzoyl,benzoyl",A3,B1,C4,none,R92,R92,0.91,A3B1C4,OCC12OC1C1C(OC(=O)c6ccccc6)C(O)(C(=C)C)C(OC(=O)c7ccccc7)C(C)C1(O)C1C=C(C)C(O)C1(O)C2O,PD00688430,C34H38O11,622.667,Top4,0.233 ,F
12,585.3414,8.7,9.56E+07,DA11_wikstroelide M (NSC-8),C=C(C)C1(O)CC(C)C2(O)C(C1OC(=O)C=CC=CCCCCCCCCC)C1OC1(CO)C(O)C1(O)C(=O)C(C)=CC12,D,19,0,D,C34H48O8,possibly known,std_huratoxin (DA06),[M+H-H2O]+,"12, 59",none,none,none,none,none,none,none,none,none,none,none,none,C3H4O2,C20H20O4 / C17H16O2,130000.0 / 180000.0,1.172,none,none,none,none,none,none,none,none,none,none,none,C17H18O2,7700,0.077,C18H18O1,26000,0.26,C19H18O2,70000,0.7,C20H16O2,12000,0.12,C10H12O,12000,0.12,C14H22O,470000,4.7,C5H4O,13000,0.13,C6H6O,18000,0.18,11,"1,2-en-3-ol","5-ol-6,7-epoxy","9,13,14-triol",no C-12,no C-18,"2,4-olefinic",others,1,C14,C14*1,"decatrienoyl(0.12),tetradecadienoyl(4.70)",tetradecadienoyl,A3,B1,C3,none,R41,none,0.724,A3B1C3,OCC12OC1C1C(OC(=O)C=CC=CCCCCCCCCC)C(O)(C(=C)C)CC(C)C1(O)C1C=C(C)C(O)C1(O)C2O,PD00001653,C34H52O9,604.781,Top5,0.185 ,F
59,603.352,8.7,6.84E+07,DA11_wikstroelide M (NSC-8),C=C(C)C1(O)CC(C)C2(O)C(C1OC(=O)C=CC=CCCCCCCCCC)C1OC1(CO)C(O)C1(O)C(=O)C(C)=CC12,D,14,0,D,C34H50O9,possibly known,std_wikstroelide M (DA11),[M+H]+,"12, 59",none,none,none,none,none,none,none,none,none,none,none,none,C3H4O2,C20H20O4 / C17H16O2,88000.0 / 38000.0,0.3512,none,none,none,none,none,none,none,none,none,none,none,C17H16O2,38000,0.38,C18H18O1,9400,0.094,C19H18O2,35000,0.35,none,none,none,C11H12O2,5600,0.056,C14H22O,380000,3.8,C5H4O,15000,0.15,C6H6O,12000,0.12,10,"1,2-en-3-one","5-ol-6,7-epoxy","9,13,14-triol",no C-12,no C-18,"2,4-olefinic",others,1,C14,C14*1,"8-9-epoxy-2-4-6-undecatrienoyl(0.06),tetradecadienoyl(3.80)",tetradecadienoyl,A1,B1,C3,none,R41,none,1.03,A1B1C3,OCC12OC1C1C(OC(=O)C=CC=CCCCCCCCCC)C(O)(C(=C)C)CC(C)C1(O)C1C=C(C)C(=O)C1(O)C2O,PD00001461,C34H50O9,602.765,Top1,1.000 ,T
59,603.352,8.7,6.84E+07,DA11_wikstroelide M (NSC-8),C=C(C)C1(O)CC(C)C2(O)C(C1OC(=O)C=CC=CCCCCCCCCC)C1OC1(CO)C(O)C1(O)C(=O)C(C)=CC12,D,14,0,D,C34H50O9,possibly known,std_wikstroelide M (DA11),[M+H]+,"12, 59",none,none,none,none,none,none,none,none,none,none,none,none,C3H4O2,C20H20O4 / C17H16O2,88000.0 / 38000.0,0.3512,none,none,none,none,none,none,none,none,none,none,none,C17H18O3,13000,0.13,C18H18O2,14000,0.14,C19H18O2,35000,0.35,none,none,none,C11H12O2,5600,0.056,C14H22O,380000,3.8,C5H4O,15000,0.15,C6H6O,12000,0.12,10,"1,2-dihydro-3-one","5-ol-6,7-epoxy","9,13,14-triol",with C-12,no C-18,"2,4-olefinic",others,2,C7,C7*2,"8-9-epoxy-2-4-6-undecatrienoyl(0.06),tetradecadienoyl(3.80)","benzoyl,benzoyl",A2,B1,C4,none,R92,R92,0.67,A2B1C4,c7ccccc7C(=O)OCC12OC1C1C(OC(=O)c6ccccc6)C(O)(C(=C)C)C(O)C(C)C1(O)C1CC(C)C(=O)C1(O)C2O,PD00856046,C34H38O11,622.667,Top2,0.650 ,F
59,603.352,8.7,6.84E+07,DA11_wikstroelide M (NSC-8),C=C(C)C1(O)CC(C)C2(O)C(C1OC(=O)C=CC=CCCCCCCCCC)C1OC1(CO)C(O)C1(O)C(=O)C(C)=CC12,D,14,0,D,C34H50O9,possibly known,std_wikstroelide M (DA11),[M+H]+,"12, 59",none,none,none,none,none,none,none,none,none,none,none,none,C3H4O2,C20H20O4 / C17H16O2,88000.0 / 38000.0,0.3512,none,none,none,none,none,none,none,none,none,none,none,C17H18O3,13000,0.13,C18H18O2,14000,0.14,C19H18O2,35000,0.35,none,none,none,C11H12O2,5600,0.056,C14H22O,380000,3.8,C5H4O,15000,0.15,C6H6O,12000,0.12,10,"1,2-dihydro-3-one","5-ol-6,7-epoxy","9,13,14-triol",with C-12,no C-18,"2,4-olefinic",others,2,C7,C7*2,"8-9-epoxy-2-4-6-undecatrienoyl(0.06),tetradecadienoyl(3.80)","benzoyl,benzoyl",A2,B1,C4,none,R92,R92,0.67,A2B1C4,OCC12OC1C1C(OC(=O)c6ccccc6)C(O)(C(=C)C)C(OC(=O)c7ccccc7)C(C)C1(O)C1CC(C)C(=O)C1(O)C2O,PD00683774,C34H38O11,622.667,Top2,0.650 ,F
59,603.352,8.7,6.84E+07,DA11_wikstroelide M (NSC-8),C=C(C)C1(O)CC(C)C2(O)C(C1OC(=O)C=CC=CCCCCCCCCC)C1OC1(CO)C(O)C1(O)C(=O)C(C)=CC12,D,14,0,D,C34H50O9,possibly known,std_wikstroelide M (DA11),[M+H]+,"12, 59",none,none,none,none,none,none,none,none,none,none,none,none,C3H4O2,C20H20O4 / C17H16O2,88000.0 / 38000.0,0.3512,none,none,none,none,none,none,none,none,none,none,none,C17H18O3,13000,0.13,C18H18O1,9400,0.094,C19H18O2,35000,0.35,none,none,none,C11H12O2,5600,0.056,C14H22O,380000,3.8,C5H4O,15000,0.15,C6H6O,12000,0.12,10,"1,2-en-3-ol","5-ol-6,7-epoxy","9,13,14-triol",with C-12,no C-18,"2,4-olefinic",others,2,C7,C7*2,"8-9-epoxy-2-4-6-undecatrienoyl(0.06),tetradecadienoyl(3.80)","benzoyl,benzoyl",A3,B1,C4,none,R92,R92,0.624,A3B1C4,c7ccccc7C(=O)OCC12OC1C1C(OC(=O)c6ccccc6)C(O)(C(=C)C)C(O)C(C)C1(O)C1C=C(C)C(O)C1(O)C2O,PD00860702,C34H38O11,622.667,Top3,0.606 ,F
59,603.352,8.7,6.84E+07,DA11_wikstroelide M (NSC-8),C=C(C)C1(O)CC(C)C2(O)C(C1OC(=O)C=CC=CCCCCCCCCC)C1OC1(CO)C(O)C1(O)C(=O)C(C)=CC12,D,14,0,D,C34H50O9,possibly known,std_wikstroelide M (DA11),[M+H]+,"12, 59",none,none,none,none,none,none,none,none,none,none,none,none,C3H4O2,C20H20O4 / C17H16O2,88000.0 / 38000.0,0.3512,none,none,none,none,none,none,none,none,none,none,none,C17H18O3,13000,0.13,C18H18O1,9400,0.094,C19H18O2,35000,0.35,none,none,none,C11H12O2,5600,0.056,C14H22O,380000,3.8,C5H4O,15000,0.15,C6H6O,12000,0.12,10,"1,2-en-3-ol","5-ol-6,7-epoxy","9,13,14-triol",with C-12,no C-18,"2,4-olefinic",others,2,C7,C7*2,"8-9-epoxy-2-4-6-undecatrienoyl(0.06),tetradecadienoyl(3.80)","benzoyl,benzoyl",A3,B1,C4,none,R92,R92,0.624,A3B1C4,OCC12OC1C1C(OC(=O)c6ccccc6)C(O)(C(=C)C)C(O)C(C)C1(O)C1C=C(C)C(OC(=O)c7ccccc7)C1(O)C2O,PD00558062,C34H38O11,622.667,Top3,0.606 ,F
59,603.352,8.7,6.84E+07,DA11_wikstroelide M (NSC-8),C=C(C)C1(O)CC(C)C2(O)C(C1OC(=O)C=CC=CCCCCCCCCC)C1OC1(CO)C(O)C1(O)C(=O)C(C)=CC12,D,14,0,D,C34H50O9,possibly known,std_wikstroelide M (DA11),[M+H]+,"12, 59",none,none,none,none,none,none,none,none,none,none,none,none,C3H4O2,C20H20O4 / C17H16O2,88000.0 / 38000.0,0.3512,none,none,none,none,none,none,none,none,none,none,none,C17H18O3,13000,0.13,C18H18O1,9400,0.094,C19H18O2,35000,0.35,none,none,none,C11H12O2,5600,0.056,C14H22O,380000,3.8,C5H4O,15000,0.15,C6H6O,12000,0.12,10,"1,2-en-3-ol","5-ol-6,7-epoxy","9,13,14-triol",with C-12,no C-18,"2,4-olefinic",others,2,C7,C7*2,"8-9-epoxy-2-4-6-undecatrienoyl(0.06),tetradecadienoyl(3.80)","benzoyl,benzoyl",A3,B1,C4,none,R92,R92,0.624,A3B1C4,OCC12OC1C1C(OC(=O)c6ccccc6)C(O)(C(=C)C)C(OC(=O)c7ccccc7)C(C)C1(O)C1C=C(C)C(O)C1(O)C2O,PD00688430,C34H38O11,622.667,Top3,0.606 ,F
59,603.352,8.7,6.84E+07,DA11_wikstroelide M (NSC-8),C=C(C)C1(O)CC(C)C2(O)C(C1OC(=O)C=CC=CCCCCCCCCC)C1OC1(CO)C(O)C1(O)C(=O)C(C)=CC12,D,14,0,D,C34H50O9,possibly known,std_wikstroelide M (DA11),[M+H]+,"12, 59",none,none,none,none,none,none,none,none,none,none,none,none,C3H4O2,C20H20O4 / C17H16O2,88000.0 / 38000.0,0.3512,none,none,none,none,none,none,none,none,none,none,none,C17H18O2,6300,0.063,C18H18O2,14000,0.14,C19H20O3,55000,0.55,none,none,none,C11H12O2,5600,0.056,C14H22O,380000,3.8,C5H4O,15000,0.15,C6H6O,12000,0.12,10,"1,2-dihydro-3-one","5-ol-6,7-epoxy","9,13,14-triol",no C-12,no C-18,"2,4-olefinic",others,1,C14,C14*1,"8-9-epoxy-2-4-6-undecatrienoyl(0.06),tetradecadienoyl(3.80)",tetradecadienoyl,A2,B1,C3,none,R41,none,0.536,A2B1C3,OCC12OC1C1C(OC(=O)C=CC=CCCCCCCCCC)C(O)(C(=C)C)CC(C)C1(O)C1CC(C)C(=O)C1(O)C2O,PD00001557,C34H52O9,604.781,Top4,0.520 ,F
59,603.352,8.7,6.84E+07,DA11_wikstroelide M (NSC-8),C=C(C)C1(O)CC(C)C2(O)C(C1OC(=O)C=CC=CCCCCCCCCC)C1OC1(CO)C(O)C1(O)C(=O)C(C)=CC12,D,14,0,D,C34H50O9,possibly known,std_wikstroelide M (DA11),[M+H]+,"12, 59",none,none,none,none,none,none,none,none,none,none,none,none,C3H4O2,C20H20O4 / C17H16O2,88000.0 / 38000.0,0.3512,none,none,none,none,none,none,none,none,none,none,none,C17H18O2,6300,0.063,C18H18O1,9400,0.094,C19H18O2,35000,0.35,none,none,none,C11H12O2,5600,0.056,C14H22O,380000,3.8,C5H4O,15000,0.15,C6H6O,12000,0.12,10,"1,2-en-3-ol","5-ol-6,7-epoxy","9,13,14-triol",no C-12,no C-18,"2,4-olefinic",others,1,C14,C14*1,"8-9-epoxy-2-4-6-undecatrienoyl(0.06),tetradecadienoyl(3.80)",tetradecadienoyl,A3,B1,C3,none,R41,none,0.49,A3B1C3,OCC12OC1C1C(OC(=O)C=CC=CCCCCCCCCC)C(O)(C(=C)C)CC(C)C1(O)C1C=C(C)C(O)C1(O)C2O,PD00001653,C34H52O9,604.781,Top5,0.476 ,F
53,609.2678,8.3,5.38E+09,DA12_genkwanine H (DPSft-2),C=C(C)C12CC(C)C34OC(c5ccccc5)(OC1C3C(O)C(O)(COC(=O)c1ccccc1)C(O)C1(O)C(O)C(C)CC14)O2,D,22,0,D,C34H40O10,possibly known,"yuanhuakine D, std_genkwanine H (DA12), onishibarin C, neogenkwanine G, genkwanine D, genkwanine VIII",[M+H]+,none,C10H10O4,C27H30O6 / C17H20O2,260000.0 / 230000.0,2.1827,none,none,none,none,none,none,none,none,C3H4O2,C20H24O4 / C17H20O2,270000.0 / 230000.0,2.1552,none,none,none,none,C7H6O2,C27H30O6 / C20H24O4,260000.0 / 270000.0,2.5536,none,none,none,C17H20O2,230000,2.3,C18H20O1,59000,0.59,C19H20O1,460000,4.6,C20H22O3,420000,4.2,C7H4O,440000,4.4,none,none,none,none,none,none,none,none,none,15,"1,2-dihydro-3-ol","5-ol-6,7-diol","9,13,14-orthoester",no C-12,no C-18,others,others,2,C7,C7*2,"benzoyl(2.55),feruloyl(2.18),benzoyl(4.40)","benzoyl,benzoyl",A4,B2,C1,none,R92,R92,16.0363,A4B2C1,OCC1(O)C(O)C2C3OC4(c6ccccc6)OC3(C(=C)C)CC(C)C2(O4)C2CC(C)C(OC(=O)c7ccccc7)C2(O)C1O,PD00097118,C34H40O10,608.684,Top1,1.000 ,T
53,609.2678,8.3,5.38E+09,DA12_genkwanine H (DPSft-2),C=C(C)C12CC(C)C34OC(c5ccccc5)(OC1C3C(O)C(O)(COC(=O)c1ccccc1)C(O)C1(O)C(O)C(C)CC14)O2,D,22,0,D,C34H40O10,possibly known,"yuanhuakine D, std_genkwanine H (DA12), onishibarin C, neogenkwanine G, genkwanine D, genkwanine VIII",[M+H]+,none,C10H10O4,C27H30O6 / C17H20O2,260000.0 / 230000.0,2.1827,none,none,none,none,none,none,none,none,C3H4O2,C20H24O4 / C17H20O2,270000.0 / 230000.0,2.1552,none,none,none,none,C7H6O2,C27H30O6 / C20H24O4,260000.0 / 270000.0,2.5536,none,none,none,C17H20O2,230000,2.3,C18H20O1,59000,0.59,C19H20O1,460000,4.6,C20H22O3,420000,4.2,C7H4O,440000,4.4,none,none,none,none,none,none,none,none,none,15,"1,2-dihydro-3-ol","5-ol-6,7-diol","9,13,14-orthoester",no C-12,no C-18,others,others,2,C7,C7*2,"benzoyl(2.55),feruloyl(2.18),benzoyl(4.40)","benzoyl,benzoyl",A4,B2,C1,none,R92,R92,16.0363,A4B2C1,c7ccccc7C(=O)OCC1(O)C(O)C2C3OC4(c6ccccc6)OC3(C(=C)C)CC(C)C2(O4)C2CC(C)C(O)C2(O)C1O,PD00469598,C34H40O10,608.684,Top1,1.000 ,T
53,609.2678,8.3,5.38E+09,DA12_genkwanine H (DPSft-2),C=C(C)C12CC(C)C34OC(c5ccccc5)(OC1C3C(O)C(O)(COC(=O)c1ccccc1)C(O)C1(O)C(O)C(C)CC14)O2,D,22,0,D,C34H40O10,possibly known,"yuanhuakine D, std_genkwanine H (DA12), onishibarin C, neogenkwanine G, genkwanine D, genkwanine VIII",[M+H]+,none,C10H10O4,C27H30O6 / C17H20O2,260000.0 / 230000.0,2.1827,none,none,none,none,none,none,none,none,C3H4O2,C20H24O4 / C17H20O2,270000.0 / 230000.0,2.1552,none,none,none,none,C7H6O2,C27H30O6 / C20H24O4,260000.0 / 270000.0,2.5536,none,none,none,C17H14O1,35000,0.35,C18H18,53000,0.53,C19H20O1,460000,4.6,C20H22O3,420000,4.2,C7H4O,440000,4.4,none,none,none,none,none,none,none,none,none,15,others,"5-ol-6,7-diol","9,13,14-orthoester",no C-12,no C-18,others,others,2,C7,C7*2,"benzoyl(2.55),feruloyl(2.18),benzoyl(4.40)","benzoyl,benzoyl",none,B2,C1,none,R92,R92,13.7363,none,,,,0,Top2,0.857 ,F
1,615.3149,11.2,1.18E+09,DA13_wikstroelide H (NSC-13),C=C(C)C12OC3(C=CC=CCCCCCCC)OC1C1C4OC4(CO)C(O)C4(O)C(=O)C(C)=CC4C1(O3)C(C)C2OC(C)=O,D,15,0,D,C34H46O10,possibly known,"yuahualine, std_wikstroelide H (DA13), genkwadane D",[M+H]+,none,none,none,none,none,none,none,none,none,none,none,none,none,C3H4O2,C20H20O5 / C17H16O3,600000.0 / 390000.0,3.4755,C2H4O2,C22H22O6 / C20H18O4,64000.0 / 790000.0,1.5813,none,none,none,none,none,none,none,C17H16O3,390000,3.9,C18H16O1,100000,1,C19H20O4,150000,1.5,C20H20O5,600000,6,C12H18O,6300000,63,none,none,none,C5H4O,170000,1.7,C6H6O,290000,2.9,12,"1,2-en-3-one","5-ol-6,7-epoxy","9,13,14-orthoester",with C-12,no C-18,"2,4-olefinic",others,2,C7,C7*2,"acyl(1.58),dodecadienoyl(63.00)","acyl,dodecadienoyl",A1,B1,C2,none,R1,R39,76.9813,A1B1C2,OCC12OC1C1C3OC4(C)OC3(C(=C)C)C(OC(=O)C=CC=CCCCCCCC)C(C)C1(O4)C1C=C(C)C(=O)C1(O)C2O,PD00125107,C34H46O10,614.732,Top1,1.000 ,T
1,615.3149,11.2,1.18E+09,DA13_wikstroelide H (NSC-13),C=C(C)C12OC3(C=CC=CCCCCCCC)OC1C1C4OC4(CO)C(O)C4(O)C(=O)C(C)=CC4C1(O3)C(C)C2OC(C)=O,D,15,0,D,C34H46O10,possibly known,"yuahualine, std_wikstroelide H (DA13), genkwadane D",[M+H]+,none,none,none,none,none,none,none,none,none,none,none,none,none,C3H4O2,C20H20O5 / C17H16O3,600000.0 / 390000.0,3.4755,C2H4O2,C22H22O6 / C20H18O4,64000.0 / 790000.0,1.5813,none,none,none,none,none,none,none,C17H16O3,390000,3.9,C18H16O1,100000,1,C19H20O4,150000,1.5,C20H20O5,600000,6,C12H18O,6300000,63,none,none,none,C5H4O,170000,1.7,C6H6O,290000,2.9,12,"1,2-en-3-one","5-ol-6,7-epoxy","9,13,14-orthoester",with C-12,no C-18,"2,4-olefinic",others,2,C7,C7*2,"acyl(1.58),dodecadienoyl(63.00)","acyl,dodecadienoyl",A1,B1,C2,none,R1,R39,76.9813,A1B1C2,CCCCCCCC=CC=CC(=O)OCC12OC1C1C3OC4(C)OC3(C(=C)C)C(O)C(C)C1(O4)C1C=C(C)C(=O)C1(O)C2O,PD00288067,C34H46O10,614.732,Top1,1.000 ,T
1,615.3149,11.2,1.18E+09,DA13_wikstroelide H (NSC-13),C=C(C)C12OC3(C=CC=CCCCCCCC)OC1C1C4OC4(CO)C(O)C4(O)C(=O)C(C)=CC4C1(O3)C(C)C2OC(C)=O,D,15,0,D,C34H46O10,possibly known,"yuahualine, std_wikstroelide H (DA13), genkwadane D",[M+H]+,none,none,none,none,none,none,none,none,none,none,none,none,none,C3H4O2,C20H20O5 / C17H16O3,600000.0 / 390000.0,3.4755,C2H4O2,C22H22O6 / C20H18O4,64000.0 / 790000.0,1.5813,none,none,none,none,none,none,none,C17H14O2,100000,1,C18H18O2,150000,1.5,C19H20O4,150000,1.5,C20H20O5,600000,6,C12H18O,6300000,63,none,none,none,C5H4O,170000,1.7,C6H6O,290000,2.9,12,others,"5-ol-6,7-epoxy","9,13,14-orthoester",no C-12,no C-18,"2,4-olefinic",others,1,C14,C14*1,"acyl(1.58),dodecadienoyl(63.00)",none,none,B1,C1,none,none,none,70.1813,none,,,,0,Top2,0.912 ,F
1,615.3149,11.2,1.18E+09,DA13_wikstroelide H (NSC-13),C=C(C)C12OC3(C=CC=CCCCCCCC)OC1C1C4OC4(CO)C(O)C4(O)C(=O)C(C)=CC4C1(O3)C(C)C2OC(C)=O,D,15,0,D,C34H46O10,possibly known,"yuahualine, std_wikstroelide H (DA13), genkwadane D",[M+H]+,none,none,none,none,none,none,none,none,none,none,none,none,none,C3H4O2,C20H20O5 / C17H16O3,600000.0 / 390000.0,3.4755,C2H4O2,C22H22O6 / C20H18O4,64000.0 / 790000.0,1.5813,none,none,none,none,none,none,none,C17H16O2,38000,0.38,C18H16O2,85000,0.85,C19H20O4,150000,1.5,C20H20O5,600000,6,C12H18O,6300000,63,none,none,none,C5H4O,170000,1.7,C6H6O,290000,2.9,12,"1,2-en-3-one","5-ol-6,7-epoxy","9,13,14-orthoester",no C-12,no C-18,"2,4-olefinic",others,1,C14,C14*1,"acyl(1.58),dodecadienoyl(63.00)",none,A1,B1,C1,none,none,none,69.9413,A1B1C1,OCC12OC1C1C3OC4OC3(C(=C)C)CC(C)C1(O4)C1C=C(C)C(=O)C1(O)C2O,PD00000001,C21H26O8,406.431,Top3,0.909 ,F
13,633.3262,7.4,5.92E+07,DA14_stelleralide K (NSC-5),C=C(C)C1(O)C(OC(C)=O)C(C)C2(O)C(C3OC3(CO)C(O)C3(O)C(=O)C(C)=CC32)C1OC(=O)C=CC=CCCCCCCC,D,20,0,D,C34H48O11,possibly known,std_stelleralide K (DA14),[M+H]+,"13, 60",none,none,none,none,none,none,none,none,none,none,none,none,C3H4O2,C20H20O5 / C17H16O3,170000.0 / 86000.0,0.7728,C2H4O2,C22H24O7 / C20H20O5,27000.0 / 170000.0,0.4017,none,none,none,none,none,none,none,C17H16O3,86000,0.86,C18H18O3,30000,0.3,C19H18O3,140000,1.4,C20H20O5,170000,1.7,C12H18O,870000,8.7,none,none,none,C5H4O,20000,0.2,C6H6O,28000,0.28,11,"1,2-en-3-one","5-ol-6,7-epoxy","9,13,14-triol",with C-12,no C-18,"2,4-olefinic",others,2,C7,C7*2,"acyl(0.40),dodecadienoyl(8.70)","acyl,dodecadienoyl",A1,B1,C4,none,R1,R39,11.3017,A1B1C4,CCCCCCCC=CC=CC(=O)OCC12OC1C1C(OC(=O)C)C(O)(C(=C)C)C(O)C(C)C1(O)C1C=C(C)C(=O)C1(O)C2O,PD00846787,C34H48O11,632.747,Top1,1.000 ,T
13,633.3262,7.4,5.92E+07,DA14_stelleralide K (NSC-5),C=C(C)C1(O)C(OC(C)=O)C(C)C2(O)C(C3OC3(CO)C(O)C3(O)C(=O)C(C)=CC32)C1OC(=O)C=CC=CCCCCCCC,D,20,0,D,C34H48O11,possibly known,std_stelleralide K (DA14),[M+H]+,"13, 60",none,none,none,none,none,none,none,none,none,none,none,none,C3H4O2,C20H20O5 / C17H16O3,170000.0 / 86000.0,0.7728,C2H4O2,C22H24O7 / C20H20O5,27000.0 / 170000.0,0.4017,none,none,none,none,none,none,none,C17H16O3,86000,0.86,C18H18O3,30000,0.3,C19H18O3,140000,1.4,C20H20O5,170000,1.7,C12H18O,870000,8.7,none,none,none,C5H4O,20000,0.2,C6H6O,28000,0.28,11,"1,2-en-3-one","5-ol-6,7-epoxy","9,13,14-triol",with C-12,no C-18,"2,4-olefinic",others,2,C7,C7*2,"acyl(0.40),dodecadienoyl(8.70)","acyl,dodecadienoyl",A1,B1,C4,none,R1,R39,11.3017,A1B1C4,OCC12OC1C1C(OC(=O)C)C(O)(C(=C)C)C(OC(=O)C=CC=CCCCCCCC)C(C)C1(O)C1C=C(C)C(=O)C1(O)C2O,PD00674515,C34H48O11,632.747,Top1,1.000 ,T
13,633.3262,7.4,5.92E+07,DA14_stelleralide K (NSC-5),C=C(C)C1(O)C(OC(C)=O)C(C)C2(O)C(C3OC3(CO)C(O)C3(O)C(=O)C(C)=CC32)C1OC(=O)C=CC=CCCCCCCC,D,20,0,D,C34H48O11,possibly known,std_stelleralide K (DA14),[M+H]+,"13, 60",none,none,none,none,none,none,none,none,none,none,none,none,C3H4O2,C20H20O5 / C17H16O3,170000.0 / 86000.0,0.7728,C2H4O2,C22H24O7 / C20H20O5,27000.0 / 170000.0,0.4017,none,none,none,none,none,none,none,C17H14O2,62000,0.62,C18H18O2,55000,0.55,C19H18O4,76000,0.76,C20H20O5,170000,1.7,C12H18O,870000,8.7,none,none,none,C5H4O,20000,0.2,C6H6O,28000,0.28,11,others,"5-ol-6,7-epoxy","9,13,14-triol",no C-12,no C-18,"2,4-olefinic",others,1,C14,C14*1,"acyl(0.40),dodecadienoyl(8.70)",none,none,B1,C3,none,none,none,10.2017,none,,,,0,Top2,0.903 ,F
13,633.3262,7.4,5.92E+07,DA14_stelleralide K (NSC-5),C=C(C)C1(O)C(OC(C)=O)C(C)C2(O)C(C3OC3(CO)C(O)C3(O)C(=O)C(C)=CC32)C1OC(=O)C=CC=CCCCCCCC,D,20,0,D,C34H48O11,possibly known,std_stelleralide K (DA14),[M+H]+,"13, 60",none,none,none,none,none,none,none,none,none,none,none,none,C3H4O2,C20H20O5 / C17H16O3,170000.0 / 86000.0,0.7728,C2H4O2,C22H24O7 / C20H20O5,27000.0 / 170000.0,0.4017,none,none,none,none,none,none,none,C17H16O2,13000,0.13,C18H16O2,30000,0.3,C19H18O3,140000,1.4,C20H20O5,170000,1.7,C12H18O,870000,8.7,none,none,none,C5H4O,20000,0.2,C6H6O,28000,0.28,11,"1,2-en-3-one","5-ol-6,7-epoxy","9,13,14-triol",no C-12,no C-18,"2,4-olefinic",others,1,C14,C14*1,"acyl(0.40),dodecadienoyl(8.70)",none,A1,B1,C3,none,none,none,9.8417,A1B1C3,OCC12OC1C1C(O)C(O)(C(=C)C)CC(C)C1(O)C1C=C(C)C(=O)C1(O)C2O,PD00000011,C20H28O8,396.436,Top3,0.871 ,F
60,615.3159,7.4,4.06E+07,DA14_stelleralide K (NSC-5),C=C(C)C1(O)C(OC(C)=O)C(C)C2(O)C(C3OC3(CO)C(O)C3(O)C(=O)C(C)=CC32)C1OC(=O)C=CC=CCCCCCCC,D,12,0,D,C34H46O10,possibly known,"yuahualine, std_wikstroelide H (DA13), genkwadane D",[M+H-H2O]+,"13, 60",none,none,none,none,none,none,none,none,none,none,none,none,C3H4O2,C20H20O5 / C17H16O3,150000.0 / 67000.0,0.6147,C2H4O2,C22H24O7 / C20H20O5,23000.0 / 150000.0,0.3505,none,none,none,none,none,none,none,C17H16O3,67000,0.67,C18H16O2,14000,0.14,C19H18O3,110000,1.1,C20H20O5,150000,1.5,C12H18O,1200000,12,none,none,none,C5H4O,28000,0.28,C6H6O,44000,0.44,12,"1,2-en-3-one","5-ol-6,7-epoxy","9,13,14-triol",with C-12,no C-18,"2,4-olefinic",others,2,C7,C7*2,"acyl(0.35),dodecadienoyl(12.00)","acyl,dodecadienoyl",A1,B1,C4,none,R1,R39,14.4105,A1B1C4,CCCCCCCC=CC=CC(=O)OCC12OC1C1C(OC(=O)C)C(O)(C(=C)C)C(O)C(C)C1(O)C1C=C(C)C(=O)C1(O)C2O,PD00846787,C34H48O11,632.747,Top1,1.000 ,F
60,615.3159,7.4,4.06E+07,DA14_stelleralide K (NSC-5),C=C(C)C1(O)C(OC(C)=O)C(C)C2(O)C(C3OC3(CO)C(O)C3(O)C(=O)C(C)=CC32)C1OC(=O)C=CC=CCCCCCCC,D,12,0,D,C34H46O10,possibly known,"yuahualine, std_wikstroelide H (DA13), genkwadane D",[M+H-H2O]+,"13, 60",none,none,none,none,none,none,none,none,none,none,none,none,C3H4O2,C20H20O5 / C17H16O3,150000.0 / 67000.0,0.6147,C2H4O2,C22H24O7 / C20H20O5,23000.0 / 150000.0,0.3505,none,none,none,none,none,none,none,C17H16O3,67000,0.67,C18H16O2,14000,0.14,C19H18O3,110000,1.1,C20H20O5,150000,1.5,C12H18O,1200000,12,none,none,none,C5H4O,28000,0.28,C6H6O,44000,0.44,12,"1,2-en-3-one","5-ol-6,7-epoxy","9,13,14-triol",with C-12,no C-18,"2,4-olefinic",others,2,C7,C7*2,"acyl(0.35),dodecadienoyl(12.00)","acyl,dodecadienoyl",A1,B1,C4,none,R1,R39,14.4105,A1B1C4,OCC12OC1C1C(OC(=O)C)C(O)(C(=C)C)C(OC(=O)C=CC=CCCCCCCC)C(C)C1(O)C1C=C(C)C(=O)C1(O)C2O,PD00674515,C34H48O11,632.747,Top1,1.000 ,F
60,615.3159,7.4,4.06E+07,DA14_stelleralide K (NSC-5),C=C(C)C1(O)C(OC(C)=O)C(C)C2(O)C(C3OC3(CO)C(O)C3(O)C(=O)C(C)=CC32)C1OC(=O)C=CC=CCCCCCCC,D,12,0,D,C34H46O10,possibly known,"yuahualine, std_wikstroelide H (DA13), genkwadane D",[M+H-H2O]+,"13, 60",none,none,none,none,none,none,none,none,none,none,none,none,C3H4O2,C20H20O5 / C17H16O3,150000.0 / 67000.0,0.6147,C2H4O2,C22H24O7 / C20H20O5,23000.0 / 150000.0,0.3505,none,none,none,none,none,none,none,C17H14O2,13000,0.13,C18H18O2,29000,0.29,C19H18O3,110000,1.1,C20H20O5,150000,1.5,C12H18O,1200000,12,none,none,none,C5H4O,28000,0.28,C6H6O,44000,0.44,12,others,"5-ol-6,7-epoxy","9,13,14-triol",no C-12,no C-18,"2,4-olefinic",others,1,C14,C14*1,"acyl(0.35),dodecadienoyl(12.00)",none,none,B1,C3,none,none,none,13.2005,none,,,,0,Top2,0.916 ,F
2,643.3462,13.3,1.16E+09,DA15_wikstroelide A (NSC-1),C=C(C)C12OC3(C=CC=CCCCCCCCCC)OC1C1C4OC4(CO)C(O)C4(O)C(=O)C(C)=CC4C1(O3)C(C)C2OC(C)=O,D,13,0,D,C36H50O10,possibly known,"yuanhuamine C, std_wikstroelide A (DA15), wikstroelide L, acetoxyhuratoxin",[M+H]+,none,none,none,none,none,none,none,none,none,none,none,none,none,C3H4O2,C20H20O5 / C17H16O3,121302.8203125 / 60419.0546875,0.5441,C2H4O2,C36H50O10 / C34H46O8,174779.078125 / 3224.241943359375,0.304,none,none,none,none,none,none,none,C17H16O3,60419.05,0.6042,C18H18O2,27683.45,0.2768,C19H18O3,95789.73,0.9579,C20H20O5,121302.82,1.213,C6H6O,41387.58,0.4139,C14H22O,1081371.12,10.8137,C5H4O,20341.72,0.2034,C6H6O,41387.58,0.4139,12,"1,2-en-3-one","5-ol-6,7-epoxy","9,13,14-orthoester",with C-12,no C-18,"2,4-olefinic",others,2,"C7,C9",C9*1+C7*1,"acyl(0.30),hexadienoyl(0.41),tetradecadienoyl(10.81)","acyl,tetradecadienoyl",A1,B1,C2,none,R1,R41,13.3573,A1B1C2,OCC12OC1C1C3OC4(C)OC3(C(=C)C)C(OC(=O)C=CC=CCCCCCCCCC)C(C)C1(O4)C1C=C(C)C(=O)C1(O)C2O,PD00125109,C36H50O10,642.786,Top1,1.000 ,T
2,643.3462,13.3,1.16E+09,DA15_wikstroelide A (NSC-1),C=C(C)C12OC3(C=CC=CCCCCCCCCC)OC1C1C4OC4(CO)C(O)C4(O)C(=O)C(C)=CC4C1(O3)C(C)C2OC(C)=O,D,13,0,D,C36H50O10,possibly known,"yuanhuamine C, std_wikstroelide A (DA15), wikstroelide L, acetoxyhuratoxin",[M+H]+,none,none,none,none,none,none,none,none,none,none,none,none,none,C3H4O2,C20H20O5 / C17H16O3,121302.8203125 / 60419.0546875,0.5441,C2H4O2,C36H50O10 / C34H46O8,174779.078125 / 3224.241943359375,0.304,none,none,none,none,none,none,none,C17H16O3,60419.05,0.6042,C18H18O2,27683.45,0.2768,C19H18O3,95789.73,0.9579,C20H20O5,121302.82,1.213,C6H6O,41387.58,0.4139,C14H22O,1081371.12,10.8137,C5H4O,20341.72,0.2034,C6H6O,41387.58,0.4139,12,"1,2-en-3-one","5-ol-6,7-epoxy","9,13,14-orthoester",with C-12,no C-18,"2,4-olefinic",others,2,"C7,C9",C9*1+C7*1,"acyl(0.30),hexadienoyl(0.41),tetradecadienoyl(10.81)","acyl,tetradecadienoyl",A1,B1,C2,none,R1,R41,13.3573,A1B1C2,CCCCCCCCCC=CC=CC(=O)OCC12OC1C1C3OC4(C)OC3(C(=C)C)C(O)C(C)C1(O4)C1C=C(C)C(=O)C1(O)C2O,PD00288069,C36H50O10,642.786,Top1,1.000 ,T
2,643.3462,13.3,1.16E+09,DA15_wikstroelide A (NSC-1),C=C(C)C12OC3(C=CC=CCCCCCCCCC)OC1C1C4OC4(CO)C(O)C4(O)C(=O)C(C)=CC4C1(O3)C(C)C2OC(C)=O,D,13,0,D,C36H50O10,possibly known,"yuanhuamine C, std_wikstroelide A (DA15), wikstroelide L, acetoxyhuratoxin",[M+H]+,none,none,none,none,none,none,none,none,none,none,none,none,none,C3H4O2,C20H20O5 / C17H16O3,121302.8203125 / 60419.0546875,0.5441,C2H4O2,C36H50O10 / C34H46O8,174779.078125 / 3224.241943359375,0.304,none,none,none,none,none,none,none,C17H14O2,21387.39,0.2139,C18H18O2,27683.45,0.2768,C19H18O3,95789.73,0.9579,C20H20O5,121302.82,1.213,C6H6O,41387.58,0.4139,C14H22O,1081371.12,10.8137,C5H4O,20341.72,0.2034,C6H6O,41387.58,0.4139,12,others,"5-ol-6,7-epoxy","9,13,14-orthoester",no C-12,no C-18,"2,4-olefinic",others,1,C16,C16*1,"acyl(0.30),hexadienoyl(0.41),tetradecadienoyl(10.81)",none,none,B1,C1,none,none,none,12.3628,none,,,,0,Top2,0.926 ,F
2,643.3462,13.3,1.16E+09,DA15_wikstroelide A (NSC-1),C=C(C)C12OC3(C=CC=CCCCCCCCCC)OC1C1C4OC4(CO)C(O)C4(O)C(=O)C(C)=CC4C1(O3)C(C)C2OC(C)=O,D,13,0,D,C36H50O10,possibly known,"yuanhuamine C, std_wikstroelide A (DA15), wikstroelide L, acetoxyhuratoxin",[M+H]+,none,none,none,none,none,none,none,none,none,none,none,none,none,C3H4O2,C20H20O5 / C17H16O3,121302.8203125 / 60419.0546875,0.5441,C2H4O2,C36H50O10 / C34H46O8,174779.078125 / 3224.241943359375,0.304,none,none,none,none,none,none,none,C17H14O3,5460.32,0.0546,C18H18O2,27683.45,0.2768,C19H16O2,40794.35,0.4079,C20H20O5,121302.82,1.213,C6H6O,41387.58,0.4139,C14H22O,1081371.12,10.8137,C5H4O,20341.72,0.2034,C6H6O,41387.58,0.4139,12,others,"5-ol-6,7-epoxy","9,13,14-orthoester",with C-12,no C-18,"2,4-olefinic",others,2,"C7,C9",C9*1+C7*1,"acyl(0.30),hexadienoyl(0.41),tetradecadienoyl(10.81)","acyl,tetradecadienoyl",none,B1,C2,none,R1,R41,12.2035,none,,,,0,Top3,0.914 ,F
6,647.2842,9.9,1.19E+09,DA16_yuanhuajine (DOL-A),C=C(C)C12OC3(C=CC=CC=CCCC)OC1C1C4OC4(CO)C(O)C4(O)C(=O)C(C)=CC4C1(O3)C(C)C2OC(=O)c1ccccc1,D,12,0,D,C37H42O10,possibly known,"altadaphnan C, std_yuanhuajine (DA16), daphne factors P1, std_gniditrin (DA17), odoratrin",[M+H]+,none,C10H10O4,C27H26O7 / C17H16O3,20000.0 / 110000.0,0.2726,none,none,none,none,none,none,none,none,C3H4O2,C20H20O5 / C17H16O3,150000.0 / 110000.0,0.9941,none,none,none,none,C7H6O2,C27H26O7 / C20H20O5,20000.0 / 150000.0,0.336,none,none,none,C17H16O3,110000,1.1,C18H16O2,30000,0.3,C19H18O3,150000,1.5,C20H20O5,150000,1.5,C10H12O,5000000,50,none,none,none,C5H4O,18000,0.18,C6H6O,13000,0.13,17,"1,2-en-3-one","5-ol-6,7-epoxy","9,13,14-orthoester",with C-12,no C-18,"2,4-olefinic",others,2,"C7,C10",C10*1+C7*1,"benzoyl(0.34),feruloyl(0.27),decatrienoyl(50.00)","benzoyl,decatrienoyl",A1,B1,C2,none,R92,R48,53.1186,A1B1C2,OCC12OC1C1C3OC4(C=CC=CC=CCCC)OC3(C(=C)C)C(OC(=O)c7ccccc7)C(C)C1(O4)C1C=C(C)C(=O)C1(O)C2O,PD00128544,C37H42O10,646.733,Top1,1.000 ,T
6,647.2842,9.9,1.19E+09,DA16_yuanhuajine (DOL-A),C=C(C)C12OC3(C=CC=CC=CCCC)OC1C1C4OC4(CO)C(O)C4(O)C(=O)C(C)=CC4C1(O3)C(C)C2OC(=O)c1ccccc1,D,12,0,D,C37H42O10,possibly known,"altadaphnan C, std_yuanhuajine (DA16), daphne factors P1, std_gniditrin (DA17), odoratrin",[M+H]+,none,C10H10O4,C27H26O7 / C17H16O3,20000.0 / 110000.0,0.2726,none,none,none,none,none,none,none,none,C3H4O2,C20H20O5 / C17H16O3,150000.0 / 110000.0,0.9941,none,none,none,none,C7H6O2,C27H26O7 / C20H20O5,20000.0 / 150000.0,0.336,none,none,none,C17H16O3,110000,1.1,C18H16O2,30000,0.3,C19H18O3,150000,1.5,C20H20O5,150000,1.5,C10H12O,5000000,50,none,none,none,C5H4O,18000,0.18,C6H6O,13000,0.13,17,"1,2-en-3-one","5-ol-6,7-epoxy","9,13,14-orthoester",with C-12,no C-18,"2,4-olefinic",others,2,"C7,C10",C10*1+C7*1,"benzoyl(0.34),feruloyl(0.27),decatrienoyl(50.00)","benzoyl,decatrienoyl",A1,B1,C2,none,R92,R48,53.1186,A1B1C2,c7ccccc7C(=O)OCC12OC1C1C3OC4(C=CC=CC=CCCC)OC3(C(=C)C)C(O)C(C)C1(O4)C1C=C(C)C(=O)C1(O)C2O,PD00291504,C37H42O10,646.733,Top1,1.000 ,T
6,647.2842,9.9,1.19E+09,DA16_yuanhuajine (DOL-A),C=C(C)C12OC3(C=CC=CC=CCCC)OC1C1C4OC4(CO)C(O)C4(O)C(=O)C(C)=CC4C1(O3)C(C)C2OC(=O)c1ccccc1,D,12,0,D,C37H42O10,possibly known,"altadaphnan C, std_yuanhuajine (DA16), daphne factors P1, std_gniditrin (DA17), odoratrin",[M+H]+,none,C10H10O4,C27H26O7 / C17H16O3,20000.0 / 110000.0,0.2726,none,none,none,none,none,none,none,none,C3H4O2,C20H20O5 / C17H16O3,150000.0 / 110000.0,0.9941,none,none,none,none,C7H6O2,C27H26O7 / C20H20O5,20000.0 / 150000.0,0.336,none,none,none,C17H14O2,25000,0.25,C18H16O1,15000,0.15,C19H20O4,39000,0.39,C20H20O5,150000,1.5,C10H12O,5000000,50,none,none,none,C5H4O,18000,0.18,C6H6O,13000,0.13,17,others,"5-ol-6,7-epoxy","9,13,14-orthoester",no C-12,no C-18,"2,4-olefinic",others,2,"C7,C10",C10*1+C7*1,"benzoyl(0.34),feruloyl(0.27),decatrienoyl(50.00)","benzoyl,decatrienoyl",none,B1,C1,none,R92,R48,51.1686,none,,,,0,Top2,0.963 ,F
23,647.2843,9.6,1.48E+09,DA17_gniditrin (DOSO-N),C=C(C)C12OC3(c4ccccc4)OC1C1C4OC4(CO)C(O)C4(O)C(=O)C(C)=CC4C1(O3)C(C)C2OC(=O)C=CC=CC=CCCC,D,14,0,D,C37H42O10,possibly known,"altadaphnan C, std_yuanhuajine (DA16), daphne factors P1, std_gniditrin (DA17), odoratrin",[M+H]+,none,C10H10O4,C27H26O7 / C17H16O3,750000.0 / 16000000.0,29.6892,none,none,none,none,none,none,none,none,C3H4O2,C20H20O5 / C17H16O3,9500000.0 / 16000000.0,84.4481,none,none,none,none,C7H6O2,C27H24O6 / C20H18O4,1500000.0 / 11000000.0,24.8016,none,none,none,C17H16O3,16000000,160,C18H16O2,3000000,30,C19H18O3,10000000,100,C20H20O5,9500000,95,C10H12O,62000000,620,none,none,none,C5H4O,2200000,22,none,none,none,17,"1,2-en-3-one","5-ol-6,7-epoxy","9,13,14-orthoester",with C-12,no C-18,others,others,2,"C7,C10",C10*1+C7*1,"benzoyl(24.80),feruloyl(29.69),decatrienoyl(620.00)","benzoyl,decatrienoyl",A1,B1,C2,none,R92,R48,994.4908,A1B1C2,OCC12OC1C1C3OC4(C=CC=CC=CCCC)OC3(C(=C)C)C(OC(=O)c7ccccc7)C(C)C1(O4)C1C=C(C)C(=O)C1(O)C2O,PD00128544,C37H42O10,646.733,Top1,1.000 ,T
23,647.2843,9.6,1.48E+09,DA17_gniditrin (DOSO-N),C=C(C)C12OC3(c4ccccc4)OC1C1C4OC4(CO)C(O)C4(O)C(=O)C(C)=CC4C1(O3)C(C)C2OC(=O)C=CC=CC=CCCC,D,14,0,D,C37H42O10,possibly known,"altadaphnan C, std_yuanhuajine (DA16), daphne factors P1, std_gniditrin (DA17), odoratrin",[M+H]+,none,C10H10O4,C27H26O7 / C17H16O3,750000.0 / 16000000.0,29.6892,none,none,none,none,none,none,none,none,C3H4O2,C20H20O5 / C17H16O3,9500000.0 / 16000000.0,84.4481,none,none,none,none,C7H6O2,C27H24O6 / C20H18O4,1500000.0 / 11000000.0,24.8016,none,none,none,C17H16O3,16000000,160,C18H16O2,3000000,30,C19H18O3,10000000,100,C20H20O5,9500000,95,C10H12O,62000000,620,none,none,none,C5H4O,2200000,22,none,none,none,17,"1,2-en-3-one","5-ol-6,7-epoxy","9,13,14-orthoester",with C-12,no C-18,others,others,2,"C7,C10",C10*1+C7*1,"benzoyl(24.80),feruloyl(29.69),decatrienoyl(620.00)","benzoyl,decatrienoyl",A1,B1,C2,none,R92,R48,994.4908,A1B1C2,c7ccccc7C(=O)OCC12OC1C1C3OC4(C=CC=CC=CCCC)OC3(C(=C)C)C(O)C(C)C1(O4)C1C=C(C)C(=O)C1(O)C2O,PD00291504,C37H42O10,646.733,Top1,1.000 ,T
23,647.2843,9.6,1.48E+09,DA17_gniditrin (DOSO-N),C=C(C)C12OC3(c4ccccc4)OC1C1C4OC4(CO)C(O)C4(O)C(=O)C(C)=CC4C1(O3)C(C)C2OC(=O)C=CC=CC=CCCC,D,14,0,D,C37H42O10,possibly known,"altadaphnan C, std_yuanhuajine (DA16), daphne factors P1, std_gniditrin (DA17), odoratrin",[M+H]+,none,C10H10O4,C27H26O7 / C17H16O3,750000.0 / 16000000.0,29.6892,none,none,none,none,none,none,none,none,C3H4O2,C20H20O5 / C17H16O3,9500000.0 / 16000000.0,84.4481,none,none,none,none,C7H6O2,C27H24O6 / C20H18O4,1500000.0 / 11000000.0,24.8016,none,none,none,C17H16O2,770000,7.7,C18H18O2,2700000,27,C19H16O2,4100000,41,C20H20O5,9500000,95,C10H12O,62000000,620,none,none,none,C5H4O,2200000,22,none,none,none,17,"1,2-en-3-one","5-ol-6,7-epoxy","9,13,14-orthoester",no C-12,no C-18,others,others,2,"C7,C10",C10*1+C7*1,"benzoyl(24.80),feruloyl(29.69),decatrienoyl(620.00)","benzoyl,decatrienoyl",A1,B1,C1,none,R92,R48,689.8908,A1B1C1,c7ccccc7C(=O)OCC12OC1C1C3OC4(C=CC=CC=CCCC)OC3(C(=C)C)CC(C)C1(O4)C1C=C(C)C(=O)C1(O)C2O,PD00268224,C37H42O9,630.734,Top2,0.694 ,F
23,647.2843,9.6,1.48E+09,DA17_gniditrin (DOSO-N),C=C(C)C12OC3(c4ccccc4)OC1C1C4OC4(CO)C(O)C4(O)C(=O)C(C)=CC4C1(O3)C(C)C2OC(=O)C=CC=CC=CCCC,D,14,0,D,C37H42O10,possibly known,"altadaphnan C, std_yuanhuajine (DA16), daphne factors P1, std_gniditrin (DA17), odoratrin",[M+H]+,none,C10H10O4,C27H26O7 / C17H16O3,750000.0 / 16000000.0,29.6892,none,none,none,none,none,none,none,none,C3H4O2,C20H20O5 / C17H16O3,9500000.0 / 16000000.0,84.4481,none,none,none,none,C7H6O2,C27H24O6 / C20H18O4,1500000.0 / 11000000.0,24.8016,none,none,none,C17H14O2,1300000,13,C18H16O1,2000000,20,C19H16O2,4100000,41,C20H20O5,9500000,95,C10H12O,62000000,620,none,none,none,C5H4O,2200000,22,none,none,none,17,others,"5-ol-6,7-epoxy","9,13,14-orthoester",no C-12,no C-18,others,others,2,"C7,C10",C10*1+C7*1,"benzoyl(24.80),feruloyl(29.69),decatrienoyl(620.00)","benzoyl,decatrienoyl",none,B1,C1,none,R92,R48,687.4908,none,,,,0,Top3,0.691 ,F
4,649.3004,10.8,1.66E+09,DA18_yuanhuacine (DOL-C),C=C(C)C12OC3(C=CC=CCCCCC)OC1C1C4OC4(CO)C(O)C4(O)C(=O)C(C)=CC4C1(O3)C(C)C2OC(=O)c1ccccc1,D,15,0,D,C37H44O10,possibly known,"isoyuanhuacine, daphne factors P2, hirsein A, altadaphnan B, gnididin, std_yuanhuacine (DA18)",[M+H]+,none,C10H10O4,C27H26O7 / C17H16O3,100000.0 / 850000.0,1.8418,none,none,none,none,none,none,none,none,C3H4O2,C20H20O5 / C17H16O3,1200000.0 / 850000.0,7.6409,none,none,none,none,C7H6O2,C27H24O6 / C20H18O4,79000.0 / 1400000.0,2.654,none,none,none,C17H16O3,850000,8.5,C18H18O2,310000,3.1,C19H20O4,300000,3,C20H20O5,1200000,12,C10H14O,8700000,87,C12H16O3,31000,0.31,C5H4O,400000,4,C6H6O,700000,7,16,"1,2-en-3-one","5-ol-6,7-epoxy","9,13,14-orthoester",with C-12,no C-18,"2,4-olefinic",others,2,"C7,C10",C10*1+C7*1,"benzoyl(2.65),feruloyl(1.84),decadienoyl(87.00),8-methoxy-9-hydroxy-2-4-6-dodecatrienoyl(0.31)","benzoyl,decadienoyl",A1,B1,C2,none,R92,R37,119.8058,A1B1C2,OCC12OC1C1C3OC4(C=CC=CCCCCC)OC3(C(=C)C)C(OC(=O)c7ccccc7)C(C)C1(O4)C1C=C(C)C(=O)C1(O)C2O,PD00127950,C37H44O10,648.749,Top1,1.000 ,T
4,649.3004,10.8,1.66E+09,DA18_yuanhuacine (DOL-C),C=C(C)C12OC3(C=CC=CCCCCC)OC1C1C4OC4(CO)C(O)C4(O)C(=O)C(C)=CC4C1(O3)C(C)C2OC(=O)c1ccccc1,D,15,0,D,C37H44O10,possibly known,"isoyuanhuacine, daphne factors P2, hirsein A, altadaphnan B, gnididin, std_yuanhuacine (DA18)",[M+H]+,none,C10H10O4,C27H26O7 / C17H16O3,100000.0 / 850000.0,1.8418,none,none,none,none,none,none,none,none,C3H4O2,C20H20O5 / C17H16O3,1200000.0 / 850000.0,7.6409,none,none,none,none,C7H6O2,C27H24O6 / C20H18O4,79000.0 / 1400000.0,2.654,none,none,none,C17H16O3,850000,8.5,C18H18O2,310000,3.1,C19H20O4,300000,3,C20H20O5,1200000,12,C10H14O,8700000,87,C12H16O3,31000,0.31,C5H4O,400000,4,C6H6O,700000,7,16,"1,2-en-3-one","5-ol-6,7-epoxy","9,13,14-orthoester",with C-12,no C-18,"2,4-olefinic",others,2,"C7,C10",C10*1+C7*1,"benzoyl(2.65),feruloyl(1.84),decadienoyl(87.00),8-methoxy-9-hydroxy-2-4-6-dodecatrienoyl(0.31)","benzoyl,decadienoyl",A1,B1,C2,none,R92,R37,119.8058,A1B1C2,c7ccccc7C(=O)OCC12OC1C1C3OC4(C=CC=CCCCCC)OC3(C(=C)C)C(O)C(C)C1(O4)C1C=C(C)C(=O)C1(O)C2O,PD00290910,C37H44O10,648.749,Top1,1.000 ,T
4,649.3004,10.8,1.66E+09,DA18_yuanhuacine (DOL-C),C=C(C)C12OC3(C=CC=CCCCCC)OC1C1C4OC4(CO)C(O)C4(O)C(=O)C(C)=CC4C1(O3)C(C)C2OC(=O)c1ccccc1,D,15,0,D,C37H44O10,possibly known,"isoyuanhuacine, daphne factors P2, hirsein A, altadaphnan B, gnididin, std_yuanhuacine (DA18)",[M+H]+,none,C10H10O4,C27H26O7 / C17H16O3,100000.0 / 850000.0,1.8418,none,none,none,none,none,none,none,none,C3H4O2,C20H20O5 / C17H16O3,1200000.0 / 850000.0,7.6409,none,none,none,none,C7H6O2,C27H24O6 / C20H18O4,79000.0 / 1400000.0,2.654,none,none,none,C17H14O2,150000,1.5,C18H16O2,130000,1.3,C19H16O2,440000,4.4,C20H20O5,1200000,12,C10H14O,8700000,87,C12H16O3,31000,0.31,C5H4O,400000,4,C6H6O,700000,7,16,others,"5-ol-6,7-epoxy","9,13,14-orthoester",no C-12,no C-18,"2,4-olefinic",others,2,"C7,C10",C10*1+C7*1,"benzoyl(2.65),feruloyl(1.84),decadienoyl(87.00),8-methoxy-9-hydroxy-2-4-6-dodecatrienoyl(0.31)","benzoyl,decadienoyl",none,B1,C1,none,R92,R37,104.3058,none,,,,0,Top2,0.871 ,F
4,649.3004,10.8,1.66E+09,DA18_yuanhuacine (DOL-C),C=C(C)C12OC3(C=CC=CCCCCC)OC1C1C4OC4(CO)C(O)C4(O)C(=O)C(C)=CC4C1(O3)C(C)C2OC(=O)c1ccccc1,D,15,0,D,C37H44O10,possibly known,"isoyuanhuacine, daphne factors P2, hirsein A, altadaphnan B, gnididin, std_yuanhuacine (DA18)",[M+H]+,none,C10H10O4,C27H26O7 / C17H16O3,100000.0 / 850000.0,1.8418,none,none,none,none,none,none,none,none,C3H4O2,C20H20O5 / C17H16O3,1200000.0 / 850000.0,7.6409,none,none,none,none,C7H6O2,C27H24O6 / C20H18O4,79000.0 / 1400000.0,2.654,none,none,none,C17H16O2,68000,0.68,C18H16O1,150000,1.5,C19H16O2,440000,4.4,C20H20O5,1200000,12,C10H14O,8700000,87,C12H16O3,31000,0.31,C5H4O,400000,4,C6H6O,700000,7,16,"1,2-en-3-one","5-ol-6,7-epoxy","9,13,14-orthoester",no C-12,no C-18,"2,4-olefinic",others,2,"C7,C10",C10*1+C7*1,"benzoyl(2.65),feruloyl(1.84),decadienoyl(87.00),8-methoxy-9-hydroxy-2-4-6-dodecatrienoyl(0.31)","benzoyl,decadienoyl",A1,B1,C1,none,R92,R37,104.1658,A1B1C1,c7ccccc7C(=O)OCC12OC1C1C3OC4(C=CC=CCCCCC)OC3(C(=C)C)CC(C)C1(O4)C1C=C(C)C(=O)C1(O)C2O,PD00267630,C37H44O9,632.75,Top3,0.869 ,F
29,653.3314,9.2,2.11E+09,DA19_daphneodorin H (DOSO-H),C=C(C)C1(O)CC(C)C2(O)C(C1O)C1OC3(C(OC(=O)C=CC=CC=CCCC)C(C)CC23)C(O)C1(O)COC(=O)c1ccccc1,D,9,0,D,C37H48O10,possibly known,"std_daphneodorin H (DA19), wikstroelide O, genkwanine E, genkwanine C",[M+H]+,"29, 61",C10H10O4,C27H30O6 / C17H20O2,290000.0 / 27000.0,0.596,none,none,none,none,none,none,none,none,C3H4O2,C20H24O4 / C17H20O2,250000.0 / 27000.0,0.5306,none,none,none,none,C7H6O2,C27H30O6 / C20H24O4,290000.0 / 250000.0,2.3516,C15H18O2,92000,0.92,C17H18O1,13000,0.13,C18H22O1,11000,0.11,C19H24O3,56000,0.56,C20H22O3,190000,1.9,C10H12O,5900000,59,none,none,none,C5H4O,11000,0.11,C6H6O,12000,0.12,14,others,"5-ol-4,7-epoxy","9,13,14-triol",no C-12,no C-18,"2,4-olefinic",others,1,C17,C17*1,"benzoyl(2.35),feruloyl(0.60),decatrienoyl(59.00)",none,none,B7,C3,none,none,none,63.0976,none,,,,0,Top1,1.000 ,F
29,653.3314,9.2,2.11E+09,DA19_daphneodorin H (DOSO-H),C=C(C)C1(O)CC(C)C2(O)C(C1O)C1OC3(C(OC(=O)C=CC=CC=CCCC)C(C)CC23)C(O)C1(O)COC(=O)c1ccccc1,D,9,0,D,C37H48O10,possibly known,"std_daphneodorin H (DA19), wikstroelide O, genkwanine E, genkwanine C",[M+H]+,"29, 61",C10H10O4,C27H30O6 / C17H20O2,290000.0 / 27000.0,0.596,none,none,none,none,none,none,none,none,C3H4O2,C20H24O4 / C17H20O2,250000.0 / 27000.0,0.5306,none,none,none,none,C7H6O2,C27H30O6 / C20H24O4,290000.0 / 250000.0,2.3516,C15H18O2,92000,0.92,C17H20O2,27000,0.27,C18H22O1,11000,0.11,C19H24O3,56000,0.56,C20H20O3,9600,0.096,C10H12O,5900000,59,none,none,none,C5H4O,11000,0.11,C6H6O,12000,0.12,14,"1,2-dihydro-3-ol","5-ol-6,7-epoxy","9,13,14-triol",no C-12,no C-18,"2,4-olefinic",others,1,C17,C17*1,"benzoyl(2.35),feruloyl(0.60),decatrienoyl(59.00)",none,A4,B1,C3,none,none,none,62.7176,A4B1C3,OCC12OC1C1C(O)C(O)(C(=C)C)CC(C)C1(O)C1CC(C)C(O)C1(O)C2O,PD00000014,C20H32O8,400.468,Top2,0.994 ,F
29,653.3314,9.2,2.11E+09,DA19_daphneodorin H (DOSO-H),C=C(C)C1(O)CC(C)C2(O)C(C1O)C1OC3(C(OC(=O)C=CC=CC=CCCC)C(C)CC23)C(O)C1(O)COC(=O)c1ccccc1,D,9,0,D,C37H48O10,possibly known,"std_daphneodorin H (DA19), wikstroelide O, genkwanine E, genkwanine C",[M+H]+,"29, 61",C10H10O4,C27H30O6 / C17H20O2,290000.0 / 27000.0,0.596,none,none,none,none,none,none,none,none,C3H4O2,C20H24O4 / C17H20O2,250000.0 / 27000.0,0.5306,none,none,none,none,C7H6O2,C27H30O6 / C20H24O4,290000.0 / 250000.0,2.3516,C15H18O2,92000,0.92,C17H20O3,12000,0.12,C18H22O1,11000,0.11,C19H20O1,29000,0.29,C20H20O3,9600,0.096,C10H12O,5900000,59,none,none,none,C5H4O,11000,0.11,C6H6O,12000,0.12,14,"1,2-dihydro-3-ol","5-ol-6,7-epoxy","9,13,14-triol",with C-12,no C-18,"2,4-olefinic",others,2,"C7,C10",C10*1+C7*1,"benzoyl(2.35),feruloyl(0.60),decatrienoyl(59.00)","benzoyl,decatrienoyl",A4,B1,C4,none,R92,R48,62.4176,A4B1C4,c7ccccc7C(=O)OCC12OC1C1C(OC(=O)C=CC=CC=CCCC)C(O)(C(=C)C)C(O)C(C)C1(O)C1CC(C)C(O)C1(O)C2O,PD00864192,C37H48O11,668.78,Top3,0.989 ,F
29,653.3314,9.2,2.11E+09,DA19_daphneodorin H (DOSO-H),C=C(C)C1(O)CC(C)C2(O)C(C1O)C1OC3(C(OC(=O)C=CC=CC=CCCC)C(C)CC23)C(O)C1(O)COC(=O)c1ccccc1,D,9,0,D,C37H48O10,possibly known,"std_daphneodorin H (DA19), wikstroelide O, genkwanine E, genkwanine C",[M+H]+,"29, 61",C10H10O4,C27H30O6 / C17H20O2,290000.0 / 27000.0,0.596,none,none,none,none,none,none,none,none,C3H4O2,C20H24O4 / C17H20O2,250000.0 / 27000.0,0.5306,none,none,none,none,C7H6O2,C27H30O6 / C20H24O4,290000.0 / 250000.0,2.3516,C15H18O2,92000,0.92,C17H20O3,12000,0.12,C18H22O1,11000,0.11,C19H20O1,29000,0.29,C20H20O3,9600,0.096,C10H12O,5900000,59,none,none,none,C5H4O,11000,0.11,C6H6O,12000,0.12,14,"1,2-dihydro-3-ol","5-ol-6,7-epoxy","9,13,14-triol",with C-12,no C-18,"2,4-olefinic",others,2,"C7,C10",C10*1+C7*1,"benzoyl(2.35),feruloyl(0.60),decatrienoyl(59.00)","benzoyl,decatrienoyl",A4,B1,C4,none,R92,R48,62.4176,A4B1C4,OCC12OC1C1C(OC(=O)C=CC=CC=CCCC)C(O)(C(=C)C)C(O)C(C)C1(O)C1CC(C)C(OC(=O)c7ccccc7)C1(O)C2O,PD00561552,C37H48O11,668.78,Top3,0.989 ,F
29,653.3314,9.2,2.11E+09,DA19_daphneodorin H (DOSO-H),C=C(C)C1(O)CC(C)C2(O)C(C1O)C1OC3(C(OC(=O)C=CC=CC=CCCC)C(C)CC23)C(O)C1(O)COC(=O)c1ccccc1,D,9,0,D,C37H48O10,possibly known,"std_daphneodorin H (DA19), wikstroelide O, genkwanine E, genkwanine C",[M+H]+,"29, 61",C10H10O4,C27H30O6 / C17H20O2,290000.0 / 27000.0,0.596,none,none,none,none,none,none,none,none,C3H4O2,C20H24O4 / C17H20O2,250000.0 / 27000.0,0.5306,none,none,none,none,C7H6O2,C27H30O6 / C20H24O4,290000.0 / 250000.0,2.3516,C15H18O2,92000,0.92,C17H20O3,12000,0.12,C18H22O1,11000,0.11,C19H20O1,29000,0.29,C20H20O3,9600,0.096,C10H12O,5900000,59,none,none,none,C5H4O,11000,0.11,C6H6O,12000,0.12,14,"1,2-dihydro-3-ol","5-ol-6,7-epoxy","9,13,14-triol",with C-12,no C-18,"2,4-olefinic",others,2,"C7,C10",C10*1+C7*1,"benzoyl(2.35),feruloyl(0.60),decatrienoyl(59.00)","benzoyl,decatrienoyl",A4,B1,C4,none,R92,R48,62.4176,A4B1C4,OCC12OC1C1C(OC(=O)C=CC=CC=CCCC)C(O)(C(=C)C)C(OC(=O)c7ccccc7)C(C)C1(O)C1CC(C)C(O)C1(O)C2O,PD00691920,C37H48O11,668.78,Top3,0.989 ,F
61,635.3208,9.2,4.74E+08,DA19_daphneodorin H (DOSO-H),C=C(C)C1(O)CC(C)C2(O)C(C1O)C1OC3(C(OC(=O)C=CC=CC=CCCC)C(C)CC23)C(O)C1(O)COC(=O)c1ccccc1,D,10,0,D,C37H46O9,possibly known,acutilonine F,[M+H-H2O]+,"29, 61",C10H10O4,C27H30O6 / C17H20O2,140000.0 / 33000.0,0.3867,none,none,none,none,none,none,none,none,C3H4O2,C20H24O4 / C17H20O2,130000.0 / 33000.0,0.3721,none,none,none,none,C7H6O2,C27H30O6 / C20H24O4,140000.0 / 130000.0,1.2569,C15H18O2,91000,0.91,C17H18O1,8600,0.086,C18H22O2,13000,0.13,C19H22O2,61000,0.61,C20H22O3,130000,1.3,C10H12O,5000000,50,none,none,none,none,none,none,C6H6O,14000,0.14,15,others,"5-ol-4,7-epoxy","9,13,14-triol",no C-12,no C-18,"2,4-olefinic",others,2,"C7,C10",C10*1+C7*1,"benzoyl(1.26),feruloyl(0.39),decatrienoyl(50.00)","benzoyl,decatrienoyl",none,B7,C3,none,R92,R48,52.6936,none,,,,0,Top1,1.000 ,F
61,635.3208,9.2,4.74E+08,DA19_daphneodorin H (DOSO-H),C=C(C)C1(O)CC(C)C2(O)C(C1O)C1OC3(C(OC(=O)C=CC=CC=CCCC)C(C)CC23)C(O)C1(O)COC(=O)c1ccccc1,D,10,0,D,C37H46O9,possibly known,acutilonine F,[M+H-H2O]+,"29, 61",C10H10O4,C27H30O6 / C17H20O2,140000.0 / 33000.0,0.3867,none,none,none,none,none,none,none,none,C3H4O2,C20H24O4 / C17H20O2,130000.0 / 33000.0,0.3721,none,none,none,none,C7H6O2,C27H30O6 / C20H24O4,140000.0 / 130000.0,1.2569,C15H18O2,91000,0.91,C17H20O2,33000,0.33,C18H22O2,13000,0.13,C19H24O3,46000,0.46,C20H22O3,130000,1.3,C10H12O,5000000,50,none,none,none,none,none,none,C6H6O,14000,0.14,15,"1,2-dihydro-3-ol","5-ol-6,7-epoxy","9,13,14-triol",no C-12,no C-18,"2,4-olefinic",others,2,"C7,C10",C10*1+C7*1,"benzoyl(1.26),feruloyl(0.39),decatrienoyl(50.00)","benzoyl,decatrienoyl",A4,B1,C3,none,R92,R48,52.4436,A4B1C3,c7ccccc7C(=O)OCC12OC1C1C(OC(=O)C=CC=CC=CCCC)C(O)(C(=C)C)CC(C)C1(O)C1CC(C)C(O)C1(O)C2O,PD00840912,C37H48O10,652.781,Top2,0.995 ,T
61,635.3208,9.2,4.74E+08,DA19_daphneodorin H (DOSO-H),C=C(C)C1(O)CC(C)C2(O)C(C1O)C1OC3(C(OC(=O)C=CC=CC=CCCC)C(C)CC23)C(O)C1(O)COC(=O)c1ccccc1,D,10,0,D,C37H46O9,possibly known,acutilonine F,[M+H-H2O]+,"29, 61",C10H10O4,C27H30O6 / C17H20O2,140000.0 / 33000.0,0.3867,none,none,none,none,none,none,none,none,C3H4O2,C20H24O4 / C17H20O2,130000.0 / 33000.0,0.3721,none,none,none,none,C7H6O2,C27H30O6 / C20H24O4,140000.0 / 130000.0,1.2569,C15H18O2,91000,0.91,C17H20O2,33000,0.33,C18H22O2,13000,0.13,C19H24O3,46000,0.46,C20H22O3,130000,1.3,C10H12O,5000000,50,none,none,none,none,none,none,C6H6O,14000,0.14,15,"1,2-dihydro-3-ol","5-ol-6,7-epoxy","9,13,14-triol",no C-12,no C-18,"2,4-olefinic",others,2,"C7,C10",C10*1+C7*1,"benzoyl(1.26),feruloyl(0.39),decatrienoyl(50.00)","benzoyl,decatrienoyl",A4,B1,C3,none,R92,R48,52.4436,A4B1C3,OCC12OC1C1C(OC(=O)C=CC=CC=CCCC)C(O)(C(=C)C)CC(C)C1(O)C1CC(C)C(OC(=O)c7ccccc7)C1(O)C2O,PD00552240,C37H48O10,652.781,Top2,0.995 ,T
54,655.2537,8.6,4.36E+09,DA20_mezereine (DPSft-16),C=C(C)C12OC3(c4ccccc4)OC1C1C4OC4(CO)C(O)C4(O)C(=O)C(C)=CC4C1(O3)C(C)C2OC(=O)C=CC=Cc1ccccc1,D,14,0,D,C38H38O10,possibly known,std_mezerein (DA20),[M+H]+,none,C10H10O4,C27H26O7 / C17H16O3,910000.0 / 14000000.0,27.0514,C11H10O2,C31H32O8 / C20H22O6,1900000.0 / 2600000.0,17.161,none,none,none,none,C3H4O2,C20H20O5 / C17H16O3,8000000.0 / 14000000.0,71.1765,none,none,none,none,C7H6O2,C27H24O6 / C20H18O4,770000.0 / 11000000.0,21.4913,none,none,none,C17H16O3,14000000,140,C18H18O2,2400000,24,C19H18O3,8900000,89,C20H20O5,8000000,80,C11H8O,58000000,580,none,none,none,C5H4O,1800000,18,C6H6O,160000,1.6,20,"1,2-en-3-one","5-ol-6,7-epoxy","9,13,14-orthoester",with C-12,no C-18,"2,4-olefinic",others,2,"C7,C11",C7*1+C11*1,"benzoyl(21.49),feruloyl(27.05),5-pheny-2-4-pentadienoyl(580.00)","benzoyl,5-pheny-2-4-pentadienoyl",A1,B1,C2,none,R92,R96,928.1427,A1B1C2,OCC12OC1C1C3OC4(c6ccccc6)OC3(C(=C)C)C(OC(=O)C=CC=Cc7ccccc7)C(C)C1(O4)C1C=C(C)C(=O)C1(O)C2O,PD00129714,C38H38O10,654.712,Top1,1.000 ,T
54,655.2537,8.6,4.36E+09,DA20_mezereine (DPSft-16),C=C(C)C12OC3(c4ccccc4)OC1C1C4OC4(CO)C(O)C4(O)C(=O)C(C)=CC4C1(O3)C(C)C2OC(=O)C=CC=Cc1ccccc1,D,14,0,D,C38H38O10,possibly known,std_mezerein (DA20),[M+H]+,none,C10H10O4,C27H26O7 / C17H16O3,910000.0 / 14000000.0,27.0514,C11H10O2,C31H32O8 / C20H22O6,1900000.0 / 2600000.0,17.161,none,none,none,none,C3H4O2,C20H20O5 / C17H16O3,8000000.0 / 14000000.0,71.1765,none,none,none,none,C7H6O2,C27H24O6 / C20H18O4,770000.0 / 11000000.0,21.4913,none,none,none,C17H16O3,14000000,140,C18H18O2,2400000,24,C19H18O3,8900000,89,C20H20O5,8000000,80,C11H8O,58000000,580,none,none,none,C5H4O,1800000,18,C6H6O,160000,1.6,20,"1,2-en-3-one","5-ol-6,7-epoxy","9,13,14-orthoester",with C-12,no C-18,"2,4-olefinic",others,2,"C7,C11",C7*1+C11*1,"benzoyl(21.49),feruloyl(27.05),5-pheny-2-4-pentadienoyl(580.00)","benzoyl,5-pheny-2-4-pentadienoyl",A1,B1,C2,none,R92,R96,928.1427,A1B1C2,c7ccccc7C=CC=CC(=O)OCC12OC1C1C3OC4(c6ccccc6)OC3(C(=C)C)C(O)C(C)C1(O4)C1C=C(C)C(=O)C1(O)C2O,PD00292674,C38H38O10,654.712,Top1,1.000 ,T
54,655.2537,8.6,4.36E+09,DA20_mezereine (DPSft-16),C=C(C)C12OC3(c4ccccc4)OC1C1C4OC4(CO)C(O)C4(O)C(=O)C(C)=CC4C1(O3)C(C)C2OC(=O)C=CC=Cc1ccccc1,D,14,0,D,C38H38O10,possibly known,std_mezerein (DA20),[M+H]+,none,C10H10O4,C27H26O7 / C17H16O3,910000.0 / 14000000.0,27.0514,C11H10O2,C31H32O8 / C20H22O6,1900000.0 / 2600000.0,17.161,none,none,none,none,C3H4O2,C20H20O5 / C17H16O3,8000000.0 / 14000000.0,71.1765,none,none,none,none,C7H6O2,C27H24O6 / C20H18O4,770000.0 / 11000000.0,21.4913,none,none,none,C17H14O2,1300000,13,C18H16O1,1700000,17,C19H16O2,3500000,35,C20H20O5,8000000,80,C11H8O,58000000,580,none,none,none,C5H4O,1800000,18,C6H6O,160000,1.6,20,others,"5-ol-6,7-epoxy","9,13,14-orthoester",no C-12,no C-18,"2,4-olefinic",others,2,"C7,C11",C7*1+C11*1,"benzoyl(21.49),feruloyl(27.05),5-pheny-2-4-pentadienoyl(580.00)","benzoyl,5-pheny-2-4-pentadienoyl",none,B1,C1,none,R92,R96,661.1427,none,,,,0,Top2,0.712 ,F
54,655.2537,8.6,4.36E+09,DA20_mezereine (DPSft-16),C=C(C)C12OC3(c4ccccc4)OC1C1C4OC4(CO)C(O)C4(O)C(=O)C(C)=CC4C1(O3)C(C)C2OC(=O)C=CC=Cc1ccccc1,D,14,0,D,C38H38O10,possibly known,std_mezerein (DA20),[M+H]+,none,C10H10O4,C27H26O7 / C17H16O3,910000.0 / 14000000.0,27.0514,C11H10O2,C31H32O8 / C20H22O6,1900000.0 / 2600000.0,17.161,none,none,none,none,C3H4O2,C20H20O5 / C17H16O3,8000000.0 / 14000000.0,71.1765,none,none,none,none,C7H6O2,C27H24O6 / C20H18O4,770000.0 / 11000000.0,21.4913,none,none,none,C17H16O2,620000,6.2,C18H18O2,2400000,24,C19H20O4,2000000,20,C20H20O5,8000000,80,C11H8O,58000000,580,none,none,none,C5H4O,1800000,18,C6H6O,160000,1.6,20,"1,2-en-3-one","5-ol-6,7-epoxy","9,13,14-orthoester",no C-12,no C-18,"2,4-olefinic",others,2,"C7,C11",C7*1+C11*1,"benzoyl(21.49),feruloyl(27.05),5-pheny-2-4-pentadienoyl(580.00)","benzoyl,5-pheny-2-4-pentadienoyl",A1,B1,C1,none,R92,R96,660.5427,A1B1C1,c7ccccc7C=CC=CC(=O)OCC12OC1C1C3OC4(c6ccccc6)OC3(C(=C)C)CC(C)C1(O4)C1C=C(C)C(=O)C1(O)C2O,PD00269394,C38H38O9,638.713,Top3,0.712 ,F
7,673.3003,10.7,7.76E+08,"DA21_12-O-(E)-cinnamoyl-9,13,14-ortho-(2E,4E,6E)-decatrienylidyne-5b,12b-dihydroxyresiniferonol-6a,7a-oxide (DOL-B)",C=C(C)C12OC3(C=CC=CCCCCC)OC1C1C4OC4(CO)C(O)C4(O)C(=O)C(C)=CC4C1(O3)C(C)C2OC(=O)C=Cc1ccccc1,D,14,0,D,C39H44O10,possibly known,"std_12-O-(E)-cinnamoyl-9,13,14-ortho-(2E,4E)-decadienylidyne-5・趣ｽｲ,12・趣ｽｲ-dihydroxyresiniferonol-6・趣ｽｱ,7・趣ｽｱ-oxide (DA21)",[M+H]+,none,none,none,none,none,none,none,none,none,C9H8O2,C29H30O8 / C20H22O6,480000.0 / 580000.0,4.4587,C3H4O2,C20H20O5 / C17H16O3,2000000.0 / 1200000.0,10.6667,none,none,none,none,none,none,none,none,none,none,none,C17H16O3,1200000,12,C18H18O3,220000,2.2,C19H16O2,720000,7.2,C20H20O5,2000000,20,C10H12O,58000000,580,none,none,none,C5H4O,220000,2.2,C6H6O,130000,1.3,18,"1,2-en-3-one","5-ol-6,7-epoxy","9,13,14-orthoester",with C-12,no C-18,"2,4-olefinic",others,2,"C9,C10",C9*1+C10*1,"cinnamoyl(4.46),decatrienoyl(580.00)","cinnamoyl,decatrienoyl",A1,B1,C2,none,R93,R48,611.9587,A1B1C2,OCC12OC1C1C3OC4(C=CC=CC=CCCC)OC3(C(=C)C)C(OC(=O)C=Cc7ccccc7)C(C)C1(O4)C1C=C(C)C(=O)C1(O)C2O,PD00128545,C39H44O10,672.771,Top1,1.000 ,T
7,673.3003,10.7,7.76E+08,"DA21_12-O-(E)-cinnamoyl-9,13,14-ortho-(2E,4E,6E)-decatrienylidyne-5b,12b-dihydroxyresiniferonol-6a,7a-oxide (DOL-B)",C=C(C)C12OC3(C=CC=CCCCCC)OC1C1C4OC4(CO)C(O)C4(O)C(=O)C(C)=CC4C1(O3)C(C)C2OC(=O)C=Cc1ccccc1,D,14,0,D,C39H44O10,possibly known,"std_12-O-(E)-cinnamoyl-9,13,14-ortho-(2E,4E)-decadienylidyne-5・趣ｽｲ,12・趣ｽｲ-dihydroxyresiniferonol-6・趣ｽｱ,7・趣ｽｱ-oxide (DA21)",[M+H]+,none,none,none,none,none,none,none,none,none,C9H8O2,C29H30O8 / C20H22O6,480000.0 / 580000.0,4.4587,C3H4O2,C20H20O5 / C17H16O3,2000000.0 / 1200000.0,10.6667,none,none,none,none,none,none,none,none,none,none,none,C17H16O3,1200000,12,C18H18O3,220000,2.2,C19H16O2,720000,7.2,C20H20O5,2000000,20,C10H12O,58000000,580,none,none,none,C5H4O,220000,2.2,C6H6O,130000,1.3,18,"1,2-en-3-one","5-ol-6,7-epoxy","9,13,14-orthoester",with C-12,no C-18,"2,4-olefinic",others,2,"C9,C10",C9*1+C10*1,"cinnamoyl(4.46),decatrienoyl(580.00)","cinnamoyl,decatrienoyl",A1,B1,C2,none,R93,R48,611.9587,A1B1C2,c7ccccc7C=CC(=O)OCC12OC1C1C3OC4(C=CC=CC=CCCC)OC3(C(=C)C)C(O)C(C)C1(O4)C1C=C(C)C(=O)C1(O)C2O,PD00291505,C39H44O10,672.771,Top1,1.000 ,T
7,673.3003,10.7,7.76E+08,"DA21_12-O-(E)-cinnamoyl-9,13,14-ortho-(2E,4E,6E)-decatrienylidyne-5b,12b-dihydroxyresiniferonol-6a,7a-oxide (DOL-B)",C=C(C)C12OC3(C=CC=CCCCCC)OC1C1C4OC4(CO)C(O)C4(O)C(=O)C(C)=CC4C1(O3)C(C)C2OC(=O)C=Cc1ccccc1,D,14,0,D,C39H44O10,possibly known,"std_12-O-(E)-cinnamoyl-9,13,14-ortho-(2E,4E)-decadienylidyne-5・趣ｽｲ,12・趣ｽｲ-dihydroxyresiniferonol-6・趣ｽｱ,7・趣ｽｱ-oxide (DA21)",[M+H]+,none,none,none,none,none,none,none,none,none,C9H8O2,C29H30O8 / C20H22O6,480000.0 / 580000.0,4.4587,C3H4O2,C20H20O5 / C17H16O3,2000000.0 / 1200000.0,10.6667,none,none,none,none,none,none,none,none,none,none,none,C17H14O2,250000,2.5,C18H16O2,400000,4,C19H18O3,1800000,18,C20H20O5,2000000,20,C10H12O,58000000,580,none,none,none,C5H4O,220000,2.2,C6H6O,130000,1.3,18,others,"5-ol-6,7-epoxy","9,13,14-orthoester",no C-12,no C-18,"2,4-olefinic",others,2,"C9,C10",C9*1+C10*1,"cinnamoyl(4.46),decatrienoyl(580.00)","cinnamoyl,decatrienoyl",none,B1,C1,none,R93,R48,590.4587,none,,,,0,Top2,0.965 ,F
7,673.3003,10.7,7.76E+08,"DA21_12-O-(E)-cinnamoyl-9,13,14-ortho-(2E,4E,6E)-decatrienylidyne-5b,12b-dihydroxyresiniferonol-6a,7a-oxide (DOL-B)",C=C(C)C12OC3(C=CC=CCCCCC)OC1C1C4OC4(CO)C(O)C4(O)C(=O)C(C)=CC4C1(O3)C(C)C2OC(=O)C=Cc1ccccc1,D,14,0,D,C39H44O10,possibly known,"std_12-O-(E)-cinnamoyl-9,13,14-ortho-(2E,4E)-decadienylidyne-5・趣ｽｲ,12・趣ｽｲ-dihydroxyresiniferonol-6・趣ｽｱ,7・趣ｽｱ-oxide (DA21)",[M+H]+,none,none,none,none,none,none,none,none,none,C9H8O2,C29H30O8 / C20H22O6,480000.0 / 580000.0,4.4587,C3H4O2,C20H20O5 / C17H16O3,2000000.0 / 1200000.0,10.6667,none,none,none,none,none,none,none,none,none,none,none,C17H14O3,120000,1.2,C18H18O2,310000,3.1,C19H20O4,460000,4.6,C20H20O5,2000000,20,C10H12O,58000000,580,none,none,none,C5H4O,220000,2.2,C6H6O,130000,1.3,18,others,"5-ol-6,7-epoxy","9,13,14-orthoester",with C-12,no C-18,"2,4-olefinic",others,2,"C9,C10",C9*1+C10*1,"cinnamoyl(4.46),decatrienoyl(580.00)","cinnamoyl,decatrienoyl",none,B1,C2,none,R93,R48,589.1587,none,,,,0,Top3,0.963 ,F
22,675.3156,11.5,1.06E+09,"DA22_12-O-(E)-cinnamoyl-9,13,14-ortho-(2E,4E)-decadienylidyne-5b,12b-dihydroxyresiniferonol-6・趣ｽｱ,7・趣ｽｱ-oxide (DOSO-M)",C=C(C)C12OC3(C=CC=CC=CCCC)OC1C1C4OC4(CO)C(O)C4(O)C(=O)C(C)=CC4C1(O3)C(C)C2OC(=O)C=Cc1ccccc1,D,12,0,D,C39H46O10,possibly known,"std_12-O-(E)-cinnamoyl-9,13,14-ortho-(2E,4E,6E)-decatrienylidyne-5・趣ｽｲ,12・趣ｽｲ-dihydroxyresiniferonol-6・趣ｽｱ,7・趣ｽｱ-oxide (DA22)",[M+H]+,none,C10H20O2,C27H32O5 / C17H12O3,17000.0 / 19000.0,0.162,none,none,none,none,C9H8O2,C29H26O6 / C20H18O4,43000.0 / 1200000.0,2.1718,C3H4O2,C20H20O5 / C17H16O3,930000.0 / 640000.0,5.7323,none,none,none,none,none,none,none,none,none,none,none,C17H16O3,640000,6.4,C18H16O2,150000,1.5,C19H16O2,330000,3.3,C20H20O5,930000,9.3,C10H14O,6000000,60,C12H16O3,16000,0.16,C5H4O,380000,3.8,C6H6O,460000,4.6,17,"1,2-en-3-one","5-ol-6,7-epoxy","9,13,14-orthoester",with C-12,no C-18,"2,4-olefinic",others,2,"C9,C10",C9*1+C10*1,"cinnamoyl(2.17),decanoyl(0.16),decadienoyl(60.00),8-methoxy-9-hydroxy-2-4-6-dodecatrienoyl(0.16)","cinnamoyl,decadienoyl",A1,B1,C2,none,R93,R37,83.6938,A1B1C2,OCC12OC1C1C3OC4(C=CC=CCCCCC)OC3(C(=C)C)C(OC(=O)C=Cc7ccccc7)C(C)C1(O4)C1C=C(C)C(=O)C1(O)C2O,PD00127951,C39H46O10,674.787,Top1,1.000 ,T
22,675.3156,11.5,1.06E+09,"DA22_12-O-(E)-cinnamoyl-9,13,14-ortho-(2E,4E)-decadienylidyne-5b,12b-dihydroxyresiniferonol-6・趣ｽｱ,7・趣ｽｱ-oxide (DOSO-M)",C=C(C)C12OC3(C=CC=CC=CCCC)OC1C1C4OC4(CO)C(O)C4(O)C(=O)C(C)=CC4C1(O3)C(C)C2OC(=O)C=Cc1ccccc1,D,12,0,D,C39H46O10,possibly known,"std_12-O-(E)-cinnamoyl-9,13,14-ortho-(2E,4E,6E)-decatrienylidyne-5・趣ｽｲ,12・趣ｽｲ-dihydroxyresiniferonol-6・趣ｽｱ,7・趣ｽｱ-oxide (DA22)",[M+H]+,none,C10H20O2,C27H32O5 / C17H12O3,17000.0 / 19000.0,0.162,none,none,none,none,C9H8O2,C29H26O6 / C20H18O4,43000.0 / 1200000.0,2.1718,C3H4O2,C20H20O5 / C17H16O3,930000.0 / 640000.0,5.7323,none,none,none,none,none,none,none,none,none,none,none,C17H16O3,640000,6.4,C18H16O2,150000,1.5,C19H16O2,330000,3.3,C20H20O5,930000,9.3,C10H14O,6000000,60,C12H16O3,16000,0.16,C5H4O,380000,3.8,C6H6O,460000,4.6,17,"1,2-en-3-one","5-ol-6,7-epoxy","9,13,14-orthoester",with C-12,no C-18,"2,4-olefinic",others,2,"C9,C10",C9*1+C10*1,"cinnamoyl(2.17),decanoyl(0.16),decadienoyl(60.00),8-methoxy-9-hydroxy-2-4-6-dodecatrienoyl(0.16)","cinnamoyl,decadienoyl",A1,B1,C2,none,R93,R37,83.6938,A1B1C2,c7ccccc7C=CC(=O)OCC12OC1C1C3OC4(C=CC=CCCCCC)OC3(C(=C)C)C(O)C(C)C1(O4)C1C=C(C)C(=O)C1(O)C2O,PD00290911,C39H46O10,674.787,Top1,1.000 ,T
22,675.3156,11.5,1.06E+09,"DA22_12-O-(E)-cinnamoyl-9,13,14-ortho-(2E,4E)-decadienylidyne-5b,12b-dihydroxyresiniferonol-6・趣ｽｱ,7・趣ｽｱ-oxide (DOSO-M)",C=C(C)C12OC3(C=CC=CC=CCCC)OC1C1C4OC4(CO)C(O)C4(O)C(=O)C(C)=CC4C1(O3)C(C)C2OC(=O)C=Cc1ccccc1,D,12,0,D,C39H46O10,possibly known,"std_12-O-(E)-cinnamoyl-9,13,14-ortho-(2E,4E,6E)-decatrienylidyne-5・趣ｽｲ,12・趣ｽｲ-dihydroxyresiniferonol-6・趣ｽｱ,7・趣ｽｱ-oxide (DA22)",[M+H]+,none,C10H20O2,C27H32O5 / C17H12O3,17000.0 / 19000.0,0.162,none,none,none,none,C9H8O2,C29H26O6 / C20H18O4,43000.0 / 1200000.0,2.1718,C3H4O2,C20H20O5 / C17H16O3,930000.0 / 640000.0,5.7323,none,none,none,none,none,none,none,none,none,none,none,C17H16O2,50000,0.5,C18H16O1,130000,1.3,C19H16O2,330000,3.3,C20H20O5,930000,9.3,C10H14O,6000000,60,C12H16O3,16000,0.16,C5H4O,380000,3.8,C6H6O,460000,4.6,17,"1,2-en-3-one","5-ol-6,7-epoxy","9,13,14-orthoester",no C-12,no C-18,"2,4-olefinic",others,2,"C9,C10",C9*1+C10*1,"cinnamoyl(2.17),decanoyl(0.16),decadienoyl(60.00),8-methoxy-9-hydroxy-2-4-6-dodecatrienoyl(0.16)","cinnamoyl,decadienoyl",A1,B1,C1,none,R93,R37,71.8938,A1B1C1,c7ccccc7C=CC(=O)OCC12OC1C1C3OC4(C=CC=CCCCCC)OC3(C(=C)C)CC(C)C1(O4)C1C=C(C)C(=O)C1(O)C2O,PD00267631,C39H46O9,658.788,Top2,0.859 ,F
22,675.3156,11.5,1.06E+09,"DA22_12-O-(E)-cinnamoyl-9,13,14-ortho-(2E,4E)-decadienylidyne-5b,12b-dihydroxyresiniferonol-6・趣ｽｱ,7・趣ｽｱ-oxide (DOSO-M)",C=C(C)C12OC3(C=CC=CC=CCCC)OC1C1C4OC4(CO)C(O)C4(O)C(=O)C(C)=CC4C1(O3)C(C)C2OC(=O)C=Cc1ccccc1,D,12,0,D,C39H46O10,possibly known,"std_12-O-(E)-cinnamoyl-9,13,14-ortho-(2E,4E,6E)-decatrienylidyne-5・趣ｽｲ,12・趣ｽｲ-dihydroxyresiniferonol-6・趣ｽｱ,7・趣ｽｱ-oxide (DA22)",[M+H]+,none,C10H20O2,C27H32O5 / C17H12O3,17000.0 / 19000.0,0.162,none,none,none,none,C9H8O2,C29H26O6 / C20H18O4,43000.0 / 1200000.0,2.1718,C3H4O2,C20H20O5 / C17H16O3,930000.0 / 640000.0,5.7323,none,none,none,none,none,none,none,none,none,none,none,C17H14O2,64000,0.64,C18H18O2,210000,2.1,C19H16O2,330000,3.3,C20H20O5,930000,9.3,C10H14O,6000000,60,C12H16O3,16000,0.16,C5H4O,380000,3.8,C6H6O,460000,4.6,17,others,"5-ol-6,7-epoxy","9,13,14-orthoester",no C-12,no C-18,"2,4-olefinic",others,2,"C9,C10",C9*1+C10*1,"cinnamoyl(2.17),decanoyl(0.16),decadienoyl(60.00),8-methoxy-9-hydroxy-2-4-6-dodecatrienoyl(0.16)","cinnamoyl,decadienoyl",none,B1,C1,none,R93,R37,71.5338,none,,,,0,Top3,0.855 ,F
3,689.2947,9.2,1.20E+09,DA23_daphneodorin E (DOL-J),C=C(C)C12OC3(C=CC=CC=CCCC)OC1C1C4OC4(CO)C(O)C4(O)C(=O)C(C)=CC4C1(O3)C(C)C2OC(=O)C=Cc1ccc(O)cc1,D,12,0,D,C39H44O11,possibly known,std_daphneodorin E (DA23),[M+H]+,none,none,none,none,none,none,none,none,none,C9H8O3,C29H30O9 / C20H22O6,14000.0 / 17000.0,0.1299,C3H4O2,C20H20O5 / C17H16O3,49000.0 / 25000.0,0.2244,none,none,none,none,none,none,none,none,none,none,none,C17H16O3,25000,0.25,C18H16O1,4400,0.044,C19H18O3,32000,0.32,C20H20O5,49000,0.49,C10H12O,640000,6.4,none,none,none,C5H4O,6100,0.061,C6H6O,2900,0.029,18,"1,2-en-3-one","5-ol-6,7-epoxy","9,13,14-orthoester",with C-12,no C-18,"2,4-olefinic",others,2,"C9,C10",C9*1+C10*1,"coumaroyl(0.13),decatrienoyl(6.40)","coumaroyl,decatrienoyl",A1,B1,C2,none,R94,R48,7.1199,A1B1C2,OCC12OC1C1C3OC4(C=CC=CC=CCCC)OC3(C(=C)C)C(OC(=O)C=Cc7ccc(O)cc7)C(C)C1(O4)C1C=C(C)C(=O)C1(O)C2O,PD00128546,C39H44O11,688.77,Top1,1.000 ,T
3,689.2947,9.2,1.20E+09,DA23_daphneodorin E (DOL-J),C=C(C)C12OC3(C=CC=CC=CCCC)OC1C1C4OC4(CO)C(O)C4(O)C(=O)C(C)=CC4C1(O3)C(C)C2OC(=O)C=Cc1ccc(O)cc1,D,12,0,D,C39H44O11,possibly known,std_daphneodorin E (DA23),[M+H]+,none,none,none,none,none,none,none,none,none,C9H8O3,C29H30O9 / C20H22O6,14000.0 / 17000.0,0.1299,C3H4O2,C20H20O5 / C17H16O3,49000.0 / 25000.0,0.2244,none,none,none,none,none,none,none,none,none,none,none,C17H16O3,25000,0.25,C18H16O1,4400,0.044,C19H18O3,32000,0.32,C20H20O5,49000,0.49,C10H12O,640000,6.4,none,none,none,C5H4O,6100,0.061,C6H6O,2900,0.029,18,"1,2-en-3-one","5-ol-6,7-epoxy","9,13,14-orthoester",with C-12,no C-18,"2,4-olefinic",others,2,"C9,C10",C9*1+C10*1,"coumaroyl(0.13),decatrienoyl(6.40)","coumaroyl,decatrienoyl",A1,B1,C2,none,R94,R48,7.1199,A1B1C2,c7cc(O)ccc7C=CC(=O)OCC12OC1C1C3OC4(C=CC=CC=CCCC)OC3(C(=C)C)C(O)C(C)C1(O4)C1C=C(C)C(=O)C1(O)C2O,PD00291506,C39H44O11,688.77,Top1,1.000 ,T
3,689.2947,9.2,1.20E+09,DA23_daphneodorin E (DOL-J),C=C(C)C12OC3(C=CC=CC=CCCC)OC1C1C4OC4(CO)C(O)C4(O)C(=O)C(C)=CC4C1(O3)C(C)C2OC(=O)C=Cc1ccc(O)cc1,D,12,0,D,C39H44O11,possibly known,std_daphneodorin E (DA23),[M+H]+,none,none,none,none,none,none,none,none,none,C9H8O3,C29H30O9 / C20H22O6,14000.0 / 17000.0,0.1299,C3H4O2,C20H20O5 / C17H16O3,49000.0 / 25000.0,0.2244,none,none,none,none,none,none,none,none,none,none,none,C17H14O2,5000,0.05,C18H18O2,7800,0.078,C19H16O2,9200,0.092,C20H20O5,49000,0.49,C10H12O,640000,6.4,none,none,none,C5H4O,6100,0.061,C6H6O,2900,0.029,18,others,"5-ol-6,7-epoxy","9,13,14-orthoester",no C-12,no C-18,"2,4-olefinic",others,2,"C9,C10",C9*1+C10*1,"coumaroyl(0.13),decatrienoyl(6.40)","coumaroyl,decatrienoyl",none,B1,C1,none,R94,R48,6.6699,none,,,,0,Top2,0.937 ,F
3,689.2947,9.2,1.20E+09,DA23_daphneodorin E (DOL-J),C=C(C)C12OC3(C=CC=CC=CCCC)OC1C1C4OC4(CO)C(O)C4(O)C(=O)C(C)=CC4C1(O3)C(C)C2OC(=O)C=Cc1ccc(O)cc1,D,12,0,D,C39H44O11,possibly known,std_daphneodorin E (DA23),[M+H]+,none,none,none,none,none,none,none,none,none,C9H8O3,C29H30O9 / C20H22O6,14000.0 / 17000.0,0.1299,C3H4O2,C20H20O5 / C17H16O3,49000.0 / 25000.0,0.2244,none,none,none,none,none,none,none,none,none,none,none,C17H14O3,3400,0.034,C18H16O1,4400,0.044,C19H20O4,13000,0.13,C20H20O5,49000,0.49,C10H12O,640000,6.4,none,none,none,C5H4O,6100,0.061,C6H6O,2900,0.029,18,others,"5-ol-6,7-epoxy","9,13,14-orthoester",with C-12,no C-18,"2,4-olefinic",others,2,"C9,C10",C9*1+C10*1,"coumaroyl(0.13),decatrienoyl(6.40)","coumaroyl,decatrienoyl",none,B1,C2,none,R94,R48,6.6539,none,,,,0,Top3,0.935 ,F
5,691.3102,10,8.18E+08,DA24_daphneodorin D (DOL-H),C=C(C)C12OC3(C=CC=CCCCCC)OC1C1C4OC4(CO)C(O)C4(O)C(=O)C(C)=CC4C1(O3)C(C)C2OC(=O)C=Cc1ccc(O)cc1,D,11,0,D,C39H46O11,possibly known,std_daphneodorin D (DA24),[M+H]+,none,none,none,none,none,none,none,none,none,C9H8O3,C29H26O7 / C20H18O4,47000.0 / 2200000.0,3.8524,C3H4O2,C20H20O5 / C17H16O3,1800000.0 / 1200000.0,10.7143,none,none,none,none,none,none,none,none,none,none,none,C17H16O3,1200000,12,C18H18O2,280000,2.8,C19H20O4,330000,3.3,C20H20O5,1800000,18,C10H14O,9300000,93,C12H16O3,14000,0.14,C5H4O,490000,4.9,C6H6O,710000,7.1,17,"1,2-en-3-one","5-ol-6,7-epoxy","9,13,14-orthoester",with C-12,no C-18,"2,4-olefinic",others,2,"C9,C10",C9*1+C10*1,"coumaroyl(3.85),decadienoyl(93.00),8-methoxy-9-hydroxy-2-4-6-dodecatrienoyl(0.14)","coumaroyl,decadienoyl",A1,B1,C2,none,R94,R37,132.9924,A1B1C2,OCC12OC1C1C3OC4(C=CC=CCCCCC)OC3(C(=C)C)C(OC(=O)C=Cc7ccc(O)cc7)C(C)C1(O4)C1C=C(C)C(=O)C1(O)C2O,PD00127952,C39H46O11,690.786,Top1,1.000 ,F
5,691.3102,10,8.18E+08,DA24_daphneodorin D (DOL-H),C=C(C)C12OC3(C=CC=CCCCCC)OC1C1C4OC4(CO)C(O)C4(O)C(=O)C(C)=CC4C1(O3)C(C)C2OC(=O)C=Cc1ccc(O)cc1,D,11,0,D,C39H46O11,possibly known,std_daphneodorin D (DA24),[M+H]+,none,none,none,none,none,none,none,none,none,C9H8O3,C29H26O7 / C20H18O4,47000.0 / 2200000.0,3.8524,C3H4O2,C20H20O5 / C17H16O3,1800000.0 / 1200000.0,10.7143,none,none,none,none,none,none,none,none,none,none,none,C17H16O3,1200000,12,C18H18O2,280000,2.8,C19H20O4,330000,3.3,C20H20O5,1800000,18,C10H14O,9300000,93,C12H16O3,14000,0.14,C5H4O,490000,4.9,C6H6O,710000,7.1,17,"1,2-en-3-one","5-ol-6,7-epoxy","9,13,14-orthoester",with C-12,no C-18,"2,4-olefinic",others,2,"C9,C10",C9*1+C10*1,"coumaroyl(3.85),decadienoyl(93.00),8-methoxy-9-hydroxy-2-4-6-dodecatrienoyl(0.14)","coumaroyl,decadienoyl",A1,B1,C2,none,R94,R37,132.9924,A1B1C2,c7cc(O)ccc7C=CC(=O)OCC12OC1C1C3OC4(C=CC=CCCCCC)OC3(C(=C)C)C(O)C(C)C1(O4)C1C=C(C)C(=O)C1(O)C2O,PD00290912,C39H46O11,690.786,Top1,1.000 ,F
5,691.3102,10,8.18E+08,DA24_daphneodorin D (DOL-H),C=C(C)C12OC3(C=CC=CCCCCC)OC1C1C4OC4(CO)C(O)C4(O)C(=O)C(C)=CC4C1(O3)C(C)C2OC(=O)C=Cc1ccc(O)cc1,D,11,0,D,C39H46O11,possibly known,std_daphneodorin D (DA24),[M+H]+,none,none,none,none,none,none,none,none,none,C9H8O3,C29H26O7 / C20H18O4,47000.0 / 2200000.0,3.8524,C3H4O2,C20H20O5 / C17H16O3,1800000.0 / 1200000.0,10.7143,none,none,none,none,none,none,none,none,none,none,none,C17H14O2,110000,1.1,C18H16O1,120000,1.2,C19H16O2,430000,4.3,C20H20O5,1800000,18,C10H14O,9300000,93,C12H16O3,14000,0.14,C5H4O,490000,4.9,C6H6O,710000,7.1,17,others,"5-ol-6,7-epoxy","9,13,14-orthoester",no C-12,no C-18,"2,4-olefinic",others,2,"C9,C10",C9*1+C10*1,"coumaroyl(3.85),decadienoyl(93.00),8-methoxy-9-hydroxy-2-4-6-dodecatrienoyl(0.14)","coumaroyl,decadienoyl",none,B1,C1,none,R94,R37,110.0924,none,,,,0,Top2,0.828 ,F
5,691.3102,10,8.18E+08,DA24_daphneodorin D (DOL-H),C=C(C)C12OC3(C=CC=CCCCCC)OC1C1C4OC4(CO)C(O)C4(O)C(=O)C(C)=CC4C1(O3)C(C)C2OC(=O)C=Cc1ccc(O)cc1,D,11,0,D,C39H46O11,possibly known,std_daphneodorin D (DA24),[M+H]+,none,none,none,none,none,none,none,none,none,C9H8O3,C29H26O7 / C20H18O4,47000.0 / 2200000.0,3.8524,C3H4O2,C20H20O5 / C17H16O3,1800000.0 / 1200000.0,10.7143,none,none,none,none,none,none,none,none,none,none,none,C17H16O2,52000,0.52,C18H16O1,120000,1.2,C19H20O4,330000,3.3,C20H20O5,1800000,18,C10H14O,9300000,93,C12H16O3,14000,0.14,C5H4O,490000,4.9,C6H6O,710000,7.1,17,"1,2-en-3-one","5-ol-6,7-epoxy","9,13,14-orthoester",no C-12,no C-18,"2,4-olefinic",others,2,"C9,C10",C9*1+C10*1,"coumaroyl(3.85),decadienoyl(93.00),8-methoxy-9-hydroxy-2-4-6-dodecatrienoyl(0.14)","coumaroyl,decadienoyl",A1,B1,C1,none,R94,R37,110.0324,A1B1C1,c7cc(O)ccc7C=CC(=O)OCC12OC1C1C3OC4(C=CC=CCCCCC)OC3(C(=C)C)CC(C)C1(O4)C1C=C(C)C(=O)C1(O)C2O,PD00267632,C39H46O10,674.787,Top3,0.827 ,F
28,693.3252,8,5.03E+08,DA25_daphneodorin G (DOSO-Q),C=C(C)C1(O)C(OC(=O)C=Cc2ccccc2)C(C)C2(O)C(C3OC3(CO)C(O)C3(O)C(=O)C(C)=CC32)C1OC(=O)C=CC=CCCCCC,D,18,0,D,C39H48O11,possibly known,std_daphneodorin G (DA25),[M+H]+,"28, 80",none,none,none,none,none,none,none,none,C9H8O2,C39H48O11 / C30H40O9,1100000.0 / 470000.0,4.3549,C3H4O2,C20H20O5 / C17H16O3,1100000.0 / 470000.0,4.3549,none,none,none,none,none,none,none,none,none,none,none,C17H16O3,470000,4.7,C18H16O2,300000,3,C19H16O2,280000,2.8,C20H20O5,1100000,11,C10H14O,4100000,41,none,none,none,C5H4O,160000,1.6,C6H6O,260000,2.6,16,"1,2-en-3-one","5-ol-6,7-epoxy","9,13,14-triol",with C-12,no C-18,"2,4-olefinic",others,2,"C9,C10",C9*1+C10*1,"cinnamoyl(4.35),decadienoyl(41.00)","cinnamoyl,decadienoyl",A1,B1,C4,none,R93,R37,58.9549,A1B1C4,c7ccccc7C=CC(=O)OCC12OC1C1C(OC(=O)C=CC=CCCCCC)C(O)(C(=C)C)C(O)C(C)C1(O)C1C=C(C)C(=O)C1(O)C2O,PD00849631,C39H48O11,692.802,Top1,1.000 ,T
28,693.3252,8,5.03E+08,DA25_daphneodorin G (DOSO-Q),C=C(C)C1(O)C(OC(=O)C=Cc2ccccc2)C(C)C2(O)C(C3OC3(CO)C(O)C3(O)C(=O)C(C)=CC32)C1OC(=O)C=CC=CCCCCC,D,18,0,D,C39H48O11,possibly known,std_daphneodorin G (DA25),[M+H]+,"28, 80",none,none,none,none,none,none,none,none,C9H8O2,C39H48O11 / C30H40O9,1100000.0 / 470000.0,4.3549,C3H4O2,C20H20O5 / C17H16O3,1100000.0 / 470000.0,4.3549,none,none,none,none,none,none,none,none,none,none,none,C17H16O3,470000,4.7,C18H16O2,300000,3,C19H16O2,280000,2.8,C20H20O5,1100000,11,C10H14O,4100000,41,none,none,none,C5H4O,160000,1.6,C6H6O,260000,2.6,16,"1,2-en-3-one","5-ol-6,7-epoxy","9,13,14-triol",with C-12,no C-18,"2,4-olefinic",others,2,"C9,C10",C9*1+C10*1,"cinnamoyl(4.35),decadienoyl(41.00)","cinnamoyl,decadienoyl",A1,B1,C4,none,R93,R37,58.9549,A1B1C4,OCC12OC1C1C(OC(=O)C=CC=CCCCCC)C(O)(C(=C)C)C(OC(=O)C=Cc7ccccc7)C(C)C1(O)C1C=C(C)C(=O)C1(O)C2O,PD00677359,C39H48O11,692.802,Top1,1.000 ,T
28,693.3252,8,5.03E+08,DA25_daphneodorin G (DOSO-Q),C=C(C)C1(O)C(OC(=O)C=Cc2ccccc2)C(C)C2(O)C(C3OC3(CO)C(O)C3(O)C(=O)C(C)=CC32)C1OC(=O)C=CC=CCCCCC,D,18,0,D,C39H48O11,possibly known,std_daphneodorin G (DA25),[M+H]+,"28, 80",none,none,none,none,none,none,none,none,C9H8O2,C39H48O11 / C30H40O9,1100000.0 / 470000.0,4.3549,C3H4O2,C20H20O5 / C17H16O3,1100000.0 / 470000.0,4.3549,none,none,none,none,none,none,none,none,none,none,none,C17H14O2,340000,3.4,C18H18O2,280000,2.8,C19H16O2,280000,2.8,C20H20O5,1100000,11,C10H14O,4100000,41,none,none,none,C5H4O,160000,1.6,C6H6O,260000,2.6,16,others,"5-ol-6,7-epoxy","9,13,14-triol",no C-12,no C-18,"2,4-olefinic",others,2,"C9,C10",C9*1+C10*1,"cinnamoyl(4.35),decadienoyl(41.00)","cinnamoyl,decadienoyl",none,B1,C3,none,R93,R37,52.9549,none,,,,0,Top2,0.898 ,F
28,693.3252,8,5.03E+08,DA25_daphneodorin G (DOSO-Q),C=C(C)C1(O)C(OC(=O)C=Cc2ccccc2)C(C)C2(O)C(C3OC3(CO)C(O)C3(O)C(=O)C(C)=CC32)C1OC(=O)C=CC=CCCCCC,D,18,0,D,C39H48O11,possibly known,std_daphneodorin G (DA25),[M+H]+,"28, 80",none,none,none,none,none,none,none,none,C9H8O2,C39H48O11 / C30H40O9,1100000.0 / 470000.0,4.3549,C3H4O2,C20H20O5 / C17H16O3,1100000.0 / 470000.0,4.3549,none,none,none,none,none,none,none,none,none,none,none,C17H16O2,73000,0.73,C18H18O3,220000,2.2,C19H16O2,280000,2.8,C20H20O5,1100000,11,C10H14O,4100000,41,none,none,none,C5H4O,160000,1.6,C6H6O,260000,2.6,16,"1,2-en-3-one","5-ol-6,7-epoxy","9,13,14-triol",no C-12,no C-18,"2,4-olefinic",others,2,"C9,C10",C9*1+C10*1,"cinnamoyl(4.35),decadienoyl(41.00)","cinnamoyl,decadienoyl",A1,B1,C3,none,R93,R37,51.0149,A1B1C3,c7ccccc7C=CC(=O)OCC12OC1C1C(OC(=O)C=CC=CCCCCC)C(O)(C(=C)C)CC(C)C1(O)C1C=C(C)C(=O)C1(O)C2O,PD00826351,C39H48O10,676.803,Top3,0.865 ,F
80,675.3157,8,7.80E+08,DA25_daphneodorin G (DOSO-Q),C=C(C)C1(O)C(OC(=O)C=Cc2ccccc2)C(C)C2(O)C(C3OC3(CO)C(O)C3(O)C(=O)C(C)=CC32)C1OC(=O)C=CC=CCCCCC,D,12,0,D,C39H46O10,possibly known,"std_12-O-(E)-cinnamoyl-9,13,14-ortho-(2E,4E,6E)-decatrienylidyne-5・趣ｽｲ,12・趣ｽｲ-dihydroxyresiniferonol-6・趣ｽｱ,7・趣ｽｱ-oxide (DA22)",[M+H-H2O]+,"28, 80",none,none,none,none,none,none,none,none,C9H8O2,C29H26O6 / C20H18O4,21748.34765625 / 721974.4375,1.2898,C3H4O2,C20H20O5 / C17H16O3,580806.9375 / 382516.6875,3.412,none,none,none,none,none,none,none,none,none,none,none,C17H16O3,382516.69,3.8252,C18H16O1,78794.96,0.7879,C19H16O2,176278.02,1.7628,C20H20O5,580806.94,5.8081,C10H14O,3411270.5,34.1127,C12H16O3,15995.15,0.16,C5H4O,186028.25,1.8603,C6H6O,234924.86,2.3492,17,"1,2-en-3-one","5-ol-6,7-epoxy","9,13,14-triol",with C-12,no C-18,"2,4-olefinic",others,2,"C9,C10",C9*1+C10*1,"cinnamoyl(1.29),decadienoyl(34.11),8-methoxy-9-hydroxy-2-4-6-dodecatrienoyl(0.16)","cinnamoyl,decadienoyl",A1,B1,C4,none,R93,R37,47.4224,A1B1C4,c7ccccc7C=CC(=O)OCC12OC1C1C(OC(=O)C=CC=CCCCCC)C(O)(C(=C)C)C(O)C(C)C1(O)C1C=C(C)C(=O)C1(O)C2O,PD00849631,C39H48O11,692.802,Top1,1.000 ,F
80,675.3157,8,7.80E+08,DA25_daphneodorin G (DOSO-Q),C=C(C)C1(O)C(OC(=O)C=Cc2ccccc2)C(C)C2(O)C(C3OC3(CO)C(O)C3(O)C(=O)C(C)=CC32)C1OC(=O)C=CC=CCCCCC,D,12,0,D,C39H46O10,possibly known,"std_12-O-(E)-cinnamoyl-9,13,14-ortho-(2E,4E,6E)-decatrienylidyne-5・趣ｽｲ,12・趣ｽｲ-dihydroxyresiniferonol-6・趣ｽｱ,7・趣ｽｱ-oxide (DA22)",[M+H-H2O]+,"28, 80",none,none,none,none,none,none,none,none,C9H8O2,C29H26O6 / C20H18O4,21748.34765625 / 721974.4375,1.2898,C3H4O2,C20H20O5 / C17H16O3,580806.9375 / 382516.6875,3.412,none,none,none,none,none,none,none,none,none,none,none,C17H16O3,382516.69,3.8252,C18H16O1,78794.96,0.7879,C19H16O2,176278.02,1.7628,C20H20O5,580806.94,5.8081,C10H14O,3411270.5,34.1127,C12H16O3,15995.15,0.16,C5H4O,186028.25,1.8603,C6H6O,234924.86,2.3492,17,"1,2-en-3-one","5-ol-6,7-epoxy","9,13,14-triol",with C-12,no C-18,"2,4-olefinic",others,2,"C9,C10",C9*1+C10*1,"cinnamoyl(1.29),decadienoyl(34.11),8-methoxy-9-hydroxy-2-4-6-dodecatrienoyl(0.16)","cinnamoyl,decadienoyl",A1,B1,C4,none,R93,R37,47.4224,A1B1C4,OCC12OC1C1C(OC(=O)C=CC=CCCCCC)C(O)(C(=C)C)C(OC(=O)C=Cc7ccccc7)C(C)C1(O)C1C=C(C)C(=O)C1(O)C2O,PD00677359,C39H48O11,692.802,Top1,1.000 ,F
80,675.3157,8,7.80E+08,DA25_daphneodorin G (DOSO-Q),C=C(C)C1(O)C(OC(=O)C=Cc2ccccc2)C(C)C2(O)C(C3OC3(CO)C(O)C3(O)C(=O)C(C)=CC32)C1OC(=O)C=CC=CCCCCC,D,12,0,D,C39H46O10,possibly known,"std_12-O-(E)-cinnamoyl-9,13,14-ortho-(2E,4E,6E)-decatrienylidyne-5・趣ｽｲ,12・趣ｽｲ-dihydroxyresiniferonol-6・趣ｽｱ,7・趣ｽｱ-oxide (DA22)",[M+H-H2O]+,"28, 80",none,none,none,none,none,none,none,none,C9H8O2,C29H26O6 / C20H18O4,21748.34765625 / 721974.4375,1.2898,C3H4O2,C20H20O5 / C17H16O3,580806.9375 / 382516.6875,3.412,none,none,none,none,none,none,none,none,none,none,none,C17H14O2,27658.21,0.2766,C18H18O2,112898.38,1.129,C19H20O4,149454.48,1.4945,C20H20O5,580806.94,5.8081,C10H14O,3411270.5,34.1127,C12H16O3,15995.15,0.16,C5H4O,186028.25,1.8603,C6H6O,234924.86,2.3492,17,others,"5-ol-6,7-epoxy","9,13,14-triol",no C-12,no C-18,"2,4-olefinic",others,2,"C9,C10",C9*1+C10*1,"cinnamoyl(1.29),decadienoyl(34.11),8-methoxy-9-hydroxy-2-4-6-dodecatrienoyl(0.16)","cinnamoyl,decadienoyl",none,B1,C3,none,R93,R37,40.0486,none,,,,0,Top2,0.845 ,F
80,675.3157,8,7.80E+08,DA25_daphneodorin G (DOSO-Q),C=C(C)C1(O)C(OC(=O)C=Cc2ccccc2)C(C)C2(O)C(C3OC3(CO)C(O)C3(O)C(=O)C(C)=CC32)C1OC(=O)C=CC=CCCCCC,D,12,0,D,C39H46O10,possibly known,"std_12-O-(E)-cinnamoyl-9,13,14-ortho-(2E,4E,6E)-decatrienylidyne-5・趣ｽｲ,12・趣ｽｲ-dihydroxyresiniferonol-6・趣ｽｱ,7・趣ｽｱ-oxide (DA22)",[M+H-H2O]+,"28, 80",none,none,none,none,none,none,none,none,C9H8O2,C29H26O6 / C20H18O4,21748.34765625 / 721974.4375,1.2898,C3H4O2,C20H20O5 / C17H16O3,580806.9375 / 382516.6875,3.412,none,none,none,none,none,none,none,none,none,none,none,C17H14O3,19154.6,0.1915,C18H16O2,51138.8,0.5114,C19H16O2,176278.02,1.7628,C20H20O5,580806.94,5.8081,C10H14O,3411270.5,34.1127,C12H16O3,15995.15,0.16,C5H4O,186028.25,1.8603,C6H6O,234924.86,2.3492,17,others,"5-ol-6,7-epoxy","9,13,14-triol",with C-12,no C-18,"2,4-olefinic",others,2,"C9,C10",C9*1+C10*1,"cinnamoyl(1.29),decadienoyl(34.11),8-methoxy-9-hydroxy-2-4-6-dodecatrienoyl(0.16)","cinnamoyl,decadienoyl",none,B1,C4,none,R93,R37,39.9635,none,,,,0,Top3,0.843 ,F
16,719.3053,9,7.23E+08,DA26_acutilobin C (DOL-K),C=C(C)C12OC3(C=CC=CC=CCCC)OC1C1C4OC4(CO)C(O)C4(O)C(=O)C(C)=CC4C1(O3)C(C)C2OC(=O)C=Cc1ccc(O)c(OC)c1,D,14,0,D,C40H46O12,possibly known,std_acutilobin C (DA26),[M+H]+,none,C10H10O4,C30H32O10 / C20H22O6,930000.0 / 790000.0,7.396,none,none,none,none,none,none,none,none,C3H4O2,C20H20O5 / C17H16O3,2100000.0 / 1400000.0,12.5,none,none,none,none,none,none,none,none,none,none,none,C17H16O3,1400000,14,C18H16O2,350000,3.5,C19H16O2,520000,5.2,C20H20O5,2100000,21,C10H12O,58000000,580,none,none,none,C5H4O,310000,3.1,C6H6O,210000,2.1,18,"1,2-en-3-one","5-ol-6,7-epoxy","9,13,14-orthoester",with C-12,no C-18,"2,4-olefinic",others,2,C10,C10*2,"feruloyl(7.40),decatrienoyl(580.00)","feruloyl,decatrienoyl",A1,B1,C2,none,R95,R48,620.596,A1B1C2,OCC12OC1C1C3OC4(C=CC=CC=CCCC)OC3(C(=C)C)C(OC(=O)C=Cc7c(OC)c(O)ccc7)C(C)C1(O4)C1C=C(C)C(=O)C1(O)C2O,PD00128547,C40H46O12,718.796,Top1,1.000 ,T
16,719.3053,9,7.23E+08,DA26_acutilobin C (DOL-K),C=C(C)C12OC3(C=CC=CC=CCCC)OC1C1C4OC4(CO)C(O)C4(O)C(=O)C(C)=CC4C1(O3)C(C)C2OC(=O)C=Cc1ccc(O)c(OC)c1,D,14,0,D,C40H46O12,possibly known,std_acutilobin C (DA26),[M+H]+,none,C10H10O4,C30H32O10 / C20H22O6,930000.0 / 790000.0,7.396,none,none,none,none,none,none,none,none,C3H4O2,C20H20O5 / C17H16O3,2100000.0 / 1400000.0,12.5,none,none,none,none,none,none,none,none,none,none,none,C17H16O3,1400000,14,C18H16O2,350000,3.5,C19H16O2,520000,5.2,C20H20O5,2100000,21,C10H12O,58000000,580,none,none,none,C5H4O,310000,3.1,C6H6O,210000,2.1,18,"1,2-en-3-one","5-ol-6,7-epoxy","9,13,14-orthoester",with C-12,no C-18,"2,4-olefinic",others,2,C10,C10*2,"feruloyl(7.40),decatrienoyl(580.00)","feruloyl,decatrienoyl",A1,B1,C2,none,R95,R48,620.596,A1B1C2,c7cc(O)c(OC)cc7C=CC(=O)OCC12OC1C1C3OC4(C=CC=CC=CCCC)OC3(C(=C)C)C(O)C(C)C1(O4)C1C=C(C)C(=O)C1(O)C2O,PD00291507,C40H46O12,718.796,Top1,1.000 ,T
16,719.3053,9,7.23E+08,DA26_acutilobin C (DOL-K),C=C(C)C12OC3(C=CC=CC=CCCC)OC1C1C4OC4(CO)C(O)C4(O)C(=O)C(C)=CC4C1(O3)C(C)C2OC(=O)C=Cc1ccc(O)c(OC)c1,D,14,0,D,C40H46O12,possibly known,std_acutilobin C (DA26),[M+H]+,none,C10H10O4,C30H32O10 / C20H22O6,930000.0 / 790000.0,7.396,none,none,none,none,none,none,none,none,C3H4O2,C20H20O5 / C17H16O3,2100000.0 / 1400000.0,12.5,none,none,none,none,none,none,none,none,none,none,none,C17H16O2,160000,1.6,C18H16O2,350000,3.5,C19H18O4,510000,5.1,C20H20O5,2100000,21,C10H12O,58000000,580,none,none,none,C5H4O,310000,3.1,C6H6O,210000,2.1,18,"1,2-en-3-one","5-ol-6,7-epoxy","9,13,14-orthoester",no C-12,no C-18,"2,4-olefinic",others,2,C10,C10*2,"feruloyl(7.40),decatrienoyl(580.00)","feruloyl,decatrienoyl",A1,B1,C1,none,R95,R48,595.796,A1B1C1,c7cc(O)c(OC)cc7C=CC(=O)OCC12OC1C1C3OC4(C=CC=CC=CCCC)OC3(C(=C)C)CC(C)C1(O4)C1C=C(C)C(=O)C1(O)C2O,PD00268227,C40H46O11,702.797,Top2,0.960 ,F
16,719.3053,9,7.23E+08,DA26_acutilobin C (DOL-K),C=C(C)C12OC3(C=CC=CC=CCCC)OC1C1C4OC4(CO)C(O)C4(O)C(=O)C(C)=CC4C1(O3)C(C)C2OC(=O)C=Cc1ccc(O)c(OC)c1,D,14,0,D,C40H46O12,possibly known,std_acutilobin C (DA26),[M+H]+,none,C10H10O4,C30H32O10 / C20H22O6,930000.0 / 790000.0,7.396,none,none,none,none,none,none,none,none,C3H4O2,C20H20O5 / C17H16O3,2100000.0 / 1400000.0,12.5,none,none,none,none,none,none,none,none,none,none,none,C17H14O2,240000,2.4,C18H18O2,360000,3.6,C19H18O3,1600000,16,C20H20O5,2100000,21,C10H12O,58000000,580,none,none,none,C5H4O,310000,3.1,C6H6O,210000,2.1,18,others,"5-ol-6,7-epoxy","9,13,14-orthoester",no C-12,no C-18,"2,4-olefinic",others,2,C10,C10*2,"feruloyl(7.40),decatrienoyl(580.00)","feruloyl,decatrienoyl",none,B1,C1,none,R95,R48,594.996,none,,,,0,Top3,0.959 ,F
24,721.3205,9.8,6.52E+08,DA27_acutilobin D (DOL-I),C=C(C)C12OC3(C=CC=CCCCCC)OC1C1C4OC4(CO)C(O)C4(O)C(=O)C(C)=CC4C1(O3)C(C)C2OC(=O)C=Cc1ccc(O)c(OC)c1,D,12,0,D,C40H48O12,possibly known,std_acutilobin D (DA27),[M+H]+,none,C10H10O4,C30H32O10 / C20H22O6,18000.0 / 21000.0,0.169,none,none,none,none,none,none,none,none,C3H4O2,C20H20O5 / C17H16O3,74000.0 / 50000.0,0.447,none,none,none,none,none,none,none,none,none,none,none,C17H16O3,50000,0.5,C18H16O2,14000,0.14,C19H16O2,17000,0.17,C20H20O5,74000,0.74,C10H14O,370000,3.7,none,none,none,C5H4O,25000,0.25,C6H6O,34000,0.34,17,"1,2-en-3-one","5-ol-6,7-epoxy","9,13,14-orthoester",with C-12,no C-18,"2,4-olefinic",others,2,C10,C10*2,"feruloyl(0.17),decadienoyl(3.70)","feruloyl,decadienoyl",A1,B1,C2,none,R95,R37,5.459,A1B1C2,OCC12OC1C1C3OC4(C=CC=CCCCCC)OC3(C(=C)C)C(OC(=O)C=Cc7c(OC)c(O)ccc7)C(C)C1(O4)C1C=C(C)C(=O)C1(O)C2O,PD00127953,C40H48O12,720.812,Top1,1.000 ,T
24,721.3205,9.8,6.52E+08,DA27_acutilobin D (DOL-I),C=C(C)C12OC3(C=CC=CCCCCC)OC1C1C4OC4(CO)C(O)C4(O)C(=O)C(C)=CC4C1(O3)C(C)C2OC(=O)C=Cc1ccc(O)c(OC)c1,D,12,0,D,C40H48O12,possibly known,std_acutilobin D (DA27),[M+H]+,none,C10H10O4,C30H32O10 / C20H22O6,18000.0 / 21000.0,0.169,none,none,none,none,none,none,none,none,C3H4O2,C20H20O5 / C17H16O3,74000.0 / 50000.0,0.447,none,none,none,none,none,none,none,none,none,none,none,C17H16O3,50000,0.5,C18H16O2,14000,0.14,C19H16O2,17000,0.17,C20H20O5,74000,0.74,C10H14O,370000,3.7,none,none,none,C5H4O,25000,0.25,C6H6O,34000,0.34,17,"1,2-en-3-one","5-ol-6,7-epoxy","9,13,14-orthoester",with C-12,no C-18,"2,4-olefinic",others,2,C10,C10*2,"feruloyl(0.17),decadienoyl(3.70)","feruloyl,decadienoyl",A1,B1,C2,none,R95,R37,5.459,A1B1C2,c7cc(O)c(OC)cc7C=CC(=O)OCC12OC1C1C3OC4(C=CC=CCCCCC)OC3(C(=C)C)C(O)C(C)C1(O4)C1C=C(C)C(=O)C1(O)C2O,PD00290913,C40H48O12,720.812,Top1,1.000 ,T
24,721.3205,9.8,6.52E+08,DA27_acutilobin D (DOL-I),C=C(C)C12OC3(C=CC=CCCCCC)OC1C1C4OC4(CO)C(O)C4(O)C(=O)C(C)=CC4C1(O3)C(C)C2OC(=O)C=Cc1ccc(O)c(OC)c1,D,12,0,D,C40H48O12,possibly known,std_acutilobin D (DA27),[M+H]+,none,C10H10O4,C30H32O10 / C20H22O6,18000.0 / 21000.0,0.169,none,none,none,none,none,none,none,none,C3H4O2,C20H20O5 / C17H16O3,74000.0 / 50000.0,0.447,none,none,none,none,none,none,none,none,none,none,none,C17H16O2,3000,0.03,C18H16O1,8900,0.089,C19H20O4,15000,0.15,C20H20O5,74000,0.74,C10H14O,370000,3.7,none,none,none,C5H4O,25000,0.25,C6H6O,34000,0.34,17,"1,2-en-3-one","5-ol-6,7-epoxy","9,13,14-orthoester",no C-12,no C-18,"2,4-olefinic",others,2,C10,C10*2,"feruloyl(0.17),decadienoyl(3.70)","feruloyl,decadienoyl",A1,B1,C1,none,R95,R37,4.519,A1B1C1,c7cc(O)c(OC)cc7C=CC(=O)OCC12OC1C1C3OC4(C=CC=CCCCCC)OC3(C(=C)C)CC(C)C1(O4)C1C=C(C)C(=O)C1(O)C2O,PD00267633,C40H48O11,704.813,Top2,0.828 ,F
24,721.3205,9.8,6.52E+08,DA27_acutilobin D (DOL-I),C=C(C)C12OC3(C=CC=CCCCCC)OC1C1C4OC4(CO)C(O)C4(O)C(=O)C(C)=CC4C1(O3)C(C)C2OC(=O)C=Cc1ccc(O)c(OC)c1,D,12,0,D,C40H48O12,possibly known,std_acutilobin D (DA27),[M+H]+,none,C10H10O4,C30H32O10 / C20H22O6,18000.0 / 21000.0,0.169,none,none,none,none,none,none,none,none,C3H4O2,C20H20O5 / C17H16O3,74000.0 / 50000.0,0.447,none,none,none,none,none,none,none,none,none,none,none,C17H14O2,5900,0.059,C18H18O2,15000,0.15,C19H18O3,53000,0.53,C20H20O5,74000,0.74,C10H14O,370000,3.7,none,none,none,C5H4O,25000,0.25,C6H6O,34000,0.34,17,others,"5-ol-6,7-epoxy","9,13,14-orthoester",no C-12,no C-18,"2,4-olefinic",others,2,C10,C10*2,"feruloyl(0.17),decadienoyl(3.70)","feruloyl,decadienoyl",none,B1,C1,none,R95,R37,4.518,none,,,,0,Top3,0.828 ,F
30,737.3159,5.4,1.24E+08,DA28_daphneodorin F (DOL-U),C=C(C)C1(O)C(OC(=O)C=Cc2ccc(O)c(OC)c2)C(C)C2(O)C(C3OC3(CO)C(O)C3(O)C(=O)C(C)=CC32)C1OC(=O)C=CC=CC=CCCC,D,18,0,D,C40H48O13,possibly known,std_daphneodorin F (DA28),[M+H]+,"30, 62",C10H10O4,C30H32O10 / C20H22O6,26000.0 / 49000.0,0.2324,none,none,none,none,none,none,none,none,C3H4O2,C20H20O5 / C17H16O3,86000.0 / 44000.0,0.3949,none,none,none,none,none,none,none,none,none,none,none,C17H16O3,44000,0.44,C18H18O3,15000,0.15,C19H18O3,63000,0.63,C20H20O5,86000,0.86,C10H12O,910000,9.1,none,none,none,C5H4O,12000,0.12,C6H6O,5500,0.055,17,"1,2-en-3-one","5-ol-6,7-epoxy","9,13,14-triol",with C-12,no C-18,"2,4-olefinic",others,2,C10,C10*2,"feruloyl(0.23),decatrienoyl(9.10)","feruloyl,decatrienoyl",A1,B1,C4,none,R95,R48,10.3874,A1B1C4,c7cc(O)c(OC)cc7C=CC(=O)OCC12OC1C1C(OC(=O)C=CC=CC=CCCC)C(O)(C(=C)C)C(O)C(C)C1(O)C1C=C(C)C(=O)C1(O)C2O,PD00850227,C40H48O13,736.811,Top1,1.000 ,T
30,737.3159,5.4,1.24E+08,DA28_daphneodorin F (DOL-U),C=C(C)C1(O)C(OC(=O)C=Cc2ccc(O)c(OC)c2)C(C)C2(O)C(C3OC3(CO)C(O)C3(O)C(=O)C(C)=CC32)C1OC(=O)C=CC=CC=CCCC,D,18,0,D,C40H48O13,possibly known,std_daphneodorin F (DA28),[M+H]+,"30, 62",C10H10O4,C30H32O10 / C20H22O6,26000.0 / 49000.0,0.2324,none,none,none,none,none,none,none,none,C3H4O2,C20H20O5 / C17H16O3,86000.0 / 44000.0,0.3949,none,none,none,none,none,none,none,none,none,none,none,C17H16O3,44000,0.44,C18H18O3,15000,0.15,C19H18O3,63000,0.63,C20H20O5,86000,0.86,C10H12O,910000,9.1,none,none,none,C5H4O,12000,0.12,C6H6O,5500,0.055,17,"1,2-en-3-one","5-ol-6,7-epoxy","9,13,14-triol",with C-12,no C-18,"2,4-olefinic",others,2,C10,C10*2,"feruloyl(0.23),decatrienoyl(9.10)","feruloyl,decatrienoyl",A1,B1,C4,none,R95,R48,10.3874,A1B1C4,OCC12OC1C1C(OC(=O)C=CC=CC=CCCC)C(O)(C(=C)C)C(OC(=O)C=Cc7c(OC)c(O)ccc7)C(C)C1(O)C1C=C(C)C(=O)C1(O)C2O,PD00677955,C40H48O13,736.811,Top1,1.000 ,T
30,737.3159,5.4,1.24E+08,DA28_daphneodorin F (DOL-U),C=C(C)C1(O)C(OC(=O)C=Cc2ccc(O)c(OC)c2)C(C)C2(O)C(C3OC3(CO)C(O)C3(O)C(=O)C(C)=CC32)C1OC(=O)C=CC=CC=CCCC,D,18,0,D,C40H48O13,possibly known,std_daphneodorin F (DA28),[M+H]+,"30, 62",C10H10O4,C30H32O10 / C20H22O6,26000.0 / 49000.0,0.2324,none,none,none,none,none,none,none,none,C3H4O2,C20H20O5 / C17H16O3,86000.0 / 44000.0,0.3949,none,none,none,none,none,none,none,none,none,none,none,C17H14O2,22000,0.22,C18H18O2,24000,0.24,C19H18O4,25000,0.25,C20H20O5,86000,0.86,C10H12O,910000,9.1,none,none,none,C5H4O,12000,0.12,C6H6O,5500,0.055,17,others,"5-ol-6,7-epoxy","9,13,14-triol",no C-12,no C-18,"2,4-olefinic",others,2,C10,C10*2,"feruloyl(0.23),decatrienoyl(9.10)","feruloyl,decatrienoyl",none,B1,C3,none,R95,R48,9.7274,none,,,,0,Top2,0.936 ,F
30,737.3159,5.4,1.24E+08,DA28_daphneodorin F (DOL-U),C=C(C)C1(O)C(OC(=O)C=Cc2ccc(O)c(OC)c2)C(C)C2(O)C(C3OC3(CO)C(O)C3(O)C(=O)C(C)=CC32)C1OC(=O)C=CC=CC=CCCC,D,18,0,D,C40H48O13,possibly known,std_daphneodorin F (DA28),[M+H]+,"30, 62",C10H10O4,C30H32O10 / C20H22O6,26000.0 / 49000.0,0.2324,none,none,none,none,none,none,none,none,C3H4O2,C20H20O5 / C17H16O3,86000.0 / 44000.0,0.3949,none,none,none,none,none,none,none,none,none,none,none,C17H16O2,7900,0.079,C18H18O2,24000,0.24,C19H18O3,63000,0.63,C20H20O5,86000,0.86,C10H12O,910000,9.1,none,none,none,C5H4O,12000,0.12,C6H6O,5500,0.055,17,"1,2-en-3-one","5-ol-6,7-epoxy","9,13,14-triol",no C-12,no C-18,"2,4-olefinic",others,2,C10,C10*2,"feruloyl(0.23),decatrienoyl(9.10)","feruloyl,decatrienoyl",A1,B1,C3,none,R95,R48,9.6654,A1B1C3,c7cc(O)c(OC)cc7C=CC(=O)OCC12OC1C1C(OC(=O)C=CC=CC=CCCC)C(O)(C(=C)C)CC(C)C1(O)C1C=C(C)C(=O)C1(O)C2O,PD00826947,C40H48O12,720.812,Top3,0.930 ,F
62,719.3055,5.4,4.31E+08,DA28_daphneodorin F (DOL-U),C=C(C)C1(O)C(OC(=O)C=Cc2ccc(O)c(OC)c2)C(C)C2(O)C(C3OC3(CO)C(O)C3(O)C(=O)C(C)=CC32)C1OC(=O)C=CC=CC=CCCC,D,8,0,D,C40H46O12,possibly known,std_acutilobin C (DA26),[M+H-H2O]+,"30, 62",C10H10O4,C30H32O10 / C20H22O6,86000.0 / 100000.0,0.8083,none,none,none,none,none,none,none,none,C3H4O2,C20H20O5 / C17H16O3,170000.0 / 130000.0,1.1842,none,none,none,none,none,none,none,none,none,none,none,C17H16O3,130000,1.3,C18H18O2,31000,0.31,C19H18O4,82000,0.82,C20H20O5,170000,1.7,C10H12O,5500000,55,none,none,none,C5H4O,72000,0.72,none,none,none,18,"1,2-en-3-one","5-ol-6,7-epoxy","9,13,14-triol",with C-12,no C-18,others,others,2,C10,C10*2,"feruloyl(0.81),decatrienoyl(55.00)","feruloyl,decatrienoyl",A1,B1,C4,none,R95,R48,58.4083,A1B1C4,c7cc(O)c(OC)cc7C=CC(=O)OCC12OC1C1C(OC(=O)C=CC=CC=CCCC)C(O)(C(=C)C)C(O)C(C)C1(O)C1C=C(C)C(=O)C1(O)C2O,PD00850227,C40H48O13,736.811,Top1,1.000 ,F
62,719.3055,5.4,4.31E+08,DA28_daphneodorin F (DOL-U),C=C(C)C1(O)C(OC(=O)C=Cc2ccc(O)c(OC)c2)C(C)C2(O)C(C3OC3(CO)C(O)C3(O)C(=O)C(C)=CC32)C1OC(=O)C=CC=CC=CCCC,D,8,0,D,C40H46O12,possibly known,std_acutilobin C (DA26),[M+H-H2O]+,"30, 62",C10H10O4,C30H32O10 / C20H22O6,86000.0 / 100000.0,0.8083,none,none,none,none,none,none,none,none,C3H4O2,C20H20O5 / C17H16O3,170000.0 / 130000.0,1.1842,none,none,none,none,none,none,none,none,none,none,none,C17H16O3,130000,1.3,C18H18O2,31000,0.31,C19H18O4,82000,0.82,C20H20O5,170000,1.7,C10H12O,5500000,55,none,none,none,C5H4O,72000,0.72,none,none,none,18,"1,2-en-3-one","5-ol-6,7-epoxy","9,13,14-triol",with C-12,no C-18,others,others,2,C10,C10*2,"feruloyl(0.81),decatrienoyl(55.00)","feruloyl,decatrienoyl",A1,B1,C4,none,R95,R48,58.4083,A1B1C4,OCC12OC1C1C(OC(=O)C=CC=CC=CCCC)C(O)(C(=C)C)C(OC(=O)C=Cc7c(OC)c(O)ccc7)C(C)C1(O)C1C=C(C)C(=O)C1(O)C2O,PD00677955,C40H48O13,736.811,Top1,1.000 ,F
